cruise,st,depth_m,substrate,method,repl,intensity_MGV.um2/h
MOBY,M2,500,HPG,BONCAT,A,2.010122197
MOBY,M2,500,HPG,BONCAT,A,1.286326244
MOBY,M2,500,HPG,BONCAT,A,1.005664763
MOBY,M2,500,HPG,BONCAT,A,1.071384704
MOBY,M2,500,HPG,BONCAT,A,0.531485321
MOBY,M2,500,HPG,BONCAT,A,2.29050319
MOBY,M2,500,HPG,BONCAT,A,2.873446912
MOBY,M2,500,HPG,BONCAT,A,3.996190208
MOBY,M2,500,HPG,BONCAT,A,1.422122312
MOBY,M2,500,HPG,BONCAT,A,0.956814878
MOBY,M2,500,HPG,BONCAT,A,0.335874455
MOBY,M2,500,HPG,BONCAT,A,10.16703634
MOBY,M2,500,HPG,BONCAT,A,1.07064211
MOBY,M2,500,HPG,BONCAT,A,0.227338365
MOBY,M2,500,HPG,BONCAT,A,0.217155193
MOBY,M2,500,HPG,BONCAT,A,1.488795525
MOBY,M2,500,HPG,BONCAT,A,6.837835221
MOBY,M2,500,HPG,BONCAT,A,6.66854167
MOBY,M2,500,HPG,BONCAT,A,1.571112186
MOBY,M2,500,HPG,BONCAT,A,1.322441436
MOBY,M2,500,HPG,BONCAT,A,1.878213175
MOBY,M2,500,HPG,BONCAT,A,0.982375698
MOBY,M2,500,HPG,BONCAT,A,3.208589969
MOBY,M2,500,HPG,BONCAT,A,0.298044869
MOBY,M2,500,HPG,BONCAT,A,0.750376363
MOBY,M2,500,HPG,BONCAT,A,1.851032825
MOBY,M2,500,HPG,BONCAT,A,3.511253699
MOBY,M2,500,HPG,BONCAT,A,1.835637387
MOBY,M2,500,HPG,BONCAT,A,0.966091359
MOBY,M2,500,HPG,BONCAT,A,1.180251939
MOBY,M2,500,HPG,BONCAT,A,2.672814864
MOBY,M2,500,HPG,BONCAT,A,0.566899247
MOBY,M2,500,HPG,BONCAT,A,4.182588779
MOBY,M2,500,HPG,BONCAT,A,1.51898212
MOBY,M2,500,HPG,BONCAT,A,1.028852039
MOBY,M2,500,HPG,BONCAT,A,2.881688047
MOBY,M2,500,HPG,BONCAT,A,6.347063185
MOBY,M2,500,HPG,BONCAT,A,2.062923749
MOBY,M2,500,HPG,BONCAT,A,1.247223776
MOBY,M2,500,HPG,BONCAT,A,0.319919722
MOBY,M2,500,HPG,BONCAT,A,3.937523616
MOBY,M2,500,HPG,BONCAT,A,5.005518293
MOBY,M2,500,HPG,BONCAT,A,3.109855641
MOBY,M2,500,HPG,BONCAT,A,2.693247404
MOBY,M2,500,HPG,BONCAT,A,1.805412485
MOBY,M2,500,HPG,BONCAT,A,2.240123526
MOBY,M2,500,HPG,BONCAT,A,1.261605678
MOBY,M2,500,HPG,BONCAT,A,2.824888138
MOBY,M2,500,HPG,BONCAT,A,0.988656997
MOBY,M2,500,HPG,BONCAT,A,0.652008158
MOBY,M2,500,HPG,BONCAT,A,0.92440447
MOBY,M2,500,HPG,BONCAT,A,0.539540725
MOBY,M2,500,HPG,BONCAT,A,0.957519511
MOBY,M2,500,HPG,BONCAT,A,2.299425374
MOBY,M2,500,HPG,BONCAT,A,1.300361398
MOBY,M2,500,HPG,BONCAT,A,4.900109278
MOBY,M2,500,HPG,BONCAT,A,1.902208626
MOBY,M2,500,HPG,BONCAT,A,0.958480213
MOBY,M2,500,HPG,BONCAT,A,1.292031321
MOBY,M2,500,HPG,BONCAT,A,1.408856998
MOBY,M2,500,HPG,BONCAT,A,1.344685178
MOBY,M2,500,HPG,BONCAT,A,0.437275608
MOBY,M2,500,HPG,BONCAT,A,6.791306438
MOBY,M2,500,HPG,BONCAT,A,4.859891606
MOBY,M2,500,HPG,BONCAT,A,5.722607016
MOBY,M2,500,HPG,BONCAT,A,2.333787318
MOBY,M2,500,HPG,BONCAT,A,1.20273039
MOBY,M2,500,HPG,BONCAT,A,2.11103902
MOBY,M2,500,HPG,BONCAT,A,3.039835497
MOBY,M2,500,HPG,BONCAT,A,0.7814304
MOBY,M2,500,HPG,BONCAT,A,1.763887208
MOBY,M2,500,HPG,BONCAT,A,1.115344768
MOBY,M2,500,HPG,BONCAT,A,3.626904517
MOBY,M2,500,HPG,BONCAT,A,0.840814653
MOBY,M2,500,HPG,BONCAT,A,1.707946402
MOBY,M2,500,HPG,BONCAT,A,2.736416358
MOBY,M2,500,HPG,BONCAT,A,7.33204607
MOBY,M2,500,HPG,BONCAT,A,5.599392483
MOBY,M2,500,HPG,BONCAT,A,9.902410169
MOBY,M2,500,HPG,BONCAT,A,0.448345885
MOBY,M2,500,HPG,BONCAT,A,1.627094867
MOBY,M2,500,HPG,BONCAT,A,1.67462912
MOBY,M2,500,HPG,BONCAT,A,0.468410756
MOBY,M2,500,HPG,BONCAT,A,4.711781763
MOBY,M2,500,HPG,BONCAT,A,3.473005681
MOBY,M2,500,HPG,BONCAT,A,2.31220729
MOBY,M2,500,HPG,BONCAT,A,1.949179152
MOBY,M2,500,HPG,BONCAT,A,0.930351692
MOBY,M2,500,HPG,BONCAT,A,7.610367306
MOBY,M2,500,HPG,BONCAT,A,0.227177754
MOBY,M2,500,HPG,BONCAT,A,2.674800284
MOBY,M2,500,HPG,BONCAT,A,2.565929717
MOBY,M2,500,HPG,BONCAT,A,2.482753212
MOBY,M2,500,HPG,BONCAT,A,3.17653084
MOBY,M2,500,HPG,BONCAT,A,3.833720136
MOBY,M2,500,HPG,BONCAT,A,2.813255484
MOBY,M2,500,HPG,BONCAT,A,0.414443191
MOBY,M2,500,HPG,BONCAT,A,4.764056221
MOBY,M2,500,HPG,BONCAT,A,2.64670899
MOBY,M2,500,HPG,BONCAT,A,2.396034438
MOBY,M2,500,HPG,BONCAT,A,7.046597051
MOBY,M2,500,HPG,BONCAT,A,1.962766587
MOBY,M2,500,HPG,BONCAT,A,1.160219621
MOBY,M2,500,HPG,BONCAT,A,1.593621485
MOBY,M2,500,HPG,BONCAT,A,6.890478853
MOBY,M2,500,HPG,BONCAT,A,1.181875269
MOBY,M2,500,HPG,BONCAT,A,4.607383236
MOBY,M2,500,HPG,BONCAT,A,0.716369461
MOBY,M2,500,HPG,BONCAT,A,2.167842853
MOBY,M2,500,HPG,BONCAT,A,2.675859347
MOBY,M2,500,HPG,BONCAT,A,1.886442581
MOBY,M2,500,HPG,BONCAT,A,2.2723186
MOBY,M2,500,HPG,BONCAT,A,1.900124179
MOBY,M2,500,HPG,BONCAT,A,4.133999874
MOBY,M2,500,HPG,BONCAT,A,0.345896109
MOBY,M2,500,HPG,BONCAT,A,1.309691599
MOBY,M2,500,HPG,BONCAT,A,3.14734127
MOBY,M2,500,HPG,BONCAT,A,2.132628877
MOBY,M2,500,HPG,BONCAT,A,4.458707669
MOBY,M2,500,HPG,BONCAT,A,7.156806481
MOBY,M2,500,HPG,BONCAT,A,1.149437165
MOBY,M2,500,HPG,BONCAT,A,1.584549332
MOBY,M2,500,HPG,BONCAT,A,1.18188966
MOBY,M2,500,HPG,BONCAT,A,4.174349155
MOBY,M2,500,HPG,BONCAT,A,3.079623084
MOBY,M2,500,HPG,BONCAT,A,2.827344933
MOBY,M2,500,HPG,BONCAT,A,5.148991711
MOBY,M2,500,HPG,BONCAT,A,1.495980885
MOBY,M2,500,HPG,BONCAT,A,4.930485389
MOBY,M2,500,HPG,BONCAT,A,9.901432169
MOBY,M2,500,HPG,BONCAT,A,0.895894262
MOBY,M2,500,HPG,BONCAT,A,5.115318505
MOBY,M2,500,HPG,BONCAT,A,2.117809852
MOBY,M2,500,HPG,BONCAT,A,0.41168257
MOBY,M2,500,HPG,BONCAT,A,5.451069396
MOBY,M2,500,HPG,BONCAT,A,1.31323322
MOBY,M2,500,HPG,BONCAT,A,3.910921456
MOBY,M2,500,HPG,BONCAT,A,0.817634278
MOBY,M2,500,HPG,BONCAT,A,1.00331693
MOBY,M2,500,HPG,BONCAT,A,1.056864803
MOBY,M2,500,HPG,BONCAT,A,0.523176961
MOBY,M2,500,HPG,BONCAT,A,4.553423299
MOBY,M2,500,HPG,BONCAT,A,5.049222054
MOBY,M2,500,HPG,BONCAT,A,1.604956519
MOBY,M2,500,HPG,BONCAT,A,1.726406788
MOBY,M2,500,HPG,BONCAT,A,3.296809682
MOBY,M2,500,HPG,BONCAT,A,3.066376241
MOBY,M2,500,HPG,BONCAT,A,2.205525777
MOBY,M2,500,HPG,BONCAT,A,0.614930372
MOBY,M2,500,HPG,BONCAT,A,1.551003886
MOBY,M2,500,HPG,BONCAT,A,1.237532129
MOBY,M2,500,HPG,BONCAT,A,5.4403142
MOBY,M2,500,HPG,BONCAT,A,5.216905321
MOBY,M2,500,HPG,BONCAT,A,0.649209868
MOBY,M2,500,HPG,BONCAT,A,3.500970273
MOBY,M2,500,HPG,BONCAT,A,1.537063693
MOBY,M2,500,HPG,BONCAT,A,2.520469686
MOBY,M2,500,HPG,BONCAT,A,0.506383618
MOBY,M2,500,HPG,BONCAT,A,2.521715138
MOBY,M2,500,HPG,BONCAT,A,1.787961634
MOBY,M2,500,HPG,BONCAT,A,3.550746285
MOBY,M2,500,HPG,BONCAT,A,1.86170108
MOBY,M2,500,HPG,BONCAT,A,1.816851785
MOBY,M2,500,HPG,BONCAT,A,0.284748887
MOBY,M2,500,HPG,BONCAT,A,1.335191273
MOBY,M2,500,HPG,BONCAT,A,1.503586285
MOBY,M2,500,HPG,BONCAT,A,5.952754465
MOBY,M2,500,HPG,BONCAT,A,1.215610041
MOBY,M2,500,HPG,BONCAT,A,0.803862716
MOBY,M2,500,HPG,BONCAT,A,1.716477005
MOBY,M2,500,HPG,BONCAT,A,4.637738696
MOBY,M2,500,HPG,BONCAT,A,3.289300923
MOBY,M2,500,HPG,BONCAT,A,2.219771192
MOBY,M2,500,HPG,BONCAT,A,0.485014197
MOBY,M2,500,HPG,BONCAT,A,0.866804824
MOBY,M2,500,HPG,BONCAT,A,1.762580653
MOBY,M2,500,HPG,BONCAT,A,2.411787966
MOBY,M2,500,HPG,BONCAT,A,3.11861267
MOBY,M2,500,HPG,BONCAT,A,1.162336726
MOBY,M2,500,HPG,BONCAT,A,2.716089478
MOBY,M2,500,HPG,BONCAT,A,4.310916919
MOBY,M2,500,HPG,BONCAT,A,2.535396175
MOBY,M2,500,HPG,BONCAT,A,3.142336826
MOBY,M2,500,HPG,BONCAT,A,2.001744596
MOBY,M2,500,HPG,BONCAT,A,0.900511026
MOBY,M2,500,HPG,BONCAT,A,1.10430589
MOBY,M2,500,HPG,BONCAT,A,1.556896773
MOBY,M2,500,HPG,BONCAT,A,0.256206022
MOBY,M2,500,HPG,BONCAT,A,1.644137665
MOBY,M2,500,HPG,BONCAT,A,1.610729419
MOBY,M2,500,HPG,BONCAT,A,0.582759749
MOBY,M2,500,HPG,BONCAT,A,2.256054676
MOBY,M2,500,HPG,BONCAT,A,2.803720279
MOBY,M2,500,HPG,BONCAT,A,3.54378303
MOBY,M2,500,HPG,BONCAT,A,0.346177381
MOBY,M2,500,HPG,BONCAT,A,2.423892963
MOBY,M2,500,HPG,BONCAT,A,0.380651221
MOBY,M2,500,HPG,BONCAT,A,0.977296713
MOBY,M2,500,HPG,BONCAT,A,2.799798578
MOBY,M2,500,HPG,BONCAT,A,1.644023812
MOBY,M2,500,HPG,BONCAT,A,1.600088343
MOBY,M2,500,HPG,BONCAT,A,2.975540296
MOBY,M2,500,HPG,BONCAT,A,1.369064047
MOBY,M2,500,HPG,BONCAT,A,3.57753143
MOBY,M2,500,HPG,BONCAT,A,2.361235178
MOBY,M2,500,HPG,BONCAT,A,1.030967567
MOBY,M2,500,HPG,BONCAT,A,3.996947373
MOBY,M2,500,HPG,BONCAT,A,3.094431783
MOBY,M2,500,HPG,BONCAT,A,2.632530523
MOBY,M2,500,HPG,BONCAT,A,0.23118676
MOBY,M2,500,HPG,BONCAT,A,1.817017034
MOBY,M2,500,HPG,BONCAT,A,1.191566638
MOBY,M2,500,HPG,BONCAT,A,0.744374616
MOBY,M2,500,HPG,BONCAT,A,6.220609518
MOBY,M2,500,HPG,BONCAT,A,1.87068443
MOBY,M2,500,HPG,BONCAT,A,5.411327681
MOBY,M2,500,HPG,BONCAT,A,8.08978712
MOBY,M2,500,HPG,BONCAT,A,6.215444391
MOBY,M2,500,HPG,BONCAT,A,5.694213241
MOBY,M2,500,HPG,BONCAT,A,2.905349719
MOBY,M2,500,HPG,BONCAT,A,4.830115146
MOBY,M2,500,HPG,BONCAT,A,0.8450292
MOBY,M2,500,HPG,BONCAT,A,0.737356889
MOBY,M2,500,HPG,BONCAT,A,0.339743807
MOBY,M2,500,HPG,BONCAT,A,2.697752196
MOBY,M2,500,HPG,BONCAT,A,1.973366626
MOBY,M2,500,HPG,BONCAT,A,1.779407484
MOBY,M2,500,HPG,BONCAT,A,3.739952212
MOBY,M2,500,HPG,BONCAT,A,0.877341264
MOBY,M2,500,HPG,BONCAT,A,1.304065156
MOBY,M2,500,HPG,BONCAT,A,1.046736206
MOBY,M2,500,HPG,BONCAT,A,0.636617436
MOBY,M2,500,HPG,BONCAT,A,4.689011865
MOBY,M2,500,HPG,BONCAT,A,1.61657035
MOBY,M2,500,HPG,BONCAT,A,3.880370418
MOBY,M2,500,HPG,BONCAT,A,2.18205932
MOBY,M2,500,HPG,BONCAT,A,1.881990257
MOBY,M2,500,HPG,BONCAT,A,2.430791359
MOBY,M2,500,HPG,BONCAT,A,1.633395796
MOBY,M2,500,HPG,BONCAT,A,3.776217588
MOBY,M2,500,HPG,BONCAT,A,2.175774315
MOBY,M2,500,HPG,BONCAT,A,10.75853056
MOBY,M2,500,HPG,BONCAT,A,0.7849282
MOBY,M2,500,HPG,BONCAT,A,9.448054438
MOBY,M2,500,HPG,BONCAT,A,4.450356261
MOBY,M2,500,HPG,BONCAT,A,0.360935071
MOBY,M2,500,HPG,BONCAT,A,2.819885759
MOBY,M2,500,HPG,BONCAT,A,2.84471584
MOBY,M2,500,HPG,BONCAT,A,4.243931478
MOBY,M2,500,HPG,BONCAT,A,1.669661305
MOBY,M2,500,HPG,BONCAT,A,0.362985838
MOBY,M2,500,HPG,BONCAT,A,0.608551748
MOBY,M2,500,HPG,BONCAT,A,0.884365607
MOBY,M2,500,HPG,BONCAT,A,0.999939816
MOBY,M2,500,HPG,BONCAT,A,0.395798117
MOBY,M2,500,HPG,BONCAT,A,1.060814617
MOBY,M2,500,HPG,BONCAT,A,2.069827204
MOBY,M2,500,HPG,BONCAT,A,1.245237273
MOBY,M2,500,HPG,BONCAT,A,1.783098952
MOBY,M2,500,HPG,BONCAT,A,0.691419688
MOBY,M2,500,HPG,BONCAT,A,1.200007399
MOBY,M2,500,HPG,BONCAT,A,3.490262281
MOBY,M2,500,HPG,BONCAT,A,3.878623909
MOBY,M2,500,HPG,BONCAT,A,0.989927034
MOBY,M2,500,HPG,BONCAT,A,2.124558247
MOBY,M2,500,HPG,BONCAT,A,0.326883509
MOBY,M2,500,HPG,BONCAT,A,1.01881767
MOBY,M2,500,HPG,BONCAT,A,4.208825866
MOBY,M2,500,HPG,BONCAT,A,2.869601082
MOBY,M2,500,HPG,BONCAT,A,1.939814848
MOBY,M2,500,HPG,BONCAT,A,1.494469793
MOBY,M2,500,HPG,BONCAT,A,4.50627335
MOBY,M2,500,HPG,BONCAT,A,1.566738273
MOBY,M2,500,HPG,BONCAT,A,1.226667635
MOBY,M2,500,HPG,BONCAT,A,0.557870409
MOBY,M2,500,HPG,BONCAT,A,8.508809567
MOBY,M2,500,HPG,BONCAT,A,4.290277455
MOBY,M2,500,HPG,BONCAT,A,2.185608666
MOBY,M2,500,HPG,BONCAT,A,3.015404344
MOBY,M2,500,HPG,BONCAT,A,2.264539165
MOBY,M2,500,HPG,BONCAT,A,4.947196482
MOBY,M2,500,HPG,BONCAT,A,2.516915468
MOBY,M2,500,HPG,BONCAT,A,4.790107407
MOBY,M2,500,HPG,BONCAT,A,3.424337048
MOBY,M2,500,HPG,BONCAT,A,0.987890517
MOBY,M2,500,HPG,BONCAT,A,0.662785189
MOBY,M2,500,HPG,BONCAT,A,2.375472293
MOBY,M2,500,HPG,BONCAT,A,0.585680064
MOBY,M2,500,HPG,BONCAT,A,1.941995821
MOBY,M2,500,HPG,BONCAT,A,1.041104583
MOBY,M2,500,HPG,BONCAT,A,1.146693472
MOBY,M2,500,HPG,BONCAT,A,2.122933234
MOBY,M2,500,HPG,BONCAT,A,1.208537573
MOBY,M2,500,HPG,BONCAT,A,9.409800264
MOBY,M2,500,HPG,BONCAT,A,0.854069915
MOBY,M2,500,HPG,BONCAT,A,1.223849441
MOBY,M2,500,HPG,BONCAT,A,1.932758373
MOBY,M2,500,HPG,BONCAT,A,1.844181496
MOBY,M2,500,HPG,BONCAT,A,0.337077403
MOBY,M2,500,HPG,BONCAT,A,3.113777356
MOBY,M2,500,HPG,BONCAT,A,3.233633236
MOBY,M2,500,HPG,BONCAT,A,0.514730602
MOBY,M2,500,HPG,BONCAT,A,5.715853191
MOBY,M2,500,HPG,BONCAT,A,0.295472415
MOBY,M2,500,HPG,BONCAT,A,1.503064128
MOBY,M2,500,HPG,BONCAT,A,1.308195474
MOBY,M2,500,HPG,BONCAT,A,0.381442745
MOBY,M2,500,HPG,BONCAT,A,1.094433423
MOBY,M2,500,HPG,BONCAT,A,2.586485469
MOBY,M2,500,HPG,BONCAT,A,1.312904216
MOBY,M2,500,HPG,BONCAT,A,3.298137752
MOBY,M2,500,HPG,BONCAT,A,7.707380047
MOBY,M2,500,HPG,BONCAT,A,3.818436342
MOBY,M2,500,HPG,BONCAT,A,12.07524861
MOBY,M2,500,HPG,BONCAT,A,5.985109351
MOBY,M2,500,HPG,BONCAT,A,0.530809572
MOBY,M2,500,HPG,BONCAT,A,1.420686785
MOBY,M2,500,HPG,BONCAT,A,2.134956847
MOBY,M2,500,HPG,BONCAT,A,1.809412676
MOBY,M2,500,HPG,BONCAT,A,1.151950596
MOBY,M2,500,HPG,BONCAT,A,1.222622237
MOBY,M2,500,HPG,BONCAT,A,3.701599263
MOBY,M2,500,HPG,BONCAT,A,0.614894401
MOBY,M2,500,HPG,BONCAT,A,1.530751359
MOBY,M2,500,HPG,BONCAT,A,1.327427974
MOBY,M2,500,HPG,BONCAT,A,1.22674283
MOBY,M2,500,HPG,BONCAT,A,3.421969926
MOBY,M2,500,HPG,BONCAT,A,1.293294076
MOBY,M2,500,HPG,BONCAT,A,0.510616179
MOBY,M2,500,HPG,BONCAT,A,0.312612107
MOBY,M2,500,HPG,BONCAT,A,8.44014203
MOBY,M2,500,HPG,BONCAT,A,4.433593899
MOBY,M2,500,HPG,BONCAT,A,4.04986167
MOBY,M2,500,HPG,BONCAT,A,5.854356412
MOBY,M2,500,HPG,BONCAT,A,1.215613462
MOBY,M2,500,HPG,BONCAT,A,1.455547468
MOBY,M2,500,HPG,BONCAT,A,2.342618368
MOBY,M2,500,HPG,BONCAT,A,11.49489333
MOBY,M2,500,HPG,BONCAT,A,0.607157586
MOBY,M2,500,HPG,BONCAT,A,6.09494698
MOBY,M2,500,HPG,BONCAT,A,2.9884102
MOBY,M2,500,HPG,BONCAT,A,3.665922278
MOBY,M2,500,HPG,BONCAT,A,6.837666123
MOBY,M2,500,HPG,BONCAT,A,3.71004124
MOBY,M2,500,HPG,BONCAT,A,1.764691314
MOBY,M2,500,HPG,BONCAT,A,1.547712735
MOBY,M2,500,HPG,BONCAT,A,0.579971425
MOBY,M2,500,HPG,BONCAT,A,1.159649792
MOBY,M2,500,HPG,BONCAT,A,0.364722633
MOBY,M2,500,HPG,BONCAT,A,1.355985004
MOBY,M2,500,HPG,BONCAT,A,5.492441434
MOBY,M2,500,HPG,BONCAT,A,1.801976975
MOBY,M2,500,HPG,BONCAT,A,3.226523082
MOBY,M2,500,HPG,BONCAT,A,3.674773066
MOBY,M2,500,HPG,BONCAT,A,14.76951814
MOBY,M2,500,HPG,BONCAT,A,1.489551031
MOBY,M2,500,HPG,BONCAT,A,1.630638071
MOBY,M2,500,HPG,BONCAT,A,1.608488693
MOBY,M2,500,HPG,BONCAT,A,3.575226044
MOBY,M2,500,HPG,BONCAT,A,4.345730063
MOBY,M2,500,HPG,BONCAT,A,0.940560496
MOBY,M2,500,HPG,BONCAT,A,1.694461764
MOBY,M2,500,HPG,BONCAT,A,1.207261611
MOBY,M2,500,HPG,BONCAT,A,3.019446565
MOBY,M2,500,HPG,BONCAT,A,1.410786706
MOBY,M2,500,HPG,BONCAT,A,0.855811066
MOBY,M2,500,HPG,BONCAT,A,3.353034638
MOBY,M2,500,HPG,BONCAT,A,3.045745197
MOBY,M2,500,HPG,BONCAT,A,0.583865548
MOBY,M2,500,HPG,BONCAT,A,1.538267541
MOBY,M2,500,HPG,BONCAT,A,1.329147751
MOBY,M2,500,HPG,BONCAT,A,5.766058932
MOBY,M2,500,HPG,BONCAT,A,0.775488223
MOBY,M2,500,HPG,BONCAT,A,0.646023554
MOBY,M2,500,HPG,BONCAT,A,4.795886002
MOBY,M2,500,HPG,BONCAT,A,5.45241049
MOBY,M2,500,HPG,BONCAT,A,2.932640857
MOBY,M2,500,HPG,BONCAT,A,0.277258362
MOBY,M2,500,HPG,BONCAT,A,4.554001868
MOBY,M2,500,HPG,BONCAT,A,5.799213614
MOBY,M2,500,HPG,BONCAT,A,3.666916108
MOBY,M2,500,HPG,BONCAT,A,2.55027541
MOBY,M2,500,HPG,BONCAT,A,0.686845192
MOBY,M2,500,HPG,BONCAT,A,2.720290821
MOBY,M2,500,HPG,BONCAT,A,1.200052509
MOBY,M2,500,HPG,BONCAT,A,1.466098203
MOBY,M2,500,HPG,BONCAT,A,0.605851905
MOBY,M2,500,HPG,BONCAT,A,3.632451576
MOBY,M2,500,HPG,BONCAT,A,0.91135026
MOBY,M2,500,HPG,BONCAT,A,0.81622938
MOBY,M2,500,HPG,BONCAT,A,5.955649501
MOBY,M2,500,HPG,BONCAT,A,0.316689677
MOBY,M2,500,HPG,BONCAT,A,2.594909554
MOBY,M2,500,HPG,BONCAT,A,1.928645105
MOBY,M2,500,HPG,BONCAT,A,3.352782861
MOBY,M2,500,HPG,BONCAT,A,0.628806109
MOBY,M2,500,HPG,BONCAT,A,0.940609674
MOBY,M2,500,HPG,BONCAT,A,4.650212003
MOBY,M2,500,HPG,BONCAT,A,5.196854752
MOBY,M2,500,HPG,BONCAT,A,2.196337936
MOBY,M2,500,HPG,BONCAT,A,3.757308865
MOBY,M2,500,HPG,BONCAT,A,1.209198536
MOBY,M2,500,HPG,BONCAT,A,1.227969714
MOBY,M2,500,HPG,BONCAT,A,2.204907805
MOBY,M2,500,HPG,BONCAT,A,2.74667919
MOBY,M2,500,HPG,BONCAT,A,0.349314055
MOBY,M2,500,HPG,BONCAT,A,3.060149643
MOBY,M2,500,HPG,BONCAT,A,0.530728951
MOBY,M2,500,HPG,BONCAT,A,1.372446504
MOBY,M2,500,HPG,BONCAT,A,4.384354793
MOBY,M2,500,HPG,BONCAT,A,2.167778333
MOBY,M2,500,HPG,BONCAT,A,2.084017633
MOBY,M2,500,HPG,BONCAT,A,2.145930252
MOBY,M2,500,HPG,BONCAT,A,2.789514001
MOBY,M2,500,HPG,BONCAT,A,2.246982404
MOBY,M2,500,HPG,BONCAT,A,0.400439328
MOBY,M2,500,HPG,BONCAT,A,2.666780211
MOBY,M2,500,HPG,BONCAT,A,3.22462827
MOBY,M2,500,HPG,BONCAT,A,0.991339185
MOBY,M2,500,HPG,BONCAT,A,2.56788748
MOBY,M2,500,HPG,BONCAT,A,5.475249995
MOBY,M2,500,HPG,BONCAT,A,2.05909869
MOBY,M2,500,HPG,BONCAT,A,4.325343276
MOBY,M2,500,HPG,BONCAT,A,0.997860266
MOBY,M2,500,HPG,BONCAT,A,3.131248204
MOBY,M2,500,HPG,BONCAT,A,3.170355547
MOBY,M2,500,HPG,BONCAT,A,1.846781027
MOBY,M2,500,HPG,BONCAT,A,0.626675855
MOBY,M2,500,HPG,BONCAT,A,2.437113318
MOBY,M2,500,HPG,BONCAT,A,2.705359795
MOBY,M2,500,HPG,BONCAT,A,2.850424565
MOBY,M2,500,HPG,BONCAT,A,0.91135026
MOBY,M2,500,HPG,BONCAT,A,6.034054694
MOBY,M2,500,HPG,BONCAT,A,1.367499477
MOBY,M2,500,HPG,BONCAT,A,2.411684528
MOBY,M2,500,HPG,BONCAT,A,5.964161085
MOBY,M2,500,HPG,BONCAT,A,4.989452437
MOBY,M2,500,HPG,BONCAT,A,4.239176144
MOBY,M2,500,HPG,BONCAT,A,1.777276542
MOBY,M2,500,HPG,BONCAT,A,6.582963504
MOBY,M2,500,HPG,BONCAT,A,13.23589261
MOBY,M2,500,HPG,BONCAT,A,3.111299489
MOBY,M2,500,HPG,BONCAT,A,1.652894647
MOBY,M2,500,HPG,BONCAT,A,10.83655586
MOBY,M2,500,HPG,BONCAT,A,2.742598519
MOBY,M2,500,HPG,BONCAT,A,1.589212921
MOBY,M2,500,HPG,BONCAT,A,4.191255969
MOBY,M2,500,HPG,BONCAT,A,1.236438315
MOBY,M2,500,HPG,BONCAT,A,0.930726357
MOBY,M2,500,HPG,BONCAT,A,1.839867872
MOBY,M2,500,HPG,BONCAT,A,1.761602491
MOBY,M2,500,HPG,BONCAT,A,4.974766783
MOBY,M2,500,HPG,BONCAT,A,3.236659701
MOBY,M2,500,HPG,BONCAT,A,4.59549116
MOBY,M2,500,HPG,BONCAT,A,2.999064909
MOBY,M2,500,HPG,BONCAT,A,2.319058979
MOBY,M2,500,HPG,BONCAT,A,2.962128032
MOBY,M2,500,HPG,BONCAT,A,1.067061902
MOBY,M2,500,HPG,BONCAT,A,1.059406711
MOBY,M2,500,HPG,BONCAT,A,1.098434931
MOBY,M2,500,HPG,BONCAT,A,7.586332779
MOBY,M2,500,HPG,BONCAT,A,3.069913059
MOBY,M2,500,HPG,BONCAT,A,3.026344498
MOBY,M2,500,HPG,BONCAT,A,0.671236643
MOBY,M2,500,HPG,BONCAT,A,2.667995344
MOBY,M2,500,HPG,BONCAT,A,5.121725786
MOBY,M2,500,HPG,BONCAT,A,0.301738629
MOBY,M2,500,HPG,BONCAT,A,4.428825829
MOBY,M2,500,HPG,BONCAT,A,5.67354683
MOBY,M2,500,HPG,BONCAT,A,1.925130957
MOBY,M2,500,HPG,BONCAT,A,2.065645027
MOBY,M2,500,HPG,BONCAT,A,2.952313599
MOBY,M2,500,HPG,BONCAT,A,1.61979784
MOBY,M2,500,HPG,BONCAT,A,6.110680936
MOBY,M2,500,HPG,BONCAT,A,1.861920976
MOBY,M2,500,HPG,BONCAT,A,1.961763222
MOBY,M2,500,HPG,BONCAT,A,5.435244667
MOBY,M2,500,HPG,BONCAT,A,3.094789084
MOBY,M2,500,HPG,BONCAT,A,1.218267817
MOBY,M2,500,HPG,BONCAT,A,7.128813577
MOBY,M2,500,HPG,BONCAT,A,1.910080432
MOBY,M2,500,HPG,BONCAT,A,0.499949548
MOBY,M2,500,HPG,BONCAT,A,5.185354696
MOBY,M2,500,HPG,BONCAT,A,3.804778051
MOBY,M2,500,HPG,BONCAT,A,1.483784215
MOBY,M2,500,HPG,BONCAT,A,5.135738428
MOBY,M2,500,HPG,BONCAT,A,2.758969396
MOBY,M2,500,HPG,BONCAT,A,8.545684129
MOBY,M2,500,HPG,BONCAT,A,0.599591668
MOBY,M2,500,HPG,BONCAT,A,8.805540254
MOBY,M2,500,HPG,BONCAT,A,2.440025717
MOBY,M2,500,HPG,BONCAT,A,0.987246645
MOBY,M2,500,HPG,BONCAT,A,10.15164695
MOBY,M2,500,HPG,BONCAT,A,4.340455418
MOBY,M2,500,HPG,BONCAT,A,2.309953691
MOBY,M2,500,HPG,BONCAT,A,1.363531343
MOBY,M2,500,HPG,BONCAT,A,0.81850806
MOBY,M2,500,HPG,BONCAT,A,6.013458153
MOBY,M2,500,HPG,BONCAT,A,1.366086012
MOBY,M2,500,HPG,BONCAT,A,1.097716529
MOBY,M2,500,HPG,BONCAT,A,2.447977273
MOBY,M2,500,HPG,BONCAT,A,1.035833722
MOBY,M2,500,HPG,BONCAT,A,1.022340496
MOBY,M2,500,HPG,BONCAT,A,6.972071658
MOBY,M2,500,HPG,BONCAT,A,4.61688196
MOBY,M2,500,HPG,BONCAT,A,2.179513818
MOBY,M2,500,HPG,BONCAT,A,1.212443548
MOBY,M2,500,HPG,BONCAT,A,1.64980404
MOBY,M2,500,HPG,BONCAT,A,7.119740226
MOBY,M2,500,HPG,BONCAT,A,6.514081032
MOBY,M2,500,HPG,BONCAT,A,3.85125722
MOBY,M2,500,HPG,BONCAT,A,6.821384109
MOBY,M2,500,HPG,BONCAT,A,2.806015879
MOBY,M2,500,HPG,BONCAT,A,1.624349116
MOBY,M2,500,HPG,BONCAT,A,0.60028718
MOBY,M2,500,HPG,BONCAT,A,1.51279485
MOBY,M2,500,HPG,BONCAT,A,1.195968233
MOBY,M2,500,HPG,BONCAT,A,2.26134998
MOBY,M2,500,HPG,BONCAT,A,7.635488451
MOBY,M2,500,HPG,BONCAT,A,3.586895055
MOBY,M2,500,HPG,BONCAT,A,0.70937361
MOBY,M2,500,HPG,BONCAT,A,4.340455418
MOBY,M2,500,HPG,BONCAT,A,1.939041269
MOBY,M2,500,HPG,BONCAT,A,3.855529832
MOBY,M2,500,HPG,BONCAT,A,0.580074262
MOBY,M2,500,HPG,BONCAT,A,0.644799962
MOBY,M2,500,HPG,BONCAT,A,3.180113459
MOBY,M2,500,HPG,BONCAT,A,1.59939623
MOBY,M2,500,HPG,BONCAT,A,0.690807311
MOBY,M2,500,HPG,BONCAT,A,1.947891777
MOBY,M2,500,HPG,BONCAT,A,1.013613718
MOBY,M2,500,HPG,BONCAT,A,8.192480668
MOBY,M2,500,HPG,BONCAT,A,0.853487065
MOBY,M2,500,HPG,BONCAT,A,5.650939997
MOBY,M2,500,HPG,BONCAT,A,5.833893711
MOBY,M2,500,HPG,BONCAT,A,2.74423266
MOBY,M2,500,HPG,BONCAT,A,0.306265928
MOBY,M2,500,HPG,BONCAT,A,5.98483775
MOBY,M2,500,HPG,BONCAT,A,1.438589888
MOBY,M2,500,HPG,BONCAT,A,2.147303665
MOBY,M2,500,HPG,BONCAT,A,2.328681299
MOBY,M2,500,HPG,BONCAT,A,2.168675008
MOBY,M2,500,HPG,BONCAT,A,1.801591528
MOBY,M2,500,HPG,BONCAT,A,0.764053715
MOBY,M2,500,HPG,BONCAT,A,4.712963437
MOBY,M2,500,HPG,BONCAT,A,1.124438763
MOBY,M2,500,HPG,BONCAT,A,3.043383864
MOBY,M2,500,HPG,BONCAT,A,6.608369059
MOBY,M2,500,HPG,BONCAT,A,4.876656126
MOBY,M2,500,HPG,BONCAT,A,4.381509659
MOBY,M2,500,HPG,BONCAT,A,4.034328762
MOBY,M2,500,HPG,BONCAT,A,0.523176961
MOBY,M2,500,HPG,BONCAT,A,1.520539444
MOBY,M2,500,HPG,BONCAT,A,9.355247065
MOBY,M2,500,HPG,BONCAT,A,9.486760659
MOBY,M2,500,HPG,BONCAT,A,0.881126704
MOBY,M2,500,HPG,BONCAT,A,5.357629955
MOBY,M2,500,HPG,BONCAT,A,1.302310689
MOBY,M2,500,HPG,BONCAT,A,5.029663885
MOBY,M2,500,HPG,BONCAT,A,9.858600811
MOBY,M2,500,HPG,BONCAT,A,2.860669371
MOBY,M2,500,HPG,BONCAT,A,2.35625984
MOBY,M2,500,HPG,BONCAT,A,0.925534184
MOBY,M2,500,HPG,BONCAT,A,0.453219606
MOBY,M2,500,HPG,BONCAT,A,3.275291483
MOBY,M2,500,HPG,BONCAT,A,4.138476051
MOBY,M2,500,HPG,BONCAT,A,1.523885714
MOBY,M2,500,HPG,BONCAT,A,1.241463742
MOBY,M2,500,HPG,BONCAT,A,1.753052615
MOBY,M2,500,HPG,BONCAT,A,5.787768713
MOBY,M2,500,HPG,BONCAT,A,6.568738266
MOBY,M2,500,HPG,BONCAT,A,0.29766112
MOBY,M2,500,HPG,BONCAT,A,0.320603311
MOBY,M2,500,HPG,BONCAT,A,1.117458497
MOBY,M2,500,HPG,BONCAT,A,0.413751327
MOBY,M2,500,HPG,BONCAT,A,6.119774938
MOBY,M2,500,HPG,BONCAT,A,0.837302556
MOBY,M2,500,HPG,BONCAT,A,1.937845287
MOBY,M2,500,HPG,BONCAT,A,4.813781539
MOBY,M2,500,HPG,BONCAT,A,2.170205032
MOBY,M2,500,HPG,BONCAT,A,5.700388282
MOBY,M2,500,HPG,BONCAT,A,1.629220649
MOBY,M2,500,HPG,BONCAT,A,2.364805978
MOBY,M2,500,HPG,BONCAT,A,1.262970529
MOBY,M2,500,HPG,BONCAT,A,4.870051144
MOBY,M2,500,HPG,BONCAT,A,2.745653806
MOBY,M2,500,HPG,BONCAT,A,6.698183247
MOBY,M2,500,HPG,BONCAT,A,4.149178971
MOBY,M2,500,HPG,BONCAT,A,2.787350542
MOBY,M2,500,HPG,BONCAT,A,1.63410412
MOBY,M2,500,HPG,BONCAT,A,0.949769226
MOBY,M2,500,HPG,BONCAT,A,0.45249725
MOBY,M2,500,HPG,BONCAT,A,0.457884774
MOBY,M2,500,HPG,BONCAT,A,0.903331288
MOBY,M2,500,HPG,BONCAT,A,2.983695738
MOBY,M2,500,HPG,BONCAT,A,3.494127438
MOBY,M2,500,HPG,BONCAT,A,1.454778448
MOBY,M2,500,HPG,BONCAT,A,1.217735974
MOBY,M2,500,HPG,BONCAT,A,3.88589792
MOBY,M2,500,HPG,BONCAT,A,1.351384996
MOBY,M2,500,HPG,BONCAT,A,1.944231449
MOBY,M2,500,HPG,BONCAT,A,7.049971679
MOBY,M2,500,HPG,BONCAT,A,4.386132557
MOBY,M2,500,HPG,BONCAT,A,2.797190653
MOBY,M2,500,HPG,BONCAT,A,0.445578338
MOBY,M2,500,HPG,BONCAT,A,1.301755218
MOBY,M2,500,HPG,BONCAT,A,3.021356103
MOBY,M2,500,HPG,BONCAT,A,2.383609684
MOBY,M2,500,HPG,BONCAT,A,2.587284078
MOBY,M2,500,HPG,BONCAT,A,14.36984533
MOBY,M2,500,HPG,BONCAT,A,2.854154227
MOBY,M2,500,HPG,BONCAT,A,0.736657254
MOBY,M2,500,HPG,BONCAT,A,4.682576568
MOBY,M2,500,HPG,BONCAT,A,1.271235834
MOBY,M2,500,HPG,BONCAT,A,2.211924916
MOBY,M2,500,HPG,BONCAT,A,4.002472572
MOBY,M2,500,HPG,BONCAT,A,0.241209321
MOBY,M2,500,HPG,BONCAT,A,7.676346359
MOBY,M2,500,HPG,BONCAT,A,10.09169615
MOBY,M2,500,HPG,BONCAT,A,3.678366802
MOBY,M2,500,HPG,BONCAT,A,10.99284776
MOBY,M2,500,HPG,BONCAT,A,4.990258533
MOBY,M2,500,HPG,BONCAT,A,2.351978413
MOBY,M2,500,HPG,BONCAT,A,2.154607319
MOBY,M2,500,HPG,BONCAT,A,3.754425953
MOBY,M2,500,HPG,BONCAT,A,0.267936088
MOBY,M2,500,HPG,BONCAT,A,2.512298057
MOBY,M2,500,HPG,BONCAT,A,3.986631905
MOBY,M2,500,HPG,BONCAT,A,2.366512562
MOBY,M2,500,HPG,BONCAT,A,2.124830021
MOBY,M2,500,HPG,BONCAT,A,0.813129293
MOBY,M2,500,HPG,BONCAT,A,7.487344717
MOBY,M2,500,HPG,BONCAT,A,6.609097225
MOBY,M2,500,HPG,BONCAT,A,0.782605379
MOBY,M2,500,HPG,BONCAT,A,1.763276306
MOBY,M2,500,HPG,BONCAT,A,3.088590262
MOBY,M2,500,HPG,BONCAT,A,2.55730402
MOBY,M2,500,HPG,BONCAT,A,3.821762758
MOBY,M2,500,HPG,BONCAT,A,4.525216612
MOBY,M2,500,HPG,BONCAT,A,9.641786553
MOBY,M2,500,HPG,BONCAT,A,0.995750681
MOBY,M2,500,HPG,BONCAT,A,7.846500153
MOBY,M2,500,HPG,BONCAT,A,0.339060218
MOBY,M2,500,HPG,BONCAT,A,6.448936677
MOBY,M2,500,HPG,BONCAT,A,1.65401922
MOBY,M2,500,HPG,BONCAT,A,3.074362613
MOBY,M2,500,HPG,BONCAT,A,2.230209598
MOBY,M2,500,HPG,BONCAT,A,1.475392047
MOBY,M2,500,HPG,BONCAT,A,6.485296964
MOBY,M2,500,HPG,BONCAT,A,3.492038318
MOBY,M2,500,HPG,BONCAT,A,6.078829927
MOBY,M2,500,HPG,BONCAT,A,3.335243546
MOBY,M2,500,HPG,BONCAT,A,1.401593525
MOBY,M2,500,HPG,BONCAT,A,4.118323591
MOBY,M2,500,HPG,BONCAT,A,6.819071598
MOBY,M2,500,HPG,BONCAT,A,4.079753585
MOBY,M2,500,HPG,BONCAT,A,1.973632003
MOBY,M2,500,HPG,BONCAT,A,14.14102314
MOBY,M2,500,HPG,BONCAT,A,2.633881547
MOBY,M2,500,HPG,BONCAT,A,3.742089328
MOBY,M2,500,HPG,BONCAT,A,2.284117029
MOBY,M2,500,HPG,BONCAT,A,4.84455352
MOBY,M2,500,HPG,BONCAT,A,4.549082976
MOBY,M2,500,HPG,BONCAT,A,2.253145813
MOBY,M2,500,HPG,BONCAT,A,2.680121507
MOBY,M2,500,HPG,BONCAT,A,3.695445917
MOBY,M2,500,HPG,BONCAT,A,3.452380109
MOBY,M2,500,HPG,BONCAT,A,4.780236632
MOBY,M2,500,HPG,BONCAT,A,2.173423898
MOBY,M2,500,HPG,BONCAT,A,8.811751957
MOBY,M2,500,HPG,BONCAT,A,4.599537972
MOBY,M2,500,HPG,BONCAT,A,4.576849648
MOBY,M2,500,HPG,BONCAT,A,0.861076153
MOBY,M2,500,HPG,BONCAT,A,8.89476803
MOBY,M2,500,HPG,BONCAT,A,6.542514059
MOBY,M2,500,HPG,BONCAT,A,0.986608888
MOBY,M2,500,HPG,BONCAT,A,6.666345838
MOBY,M2,500,HPG,BONCAT,A,2.561695519
MOBY,M2,500,HPG,BONCAT,A,1.545854351
MOBY,M2,500,HPG,BONCAT,A,4.828918685
MOBY,M2,500,HPG,BONCAT,A,6.029696489
MOBY,M2,500,HPG,BONCAT,A,3.13931121
MOBY,M2,500,HPG,BONCAT,A,5.759526407
MOBY,M2,500,HPG,BONCAT,A,1.716576373
MOBY,M2,500,HPG,BONCAT,A,2.118161181
MOBY,M2,500,HPG,BONCAT,A,2.641570342
MOBY,M2,500,HPG,BONCAT,A,2.76650593
MOBY,M2,500,HPG,BONCAT,A,0.465690992
MOBY,M2,500,HPG,BONCAT,A,4.911914791
MOBY,M2,500,HPG,BONCAT,A,2.967719126
MOBY,M2,500,HPG,BONCAT,A,1.792213667
MOBY,M2,500,HPG,BONCAT,A,3.841028567
MOBY,M2,500,HPG,BONCAT,A,1.364060059
MOBY,M2,500,HPG,BONCAT,A,0.935905502
MOBY,M2,500,HPG,BONCAT,A,1.293109849
MOBY,M2,500,HPG,BONCAT,A,1.607377375
MOBY,M2,500,HPG,BONCAT,A,1.958943546
MOBY,M2,500,HPG,BONCAT,A,1.005595616
MOBY,M2,500,HPG,BONCAT,A,5.676247007
MOBY,M2,500,HPG,BONCAT,A,3.622035674
MOBY,M2,500,HPG,BONCAT,A,1.372644201
MOBY,M2,500,HPG,BONCAT,A,8.091416833
MOBY,M2,500,HPG,BONCAT,A,2.547127105
MOBY,M2,500,HPG,BONCAT,A,19.74377817
MOBY,M2,500,HPG,BONCAT,A,3.493887102
MOBY,M2,500,HPG,BONCAT,A,5.311785049
MOBY,M2,500,HPG,BONCAT,A,4.929244279
MOBY,M2,500,HPG,BONCAT,A,4.421856242
MOBY,M2,500,HPG,BONCAT,A,7.164856787
MOBY,M2,500,HPG,BONCAT,A,8.705823846
MOBY,M2,500,HPG,BONCAT,A,5.22191495
MOBY,M2,500,HPG,BONCAT,A,0.648977951
MOBY,M2,500,HPG,BONCAT,A,4.883389983
MOBY,M2,500,HPG,BONCAT,A,2.800332591
MOBY,M2,500,HPG,BONCAT,A,2.336227529
MOBY,M2,500,HPG,BONCAT,A,0.933536005
MOBY,M2,500,HPG,BONCAT,A,5.150737777
MOBY,M2,500,HPG,BONCAT,A,5.119474079
MOBY,M2,500,HPG,BONCAT,A,3.257102564
MOBY,M2,500,HPG,BONCAT,A,2.031952929
MOBY,M2,500,HPG,BONCAT,A,8.524660201
MOBY,M2,500,HPG,BONCAT,A,5.155889953
MOBY,M2,500,HPG,BONCAT,A,4.063463799
MOBY,M2,500,HPG,BONCAT,A,5.607567237
MOBY,M2,500,HPG,BONCAT,A,9.052466902
MOBY,M2,500,HPG,BONCAT,A,2.330720226
MOBY,M2,500,HPG,BONCAT,A,2.549650394
MOBY,M2,500,HPG,BONCAT,A,1.280215677
MOBY,M2,500,HPG,BONCAT,A,3.751195455
MOBY,M2,500,HPG,BONCAT,A,3.749274965
MOBY,M2,500,HPG,BONCAT,A,1.764709544
MOBY,M2,500,HPG,BONCAT,A,2.605659742
MOBY,M2,500,HPG,BONCAT,A,2.087597125
MOBY,M2,500,HPG,BONCAT,A,2.922067406
MOBY,M2,500,HPG,BONCAT,A,6.509098423
MOBY,M2,500,HPG,BONCAT,A,5.97351406
MOBY,M2,500,HPG,BONCAT,A,3.81772379
MOBY,M2,500,HPG,BONCAT,A,2.280932741
MOBY,M2,500,HPG,BONCAT,A,2.146640825
MOBY,M2,500,HPG,BONCAT,A,12.25919767
MOBY,M2,500,HPG,BONCAT,A,2.993996005
MOBY,M2,500,HPG,BONCAT,A,6.379024576
MOBY,M2,500,HPG,BONCAT,A,0.742391308
MOBY,M2,500,HPG,BONCAT,A,2.984684568
MOBY,M2,500,HPG,BONCAT,A,2.745339427
MOBY,M2,500,HPG,BONCAT,A,3.233106837
MOBY,M2,500,HPG,BONCAT,A,1.738045757
MOBY,M2,500,HPG,BONCAT,A,3.727686572
MOBY,M2,500,HPG,BONCAT,A,4.061468618
MOBY,M2,500,HPG,BONCAT,A,0.672683204
MOBY,M2,500,HPG,BONCAT,A,2.168078202
MOBY,M2,500,HPG,BONCAT,A,1.308841987
MOBY,M2,500,HPG,BONCAT,A,3.949863551
MOBY,M2,500,HPG,BONCAT,A,0.735258109
MOBY,M2,500,HPG,BONCAT,A,1.384065648
MOBY,M2,500,HPG,BONCAT,A,2.17609548
MOBY,M2,500,HPG,BONCAT,A,37.41463671
MOBY,M2,500,HPG,BONCAT,A,1.473016628
MOBY,M2,500,HPG,BONCAT,A,1.110089378
MOBY,M2,500,HPG,BONCAT,A,1.30052243
MOBY,M2,500,HPG,BONCAT,A,1.607609723
MOBY,M2,500,HPG,BONCAT,A,3.351061943
MOBY,M2,500,HPG,BONCAT,A,1.496597551
MOBY,M2,500,HPG,BONCAT,A,4.651974188
MOBY,M2,500,HPG,BONCAT,A,8.799222631
MOBY,M2,500,HPG,BONCAT,A,0.627372936
MOBY,M2,500,HPG,BONCAT,A,6.895041559
MOBY,M2,500,HPG,BONCAT,A,2.535396175
MOBY,M2,500,HPG,BONCAT,A,0.438576407
MOBY,M2,500,HPG,BONCAT,A,2.324950435
MOBY,M2,500,HPG,BONCAT,A,2.348803321
MOBY,M2,500,HPG,BONCAT,A,5.931670453
MOBY,M2,500,HPG,BONCAT,A,1.348922589
MOBY,M2,500,HPG,BONCAT,A,0.360935071
MOBY,M2,500,HPG,BONCAT,A,1.07468849
MOBY,M2,500,HPG,BONCAT,A,2.350342541
MOBY,M2,500,HPG,BONCAT,A,3.966562087
MOBY,M2,500,HPG,BONCAT,A,3.865971404
MOBY,M2,500,HPG,BONCAT,A,15.4858375
MOBY,M2,500,HPG,BONCAT,A,1.435084166
MOBY,M2,500,HPG,BONCAT,A,1.951837537
MOBY,M2,500,HPG,BONCAT,A,2.782959349
MOBY,M2,500,HPG,BONCAT,A,6.34485271
MOBY,M2,500,HPG,BONCAT,A,0.930041026
MOBY,M2,500,HPG,BONCAT,A,6.052561431
MOBY,M2,500,HPG,BONCAT,A,3.705349973
MOBY,M2,500,HPG,BONCAT,A,1.357162389
MOBY,M2,500,HPG,BONCAT,A,5.89146361
MOBY,M2,500,HPG,BONCAT,A,6.894673572
MOBY,M2,500,HPG,BONCAT,A,1.338063545
MOBY,M2,500,HPG,BONCAT,A,3.604616564
MOBY,M2,500,HPG,BONCAT,A,1.901348153
MOBY,M2,500,HPG,BONCAT,A,2.517626254
MOBY,M2,500,HPG,BONCAT,A,2.133714708
MOBY,M2,500,HPG,BONCAT,A,0.308534537
MOBY,M2,500,HPG,BONCAT,A,1.766127178
MOBY,M2,500,HPG,BONCAT,A,3.641608307
MOBY,M2,500,HPG,BONCAT,A,1.517869658
MOBY,M2,500,HPG,BONCAT,A,3.856068824
MOBY,M2,500,HPG,BONCAT,A,2.163489585
MOBY,M2,500,HPG,BONCAT,A,2.862360574
MOBY,M2,500,HPG,BONCAT,A,0.316010092
MOBY,M2,500,HPG,BONCAT,A,4.714165978
MOBY,M2,500,HPG,BONCAT,A,4.690347249
MOBY,M2,500,HPG,BONCAT,A,5.0051543
MOBY,M2,500,HPG,BONCAT,A,4.405642119
MOBY,M2,500,HPG,BONCAT,A,5.555465116
MOBY,M2,500,HPG,BONCAT,A,1.091850456
MOBY,M2,500,HPG,BONCAT,A,0.277932957
MOBY,M2,500,HPG,BONCAT,A,0.671986123
MOBY,M2,500,HPG,BONCAT,A,3.059159806
MOBY,M2,500,HPG,BONCAT,A,0.861881935
MOBY,M2,500,HPG,BONCAT,A,2.990540588
MOBY,M2,500,HPG,BONCAT,A,1.914163787
MOBY,M2,500,HPG,BONCAT,A,4.86715474
MOBY,M2,500,HPG,BONCAT,A,1.679385335
MOBY,M2,500,HPG,BONCAT,A,0.848464764
MOBY,M2,500,HPG,BONCAT,A,2.784350953
MOBY,M2,500,HPG,BONCAT,A,2.300326633
MOBY,M2,500,HPG,BONCAT,A,0.79744444
MOBY,M2,500,HPG,BONCAT,A,2.317054743
MOBY,M2,500,HPG,BONCAT,A,2.56865732
MOBY,M2,500,HPG,BONCAT,A,1.823395082
MOBY,M2,500,HPG,BONCAT,A,0.276583767
MOBY,M2,500,HPG,BONCAT,A,0.43650765
MOBY,M2,500,HPG,BONCAT,A,3.216638185
MOBY,M2,500,HPG,BONCAT,A,1.29430822
MOBY,M2,500,HPG,BONCAT,A,3.411118884
MOBY,M2,500,HPG,BONCAT,A,1.196211864
MOBY,M2,500,HPG,BONCAT,A,1.979058046
MOBY,M2,500,HPG,BONCAT,A,3.071857644
MOBY,M2,500,HPG,BONCAT,A,8.817545951
MOBY,M2,500,HPG,BONCAT,A,0.838707306
MOBY,M2,500,HPG,BONCAT,A,0.425853172
MOBY,M2,500,HPG,BONCAT,A,0.927916561
MOBY,M2,500,HPG,BONCAT,A,1.393107655
MOBY,M2,500,HPG,BONCAT,A,0.326072024
MOBY,M2,500,HPG,BONCAT,A,10.28769227
MOBY,M2,500,HPG,BONCAT,A,1.129095297
MOBY,M2,500,HPG,BONCAT,A,1.78669648
MOBY,M2,500,HPG,BONCAT,A,1.566087377
MOBY,M2,500,HPG,BONCAT,A,2.225433911
MOBY,M2,500,HPG,BONCAT,A,1.307011397
MOBY,M2,500,HPG,BONCAT,A,2.55154943
MOBY,M2,500,HPG,BONCAT,A,1.011539856
MOBY,M2,500,HPG,BONCAT,A,7.98111663
MOBY,M2,500,HPG,BONCAT,A,4.595394666
MOBY,M2,500,HPG,BONCAT,A,1.517230613
MOBY,M2,500,HPG,BONCAT,A,1.466865128
MOBY,M2,500,HPG,BONCAT,A,2.390386215
MOBY,M2,500,HPG,BONCAT,A,1.541313639
MOBY,M2,500,HPG,BONCAT,A,1.778135375
MOBY,M2,500,HPG,BONCAT,A,1.222775487
MOBY,M2,500,HPG,BONCAT,A,5.595460874
MOBY,M2,500,HPG,BONCAT,A,2.506990362
MOBY,M2,500,HPG,BONCAT,A,1.203416609
MOBY,M2,500,HPG,BONCAT,A,2.14184562
MOBY,M2,500,HPG,BONCAT,A,2.449843284
MOBY,M2,500,HPG,BONCAT,A,3.166584546
MOBY,M2,500,HPG,BONCAT,A,4.082086063
MOBY,M2,500,HPG,BONCAT,A,5.342012245
MOBY,M2,500,HPG,BONCAT,A,1.762538396
MOBY,M2,500,HPG,BONCAT,A,6.046026498
MOBY,M2,500,HPG,BONCAT,A,17.68744853
MOBY,M2,500,HPG,BONCAT,A,3.637265069
MOBY,M2,500,HPG,BONCAT,A,6.658070703
MOBY,M2,500,HPG,BONCAT,A,3.960533622
MOBY,M2,500,HPG,BONCAT,A,8.541293508
MOBY,M2,500,HPG,BONCAT,A,2.995909497
MOBY,M2,500,HPG,BONCAT,A,3.630844152
MOBY,M2,500,HPG,BONCAT,A,0.600629065
MOBY,M2,500,HPG,BONCAT,A,1.793974787
MOBY,M2,500,HPG,BONCAT,A,4.827062884
MOBY,M2,500,HPG,BONCAT,A,2.961758786
MOBY,M2,500,HPG,BONCAT,A,2.303767389
MOBY,M2,500,HPG,BONCAT,A,1.72506727
MOBY,M2,500,HPG,BONCAT,A,2.540296718
MOBY,M2,500,HPG,BONCAT,A,1.987096694
MOBY,M2,500,HPG,BONCAT,A,5.795373966
MOBY,M2,500,HPG,BONCAT,A,2.988399911
MOBY,M2,500,HPG,BONCAT,A,2.795303965
MOBY,M2,500,HPG,BONCAT,A,1.45442586
MOBY,M2,500,HPG,BONCAT,A,2.52384608
MOBY,M2,500,HPG,BONCAT,A,11.27373721
MOBY,M2,500,HPG,BONCAT,A,6.411006474
MOBY,M2,500,HPG,BONCAT,A,1.481106075
MOBY,M2,500,HPG,BONCAT,A,1.23019063
MOBY,M2,500,HPG,BONCAT,A,6.750218233
MOBY,M2,500,HPG,BONCAT,A,3.766958877
MOBY,M2,500,HPG,BONCAT,A,3.553575229
MOBY,M2,500,HPG,BONCAT,A,0.82062447
MOBY,M2,500,HPG,BONCAT,A,4.430068738
MOBY,M2,500,HPG,BONCAT,A,8.7677821
MOBY,M2,500,HPG,BONCAT,A,1.142118451
MOBY,M2,500,HPG,BONCAT,A,0.341344845
MOBY,M2,500,HPG,BONCAT,A,1.876776019
MOBY,M2,500,HPG,BONCAT,A,3.324126973
MOBY,M2,500,HPG,BONCAT,A,0.895604644
MOBY,M2,500,HPG,BONCAT,A,3.066697312
MOBY,M2,500,HPG,BONCAT,A,14.70018979
MOBY,M2,500,HPG,BONCAT,A,0.606441217
MOBY,M2,500,HPG,BONCAT,A,7.951106023
MOBY,M2,500,HPG,BONCAT,A,2.0976901
MOBY,M2,500,HPG,BONCAT,A,1.814505588
MOBY,M2,500,HPG,BONCAT,A,2.165242189
MOBY,M2,500,HPG,BONCAT,A,2.203527527
MOBY,M2,500,HPG,BONCAT,A,6.706978449
MOBY,M2,500,HPG,BONCAT,A,2.761100337
MOBY,M2,500,HPG,BONCAT,A,0.850566729
MOBY,M2,500,HPG,BONCAT,A,2.449260352
MOBY,M2,500,HPG,BONCAT,A,1.641054905
MOBY,M2,500,HPG,BONCAT,A,1.285360855
MOBY,M2,500,HPG,BONCAT,A,8.945325241
MOBY,M2,500,HPG,BONCAT,A,1.669268108
MOBY,M2,500,HPG,BONCAT,A,4.563005636
MOBY,M2,500,HPG,BONCAT,A,2.045086551
MOBY,M2,500,HPG,BONCAT,A,3.051561191
MOBY,M2,500,HPG,BONCAT,A,0.527913503
MOBY,M2,500,HPG,BONCAT,A,1.366942528
MOBY,M2,500,HPG,BONCAT,A,4.598360291
MOBY,M2,500,HPG,BONCAT,A,1.238876782
MOBY,M2,500,HPG,BONCAT,A,0.613379945
MOBY,M2,500,HPG,BONCAT,A,5.202770568
MOBY,M2,500,HPG,BONCAT,A,0.451953807
MOBY,M2,500,HPG,BONCAT,A,5.929293002
MOBY,M2,500,HPG,BONCAT,A,3.187601746
MOBY,M2,500,HPG,BONCAT,A,3.830946383
MOBY,M2,500,HPG,BONCAT,A,6.128289796
MOBY,M2,500,HPG,BONCAT,A,1.589409047
MOBY,M2,500,HPG,BONCAT,A,1.769568103
MOBY,M2,500,HPG,BONCAT,A,4.513525007
MOBY,M2,500,HPG,BONCAT,A,7.877807816
MOBY,M2,500,HPG,BONCAT,A,3.73710116
MOBY,M2,500,HPG,BONCAT,A,1.110412507
MOBY,M2,500,HPG,BONCAT,A,5.045729813
MOBY,M2,500,HPG,BONCAT,A,3.460511294
MOBY,M2,500,HPG,BONCAT,A,1.115344768
MOBY,M2,500,HPG,BONCAT,A,2.655970004
MOBY,M2,500,HPG,BONCAT,A,8.220204345
MOBY,M2,500,HPG,BONCAT,A,5.717991602
MOBY,M2,500,HPG,BONCAT,A,0.884196966
MOBY,M2,500,HPG,BONCAT,A,3.215625483
MOBY,M2,500,HPG,BONCAT,A,12.87361439
MOBY,M2,500,HPG,BONCAT,A,1.164593311
MOBY,M2,500,HPG,BONCAT,A,17.84203463
MOBY,M2,500,HPG,BONCAT,A,3.645383626
MOBY,M2,500,HPG,BONCAT,A,3.908375267
MOBY,M2,500,HPG,BONCAT,A,0.904332757
MOBY,M2,500,HPG,BONCAT,A,1.728301902
MOBY,M2,500,HPG,BONCAT,A,3.867648464
MOBY,M2,500,HPG,BONCAT,A,1.093023071
MOBY,M2,500,HPG,BONCAT,A,0.825343951
MOBY,M2,500,HPG,BONCAT,A,1.091763828
MOBY,M2,500,HPG,BONCAT,A,0.395631336
MOBY,M2,500,HPG,BONCAT,A,5.232304138
MOBY,M2,500,HPG,BONCAT,A,0.261254396
MOBY,M2,500,HPG,BONCAT,A,0.671986123
MOBY,M2,500,HPG,BONCAT,A,3.28257419
MOBY,M2,500,HPG,BONCAT,A,2.253915999
MOBY,M2,500,HPG,BONCAT,A,1.63987376
MOBY,M2,500,HPG,BONCAT,A,1.724061304
MOBY,M2,500,HPG,BONCAT,A,4.001363413
MOBY,M2,500,HPG,BONCAT,A,1.399772091
MOBY,M2,500,HPG,BONCAT,A,2.434221293
MOBY,M2,500,HPG,BONCAT,A,0.892092399
MOBY,M2,500,HPG,BONCAT,A,0.378024799
MOBY,M2,500,HPG,BONCAT,A,1.926957921
MOBY,M2,500,HPG,BONCAT,A,11.25589337
MOBY,M2,500,HPG,BONCAT,A,4.413422443
MOBY,M2,500,HPG,BONCAT,A,1.428668635
MOBY,M2,500,HPG,BONCAT,A,3.454755761
MOBY,M2,500,HPG,BONCAT,A,8.807194072
MOBY,M2,500,HPG,BONCAT,A,3.925114206
MOBY,M2,500,HPG,BONCAT,A,3.587476681
MOBY,M2,500,HPG,BONCAT,A,0.29614701
MOBY,M2,500,HPG,BONCAT,A,2.616329532
MOBY,M2,500,HPG,BONCAT,A,3.303831042
MOBY,M2,500,HPG,BONCAT,A,6.993101271
MOBY,M2,500,HPG,BONCAT,A,9.978892893
MOBY,M2,500,HPG,BONCAT,A,3.735955626
MOBY,M2,500,HPG,BONCAT,A,0.74505225
MOBY,M2,500,HPG,BONCAT,A,1.761161392
MOBY,M2,500,HPG,BONCAT,A,1.613034622
MOBY,M2,500,HPG,BONCAT,A,5.082353174
MOBY,M2,500,HPG,BONCAT,A,5.009269327
MOBY,M2,500,HPG,BONCAT,A,0.38532841
MOBY,M2,500,HPG,BONCAT,A,2.732996502
MOBY,M2,500,HPG,BONCAT,A,0.958745492
MOBY,M2,500,HPG,BONCAT,A,4.51921988
MOBY,M2,500,HPG,BONCAT,A,7.996054887
MOBY,M2,500,HPG,BONCAT,A,1.120850434
MOBY,M2,500,HPG,BONCAT,A,7.347731527
MOBY,M2,500,HPG,BONCAT,A,4.353601628
MOBY,M2,500,HPG,BONCAT,A,1.248770835
MOBY,M2,500,HPG,BONCAT,A,3.396538611
MOBY,M2,500,HPG,BONCAT,A,0.780503547
MOBY,M2,500,HPG,BONCAT,A,1.304065156
MOBY,M2,500,HPG,BONCAT,A,1.255918767
MOBY,M2,500,HPG,BONCAT,A,4.039908648
MOBY,M2,500,HPG,BONCAT,A,1.688748636
MOBY,M2,500,HPG,BONCAT,A,3.480648859
MOBY,M2,500,HPG,BONCAT,A,3.073659236
MOBY,M2,500,HPG,BONCAT,A,4.604649671
MOBY,M2,500,HPG,BONCAT,A,1.371975493
MOBY,M2,500,HPG,BONCAT,A,0.762287141
MOBY,M2,500,HPG,BONCAT,A,1.367073788
MOBY,M2,500,HPG,BONCAT,A,2.167097374
MOBY,M2,500,HPG,BONCAT,A,9.971357942
MOBY,M2,500,HPG,BONCAT,A,1.551267812
MOBY,M2,500,HPG,BONCAT,A,4.129036117
MOBY,M2,500,HPG,BONCAT,A,0.685134075
MOBY,M2,500,HPG,BONCAT,A,3.905804036
MOBY,M2,500,HPG,BONCAT,A,4.267300333
MOBY,M2,500,HPG,BONCAT,A,0.932833556
MOBY,M2,500,HPG,BONCAT,A,6.163241386
MOBY,M2,500,HPG,BONCAT,A,6.548442252
MOBY,M2,500,HPG,BONCAT,A,2.203438988
MOBY,M2,500,HPG,BONCAT,A,0.96374087
MOBY,M2,500,HPG,BONCAT,A,9.835180471
MOBY,M2,500,HPG,BONCAT,A,1.877195696
MOBY,M2,500,HPG,BONCAT,A,1.856206703
MOBY,M2,500,HPG,BONCAT,A,3.0310322
MOBY,M2,500,HPG,BONCAT,A,0.241877504
MOBY,M2,500,HPG,BONCAT,A,1.100232612
MOBY,M2,500,HPG,BONCAT,A,1.272219299
MOBY,M2,500,HPG,BONCAT,A,3.882066798
MOBY,M2,500,HPG,BONCAT,A,2.731149375
MOBY,M2,500,HPG,BONCAT,A,0.993452914
MOBY,M2,500,HPG,BONCAT,A,2.529742558
MOBY,M2,500,HPG,BONCAT,A,6.028518737
MOBY,M2,500,HPG,BONCAT,A,4.761625666
MOBY,M2,500,HPG,BONCAT,A,2.807983824
MOBY,M2,500,HPG,BONCAT,A,3.153594625
MOBY,M2,500,HPG,BONCAT,A,1.463972194
MOBY,M2,500,HPG,BONCAT,A,2.642791628
MOBY,M2,500,HPG,BONCAT,A,0.76846388
MOBY,M2,500,HPG,BONCAT,A,4.599772802
MOBY,M2,500,HPG,BONCAT,A,3.40325124
MOBY,M2,500,HPG,BONCAT,A,2.050047879
MOBY,M2,500,HPG,BONCAT,A,2.244648638
MOBY,M2,500,HPG,BONCAT,A,1.813310164
MOBY,M2,500,HPG,BONCAT,A,1.945681388
MOBY,M2,500,HPG,BONCAT,A,2.951009383
MOBY,M2,500,HPG,BONCAT,A,2.819070381
MOBY,M2,500,HPG,BONCAT,A,3.142084063
MOBY,M2,500,HPG,BONCAT,A,0.782124927
MOBY,M2,500,HPG,BONCAT,A,1.468925146
MOBY,M2,500,HPG,BONCAT,A,3.029396263
MOBY,M2,500,HPG,BONCAT,A,2.919841265
MOBY,M2,500,HPG,BONCAT,A,1.355628034
MOBY,M2,500,HPG,BONCAT,A,2.866201759
MOBY,M2,500,HPG,BONCAT,A,1.816421207
MOBY,M2,500,HPG,BONCAT,A,5.0567057
MOBY,M2,500,HPG,BONCAT,A,0.870884966
MOBY,M2,500,HPG,BONCAT,A,1.958218266
MOBY,M2,500,HPG,BONCAT,A,9.231086048
MOBY,M2,500,HPG,BONCAT,A,6.902815227
MOBY,M2,500,HPG,BONCAT,A,3.157075533
MOBY,M2,500,HPG,BONCAT,A,1.190029768
MOBY,M2,500,HPG,BONCAT,A,2.528928134
MOBY,M2,500,HPG,BONCAT,A,0.695686878
MOBY,M2,500,HPG,BONCAT,A,7.477964938
MOBY,M2,500,HPG,BONCAT,A,2.077805862
MOBY,M2,500,HPG,BONCAT,A,5.678539082
MOBY,M2,500,HPG,BONCAT,A,0.505081086
MOBY,M2,500,HPG,BONCAT,A,1.746021346
MOBY,M2,500,HPG,BONCAT,A,0.602971901
MOBY,M2,500,HPG,BONCAT,A,4.411522928
MOBY,M2,500,HPG,BONCAT,A,2.867636634
MOBY,M2,500,HPG,BONCAT,A,0.499259907
MOBY,M2,500,HPG,BONCAT,A,0.90293132
MOBY,M2,500,HPG,BONCAT,A,2.103723119
MOBY,M2,500,HPG,BONCAT,A,1.011924526
MOBY,M2,500,HPG,BONCAT,A,2.12644532
MOBY,M2,500,HPG,BONCAT,A,0.924404463
MOBY,M2,500,HPG,BONCAT,A,2.776728905
MOBY,M2,500,HPG,BONCAT,A,9.493577014
MOBY,M2,500,HPG,BONCAT,A,4.242735089
MOBY,M2,500,HPG,BONCAT,A,2.05764435
MOBY,M2,500,HPG,BONCAT,A,1.690942672
MOBY,M2,500,HPG,BONCAT,A,0.431348031
MOBY,M2,500,HPG,BONCAT,A,7.260562146
MOBY,M2,500,HPG,BONCAT,A,2.341064189
MOBY,M2,500,HPG,BONCAT,A,0.911058227
MOBY,M2,500,HPG,BONCAT,A,5.332706294
MOBY,M2,500,HPG,BONCAT,A,8.333321223
MOBY,M2,500,HPG,BONCAT,A,2.814931375
MOBY,M2,500,HPG,BONCAT,A,1.763999158
MOBY,M2,500,HPG,BONCAT,A,0.593951622
MOBY,M2,500,HPG,BONCAT,A,4.211400766
MOBY,M2,500,HPG,BONCAT,A,5.651909183
MOBY,M2,500,HPG,BONCAT,A,1.97326103
MOBY,M2,500,HPG,BONCAT,A,0.721451148
MOBY,M2,500,HPG,BONCAT,A,0.658020551
MOBY,M2,500,HPG,BONCAT,A,1.390590971
MOBY,M2,500,HPG,BONCAT,A,3.639616796
MOBY,M2,500,HPG,BONCAT,A,1.823420087
MOBY,M2,500,HPG,BONCAT,A,2.101191807
MOBY,M2,500,HPG,BONCAT,A,2.943545198
MOBY,M2,500,HPG,BONCAT,A,0.571502655
MOBY,M2,500,HPG,BONCAT,A,3.118821524
MOBY,M2,500,HPG,BONCAT,A,0.661498426
MOBY,M2,500,HPG,BONCAT,A,0.666113951
MOBY,M2,500,HPG,BONCAT,A,1.574140792
MOBY,M2,500,HPG,BONCAT,A,0.785627836
MOBY,M2,500,HPG,BONCAT,A,6.469997231
MOBY,M2,500,HPG,BONCAT,A,2.556983201
MOBY,M2,500,HPG,BONCAT,A,2.553058176
MOBY,M2,500,HPG,BONCAT,A,4.005441004
MOBY,M2,500,HPG,BONCAT,A,4.408336288
MOBY,M2,500,HPG,BONCAT,A,3.192825011
MOBY,M2,500,HPG,BONCAT,A,3.040770575
MOBY,M2,500,HPG,BONCAT,A,1.844071675
MOBY,M2,500,HPG,BONCAT,A,5.62624498
MOBY,M2,500,HPG,BONCAT,A,1.216098987
MOBY,M2,500,HPG,BONCAT,A,2.807122862
MOBY,M2,500,HPG,BONCAT,A,5.727893319
MOBY,M2,500,HPG,BONCAT,A,0.363581453
MOBY,M2,500,HPG,BONCAT,A,1.695020008
MOBY,M2,500,HPG,BONCAT,A,0.632979601
MOBY,M2,500,HPG,BONCAT,A,3.076502103
MOBY,M2,500,HPG,BONCAT,A,1.527073052
MOBY,M2,500,HPG,BONCAT,A,2.541008802
MOBY,M2,500,HPG,BONCAT,A,3.467300424
MOBY,M2,500,HPG,BONCAT,A,4.386785852
MOBY,M2,500,HPG,BONCAT,A,2.687224923
MOBY,M2,500,HPG,BONCAT,A,7.967636288
MOBY,M2,500,HPG,BONCAT,A,0.823405131
MOBY,M2,500,HPG,BONCAT,A,2.822785145
MOBY,M2,500,HPG,BONCAT,A,6.660474347
MOBY,M2,500,HPG,BONCAT,A,5.961519805
MOBY,M2,500,HPG,BONCAT,A,2.538854125
MOBY,M2,500,HPG,BONCAT,A,1.666116348
MOBY,M2,500,HPG,BONCAT,A,3.054713203
MOBY,M2,500,HPG,BONCAT,A,4.521597367
MOBY,M2,500,HPG,BONCAT,A,1.379513826
MOBY,M2,500,HPG,BONCAT,A,6.216061384
MOBY,M2,500,HPG,BONCAT,A,4.349457459
MOBY,M2,500,HPG,BONCAT,A,5.188157951
MOBY,M2,500,HPG,BONCAT,A,0.988718473
MOBY,M2,500,HPG,BONCAT,A,5.967296385
MOBY,M2,500,HPG,BONCAT,A,8.056601818
MOBY,M2,500,HPG,BONCAT,A,2.962628747
MOBY,M2,500,HPG,BONCAT,A,7.481332406
MOBY,M2,500,HPG,BONCAT,A,1.091058126
MOBY,M2,500,HPG,BONCAT,A,7.259401951
MOBY,M2,500,HPG,BONCAT,A,4.330654728
MOBY,M2,500,HPG,BONCAT,A,1.313553399
MOBY,M2,500,HPG,BONCAT,A,1.644532974
MOBY,M2,500,HPG,BONCAT,A,7.845741297
MOBY,M2,500,HPG,BONCAT,A,2.619400898
MOBY,M2,500,HPG,BONCAT,A,7.16425271
MOBY,M2,500,HPG,BONCAT,A,1.497377763
MOBY,M2,500,HPG,BONCAT,A,1.915138906
MOBY,M2,500,HPG,BONCAT,A,4.434179016
MOBY,M2,500,HPG,BONCAT,A,5.625600499
MOBY,M2,500,HPG,BONCAT,A,5.223048341
MOBY,M2,500,HPG,BONCAT,A,5.86912111
MOBY,M2,500,HPG,BONCAT,A,2.952884677
MOBY,M2,500,HPG,BONCAT,A,1.46821743
MOBY,M2,500,HPG,BONCAT,A,1.54797587
MOBY,M2,500,HPG,BONCAT,A,2.762002596
MOBY,M2,500,HPG,BONCAT,A,0.32552434
MOBY,M2,500,HPG,BONCAT,A,5.786430317
MOBY,M2,500,HPG,BONCAT,A,0.301543766
MOBY,M2,500,HPG,BONCAT,A,1.13569014
MOBY,M2,500,HPG,BONCAT,A,2.586356195
MOBY,M2,500,HPG,BONCAT,A,3.503372262
MOBY,M2,500,HPG,BONCAT,A,1.655464385
MOBY,M2,500,HPG,BONCAT,A,4.864164038
MOBY,M2,500,HPG,BONCAT,A,1.33287029
MOBY,M2,500,HPG,BONCAT,A,13.20596123
MOBY,M2,500,HPG,BONCAT,A,9.60704148
MOBY,M2,500,HPG,BONCAT,A,6.634785786
MOBY,M2,500,HPG,BONCAT,A,1.878930009
MOBY,M2,500,HPG,BONCAT,A,16.10733826
MOBY,M2,500,HPG,BONCAT,A,4.602863705
MOBY,M2,500,HPG,BONCAT,A,7.206441493
MOBY,M2,500,HPG,BONCAT,A,3.134090154
MOBY,M2,500,HPG,BONCAT,A,0.53497277
MOBY,M2,500,HPG,BONCAT,A,0.397201274
MOBY,M2,500,HPG,BONCAT,A,1.10305001
MOBY,M2,500,HPG,BONCAT,A,0.802417703
MOBY,M2,500,HPG,BONCAT,A,3.011158068
MOBY,M2,500,HPG,BONCAT,A,2.037130793
MOBY,M2,500,HPG,BONCAT,A,5.344599918
MOBY,M2,500,HPG,BONCAT,A,1.954542394
MOBY,M2,500,HPG,BONCAT,A,4.53413889
MOBY,M2,500,HPG,BONCAT,A,1.347849268
MOBY,M2,500,HPG,BONCAT,A,0.987816359
MOBY,M2,500,HPG,BONCAT,A,0.661388346
MOBY,M2,500,HPG,BONCAT,A,2.993338123
MOBY,M2,500,HPG,BONCAT,A,7.397182222
MOBY,M2,500,HPG,BONCAT,A,2.218836406
MOBY,M2,500,HPG,BONCAT,A,2.622897392
MOBY,M2,500,HPG,BONCAT,A,3.655892334
MOBY,M2,500,HPG,BONCAT,A,3.551457146
MOBY,M2,500,HPG,BONCAT,A,2.713094224
MOBY,M2,500,HPG,BONCAT,A,8.912122488
MOBY,M2,500,HPG,BONCAT,A,2.696624274
MOBY,M2,500,HPG,BONCAT,A,1.546758437
MOBY,M2,500,HPG,BONCAT,A,10.02394199
MOBY,M2,500,HPG,BONCAT,A,2.498101328
MOBY,M2,500,HPG,BONCAT,A,1.015059459
MOBY,M2,500,HPG,BONCAT,A,2.985392082
MOBY,M2,500,HPG,BONCAT,A,1.627885049
MOBY,M2,500,HPG,BONCAT,A,0.968325303
MOBY,M2,500,HPG,BONCAT,A,3.776838899
MOBY,M2,500,HPG,BONCAT,A,3.722691586
MOBY,M2,500,HPG,BONCAT,A,3.311269859
MOBY,M2,500,HPG,BONCAT,A,6.076086864
MOBY,M2,500,HPG,BONCAT,A,10.81009492
MOBY,M2,500,HPG,BONCAT,A,1.720346752
MOBY,M2,500,HPG,BONCAT,A,2.079171655
MOBY,M2,500,HPG,BONCAT,A,1.749373164
MOBY,M2,500,HPG,BONCAT,A,0.672562849
MOBY,M2,500,HPG,BONCAT,A,0.334958683
MOBY,M2,500,HPG,BONCAT,A,3.034792221
MOBY,M2,500,HPG,BONCAT,A,1.376277402
MOBY,M2,500,HPG,BONCAT,A,1.970316401
MOBY,M2,500,HPG,BONCAT,A,0.420358238
MOBY,M2,500,HPG,BONCAT,A,1.85386767
MOBY,M2,500,HPG,BONCAT,A,1.589373899
MOBY,M2,500,HPG,BONCAT,A,4.112719024
MOBY,M2,500,HPG,BONCAT,A,6.773074863
MOBY,M2,500,HPG,BONCAT,A,2.688295722
MOBY,M2,500,HPG,BONCAT,A,2.050002906
MOBY,M2,500,HPG,BONCAT,A,3.140949953
MOBY,M2,500,HPG,BONCAT,A,1.02500595
MOBY,M2,500,HPG,BONCAT,A,5.050161737
MOBY,M2,500,HPG,BONCAT,A,2.515882583
MOBY,M2,500,HPG,BONCAT,A,3.807713346
MOBY,M2,500,HPG,BONCAT,A,2.729472787
MOBY,M2,500,HPG,BONCAT,A,0.500929721
MOBY,M2,500,HPG,BONCAT,A,1.787102165
MOBY,M2,500,HPG,BONCAT,A,8.540596427
MOBY,M2,500,HPG,BONCAT,A,3.815140147
MOBY,M2,500,HPG,BONCAT,A,3.568887769
MOBY,M2,500,HPG,BONCAT,A,3.243942372
MOBY,M2,500,HPG,BONCAT,A,1.666116348
MOBY,M2,500,HPG,BONCAT,A,6.205031133
MOBY,M2,500,HPG,BONCAT,A,3.940269593
MOBY,M2,500,HPG,BONCAT,A,0.304242144
MOBY,M2,500,HPG,BONCAT,A,1.87012002
MOBY,M2,500,HPG,BONCAT,A,5.549763659
MOBY,M2,500,HPG,BONCAT,A,0.590427641
MOBY,M2,500,HPG,BONCAT,A,8.52053841
MOBY,M2,500,HPG,BONCAT,A,29.80142549
MOBY,M2,500,HPG,BONCAT,A,1.726920646
MOBY,M2,500,HPG,BONCAT,A,0.587639317
MOBY,M2,500,HPG,BONCAT,A,2.115056308
MOBY,M2,500,HPG,BONCAT,A,3.250343465
MOBY,M2,500,HPG,BONCAT,A,14.81422836
MOBY,M2,500,HPG,BONCAT,A,1.297829978
MOBY,M2,500,HPG,BONCAT,A,3.537510524
MOBY,M2,500,HPG,BONCAT,A,1.290784325
MOBY,M2,500,HPG,BONCAT,A,6.143494834
MOBY,M2,500,HPG,BONCAT,A,5.873245959
MOBY,M2,500,HPG,BONCAT,A,3.210036998
MOBY,M2,500,HPG,BONCAT,A,3.741406026
MOBY,M2,500,HPG,BONCAT,A,6.660377313
MOBY,M2,500,HPG,BONCAT,A,5.714181384
MOBY,M2,500,HPG,BONCAT,A,2.389178939
MOBY,M2,500,HPG,BONCAT,A,1.489089713
MOBY,M2,500,HPG,BONCAT,A,6.07002555
MOBY,M2,500,HPG,BONCAT,A,10.23479748
MOBY,M2,500,HPG,BONCAT,A,1.369115694
MOBY,M2,500,HPG,BONCAT,A,0.676054896
MOBY,M2,500,HPG,BONCAT,A,3.840827304
MOBY,M2,500,HPG,BONCAT,A,1.534729596
MOBY,M2,500,HPG,BONCAT,A,1.331711865
MOBY,M2,500,HPG,BONCAT,A,0.454014408
MOBY,M2,500,HPG,BONCAT,A,2.37849045
MOBY,M2,500,HPG,BONCAT,A,5.835165366
MOBY,M2,500,HPG,BONCAT,A,1.539188666
MOBY,M2,500,HPG,BONCAT,A,4.247980629
MOBY,M2,500,HPG,BONCAT,A,5.377235148
MOBY,M2,500,HPG,BONCAT,A,2.677129247
MOBY,M2,500,HPG,BONCAT,A,6.762019212
MOBY,M2,500,HPG,BONCAT,A,9.049882935
MOBY,M2,500,HPG,BONCAT,A,8.270180504
MOBY,M2,500,HPG,BONCAT,A,0.909947103
MOBY,M2,500,HPG,BONCAT,A,1.107594313
MOBY,M2,500,HPG,BONCAT,A,1.595018666
MOBY,M2,500,HPG,BONCAT,A,6.401018517
MOBY,M2,500,HPG,BONCAT,A,0.810812699
MOBY,M2,500,HPG,BONCAT,A,1.277779229
MOBY,M2,500,HPG,BONCAT,A,2.427665184
MOBY,M2,500,HPG,BONCAT,A,1.189632818
MOBY,M2,500,HPG,BONCAT,A,4.887254708
MOBY,M2,500,HPG,BONCAT,A,1.367021828
MOBY,M2,500,HPG,BONCAT,A,2.77442331
MOBY,M2,500,HPG,BONCAT,A,1.766083353
MOBY,M2,500,HPG,BONCAT,A,1.351822727
MOBY,M2,500,HPG,BONCAT,A,8.830834096
MOBY,M2,500,HPG,BONCAT,A,2.774359153
MOBY,M2,500,HPG,BONCAT,A,1.139206167
MOBY,M2,500,HPG,BONCAT,A,2.523989339
MOBY,M2,500,HPG,BONCAT,A,10.13696259
MOBY,M2,500,HPG,BONCAT,A,3.519467728
MOBY,M2,500,HPG,BONCAT,A,0.330961079
MOBY,M2,500,HPG,BONCAT,A,18.53004764
MOBY,M2,500,HPG,BONCAT,A,1.797335764
MOBY,M2,500,HPG,BONCAT,A,0.301543766
MOBY,M2,500,HPG,BONCAT,A,1.023602794
MOBY,M2,500,HPG,BONCAT,A,0.958041539
MOBY,M2,500,HPG,BONCAT,A,6.719699323
MOBY,M2,500,HPG,BONCAT,A,7.965212245
MOBY,M2,500,HPG,BONCAT,A,1.432517656
MOBY,M2,500,HPG,BONCAT,A,2.279387541
MOBY,M2,500,HPG,BONCAT,A,1.746294512
MOBY,M2,500,HPG,BONCAT,A,3.976882556
MOBY,M2,500,HPG,BONCAT,A,4.852685461
MOBY,M2,500,HPG,BONCAT,A,2.381502567
MOBY,M2,500,HPG,BONCAT,A,7.459930489
MOBY,M2,500,HPG,BONCAT,A,3.403000327
MOBY,M2,500,HPG,BONCAT,A,2.736643878
MOBY,M2,500,HPG,BONCAT,A,2.397386423
MOBY,M2,500,HPG,BONCAT,A,3.235467594
MOBY,M2,500,HPG,BONCAT,A,2.565756539
MOBY,M2,500,HPG,BONCAT,A,2.206585761
MOBY,M2,500,HPG,BONCAT,A,3.664240483
MOBY,M2,500,HPG,BONCAT,A,0.338646467
MOBY,M2,500,HPG,BONCAT,A,3.422663265
MOBY,M2,500,HPG,BONCAT,A,1.771519031
MOBY,M2,500,HPG,BONCAT,A,0.794516157
MOBY,M2,500,HPG,BONCAT,A,6.247510838
MOBY,M2,500,HPG,BONCAT,A,0.694911735
MOBY,M2,500,HPG,BONCAT,A,5.719986171
MOBY,M2,500,HPG,BONCAT,A,4.450492259
MOBY,M2,500,HPG,BONCAT,A,0.298845388
MOBY,M2,500,HPG,BONCAT,A,4.207889205
MOBY,M2,500,HPG,BONCAT,A,1.415203943
MOBY,M2,500,HPG,BONCAT,A,4.84028188
MOBY,M2,500,HPG,BONCAT,A,1.47850364
MOBY,M2,500,HPG,BONCAT,A,2.482323116
MOBY,M2,500,HPG,BONCAT,A,4.118221665
MOBY,M2,500,HPG,BONCAT,A,3.506778921
MOBY,M2,500,HPG,BONCAT,A,4.261941498
MOBY,M2,500,HPG,BONCAT,A,0.244550143
MOBY,M2,500,HPG,BONCAT,A,1.106584109
MOBY,M2,500,HPG,BONCAT,A,4.586652784
MOBY,M2,500,HPG,BONCAT,A,0.95144816
MOBY,M2,500,HPG,BONCAT,A,2.277970893
MOBY,M2,500,HPG,BONCAT,A,3.624941051
MOBY,M2,500,HPG,BONCAT,A,1.134813268
MOBY,M2,500,HPG,BONCAT,A,3.115329226
MOBY,M2,500,HPG,BONCAT,A,1.913892212
MOBY,M2,500,HPG,BONCAT,A,4.461225796
MOBY,M2,500,HPG,BONCAT,A,1.00816807
MOBY,M2,500,HPG,BONCAT,A,1.418565472
MOBY,M2,500,HPG,BONCAT,A,1.476028234
MOBY,M2,500,HPG,BONCAT,A,3.255262717
MOBY,M2,500,HPG,BONCAT,A,3.407719179
MOBY,M2,500,HPG,BONCAT,A,0.755819945
MOBY,M2,500,HPG,BONCAT,A,0.846103475
MOBY,M2,500,HPG,BONCAT,A,2.189884034
MOBY,M2,500,HPG,BONCAT,A,2.243230511
MOBY,M2,500,HPG,BONCAT,A,2.147169621
MOBY,M2,500,HPG,BONCAT,A,2.045700662
MOBY,M2,500,HPG,BONCAT,A,2.5837727
MOBY,M2,500,HPG,BONCAT,A,3.357078067
MOBY,M2,500,HPG,BONCAT,A,3.190445837
MOBY,M2,500,HPG,BONCAT,A,4.234888673
MOBY,M2,500,HPG,BONCAT,A,1.689512676
MOBY,M2,500,HPG,BONCAT,A,2.393143061
MOBY,M2,500,HPG,BONCAT,A,4.307960827
MOBY,M2,500,HPG,BONCAT,A,2.373335692
MOBY,M2,500,HPG,BONCAT,A,1.841805037
MOBY,M2,500,HPG,BONCAT,A,2.664838306
MOBY,M2,500,HPG,BONCAT,A,5.214882077
MOBY,M2,500,HPG,BONCAT,A,4.606202354
MOBY,M2,500,HPG,BONCAT,A,0.361288299
MOBY,M2,500,HPG,BONCAT,A,4.649831496
MOBY,M2,500,HPG,BONCAT,A,0.453189204
MOBY,M2,500,HPG,BONCAT,A,3.247422039
MOBY,M2,500,HPG,BONCAT,A,5.25759208
MOBY,M2,500,HPG,BONCAT,A,2.00033932
MOBY,M2,500,HPG,BONCAT,A,1.063910624
MOBY,M2,500,HPG,BONCAT,A,3.25060859
MOBY,M2,500,HPG,BONCAT,A,3.459604207
MOBY,M2,500,HPG,BONCAT,A,4.637340523
MOBY,M2,500,HPG,BONCAT,A,1.650513293
MOBY,M2,500,HPG,BONCAT,A,1.707256225
MOBY,M2,500,HPG,BONCAT,A,1.600534046
MOBY,M2,500,HPG,BONCAT,A,2.601384557
MOBY,M2,500,HPG,BONCAT,A,3.121597256
MOBY,M2,500,HPG,BONCAT,A,5.134770898
MOBY,M2,500,HPG,BONCAT,A,6.332871443
MOBY,M2,500,HPG,BONCAT,A,0.711140976
MOBY,M2,500,HPG,BONCAT,A,0.486399944
MOBY,M2,500,HPG,BONCAT,A,3.751305218
MOBY,M2,500,HPG,BONCAT,A,0.858375584
MOBY,M2,500,HPG,BONCAT,A,7.397918628
MOBY,M2,500,HPG,BONCAT,A,0.29614701
MOBY,M2,500,HPG,BONCAT,A,1.766088545
MOBY,M2,500,HPG,BONCAT,A,5.273260662
MOBY,M2,500,HPG,BONCAT,A,0.838707306
MOBY,M2,500,HPG,BONCAT,A,22.33112945
MOBY,M2,500,HPG,BONCAT,A,0.788574051
MOBY,M2,500,HPG,BONCAT,A,2.590888395
MOBY,M2,500,HPG,BONCAT,A,1.471144242
MOBY,M2,500,HPG,BONCAT,A,3.006650554
MOBY,M2,500,HPG,BONCAT,A,1.835563876
MOBY,M2,500,HPG,BONCAT,A,3.080058674
MOBY,M2,500,HPG,BONCAT,A,2.21096329
MOBY,M2,500,HPG,BONCAT,A,1.248139519
MOBY,M2,500,HPG,BONCAT,A,1.153668222
MOBY,M2,500,HPG,BONCAT,A,4.582454863
MOBY,M2,500,HPG,BONCAT,A,3.489371852
MOBY,M2,500,HPG,BONCAT,A,0.534206931
MOBY,M2,500,HPG,BONCAT,A,1.06424037
MOBY,M2,500,HPG,BONCAT,A,5.413009311
MOBY,M2,500,HPG,BONCAT,A,0.291424848
MOBY,M2,500,HPG,BONCAT,A,0.575788939
MOBY,M2,500,HPG,BONCAT,A,4.00976305
MOBY,M2,500,HPG,BONCAT,A,1.632055493
MOBY,M2,500,HPG,BONCAT,A,1.791505073
MOBY,M2,500,HPG,BONCAT,A,2.971361559
MOBY,M2,500,HPG,BONCAT,A,8.319114802
MOBY,M2,500,HPG,BONCAT,A,8.950970428
MOBY,M2,500,HPG,BONCAT,A,1.327341593
MOBY,M2,500,HPG,BONCAT,A,1.275626265
MOBY,M2,500,HPG,BONCAT,A,0.262417282
MOBY,M2,500,HPG,BONCAT,A,0.920189769
MOBY,M2,500,HPG,BONCAT,A,5.620071306
MOBY,M2,500,HPG,BONCAT,A,0.520302637
MOBY,M2,500,HPG,BONCAT,A,0.608634164
MOBY,M2,500,HPG,BONCAT,A,0.384177102
MOBY,M2,500,HPG,BONCAT,A,3.873908342
MOBY,M2,500,HPG,BONCAT,A,5.60827218
MOBY,M2,500,HPG,BONCAT,A,1.945627582
MOBY,M2,500,HPG,BONCAT,A,1.626386273
MOBY,M2,500,HPG,BONCAT,A,0.383493513
MOBY,M2,500,HPG,BONCAT,A,0.305816198
MOBY,M2,500,HPG,BONCAT,A,0.906528085
MOBY,M2,500,HPG,BONCAT,A,3.854317181
MOBY,M2,500,HPG,BONCAT,A,4.963855261
MOBY,M2,500,HPG,BONCAT,A,0.328527548
MOBY,M2,500,HPG,BONCAT,A,2.484223267
MOBY,M2,500,HPG,BONCAT,A,1.723473255
MOBY,M2,500,HPG,BONCAT,A,5.695344617
MOBY,M2,500,HPG,BONCAT,A,1.802292959
MOBY,M2,500,HPG,BONCAT,A,4.657354477
MOBY,M2,500,HPG,BONCAT,A,1.092798206
MOBY,M2,500,HPG,BONCAT,A,7.092340894
MOBY,M2,500,HPG,BONCAT,A,5.458234885
MOBY,M2,500,HPG,BONCAT,A,2.523690071
MOBY,M2,500,HPG,BONCAT,A,3.769198279
MOBY,M2,500,HPG,BONCAT,A,2.690306543
MOBY,M2,500,HPG,BONCAT,A,2.27901128
MOBY,M2,500,HPG,BONCAT,A,3.071524099
MOBY,M2,500,HPG,BONCAT,A,3.345248133
MOBY,M2,500,HPG,BONCAT,A,2.361816693
MOBY,M2,500,HPG,BONCAT,A,1.269607751
MOBY,M2,500,HPG,BONCAT,A,0.357465129
MOBY,M2,500,HPG,BONCAT,A,1.193863264
MOBY,M2,500,HPG,BONCAT,A,3.657663693
MOBY,M2,500,HPG,BONCAT,A,3.984892998
MOBY,M2,500,HPG,BONCAT,A,4.858466322
MOBY,M2,500,HPG,BONCAT,A,1.136393284
MOBY,M2,500,HPG,BONCAT,A,5.417287499
MOBY,M2,500,HPG,BONCAT,A,2.390386215
MOBY,M2,500,HPG,BONCAT,A,2.241130072
MOBY,M2,500,HPG,BONCAT,A,9.269410611
MOBY,M2,500,HPG,BONCAT,A,2.435885372
MOBY,M2,500,HPG,BONCAT,A,3.556573735
MOBY,M2,500,HPG,BONCAT,A,0.464091044
MOBY,M2,500,HPG,BONCAT,A,3.293869385
MOBY,M2,500,HPG,BONCAT,A,6.171616828
MOBY,M2,500,HPG,BONCAT,A,2.423312668
MOBY,M2,500,HPG,BONCAT,A,0.963402836
MOBY,M2,500,HPG,BONCAT,A,5.135488666
MOBY,M2,500,HPG,BONCAT,A,4.755437529
MOBY,M2,500,HPG,BONCAT,A,6.531097977
MOBY,M2,500,HPG,BONCAT,A,0.36161866
MOBY,M2,500,HPG,BONCAT,A,1.148026812
MOBY,M2,500,HPG,BONCAT,A,2.788651265
MOBY,M2,500,HPG,BONCAT,A,3.923692161
MOBY,M2,500,HPG,BONCAT,A,6.192931066
MOBY,M2,500,HPG,BONCAT,A,4.385764066
MOBY,M2,500,HPG,BONCAT,A,2.293341712
MOBY,M2,500,HPG,BONCAT,A,2.274560488
MOBY,M2,500,HPG,BONCAT,A,0.568290481
MOBY,M2,500,HPG,BONCAT,A,0.316689677
MOBY,M2,500,HPG,BONCAT,A,3.114617534
MOBY,M2,500,HPG,BONCAT,A,3.654462255
MOBY,M2,500,HPG,BONCAT,A,1.64530271
MOBY,M2,500,HPG,BONCAT,A,0.248559196
MOBY,M2,500,HPG,BONCAT,A,1.661743953
MOBY,M2,500,HPG,BONCAT,A,1.820877186
MOBY,M2,500,HPG,BONCAT,A,2.202316434
MOBY,M2,500,HPG,BONCAT,A,1.934228204
MOBY,M2,500,HPG,BONCAT,A,3.965848348
MOBY,M2,500,HPG,BONCAT,A,7.39293332
MOBY,M2,500,HPG,BONCAT,A,2.757350077
MOBY,M2,500,HPG,BONCAT,A,2.593865822
MOBY,M2,500,HPG,BONCAT,A,6.39359589
MOBY,M2,500,HPG,BONCAT,A,2.903971182
MOBY,M2,500,HPG,BONCAT,A,1.545563585
MOBY,M2,500,HPG,BONCAT,A,2.025832547
MOBY,M2,500,HPG,BONCAT,A,1.722835172
MOBY,M2,500,HPG,BONCAT,A,1.048596972
MOBY,M2,500,HPG,BONCAT,A,9.376223394
MOBY,M2,500,HPG,BONCAT,A,8.171942915
MOBY,M2,500,HPG,BONCAT,A,2.387463159
MOBY,M2,500,HPG,BONCAT,A,5.509864359
MOBY,M2,500,HPG,BONCAT,A,2.174184251
MOBY,M2,500,HPG,BONCAT,A,3.469885866
MOBY,M2,500,HPG,BONCAT,A,0.737356889
MOBY,M2,500,HPG,BONCAT,A,3.26938923
MOBY,M2,500,HPG,BONCAT,A,3.288759412
MOBY,M2,500,HPG,BONCAT,A,0.76117392
MOBY,M2,500,HPG,BONCAT,A,5.022990148
MOBY,M2,500,HPG,BONCAT,A,1.897600753
MOBY,M2,500,HPG,BONCAT,A,4.490032818
MOBY,M2,500,HPG,BONCAT,A,2.50791769
MOBY,M2,500,HPG,BONCAT,A,0.774434549
MOBY,M2,500,HPG,BONCAT,A,0.994157547
MOBY,M2,500,HPG,BONCAT,A,5.141759697
MOBY,M2,500,HPG,BONCAT,A,8.914401179
MOBY,M2,500,HPG,BONCAT,A,6.504827969
MOBY,M2,500,HPG,BONCAT,A,1.458296177
MOBY,M2,500,HPG,BONCAT,A,4.243711147
MOBY,M2,500,HPG,BONCAT,A,2.959385156
MOBY,M2,500,HPG,BONCAT,A,0.909245525
MOBY,M2,500,HPG,BONCAT,A,9.761360075
MOBY,M2,500,HPG,BONCAT,A,0.307358149
MOBY,M2,500,HPG,BONCAT,A,1.995320743
MOBY,M2,500,HPG,BONCAT,A,3.485878316
MOBY,M2,500,HPG,BONCAT,A,0.418578398
MOBY,M2,500,HPG,BONCAT,A,3.559700547
MOBY,M2,500,HPG,BONCAT,A,0.449609748
MOBY,M2,500,HPG,BONCAT,A,1.510147371
MOBY,M2,500,HPG,BONCAT,A,6.636724193
MOBY,M2,500,HPG,BONCAT,A,7.391838786
MOBY,M2,500,HPG,BONCAT,A,4.075900301
MOBY,M2,500,HPG,BONCAT,A,1.836234811
MOBY,M2,500,HPG,BONCAT,A,5.76338775
MOBY,M2,500,HPG,BONCAT,A,0.267814038
MOBY,M2,500,HPG,BONCAT,A,2.17932718
MOBY,M2,500,HPG,BONCAT,A,3.453259097
MOBY,M2,500,HPG,BONCAT,A,0.986407093
MOBY,M2,500,HPG,BONCAT,A,5.249083553
MOBY,M2,500,HPG,BONCAT,A,2.030799448
MOBY,M2,500,HPG,BONCAT,A,1.158943494
MOBY,M2,500,HPG,BONCAT,A,5.062370568
MOBY,M2,500,HPG,BONCAT,A,0.90081673
MOBY,M2,500,HPG,BONCAT,A,1.539188666
MOBY,M2,500,HPG,BONCAT,A,5.980777231
MOBY,M2,500,HPG,BONCAT,A,3.939778539
MOBY,M2,500,HPG,BONCAT,A,6.277818375
MOBY,M2,500,HPG,BONCAT,A,3.576025735
MOBY,M2,500,HPG,BONCAT,A,1.837765144
MOBY,M2,500,HPG,BONCAT,A,2.78045846
MOBY,M2,500,HPG,BONCAT,A,0.959886809
MOBY,M2,500,HPG,BONCAT,A,0.496086492
MOBY,M2,500,HPG,BONCAT,A,7.724900437
MOBY,M2,500,HPG,BONCAT,A,1.000018968
MOBY,M2,500,HPG,BONCAT,A,5.832466268
MOBY,M2,500,HPG,BONCAT,A,5.898630502
MOBY,M2,500,HPG,BONCAT,A,0.611801685
MOBY,M2,500,HPG,BONCAT,A,2.935791483
MOBY,M2,500,HPG,BONCAT,A,1.613741726
MOBY,M2,500,HPG,BONCAT,A,3.01840969
MOBY,M2,500,HPG,BONCAT,A,3.428698062
MOBY,M2,500,HPG,BONCAT,A,3.598743691
MOBY,M2,500,HPG,BONCAT,A,1.12292512
MOBY,M2,500,HPG,BONCAT,A,7.269260782
MOBY,M2,500,HPG,BONCAT,A,1.580322978
MOBY,M2,500,HPG,BONCAT,A,3.532590481
MOBY,M2,500,HPG,BONCAT,A,18.25575066
MOBY,M2,500,HPG,BONCAT,A,1.01013195
MOBY,M2,500,HPG,BONCAT,A,3.292595707
MOBY,M2,500,HPG,BONCAT,A,3.949640161
MOBY,M2,500,HPG,BONCAT,A,1.829963118
MOBY,M2,500,HPG,BONCAT,A,2.759562751
MOBY,M2,500,HPG,BONCAT,A,2.770716487
MOBY,M2,500,HPG,BONCAT,A,3.472808955
MOBY,M2,500,HPG,BONCAT,A,6.287592728
MOBY,M2,500,HPG,BONCAT,A,4.739409918
MOBY,M2,500,HPG,BONCAT,A,2.153047548
MOBY,M2,500,HPG,BONCAT,A,0.91439824
MOBY,M2,500,HPG,BONCAT,A,1.845600756
MOBY,M2,500,HPG,BONCAT,A,1.765374169
MOBY,M2,500,HPG,BONCAT,A,2.673231731
MOBY,M2,500,HPG,BONCAT,A,0.698403781
MOBY,M2,500,HPG,BONCAT,A,1.689904333
MOBY,M2,500,HPG,BONCAT,A,2.122481345
MOBY,M2,500,HPG,BONCAT,A,0.36982173
MOBY,M2,500,HPG,BONCAT,A,4.706599473
MOBY,M2,500,HPG,BONCAT,A,2.955169984
MOBY,M2,500,HPG,BONCAT,A,0.443711482
MOBY,M2,500,HPG,BONCAT,A,3.105843977
MOBY,M2,500,HPG,BONCAT,A,0.863292579
MOBY,M2,500,HPG,BONCAT,A,3.061197658
MOBY,M2,500,HPG,BONCAT,A,2.051970082
MOBY,M2,500,HPG,BONCAT,A,2.689284253
MOBY,M2,500,HPG,BONCAT,A,5.985732101
MOBY,M2,500,HPG,BONCAT,A,3.103797253
MOBY,M2,500,HPG,BONCAT,A,2.911042368
MOBY,M2,500,HPG,BONCAT,A,1.349831666
MOBY,M2,500,HPG,BONCAT,A,0.728435123
MOBY,M2,500,HPG,BONCAT,A,0.796878742
MOBY,M2,500,HPG,BONCAT,A,4.534169759
MOBY,M2,500,HPG,BONCAT,A,0.760885787
MOBY,M2,500,HPG,BONCAT,A,2.315761507
MOBY,M2,500,HPG,BONCAT,A,1.573236335
MOBY,M2,500,HPG,BONCAT,A,2.671043648
MOBY,M2,500,HPG,BONCAT,A,1.19127177
MOBY,M2,500,HPG,BONCAT,A,7.643718685
MOBY,M2,500,HPG,BONCAT,A,2.469031667
MOBY,M2,500,HPG,BONCAT,A,1.470436238
MOBY,M2,500,HPG,BONCAT,A,5.573515863
MOBY,M2,500,HPG,BONCAT,A,4.097262461
MOBY,M2,500,HPG,BONCAT,A,2.539250646
MOBY,M2,500,HPG,BONCAT,A,1.378806995
MOBY,M2,500,HPG,BONCAT,A,6.539877816
MOBY,M2,500,HPG,BONCAT,A,7.828836425
MOBY,M2,500,HPG,BONCAT,A,3.906515113
MOBY,M2,500,HPG,BONCAT,A,0.528034042
MOBY,M2,500,HPG,BONCAT,A,2.894486026
MOBY,M2,500,HPG,BONCAT,A,4.657557313
MOBY,M2,500,HPG,BONCAT,A,3.256238529
MOBY,M2,500,HPG,BONCAT,A,3.018334927
MOBY,M2,500,HPG,BONCAT,A,5.999820117
MOBY,M2,500,HPG,BONCAT,A,2.722246238
MOBY,M2,500,HPG,BONCAT,A,1.682270171
MOBY,M2,500,HPG,BONCAT,A,1.563191302
MOBY,M2,500,HPG,BONCAT,A,8.862477042
MOBY,M2,500,HPG,BONCAT,A,0.7814304
MOBY,M2,500,HPG,BONCAT,A,1.244986738
MOBY,M2,500,HPG,BONCAT,A,12.48880573
MOBY,M2,500,HPG,BONCAT,A,0.974612615
MOBY,M2,500,HPG,BONCAT,A,8.961794198
MOBY,M2,500,HPG,BONCAT,A,1.492383047
MOBY,M2,500,HPG,BONCAT,A,1.57718408
MOBY,M2,500,HPG,BONCAT,A,4.182335131
MOBY,M2,500,HPG,BONCAT,A,0.937750699
MOBY,M2,500,HPG,BONCAT,A,3.259712846
MOBY,M2,500,HPG,BONCAT,A,1.523225158
MOBY,M2,500,HPG,BONCAT,A,0.900125006
MOBY,M2,500,HPG,BONCAT,A,3.384602425
MOBY,M2,500,HPG,BONCAT,A,3.885816231
MOBY,M2,500,HPG,BONCAT,A,10.00209614
MOBY,M2,500,HPG,BONCAT,A,5.034239903
MOBY,M2,500,HPG,BONCAT,A,4.85941939
MOBY,M2,500,HPG,BONCAT,A,1.976690597
MOBY,M2,500,HPG,BONCAT,A,2.126037898
MOBY,M2,500,HPG,BONCAT,A,6.212691325
MOBY,M2,500,HPG,BONCAT,A,6.685650467
MOBY,M2,500,HPG,BONCAT,A,0.725641557
MOBY,M2,500,HPG,BONCAT,A,1.929195445
MOBY,M2,500,HPG,BONCAT,A,3.363852256
MOBY,M2,500,HPG,BONCAT,A,2.12747514
MOBY,M2,500,HPG,BONCAT,A,0.451266941
MOBY,M2,500,HPG,BONCAT,A,4.982328719
MOBY,M2,500,HPG,BONCAT,A,1.176258361
MOBY,M2,500,HPG,BONCAT,A,5.372708492
MOBY,M2,500,HPG,BONCAT,A,0.798019342
MOBY,M2,500,HPG,BONCAT,A,0.275954146
MOBY,M2,500,HPG,BONCAT,A,1.961349939
MOBY,M2,500,HPG,BONCAT,A,6.190153067
MOBY,M2,500,HPG,BONCAT,A,6.509883219
MOBY,M2,500,HPG,BONCAT,A,1.400008566
MOBY,M2,500,HPG,BONCAT,A,2.182843217
MOBY,M2,500,HPG,BONCAT,A,2.532370401
MOBY,M2,500,HPG,BONCAT,A,2.316965175
MOBY,M2,500,HPG,BONCAT,A,6.131326767
MOBY,M2,500,HPG,BONCAT,A,6.350920463
MOBY,M2,500,HPG,BONCAT,A,2.148761211
MOBY,M2,500,HPG,BONCAT,A,1.109385425
MOBY,M2,500,HPG,BONCAT,A,2.225745639
MOBY,M2,500,HPG,BONCAT,A,0.571053886
MOBY,M2,500,HPG,BONCAT,A,0.64341333
MOBY,M2,500,HPG,BONCAT,A,2.575743873
MOBY,M2,500,HPG,BONCAT,A,1.616984303
MOBY,M2,500,HPG,BONCAT,A,1.432131331
MOBY,M2,500,HPG,BONCAT,A,5.973001044
MOBY,M2,500,HPG,BONCAT,A,2.328110786
MOBY,M2,500,HPG,BONCAT,A,1.365587003
MOBY,M2,500,HPG,BONCAT,A,0.539255841
MOBY,M2,500,HPG,BONCAT,A,2.154014143
MOBY,M2,500,HPG,BONCAT,A,2.658811259
MOBY,M2,500,HPG,BONCAT,A,2.170640812
MOBY,M2,500,HPG,BONCAT,A,5.561815155
MOBY,M2,500,HPG,BONCAT,A,2.619713227
MOBY,M2,500,HPG,BONCAT,A,6.351634202
MOBY,M2,500,HPG,BONCAT,A,1.115016886
MOBY,M2,500,HPG,BONCAT,A,3.575935394
MOBY,M2,500,HPG,BONCAT,A,4.299643778
MOBY,M2,500,HPG,BONCAT,A,2.593459888
MOBY,M2,500,HPG,BONCAT,A,1.906462285
MOBY,M2,500,HPG,BONCAT,A,5.150809914
MOBY,M2,500,HPG,BONCAT,A,0.662226988
MOBY,M2,500,HPG,BONCAT,A,2.155755889
MOBY,M2,500,HPG,BONCAT,A,2.74290146
MOBY,M2,500,HPG,BONCAT,A,3.436460757
MOBY,M2,500,HPG,BONCAT,A,9.496807656
MOBY,M2,500,HPG,BONCAT,A,1.779553995
MOBY,M2,500,HPG,BONCAT,A,5.892160403
MOBY,M2,500,HPG,BONCAT,A,3.691528268
MOBY,M2,500,HPG,BONCAT,A,2.818461706
MOBY,M2,500,HPG,BONCAT,A,2.147247532
MOBY,M2,500,HPG,BONCAT,A,45.69935701
MOBY,M2,500,HPG,BONCAT,A,7.164828436
MOBY,M2,500,HPG,BONCAT,A,8.197092556
MOBY,M2,500,HPG,BONCAT,A,0.777232839
MOBY,M2,500,HPG,BONCAT,A,4.81441555
MOBY,M2,500,HPG,BONCAT,A,1.328126656
MOBY,M2,500,HPG,BONCAT,A,3.171582518
MOBY,M2,500,HPG,BONCAT,A,5.074904607
MOBY,M2,500,HPG,BONCAT,A,0.517878717
MOBY,M2,500,HPG,BONCAT,A,2.493301475
MOBY,M2,500,HPG,BONCAT,A,3.787594195
MOBY,M2,500,HPG,BONCAT,A,0.786402601
MOBY,M2,500,HPG,BONCAT,A,3.995582389
MOBY,M2,500,HPG,BONCAT,A,12.4179991
MOBY,M2,500,HPG,BONCAT,A,2.496627316
MOBY,M2,500,HPG,BONCAT,A,3.342666148
MOBY,M2,500,HPG,BONCAT,A,0.758083345
MOBY,M2,500,HPG,BONCAT,A,0.771395344
MOBY,M2,500,HPG,BONCAT,A,1.669168725
MOBY,M2,500,HPG,BONCAT,A,2.231608729
MOBY,M2,500,HPG,BONCAT,A,2.992699578
MOBY,M2,500,HPG,BONCAT,A,0.561334626
MOBY,M2,500,HPG,BONCAT,A,5.109828888
MOBY,M2,500,HPG,BONCAT,A,7.865273957
MOBY,M2,500,HPG,BONCAT,A,5.758627091
MOBY,M2,500,HPG,BONCAT,A,4.179015046
MOBY,M2,500,HPG,BONCAT,A,2.863782436
MOBY,M2,500,HPG,BONCAT,A,2.006741247
MOBY,M2,500,HPG,BONCAT,A,8.615775511
MOBY,M2,500,HPG,BONCAT,A,5.597016507
MOBY,M2,500,HPG,BONCAT,A,3.02818944
MOBY,M2,500,HPG,BONCAT,A,1.03653702
MOBY,M2,500,HPG,BONCAT,A,2.760796932
MOBY,M2,500,HPG,BONCAT,A,0.728262257
MOBY,M2,500,HPG,BONCAT,A,1.317141627
MOBY,M2,500,HPG,BONCAT,A,2.874634558
MOBY,M2,500,HPG,BONCAT,A,0.346579699
MOBY,M2,500,HPG,BONCAT,A,13.10723473
MOBY,M2,500,HPG,BONCAT,A,2.921350609
MOBY,M2,500,HPG,BONCAT,A,1.133318852
MOBY,M2,500,HPG,BONCAT,A,3.062643693
MOBY,M2,500,HPG,BONCAT,A,0.487095845
MOBY,M2,500,HPG,BONCAT,A,0.460643172
MOBY,M2,500,HPG,BONCAT,A,0.821548233
MOBY,M2,500,HPG,BONCAT,A,6.259655987
MOBY,M2,500,HPG,BONCAT,A,4.253405664
MOBY,M2,500,HPG,BONCAT,A,5.778082758
MOBY,M2,500,HPG,BONCAT,A,4.097455183
MOBY,M2,500,HPG,BONCAT,A,3.823592942
MOBY,M2,500,HPG,BONCAT,A,0.695610097
MOBY,M2,500,HPG,BONCAT,A,0.397691861
MOBY,M2,500,HPG,BONCAT,A,2.809405006
MOBY,M2,500,HPG,BONCAT,A,0.722351143
MOBY,M2,500,HPG,BONCAT,A,0.248925391
MOBY,M2,500,HPG,BONCAT,A,1.388312593
MOBY,M2,500,HPG,BONCAT,A,3.036001389
MOBY,M2,500,HPG,BONCAT,A,3.509474734
MOBY,M2,500,HPG,BONCAT,A,3.27035507
MOBY,M2,500,HPG,BONCAT,A,2.247365027
MOBY,M2,500,HPG,BONCAT,A,2.389656767
MOBY,M2,500,HPG,BONCAT,A,4.777302955
MOBY,M2,500,HPG,BONCAT,A,0.739166328
MOBY,M2,500,HPG,BONCAT,A,1.523873481
MOBY,M2,500,HPG,BONCAT,A,6.987720237
MOBY,M2,500,HPG,BONCAT,A,5.399643344
MOBY,M2,500,HPG,BONCAT,A,1.160245896
MOBY,M2,500,HPG,BONCAT,A,2.814931375
MOBY,M2,500,HPG,BONCAT,A,1.216985922
MOBY,M2,500,HPG,BONCAT,A,5.007618855
MOBY,M2,500,HPG,BONCAT,A,3.464645677
MOBY,M2,500,HPG,BONCAT,A,3.466528688
MOBY,M2,500,HPG,BONCAT,A,1.996491411
MOBY,M2,500,HPG,BONCAT,A,8.323462789
MOBY,M2,500,HPG,BONCAT,A,2.533296063
MOBY,M2,500,HPG,BONCAT,A,1.817017034
MOBY,M2,500,HPG,BONCAT,A,15.07622369
MOBY,M2,500,HPG,BONCAT,A,2.838801822
MOBY,M2,500,HPG,BONCAT,A,2.768627884
MOBY,M2,500,HPG,BONCAT,A,1.432914216
MOBY,M2,500,HPG,BONCAT,A,0.867381914
MOBY,M2,500,HPG,BONCAT,A,1.53698467
MOBY,M2,500,HPG,BONCAT,A,1.565738938
MOBY,M2,500,HPG,BONCAT,A,2.991387091
MOBY,M2,500,HPG,BONCAT,A,3.11017772
MOBY,M2,500,HPG,BONCAT,A,1.425762946
MOBY,M2,500,HPG,BONCAT,A,1.61893106
MOBY,M2,500,HPG,BONCAT,A,4.505236237
MOBY,M2,500,HPG,BONCAT,A,0.412115987
MOBY,M2,500,HPG,BONCAT,A,3.286456832
MOBY,M2,500,HPG,BONCAT,A,2.123411894
MOBY,M2,500,HPG,BONCAT,A,2.357530416
MOBY,M2,500,HPG,BONCAT,A,1.052948779
MOBY,M2,500,HPG,BONCAT,A,6.410439815
MOBY,M2,500,HPG,BONCAT,A,5.795144999
MOBY,M2,500,HPG,BONCAT,A,3.667218938
MOBY,M2,500,HPG,BONCAT,A,3.067629692
MOBY,M2,500,HPG,BONCAT,A,1.769462813
MOBY,M2,500,HPG,BONCAT,A,4.00412916
MOBY,M2,500,HPG,BONCAT,A,6.999498442
MOBY,M2,500,HPG,BONCAT,A,3.23970068
MOBY,M2,500,HPG,BONCAT,A,15.74717097
MOBY,M2,500,HPG,BONCAT,A,1.312524896
MOBY,M2,500,HPG,BONCAT,A,0.708338534
MOBY,M2,500,HPG,BONCAT,A,3.925045192
MOBY,M2,500,HPG,BONCAT,A,5.307807963
MOBY,M2,500,HPG,BONCAT,A,1.601582906
MOBY,M2,500,HPG,BONCAT,A,3.083996277
MOBY,M2,500,HPG,BONCAT,A,5.159830412
MOBY,M2,500,HPG,BONCAT,A,1.528497782
MOBY,M2,500,HPG,BONCAT,A,3.873320923
MOBY,M2,500,HPG,BONCAT,A,1.896184105
MOBY,M2,500,HPG,BONCAT,A,3.695058473
MOBY,M2,500,HPG,BONCAT,A,3.063503656
MOBY,M2,500,HPG,BONCAT,A,5.013880531
MOBY,M2,500,HPG,BONCAT,A,0.484778611
MOBY,M2,500,HPG,BONCAT,A,3.054713203
MOBY,M2,500,HPG,BONCAT,A,0.372556086
MOBY,M2,500,HPG,BONCAT,A,0.4094699
MOBY,M2,500,HPG,BONCAT,A,1.011222635
MOBY,M2,500,HPG,BONCAT,A,3.824741538
MOBY,M2,500,HPG,BONCAT,A,5.938796366
MOBY,M2,500,HPG,BONCAT,A,1.617905324
MOBY,M2,500,HPG,BONCAT,A,2.449970666
MOBY,M2,500,HPG,BONCAT,A,0.305136613
MOBY,M2,500,HPG,BONCAT,A,1.701009588
MOBY,M2,500,HPG,BONCAT,A,7.964533153
MOBY,M2,500,HPG,BONCAT,A,6.345161368
MOBY,M2,500,HPG,BONCAT,A,2.82432049
MOBY,M2,500,HPG,BONCAT,A,10.19289778
MOBY,M2,500,HPG,BONCAT,A,3.231364936
MOBY,M2,500,HPG,BONCAT,A,5.673742193
MOBY,M2,500,HPG,BONCAT,A,0.588055957
MOBY,M2,500,HPG,BONCAT,A,2.308952301
MOBY,M2,500,HPG,BONCAT,A,3.393179778
MOBY,M2,500,HPG,BONCAT,A,4.249590589
MOBY,M2,500,HPG,BONCAT,A,0.936043741
MOBY,M2,500,HPG,BONCAT,A,0.526843384
MOBY,M2,500,HPG,BONCAT,A,2.564879735
MOBY,M2,500,HPG,BONCAT,A,1.415231917
MOBY,M2,500,HPG,BONCAT,A,1.908862201
MOBY,M2,500,HPG,BONCAT,A,2.283637487
MOBY,M2,500,HPG,BONCAT,A,4.223820178
MOBY,M2,500,HPG,BONCAT,A,2.393948462
MOBY,M2,500,HPG,BONCAT,A,1.124167788
MOBY,M2,500,HPG,BONCAT,A,2.429311292
MOBY,M2,500,HPG,BONCAT,A,2.623292212
MOBY,M2,500,HPG,BONCAT,A,0.572441651
MOBY,M2,500,HPG,BONCAT,A,0.475124468
MOBY,M2,500,HPG,BONCAT,A,0.261254396
MOBY,M2,500,HPG,BONCAT,A,1.627729201
MOBY,M2,500,HPG,BONCAT,A,2.806010914
MOBY,M2,500,HPG,BONCAT,A,2.747074952
MOBY,M2,500,HPG,BONCAT,A,5.685865179
MOBY,M2,500,HPG,BONCAT,A,5.215677415
MOBY,M2,500,HPG,BONCAT,A,7.519934578
MOBY,M2,500,HPG,BONCAT,A,5.653262042
MOBY,M2,500,HPG,BONCAT,A,4.539738097
MOBY,M2,500,HPG,BONCAT,A,4.593137454
MOBY,M2,500,HPG,BONCAT,A,6.935653662
MOBY,M2,500,HPG,BONCAT,A,2.775746811
MOBY,M2,500,HPG,BONCAT,A,3.583162946
MOBY,M2,500,HPG,BONCAT,A,0.705320088
MOBY,M2,500,HPG,BONCAT,A,3.348930224
MOBY,M2,500,HPG,BONCAT,A,0.507534934
MOBY,M2,500,HPG,BONCAT,A,7.302710921
MOBY,M2,500,HPG,BONCAT,A,3.604570224
MOBY,M2,500,HPG,BONCAT,A,4.921897027
MOBY,M2,500,HPG,BONCAT,A,13.42878467
MOBY,M2,500,HPG,BONCAT,A,7.014748741
MOBY,M2,500,HPG,BONCAT,A,4.288560783
MOBY,M2,500,HPG,BONCAT,A,7.541895167
MOBY,M2,500,HPG,BONCAT,A,4.434514766
MOBY,M2,500,HPG,BONCAT,A,0.45512646
MOBY,M2,500,HPG,BONCAT,A,9.832954129
MOBY,M2,500,HPG,BONCAT,A,7.890669366
MOBY,M2,500,HPG,BONCAT,A,3.751010915
MOBY,M2,500,HPG,BONCAT,A,3.777948364
MOBY,M2,500,HPG,BONCAT,A,5.755544464
MOBY,M2,500,HPG,BONCAT,A,0.754846266
MOBY,M2,500,HPG,BONCAT,A,4.305011176
MOBY,M2,500,HPG,BONCAT,A,2.766970994
MOBY,M2,500,HPG,BONCAT,A,7.677252906
MOBY,M2,500,HPG,BONCAT,A,1.675402237
MOBY,M2,500,HPG,BONCAT,A,2.250914373
MOBY,M2,500,HPG,BONCAT,A,0.835579799
MOBY,M2,500,HPG,BONCAT,A,0.367659023
MOBY,M2,500,HPG,BONCAT,A,4.309621733
MOBY,M2,500,HPG,BONCAT,A,0.316010092
MOBY,M2,500,HPG,BONCAT,A,6.191769396
MOBY,M2,500,HPG,BONCAT,A,1.116000114
MOBY,M2,500,HPG,BONCAT,A,2.060089138
MOBY,M2,500,HPG,BONCAT,A,4.625932788
MOBY,M2,500,HPG,BONCAT,A,0.341834557
MOBY,M2,500,HPG,BONCAT,A,1.555145411
MOBY,M2,500,HPG,BONCAT,A,6.774964987
MOBY,M2,500,HPG,BONCAT,A,12.55531715
MOBY,M2,500,HPG,BONCAT,A,9.015562371
MOBY,M2,500,HPG,BONCAT,A,2.223358556
MOBY,M2,500,HPG,BONCAT,A,0.391696582
MOBY,M2,500,HPG,BONCAT,A,1.240867469
MOBY,M2,500,HPG,BONCAT,A,2.987180679
MOBY,M2,500,HPG,BONCAT,A,0.527340159
MOBY,M2,500,HPG,BONCAT,A,6.153721004
MOBY,M2,500,HPG,BONCAT,A,3.33099776
MOBY,M2,500,HPG,BONCAT,A,1.900182346
MOBY,M2,500,HPG,BONCAT,A,2.492770351
MOBY,M2,500,HPG,BONCAT,A,3.846883364
MOBY,M2,500,HPG,BONCAT,A,2.854769367
MOBY,M2,500,HPG,BONCAT,A,0.890268651
MOBY,M2,500,HPG,BONCAT,A,2.008093067
MOBY,M2,500,HPG,BONCAT,A,3.136226208
MOBY,M2,500,HPG,BONCAT,A,0.500237767
MOBY,M2,500,HPG,BONCAT,A,5.599242741
MOBY,M2,500,HPG,BONCAT,A,1.578875064
MOBY,M2,500,HPG,BONCAT,A,0.848589994
MOBY,M2,500,HPG,BONCAT,A,2.20849037
MOBY,M2,500,HPG,BONCAT,A,3.138654568
MOBY,M2,500,HPG,BONCAT,A,0.859674932
MOBY,M2,500,HPG,BONCAT,A,2.458095896
MOBY,M2,500,HPG,BONCAT,A,4.028951038
MOBY,M2,500,HPG,BONCAT,A,6.972738733
MOBY,M2,500,HPG,BONCAT,A,2.180037753
MOBY,M2,500,HPG,BONCAT,A,7.871577405
MOBY,M2,500,HPG,BONCAT,A,2.014150667
MOBY,M2,500,HPG,BONCAT,A,2.294760972
MOBY,M2,500,HPG,BONCAT,A,1.521480559
MOBY,M2,500,HPG,BONCAT,A,1.446398185
MOBY,M2,500,HPG,BONCAT,A,0.552129739
MOBY,M2,500,HPG,BONCAT,A,2.479045835
MOBY,M2,500,HPG,BONCAT,A,3.998325992
MOBY,M2,500,HPG,BONCAT,A,4.967056078
MOBY,M2,500,HPG,BONCAT,A,1.62995808
MOBY,M2,500,HPG,BONCAT,A,1.79946377
MOBY,M2,500,HPG,BONCAT,A,7.359862572
MOBY,M2,500,HPG,BONCAT,A,2.711820935
MOBY,M2,500,HPG,BONCAT,A,2.370685283
MOBY,M2,500,HPG,BONCAT,A,9.741023729
MOBY,M2,500,HPG,BONCAT,A,3.132712545
MOBY,M2,500,HPG,BONCAT,A,2.530453574
MOBY,M2,500,HPG,BONCAT,A,2.018724205
MOBY,M2,500,HPG,BONCAT,A,1.090437859
MOBY,M2,500,HPG,BONCAT,A,0.682340509
MOBY,M2,500,HPG,BONCAT,A,1.623642216
MOBY,M2,500,HPG,BONCAT,A,4.007357176
MOBY,M2,500,HPG,BONCAT,A,2.693781982
MOBY,M2,500,HPG,BONCAT,A,5.142917985
MOBY,M2,500,HPG,BONCAT,A,11.70009899
MOBY,M2,500,HPG,BONCAT,A,2.232543768
MOBY,M2,500,HPG,BONCAT,A,0.60028718
MOBY,M2,500,HPG,BONCAT,A,0.810322979
MOBY,M2,500,HPG,BONCAT,A,1.656432379
MOBY,M2,500,HPG,BONCAT,A,0.919472378
MOBY,M2,500,HPG,BONCAT,A,2.670748518
MOBY,M2,500,HPG,BONCAT,A,5.141433301
MOBY,M2,500,HPG,BONCAT,A,0.7849282
MOBY,M2,500,HPG,BONCAT,A,5.480989013
MOBY,M2,500,HPG,BONCAT,A,0.762287141
MOBY,M2,500,HPG,BONCAT,A,0.254996742
MOBY,M2,500,HPG,BONCAT,A,3.520526392
MOBY,M2,500,HPG,BONCAT,A,0.785489765
MOBY,M2,500,HPG,BONCAT,A,1.899898016
MOBY,M2,500,HPG,BONCAT,A,1.41555628
MOBY,M2,500,HPG,BONCAT,A,2.505480155
MOBY,M2,500,HPG,BONCAT,A,4.320543725
MOBY,M2,500,HPG,BONCAT,A,0.84893321
MOBY,M2,500,HPG,BONCAT,A,10.10481066
MOBY,M2,500,HPG,BONCAT,A,3.322777723
MOBY,M2,500,HPG,BONCAT,A,1.539902236
MOBY,M2,500,HPG,BONCAT,A,3.420713227
MOBY,M2,500,HPG,BONCAT,A,9.01884457
MOBY,M2,500,HPG,BONCAT,A,4.510926793
MOBY,M2,500,HPG,BONCAT,A,11.39966167
MOBY,M2,500,HPG,BONCAT,A,2.099007671
MOBY,M2,500,HPG,BONCAT,A,2.93645192
MOBY,M2,500,HPG,BONCAT,A,4.285229689
MOBY,M2,500,HPG,BONCAT,A,0.973724715
MOBY,M2,500,HPG,BONCAT,A,0.974654213
MOBY,M2,500,HPG,BONCAT,A,7.236058101
MOBY,M2,500,HPG,BONCAT,A,5.437836945
MOBY,M2,500,HPG,BONCAT,A,6.155933206
MOBY,M2,500,HPG,BONCAT,A,1.878903777
MOBY,M2,500,HPG,BONCAT,A,2.426410028
MOBY,M2,500,HPG,BONCAT,A,1.607896122
MOBY,M2,500,HPG,BONCAT,A,0.948890637
MOBY,M2,500,HPG,BONCAT,A,1.298947934
MOBY,M2,500,HPG,BONCAT,A,8.47337504
MOBY,M2,500,HPG,BONCAT,A,3.294992162
MOBY,M2,500,HPG,BONCAT,A,18.63556736
MOBY,M2,500,HPG,BONCAT,A,0.974277311
MOBY,M2,500,HPG,BONCAT,A,1.629234476
MOBY,M2,500,HPG,BONCAT,A,1.8837749
MOBY,M2,500,HPG,BONCAT,A,5.62168839
MOBY,M2,500,HPG,BONCAT,A,1.835563876
MOBY,M2,500,HPG,BONCAT,A,3.82832874
MOBY,M2,500,HPG,BONCAT,A,2.971361559
MOBY,M2,500,HPG,BONCAT,A,2.07963242
MOBY,M2,500,HPG,BONCAT,A,3.197208879
MOBY,M2,500,HPG,BONCAT,A,8.643794858
MOBY,M2,500,HPG,BONCAT,A,2.983047695
MOBY,M2,500,HPG,BONCAT,A,1.136038817
MOBY,M2,500,HPG,BONCAT,A,10.53308682
MOBY,M2,500,HPG,BONCAT,A,3.714760477
MOBY,M2,500,HPG,BONCAT,A,1.779407484
MOBY,M2,500,HPG,BONCAT,A,0.74015518
MOBY,M2,500,HPG,BONCAT,A,5.613177382
MOBY,M2,500,HPG,BONCAT,A,4.01653177
MOBY,M2,500,HPG,BONCAT,A,2.547479523
MOBY,M2,500,HPG,BONCAT,A,9.6490553
MOBY,M2,500,HPG,BONCAT,A,3.209648036
MOBY,M2,500,HPG,BONCAT,A,3.346798506
MOBY,M2,500,HPG,BONCAT,A,1.492275112
MOBY,M2,500,HPG,BONCAT,A,12.31503031
MOBY,M2,500,HPG,BONCAT,A,0.41168257
MOBY,M2,500,HPG,BONCAT,A,1.352658397
MOBY,M2,500,HPG,BONCAT,A,6.103177106
MOBY,M2,500,HPG,BONCAT,A,6.630427725
MOBY,M2,500,HPG,BONCAT,A,1.382822257
MOBY,M2,500,HPG,BONCAT,A,3.837198396
MOBY,M2,500,HPG,BONCAT,A,1.050964349
MOBY,M2,500,HPG,BONCAT,A,3.454920474
MOBY,M2,500,HPG,BONCAT,A,1.339741469
MOBY,M2,500,HPG,BONCAT,A,0.268604271
MOBY,M2,500,HPG,BONCAT,A,2.306604399
MOBY,M2,500,HPG,BONCAT,A,10.39810462
MOBY,M2,500,HPG,BONCAT,A,0.407419133
MOBY,M2,500,HPG,BONCAT,A,3.050210833
MOBY,M2,500,HPG,BONCAT,A,11.51424099
MOBY,M2,500,HPG,BONCAT,A,0.898207971
MOBY,M2,500,HPG,BONCAT,A,1.057998805
MOBY,M2,500,HPG,BONCAT,A,3.278583504
MOBY,M2,500,HPG,BONCAT,A,5.246795149
MOBY,M2,500,HPG,BONCAT,A,1.114312933
MOBY,M2,500,HPG,BONCAT,A,1.947810891
MOBY,M2,500,HPG,BONCAT,A,4.677602305
MOBY,M2,500,HPG,BONCAT,A,0.748665037
MOBY,M2,500,HPG,BONCAT,A,1.976963734
MOBY,M2,500,HPG,BONCAT,A,3.434174979
MOBY,M2,500,HPG,BONCAT,A,3.426514351
MOBY,M2,500,HPG,BONCAT,A,3.193289927
MOBY,M2,500,HPG,BONCAT,A,5.561051442
MOBY,M2,500,HPG,BONCAT,A,0.315035657
MOBY,M2,500,HPG,BONCAT,A,3.777859785
MOBY,M2,500,HPG,BONCAT,A,0.440277223
MOBY,M2,500,HPG,BONCAT,A,1.171655726
MOBY,M2,500,HPG,BONCAT,A,2.789270391
MOBY,M2,500,HPG,BONCAT,A,3.361337907
MOBY,M2,500,HPG,BONCAT,A,2.269336083
MOBY,M2,500,HPG,BONCAT,A,1.345391477
MOBY,M2,500,HPG,BONCAT,A,1.191439034
MOBY,M2,500,HPG,BONCAT,A,1.878903777
MOBY,M2,500,HPG,BONCAT,A,4.117373007
MOBY,M2,500,HPG,BONCAT,A,3.034885793
MOBY,M2,500,HPG,BONCAT,A,0.943963129
MOBY,M2,500,HPG,BONCAT,A,1.865431498
MOBY,M2,500,HPG,BONCAT,A,5.94832308
MOBY,M2,500,HPG,BONCAT,A,2.569308108
MOBY,M2,500,HPG,BONCAT,A,2.570075048
MOBY,M2,500,HPG,BONCAT,A,0.659438664
MOBY,M2,500,HPG,BONCAT,A,2.106723759
MOBY,M2,500,HPG,BONCAT,A,0.518918909
MOBY,M2,500,HPG,BONCAT,A,1.706524457
MOBY,M2,500,HPG,BONCAT,A,6.700632403
MOBY,M2,500,HPG,BONCAT,A,5.304659135
MOBY,M2,500,HPG,BONCAT,A,1.252167295
MOBY,M2,500,HPG,BONCAT,A,9.461094189
MOBY,M2,500,HPG,BONCAT,A,2.772808485
MOBY,M2,500,HPG,BONCAT,A,1.898422938
MOBY,M2,500,HPG,BONCAT,A,4.839910259
MOBY,M2,500,HPG,BONCAT,A,3.88263371
MOBY,M2,500,HPG,BONCAT,A,1.898109311
MOBY,M2,500,HPG,BONCAT,A,0.434762699
MOBY,M2,500,HPG,BONCAT,A,1.372228539
MOBY,M2,500,HPG,BONCAT,A,0.747990442
MOBY,M2,500,HPG,BONCAT,A,1.2904724
MOBY,M2,500,HPG,BONCAT,A,0.494432836
MOBY,M2,500,HPG,BONCAT,A,1.922823628
MOBY,M2,500,HPG,BONCAT,A,4.971685775
MOBY,M2,500,HPG,BONCAT,A,2.602975359
MOBY,M2,500,HPG,BONCAT,A,2.388922377
MOBY,M2,500,HPG,BONCAT,A,3.51122832
MOBY,M2,500,HPG,BONCAT,A,3.088256167
MOBY,M2,500,HPG,BONCAT,A,6.469227366
MOBY,M2,500,HPG,BONCAT,A,1.674829393
MOBY,M2,500,HPG,BONCAT,A,1.69022186
MOBY,M2,500,HPG,BONCAT,A,10.26640808
MOBY,M2,500,HPG,BONCAT,A,3.273973127
MOBY,M2,500,HPG,BONCAT,A,1.852735614
MOBY,M2,500,HPG,BONCAT,A,0.850688775
MOBY,M2,500,HPG,BONCAT,A,1.117704237
MOBY,M2,500,HPG,BONCAT,A,0.802465874
MOBY,M2,500,HPG,BONCAT,A,1.890995123
MOBY,M2,500,HPG,BONCAT,A,1.768919125
MOBY,M2,500,HPG,BONCAT,A,2.999064909
MOBY,M2,500,HPG,BONCAT,A,2.191208535
MOBY,M2,500,HPG,BONCAT,A,5.688361179
MOBY,M2,500,HPG,BONCAT,A,2.90538945
MOBY,M2,500,HPG,BONCAT,A,3.031847416
MOBY,M2,500,HPG,BONCAT,A,2.972251919
MOBY,M2,500,HPG,BONCAT,A,0.915806146
MOBY,M2,500,HPG,BONCAT,A,7.0390884
MOBY,M2,500,HPG,BONCAT,A,4.771595813
MOBY,M2,500,HPG,BONCAT,A,5.041469973
MOBY,M2,500,HPG,BONCAT,A,4.281594254
MOBY,M2,500,HPG,BONCAT,A,16.30854409
MOBY,M2,500,HPG,BONCAT,A,1.662800764
MOBY,M2,500,HPG,BONCAT,A,5.300376665
MOBY,M2,500,HPG,BONCAT,A,1.492110094
MOBY,M2,500,HPG,BONCAT,A,1.830686939
MOBY,M2,500,HPG,BONCAT,A,4.488118877
MOBY,M2,500,HPG,BONCAT,A,5.032479049
MOBY,M2,500,HPG,BONCAT,A,2.231895437
MOBY,M2,500,HPG,BONCAT,A,2.406639856
MOBY,M2,500,HPG,BONCAT,A,1.305599994
MOBY,M2,500,HPG,BONCAT,A,2.697374919
MOBY,M2,500,HPG,BONCAT,A,1.707965478
MOBY,M2,500,HPG,BONCAT,A,2.180519435
MOBY,M2,500,HPG,BONCAT,A,2.595348005
MOBY,M2,500,HPG,BONCAT,A,0.47740535
MOBY,M2,500,HPG,BONCAT,A,2.515493898
MOBY,M2,500,HPG,BONCAT,A,1.103600713
MOBY,M2,500,HPG,BONCAT,A,4.396060718
MOBY,M2,500,HPG,BONCAT,A,2.555298452
MOBY,M2,500,HPG,BONCAT,A,0.963402836
MOBY,M2,500,HPG,BONCAT,A,2.046450042
MOBY,M2,500,HPG,BONCAT,A,4.60458455
MOBY,M2,500,HPG,BONCAT,A,3.668729706
MOBY,M2,500,HPG,BONCAT,A,0.915318675
MOBY,M2,500,HPG,BONCAT,A,1.523408471
MOBY,M2,500,HPG,BONCAT,A,0.730530327
MOBY,M2,500,HPG,BONCAT,A,3.241040069
MOBY,M2,500,HPG,BONCAT,A,1.919064877
MOBY,M2,500,HPG,BONCAT,A,1.775681603
MOBY,M2,500,HPG,BONCAT,A,1.610792917
MOBY,M2,500,HPG,BONCAT,A,0.842595583
MOBY,M2,500,HPG,BONCAT,A,3.044751945
MOBY,M2,500,HPG,BONCAT,A,5.632988803
MOBY,M2,500,HPG,BONCAT,A,4.438076625
MOBY,M2,500,HPG,BONCAT,A,9.561822165
MOBY,M2,500,HPG,BONCAT,A,9.183660432
MOBY,M2,500,HPG,BONCAT,A,6.503554011
MOBY,M2,500,HPG,BONCAT,A,2.702500147
MOBY,M2,500,HPG,BONCAT,A,1.305475383
MOBY,M2,500,HPG,BONCAT,A,1.260168306
MOBY,M2,500,HPG,BONCAT,A,1.486064345
MOBY,M2,500,HPG,BONCAT,A,7.698479824
MOBY,M2,500,HPG,BONCAT,A,2.088671753
MOBY,M2,500,HPG,BONCAT,A,1.613570296
MOBY,M2,500,HPG,BONCAT,A,2.644604427
MOBY,M2,500,HPG,BONCAT,A,1.455597784
MOBY,M2,500,HPG,BONCAT,A,2.194959784
MOBY,M2,500,HPG,BONCAT,A,1.270529726
MOBY,M2,500,HPG,BONCAT,A,1.600812879
MOBY,M2,500,HPG,BONCAT,A,3.348736002
MOBY,M2,500,HPG,BONCAT,A,4.014298341
MOBY,M2,500,HPG,BONCAT,A,0.553482346
MOBY,M2,500,HPG,BONCAT,A,1.138595793
MOBY,M2,500,HPG,BONCAT,A,9.321653911
MOBY,M2,500,HPG,BONCAT,A,3.308738636
MOBY,M2,500,HPG,BONCAT,A,1.674329121
MOBY,M2,500,HPG,BONCAT,A,1.402835495
MOBY,M2,500,HPG,BONCAT,A,1.501586661
MOBY,M2,500,HPG,BONCAT,A,2.260262786
MOBY,M2,500,HPG,BONCAT,A,6.618528705
MOBY,M2,500,HPG,BONCAT,A,2.157103423
MOBY,M2,500,HPG,BONCAT,A,1.966265574
MOBY,M2,500,HPG,BONCAT,A,1.557028994
MOBY,M2,500,HPG,BONCAT,A,0.368843758
MOBY,M2,500,HPG,BONCAT,A,0.523870843
MOBY,M2,500,HPG,BONCAT,A,5.248371325
MOBY,M2,500,HPG,BONCAT,A,1.79300109
MOBY,M2,500,HPG,BONCAT,A,10.00158949
MOBY,M2,500,HPG,BONCAT,A,2.624897527
MOBY,M2,500,HPG,BONCAT,A,2.265646122
MOBY,M2,500,HPG,BONCAT,A,0.720752667
MOBY,M2,500,HPG,BONCAT,A,5.551540774
MOBY,M2,500,HPG,BONCAT,A,3.670852143
MOBY,M2,500,HPG,BONCAT,A,1.940683553
MOBY,M2,500,HPG,BONCAT,A,4.033583686
MOBY,M2,500,HPG,BONCAT,A,0.874094651
MOBY,M2,500,HPG,BONCAT,A,2.309885519
MOBY,M2,500,HPG,BONCAT,A,1.376842813
MOBY,M2,500,HPG,BONCAT,A,6.284650668
MOBY,M2,500,HPG,BONCAT,A,2.456347649
MOBY,M2,500,HPG,BONCAT,A,1.300525355
MOBY,M2,500,HPG,BONCAT,A,3.818436342
MOBY,M2,500,HPG,BONCAT,A,0.93704825
MOBY,M2,500,HPG,BONCAT,A,4.100005813
MOBY,M2,500,HPG,BONCAT,A,5.391543388
MOBY,M2,500,HPG,BONCAT,A,2.397295876
MOBY,M2,500,HPG,BONCAT,A,1.468356238
MOBY,M2,500,HPG,BONCAT,A,1.247024387
MOBY,M2,500,HPG,BONCAT,A,10.95890968
MOBY,M2,500,HPG,BONCAT,A,0.964681007
MOBY,M2,500,HPG,BONCAT,A,3.479224115
MOBY,M2,500,HPG,BONCAT,A,4.510926793
MOBY,M2,500,HPG,BONCAT,A,6.713425774
MOBY,M2,500,HPG,BONCAT,A,2.81183808
MOBY,M2,500,HPG,BONCAT,A,3.503372262
MOBY,M2,500,HPG,BONCAT,A,4.481319683
MOBY,M2,500,HPG,BONCAT,A,5.680453131
MOBY,M2,500,HPG,BONCAT,A,5.900743117
MOBY,M2,500,HPG,BONCAT,A,8.815323998
MOBY,M2,500,HPG,BONCAT,A,4.598302906
MOBY,M2,500,HPG,BONCAT,A,1.300191983
MOBY,M2,500,HPG,BONCAT,A,1.728433882
MOBY,M2,500,HPG,BONCAT,A,0.379391978
MOBY,M2,500,HPG,BONCAT,A,1.757868554
MOBY,M2,500,HPG,BONCAT,A,0.655953259
MOBY,M2,500,HPG,BONCAT,A,0.754580159
MOBY,M2,500,HPG,BONCAT,A,2.869433812
MOBY,M2,500,HPG,BONCAT,A,3.04716735
MOBY,M2,500,HPG,BONCAT,A,3.080372909
MOBY,M2,500,HPG,BONCAT,A,4.563408306
MOBY,M2,500,HPG,BONCAT,A,1.479915227
MOBY,M2,500,HPG,BONCAT,A,3.965591175
MOBY,M2,500,HPG,BONCAT,A,4.569973353
MOBY,M2,500,HPG,BONCAT,A,0.775945641
MOBY,M2,500,HPG,BONCAT,A,7.186434386
MOBY,M2,500,HPG,BONCAT,A,1.642010836
MOBY,M2,500,HPG,BONCAT,A,4.6133201
MOBY,M2,500,HPG,BONCAT,A,1.573239256
MOBY,M2,500,HPG,BONCAT,A,3.355927299
MOBY,M2,500,HPG,BONCAT,A,1.402835495
MOBY,M2,500,HPG,BONCAT,A,1.786393841
MOBY,M2,500,HPG,BONCAT,A,8.329358745
MOBY,M2,500,HPG,BONCAT,A,2.486129178
MOBY,M2,500,HPG,BONCAT,A,4.119839288
MOBY,M2,500,HPG,BONCAT,A,10.06543945
MOBY,M2,500,HPG,BONCAT,A,2.832778297
MOBY,M2,500,HPG,BONCAT,A,2.494565503
MOBY,M2,500,HPG,BONCAT,A,5.166833028
MOBY,M2,500,HPG,BONCAT,A,0.577992615
MOBY,M2,500,HPG,BONCAT,A,2.000262801
MOBY,M2,500,HPG,BONCAT,A,16.98209902
MOBY,M2,500,HPG,BONCAT,A,5.733591142
MOBY,M2,500,HPG,BONCAT,A,5.371158184
MOBY,M2,500,HPG,BONCAT,A,2.612139851
MOBY,M2,500,HPG,BONCAT,A,10.60361901
MOBY,M2,500,HPG,BONCAT,A,1.4007152
MOBY,M2,500,HPG,BONCAT,A,2.888519621
MOBY,M2,500,HPG,BONCAT,A,0.428922181
MOBY,M2,500,HPG,BONCAT,A,2.713891682
MOBY,M2,500,HPG,BONCAT,A,1.966009243
MOBY,M2,500,HPG,BONCAT,A,1.252282037
MOBY,M2,500,HPG,BONCAT,A,2.105687352
MOBY,M2,500,HPG,BONCAT,A,0.693515011
MOBY,M2,500,HPG,BONCAT,A,5.516181766
MOBY,M2,500,HPG,BONCAT,A,4.926174029
MOBY,M2,500,HPG,BONCAT,A,2.234751868
MOBY,M2,500,HPG,BONCAT,A,1.137096582
MOBY,M2,500,HPG,BONCAT,A,9.815705304
MOBY,M2,500,HPG,BONCAT,A,0.533448596
MOBY,M2,500,HPG,BONCAT,A,4.652672349
MOBY,M2,500,HPG,BONCAT,A,1.581688123
MOBY,M2,500,HPG,BONCAT,A,0.626468235
MOBY,M2,500,HPG,BONCAT,A,0.932859389
MOBY,M2,500,HPG,BONCAT,A,2.664580493
MOBY,M2,500,HPG,BONCAT,A,2.2960746
MOBY,M2,500,HPG,BONCAT,A,4.188034106
MOBY,M2,500,HPG,BONCAT,A,2.016599233
MOBY,M2,500,HPG,BONCAT,A,2.088139985
MOBY,M2,500,HPG,BONCAT,A,4.493641629
MOBY,M2,500,HPG,BONCAT,A,1.331456825
MOBY,M2,500,HPG,BONCAT,A,4.524822469
MOBY,M2,500,HPG,BONCAT,A,5.929947916
MOBY,M2,500,HPG,BONCAT,A,2.177875362
MOBY,M2,500,HPG,BONCAT,A,1.092286385
MOBY,M2,500,HPG,BONCAT,A,1.470188005
MOBY,M2,500,HPG,BONCAT,A,0.91158259
MOBY,M2,500,HPG,BONCAT,A,5.534799604
MOBY,M2,500,HPG,BONCAT,A,5.009728483
MOBY,M2,500,HPG,BONCAT,A,6.756634041
MOBY,M2,500,HPG,BONCAT,A,7.871170166
MOBY,M2,500,HPG,BONCAT,A,0.397691861
MOBY,M2,500,HPG,BONCAT,A,2.826194999
MOBY,M2,500,HPG,BONCAT,A,0.986921098
MOBY,M2,500,HPG,BONCAT,A,4.322100329
MOBY,M2,500,HPG,BONCAT,A,2.70974109
MOBY,M2,500,HPG,BONCAT,A,0.391696582
MOBY,M2,500,HPG,BONCAT,A,6.410521917
MOBY,M2,500,HPG,BONCAT,A,1.060387629
MOBY,M2,500,HPG,BONCAT,A,5.34860021
MOBY,M2,500,HPG,BONCAT,A,4.399951563
MOBY,M2,500,HPG,BONCAT,A,2.045058664
MOBY,M2,500,HPG,BONCAT,A,2.69624785
MOBY,M2,500,HPG,BONCAT,A,6.033624248
MOBY,M2,500,HPG,BONCAT,A,4.683290307
MOBY,M2,500,HPG,BONCAT,A,4.676025949
MOBY,M2,500,HPG,BONCAT,A,7.938008239
MOBY,M2,500,HPG,BONCAT,A,0.942219707
MOBY,M2,500,HPG,BONCAT,A,1.521810743
MOBY,M2,500,HPG,BONCAT,A,0.963267057
MOBY,M2,500,HPG,BONCAT,A,1.721937551
MOBY,M2,500,HPG,BONCAT,A,0.758344192
MOBY,M2,500,HPG,BONCAT,A,3.11953771
MOBY,M2,500,HPG,BONCAT,A,0.409613814
MOBY,M2,500,HPG,BONCAT,A,0.76614892
MOBY,M2,500,HPG,BONCAT,A,2.716840523
MOBY,M2,500,HPG,BONCAT,A,0.498854039
MOBY,M2,500,HPG,BONCAT,A,6.793396746
MOBY,M2,500,HPG,BONCAT,A,4.552276489
MOBY,M2,500,HPG,BONCAT,A,0.428232623
MOBY,M2,500,HPG,BONCAT,A,4.828729835
MOBY,M2,500,HPG,BONCAT,A,2.32721259
MOBY,M2,500,HPG,BONCAT,A,0.531372914
MOBY,M2,500,HPG,BONCAT,A,3.126700789
MOBY,M2,500,HPG,BONCAT,A,3.509630384
MOBY,M2,500,HPG,BONCAT,A,1.662530955
MOBY,M2,500,HPG,BONCAT,A,7.886716638
MOBY,M2,500,HPG,BONCAT,A,2.6389051
MOBY,M2,500,HPG,BONCAT,A,2.019522925
MOBY,M2,500,HPG,BONCAT,A,1.227448938
MOBY,M2,500,HPG,BONCAT,A,1.127576703
MOBY,M2,500,HPG,BONCAT,A,5.032650558
MOBY,M2,500,HPG,BONCAT,A,5.972994208
MOBY,M2,500,HPG,BONCAT,A,1.640479039
MOBY,M2,500,HPG,BONCAT,A,3.777242115
MOBY,M2,500,HPG,BONCAT,A,6.608579856
MOBY,M2,500,HPG,BONCAT,A,0.56063901
MOBY,M2,500,HPG,BONCAT,A,1.109708043
MOBY,M2,500,HPG,BONCAT,A,2.06919411
MOBY,M2,500,HPG,BONCAT,A,2.929886334
MOBY,M2,500,HPG,BONCAT,A,1.917978905
MOBY,M2,500,HPG,BONCAT,A,4.749169628
MOBY,M2,500,HPG,BONCAT,A,5.741004739
MOBY,M2,500,HPG,BONCAT,A,1.377648005
MOBY,M2,500,HPG,BONCAT,A,7.991755076
MOBY,M2,500,HPG,BONCAT,A,1.451293568
MOBY,M2,500,HPG,BONCAT,A,3.418944181
MOBY,M2,500,HPG,BONCAT,A,3.054847474
MOBY,M2,500,HPG,BONCAT,A,4.473224513
MOBY,M2,500,HPG,BONCAT,A,0.39374735
MOBY,M2,500,HPG,BONCAT,A,3.407537488
MOBY,M2,500,HPG,BONCAT,A,8.967688932
MOBY,M2,500,HPG,BONCAT,A,1.566104989
MOBY,M2,500,HPG,BONCAT,A,10.96289472
MOBY,M2,500,HPG,BONCAT,A,2.911550099
MOBY,M2,500,HPG,BONCAT,A,1.730727726
MOBY,M2,500,HPG,BONCAT,A,4.420111363
MOBY,M2,500,HPG,BONCAT,A,7.759557867
MOBY,M2,500,HPG,BONCAT,A,1.474022832
MOBY,M2,500,HPG,BONCAT,A,0.528414412
MOBY,M2,500,HPG,BONCAT,A,1.513790181
MOBY,M2,500,HPG,BONCAT,A,6.587646522
MOBY,M2,500,HPG,BONCAT,A,1.305308425
MOBY,M2,500,HPG,BONCAT,A,4.041164006
MOBY,M2,400,HPG,BONCAT,A,2.700689912
MOBY,M2,400,HPG,BONCAT,A,1.636876154
MOBY,M2,400,HPG,BONCAT,A,0.867283279
MOBY,M2,400,HPG,BONCAT,A,8.563354249
MOBY,M2,400,HPG,BONCAT,A,6.751214094
MOBY,M2,400,HPG,BONCAT,A,7.626806958
MOBY,M2,400,HPG,BONCAT,A,5.120555715
MOBY,M2,400,HPG,BONCAT,A,4.889053988
MOBY,M2,400,HPG,BONCAT,A,7.442869356
MOBY,M2,400,HPG,BONCAT,A,0.567157933
MOBY,M2,400,HPG,BONCAT,A,6.761755274
MOBY,M2,400,HPG,BONCAT,A,6.050696779
MOBY,M2,400,HPG,BONCAT,A,10.2914503
MOBY,M2,400,HPG,BONCAT,A,0.502072066
MOBY,M2,400,HPG,BONCAT,A,1.842549157
MOBY,M2,400,HPG,BONCAT,A,1.205865925
MOBY,M2,400,HPG,BONCAT,A,8.646978391
MOBY,M2,400,HPG,BONCAT,A,1.270129069
MOBY,M2,400,HPG,BONCAT,A,0.654712075
MOBY,M2,400,HPG,BONCAT,A,0.556005951
MOBY,M2,400,HPG,BONCAT,A,5.149169101
MOBY,M2,400,HPG,BONCAT,A,9.575737448
MOBY,M2,400,HPG,BONCAT,A,0.390079802
MOBY,M2,400,HPG,BONCAT,A,1.252459794
MOBY,M2,400,HPG,BONCAT,A,3.419923472
MOBY,M2,400,HPG,BONCAT,A,2.964945336
MOBY,M2,400,HPG,BONCAT,A,2.760597637
MOBY,M2,400,HPG,BONCAT,A,3.000636751
MOBY,M2,400,HPG,BONCAT,A,27.8276602
MOBY,M2,400,HPG,BONCAT,A,1.187658436
MOBY,M2,400,HPG,BONCAT,A,0.443354165
MOBY,M2,400,HPG,BONCAT,A,9.166638398
MOBY,M2,400,HPG,BONCAT,A,12.79260408
MOBY,M2,400,HPG,BONCAT,A,14.40628588
MOBY,M2,400,HPG,BONCAT,A,6.599811477
MOBY,M2,400,HPG,BONCAT,A,1.574091796
MOBY,M2,400,HPG,BONCAT,A,4.605531494
MOBY,M2,400,HPG,BONCAT,A,4.875058461
MOBY,M2,400,HPG,BONCAT,A,3.478406942
MOBY,M2,400,HPG,BONCAT,A,2.886573526
MOBY,M2,400,HPG,BONCAT,A,1.708615637
MOBY,M2,400,HPG,BONCAT,A,1.562608168
MOBY,M2,400,HPG,BONCAT,A,4.893006947
MOBY,M2,400,HPG,BONCAT,A,6.196302295
MOBY,M2,400,HPG,BONCAT,A,1.364490654
MOBY,M2,400,HPG,BONCAT,A,11.30251811
MOBY,M2,400,HPG,BONCAT,A,7.94619083
MOBY,M2,400,HPG,BONCAT,A,4.117262744
MOBY,M2,400,HPG,BONCAT,A,2.861399529
MOBY,M2,400,HPG,BONCAT,A,2.760616503
MOBY,M2,400,HPG,BONCAT,A,6.599975738
MOBY,M2,400,HPG,BONCAT,A,0.42355972
MOBY,M2,400,HPG,BONCAT,A,12.71712684
MOBY,M2,400,HPG,BONCAT,A,10.96225354
MOBY,M2,400,HPG,BONCAT,A,1.117393123
MOBY,M2,400,HPG,BONCAT,A,0.892637654
MOBY,M2,400,HPG,BONCAT,A,2.406615912
MOBY,M2,400,HPG,BONCAT,A,5.064166851
MOBY,M2,400,HPG,BONCAT,A,5.254376227
MOBY,M2,400,HPG,BONCAT,A,0.695531498
MOBY,M2,400,HPG,BONCAT,A,4.075452769
MOBY,M2,400,HPG,BONCAT,A,8.404644149
MOBY,M2,400,HPG,BONCAT,A,2.979053998
MOBY,M2,400,HPG,BONCAT,A,0.587598543
MOBY,M2,400,HPG,BONCAT,A,2.39770396
MOBY,M2,400,HPG,BONCAT,A,1.919159482
MOBY,M2,400,HPG,BONCAT,A,4.774639434
MOBY,M2,400,HPG,BONCAT,A,2.132190714
MOBY,M2,400,HPG,BONCAT,A,2.947419745
MOBY,M2,400,HPG,BONCAT,A,0.557505909
MOBY,M2,400,HPG,BONCAT,A,1.877641572
MOBY,M2,400,HPG,BONCAT,A,7.855392148
MOBY,M2,400,HPG,BONCAT,A,5.747295375
MOBY,M2,400,HPG,BONCAT,A,6.116963239
MOBY,M2,400,HPG,BONCAT,A,0.646814946
MOBY,M2,400,HPG,BONCAT,A,5.853962027
MOBY,M2,400,HPG,BONCAT,A,2.971711654
MOBY,M2,400,HPG,BONCAT,A,0.955704463
MOBY,M2,400,HPG,BONCAT,A,1.620690733
MOBY,M2,400,HPG,BONCAT,A,1.248372131
MOBY,M2,400,HPG,BONCAT,A,9.332741089
MOBY,M2,400,HPG,BONCAT,A,2.052216205
MOBY,M2,400,HPG,BONCAT,A,0.76432036
MOBY,M2,400,HPG,BONCAT,A,3.872522545
MOBY,M2,400,HPG,BONCAT,A,8.285881831
MOBY,M2,400,HPG,BONCAT,A,0.516460437
MOBY,M2,400,HPG,BONCAT,A,6.064823993
MOBY,M2,400,HPG,BONCAT,A,3.23141645
MOBY,M2,400,HPG,BONCAT,A,8.216646806
MOBY,M2,400,HPG,BONCAT,A,1.52710879
MOBY,M2,400,HPG,BONCAT,A,3.081253463
MOBY,M2,400,HPG,BONCAT,A,1.462565647
MOBY,M2,400,HPG,BONCAT,A,1.806257577
MOBY,M2,400,HPG,BONCAT,A,8.460168315
MOBY,M2,400,HPG,BONCAT,A,6.689875678
MOBY,M2,400,HPG,BONCAT,A,1.196334917
MOBY,M2,400,HPG,BONCAT,A,4.113891261
MOBY,M2,400,HPG,BONCAT,A,1.230957075
MOBY,M2,400,HPG,BONCAT,A,9.754065436
MOBY,M2,400,HPG,BONCAT,A,6.029088389
MOBY,M2,400,HPG,BONCAT,A,9.435909288
MOBY,M2,400,HPG,BONCAT,A,1.044961882
MOBY,M2,400,HPG,BONCAT,A,2.266794715
MOBY,M2,400,HPG,BONCAT,A,0.994514781
MOBY,M2,400,HPG,BONCAT,A,7.371746963
MOBY,M2,400,HPG,BONCAT,A,0.594725749
MOBY,M2,400,HPG,BONCAT,A,2.197709588
MOBY,M2,400,HPG,BONCAT,A,2.876229225
MOBY,M2,400,HPG,BONCAT,A,1.818477374
MOBY,M2,400,HPG,BONCAT,A,2.941970409
MOBY,M2,400,HPG,BONCAT,A,14.32666886
MOBY,M2,400,HPG,BONCAT,A,7.962889078
MOBY,M2,400,HPG,BONCAT,A,5.458154378
MOBY,M2,400,HPG,BONCAT,A,1.73568439
MOBY,M2,400,HPG,BONCAT,A,1.848951204
MOBY,M2,400,HPG,BONCAT,A,2.754836548
MOBY,M2,400,HPG,BONCAT,A,2.234214578
MOBY,M2,400,HPG,BONCAT,A,2.209271787
MOBY,M2,400,HPG,BONCAT,A,1.480551362
MOBY,M2,400,HPG,BONCAT,A,3.564250324
MOBY,M2,400,HPG,BONCAT,A,8.184922395
MOBY,M2,400,HPG,BONCAT,A,8.710199647
MOBY,M2,400,HPG,BONCAT,A,10.09975884
MOBY,M2,400,HPG,BONCAT,A,6.525235659
MOBY,M2,400,HPG,BONCAT,A,0.453925166
MOBY,M2,400,HPG,BONCAT,A,1.663500861
MOBY,M2,400,HPG,BONCAT,A,10.71066118
MOBY,M2,400,HPG,BONCAT,A,1.164595387
MOBY,M2,400,HPG,BONCAT,A,2.170516118
MOBY,M2,400,HPG,BONCAT,A,1.564212188
MOBY,M2,400,HPG,BONCAT,A,3.354026122
MOBY,M2,400,HPG,BONCAT,A,4.387203277
MOBY,M2,400,HPG,BONCAT,A,5.122382963
MOBY,M2,400,HPG,BONCAT,A,1.779985
MOBY,M2,400,HPG,BONCAT,A,2.524853294
MOBY,M2,400,HPG,BONCAT,A,2.195696735
MOBY,M2,400,HPG,BONCAT,A,5.057411517
MOBY,M2,400,HPG,BONCAT,A,9.393410721
MOBY,M2,400,HPG,BONCAT,A,1.768490502
MOBY,M2,400,HPG,BONCAT,A,6.775055564
MOBY,M2,400,HPG,BONCAT,A,4.613851041
MOBY,M2,400,HPG,BONCAT,A,9.502707899
MOBY,M2,400,HPG,BONCAT,A,4.985797473
MOBY,M2,400,HPG,BONCAT,A,7.50653602
MOBY,M2,400,HPG,BONCAT,A,8.02598284
MOBY,M2,400,HPG,BONCAT,A,3.405247883
MOBY,M2,400,HPG,BONCAT,A,9.969604484
MOBY,M2,400,HPG,BONCAT,A,2.44635072
MOBY,M2,400,HPG,BONCAT,A,7.715480852
MOBY,M2,400,HPG,BONCAT,A,1.983404284
MOBY,M2,400,HPG,BONCAT,A,4.749533514
MOBY,M2,400,HPG,BONCAT,A,6.592796796
MOBY,M2,400,HPG,BONCAT,A,9.440262083
MOBY,M2,400,HPG,BONCAT,A,2.347684467
MOBY,M2,400,HPG,BONCAT,A,0.422915852
MOBY,M2,400,HPG,BONCAT,A,7.694786505
MOBY,M2,400,HPG,BONCAT,A,7.772931334
MOBY,M2,400,HPG,BONCAT,A,1.595418829
MOBY,M2,400,HPG,BONCAT,A,10.00353732
MOBY,M2,400,HPG,BONCAT,A,8.35046212
MOBY,M2,400,HPG,BONCAT,A,7.520469751
MOBY,M2,400,HPG,BONCAT,A,0.567157933
MOBY,M2,400,HPG,BONCAT,A,7.926988962
MOBY,M2,400,HPG,BONCAT,A,2.821350951
MOBY,M2,400,HPG,BONCAT,A,3.041481572
MOBY,M2,400,HPG,BONCAT,A,1.293336419
MOBY,M2,400,HPG,BONCAT,A,0.624510982
MOBY,M2,400,HPG,BONCAT,A,1.569990487
MOBY,M2,400,HPG,BONCAT,A,7.630264869
MOBY,M2,400,HPG,BONCAT,A,7.042036315
MOBY,M2,400,HPG,BONCAT,A,4.502282086
MOBY,M2,400,HPG,BONCAT,A,6.005292282
MOBY,M2,400,HPG,BONCAT,A,0.939421748
MOBY,M2,400,HPG,BONCAT,A,0.744897884
MOBY,M2,400,HPG,BONCAT,A,8.861933386
MOBY,M2,400,HPG,BONCAT,A,2.66355297
MOBY,M2,400,HPG,BONCAT,A,0.889403508
MOBY,M2,400,HPG,BONCAT,A,3.084974368
MOBY,M2,400,HPG,BONCAT,A,1.28569846
MOBY,M2,400,HPG,BONCAT,A,4.278947132
MOBY,M2,400,HPG,BONCAT,A,0.723651007
MOBY,M2,400,HPG,BONCAT,A,1.832260033
MOBY,M2,400,HPG,BONCAT,A,0.734162123
MOBY,M2,400,HPG,BONCAT,A,5.413368313
MOBY,M2,400,HPG,BONCAT,A,2.508660272
MOBY,M2,400,HPG,BONCAT,A,1.398554676
MOBY,M2,400,HPG,BONCAT,A,4.382401636
MOBY,M2,400,HPG,BONCAT,A,3.961162694
MOBY,M2,400,HPG,BONCAT,A,1.307364438
MOBY,M2,400,HPG,BONCAT,A,4.559496323
MOBY,M2,400,HPG,BONCAT,A,4.811363246
MOBY,M2,400,HPG,BONCAT,A,5.467600233
MOBY,M2,400,HPG,BONCAT,A,44.33625212
MOBY,M2,400,HPG,BONCAT,A,5.765276059
MOBY,M2,400,HPG,BONCAT,A,1.45075335
MOBY,M2,400,HPG,BONCAT,A,2.806325953
MOBY,M2,400,HPG,BONCAT,A,5.568996441
MOBY,M2,400,HPG,BONCAT,A,12.73757413
MOBY,M2,400,HPG,BONCAT,A,3.913066582
MOBY,M2,400,HPG,BONCAT,A,6.759658324
MOBY,M2,400,HPG,BONCAT,A,1.588890551
MOBY,M2,400,HPG,BONCAT,A,3.119262335
MOBY,M2,400,HPG,BONCAT,A,4.888562681
MOBY,M2,400,HPG,BONCAT,A,6.452433635
MOBY,M2,400,HPG,BONCAT,A,14.37789067
MOBY,M2,400,HPG,BONCAT,A,4.009053618
MOBY,M2,400,HPG,BONCAT,A,1.847865395
MOBY,M2,400,HPG,BONCAT,A,1.080019495
MOBY,M2,400,HPG,BONCAT,A,0.86266324
MOBY,M2,400,HPG,BONCAT,A,1.660219851
MOBY,M2,400,HPG,BONCAT,A,1.245803733
MOBY,M2,400,HPG,BONCAT,A,2.20229273
MOBY,M2,400,HPG,BONCAT,A,4.779383932
MOBY,M2,400,HPG,BONCAT,A,4.9569927
MOBY,M2,400,HPG,BONCAT,A,1.439752935
MOBY,M2,400,HPG,BONCAT,A,4.047284163
MOBY,M2,400,HPG,BONCAT,A,6.422032242
MOBY,M2,400,HPG,BONCAT,A,1.659612525
MOBY,M2,400,HPG,BONCAT,A,0.686920785
MOBY,M2,400,HPG,BONCAT,A,5.325041347
MOBY,M2,400,HPG,BONCAT,A,12.24292969
MOBY,M2,400,HPG,BONCAT,A,1.487280283
MOBY,M2,400,HPG,BONCAT,A,4.202679902
MOBY,M2,400,HPG,BONCAT,A,1.700148977
MOBY,M2,400,HPG,BONCAT,A,4.232490533
MOBY,M2,400,HPG,BONCAT,A,8.646383772
MOBY,M2,400,HPG,BONCAT,A,7.518448978
MOBY,M2,400,HPG,BONCAT,A,2.798604513
MOBY,M2,400,HPG,BONCAT,A,4.582813524
MOBY,M2,400,HPG,BONCAT,A,0.707883157
MOBY,M2,400,HPG,BONCAT,A,5.253599948
MOBY,M2,400,HPG,BONCAT,A,2.377191164
MOBY,M2,400,HPG,BONCAT,A,1.84591532
MOBY,M2,400,HPG,BONCAT,A,5.599667871
MOBY,M2,400,HPG,BONCAT,A,7.404384622
MOBY,M2,400,HPG,BONCAT,A,0.366721699
MOBY,M2,400,HPG,BONCAT,A,0.96987654
MOBY,M2,400,HPG,BONCAT,A,5.885746726
MOBY,M2,400,HPG,BONCAT,A,12.23264702
MOBY,M2,400,HPG,BONCAT,A,4.563492338
MOBY,M2,400,HPG,BONCAT,A,7.14119131
MOBY,M2,400,HPG,BONCAT,A,3.397143821
MOBY,M2,400,HPG,BONCAT,A,0.925328376
MOBY,M2,400,HPG,BONCAT,A,3.038810236
MOBY,M2,400,HPG,BONCAT,A,2.164364894
MOBY,M2,400,HPG,BONCAT,A,4.005509803
MOBY,M2,400,HPG,BONCAT,A,4.855538048
MOBY,M2,400,HPG,BONCAT,A,5.672962679
MOBY,M2,400,HPG,BONCAT,A,6.836479715
MOBY,M2,400,HPG,BONCAT,A,0.900019436
MOBY,M2,400,HPG,BONCAT,A,1.257018108
MOBY,M2,400,HPG,BONCAT,A,1.393864299
MOBY,M2,400,HPG,BONCAT,A,6.961692365
MOBY,M2,400,HPG,BONCAT,A,5.541140971
MOBY,M2,400,HPG,BONCAT,A,8.566558264
MOBY,M2,400,HPG,BONCAT,A,0.645802254
MOBY,M2,400,HPG,BONCAT,A,7.524759868
MOBY,M2,400,HPG,BONCAT,A,1.214035766
MOBY,M2,400,HPG,BONCAT,A,4.225000678
MOBY,M2,400,HPG,BONCAT,A,3.024734004
MOBY,M2,400,HPG,BONCAT,A,2.161245299
MOBY,M2,400,HPG,BONCAT,A,15.45805746
MOBY,M2,400,HPG,BONCAT,A,3.304520458
MOBY,M2,400,HPG,BONCAT,A,0.547903994
MOBY,M2,400,HPG,BONCAT,A,9.950019047
MOBY,M2,400,HPG,BONCAT,A,2.965102177
MOBY,M2,400,HPG,BONCAT,A,7.831148536
MOBY,M2,400,HPG,BONCAT,A,5.652958664
MOBY,M2,400,HPG,BONCAT,A,0.664316573
MOBY,M2,400,HPG,BONCAT,A,5.522016202
MOBY,M2,400,HPG,BONCAT,A,1.063680031
MOBY,M2,400,HPG,BONCAT,A,5.619564726
MOBY,M2,400,HPG,BONCAT,A,7.177960526
MOBY,M2,400,HPG,BONCAT,A,1.733017976
MOBY,M2,400,HPG,BONCAT,A,6.82137465
MOBY,M2,400,HPG,BONCAT,A,1.983644094
MOBY,M2,400,HPG,BONCAT,A,1.474019214
MOBY,M2,400,HPG,BONCAT,A,0.70632712
MOBY,M2,400,HPG,BONCAT,A,13.43828354
MOBY,M2,400,HPG,BONCAT,A,0.80947006
MOBY,M2,400,HPG,BONCAT,A,6.562324216
MOBY,M2,400,HPG,BONCAT,A,1.567029531
MOBY,M2,400,HPG,BONCAT,A,1.852799631
MOBY,M2,400,HPG,BONCAT,A,1.9627769
MOBY,M2,400,HPG,BONCAT,A,3.837517187
MOBY,M2,400,HPG,BONCAT,A,2.770527722
MOBY,M2,400,HPG,BONCAT,A,0.979152389
MOBY,M2,400,HPG,BONCAT,A,11.98692672
MOBY,M2,400,HPG,BONCAT,A,4.234111889
MOBY,M2,400,HPG,BONCAT,A,11.94494111
MOBY,M2,400,HPG,BONCAT,A,4.691951849
MOBY,M2,400,HPG,BONCAT,A,1.992099183
MOBY,M2,400,HPG,BONCAT,A,1.131570768
MOBY,M2,400,HPG,BONCAT,A,9.851359937
MOBY,M2,400,HPG,BONCAT,A,3.621322645
MOBY,M2,400,HPG,BONCAT,A,4.248292933
MOBY,M2,400,HPG,BONCAT,A,10.4961583
MOBY,M2,400,HPG,BONCAT,A,6.857687976
MOBY,M2,400,HPG,BONCAT,A,7.884286011
MOBY,M2,400,HPG,BONCAT,A,0.979041469
MOBY,M2,400,HPG,BONCAT,A,0.879700957
MOBY,M2,400,HPG,BONCAT,A,1.1723924
MOBY,M2,400,HPG,BONCAT,A,6.487339422
MOBY,M2,400,HPG,BONCAT,A,2.912643296
MOBY,M2,400,HPG,BONCAT,A,5.250099819
MOBY,M2,400,HPG,BONCAT,A,8.724142769
MOBY,M2,400,HPG,BONCAT,A,5.955006235
MOBY,M2,400,HPG,BONCAT,A,8.036168834
MOBY,M2,400,HPG,BONCAT,A,6.135534517
MOBY,M2,400,HPG,BONCAT,A,2.250520243
MOBY,M2,400,HPG,BONCAT,A,2.891917673
MOBY,M2,400,HPG,BONCAT,A,3.372557399
MOBY,M2,400,HPG,BONCAT,A,2.045324825
MOBY,M2,400,HPG,BONCAT,A,2.816943461
MOBY,M2,400,HPG,BONCAT,A,2.67849463
MOBY,M2,400,HPG,BONCAT,A,4.471273917
MOBY,M2,400,HPG,BONCAT,A,1.978922802
MOBY,M2,400,HPG,BONCAT,A,1.579013593
MOBY,M2,400,HPG,BONCAT,A,0.429204564
MOBY,M2,400,HPG,BONCAT,A,0.504447849
MOBY,M2,400,HPG,BONCAT,A,7.840139046
MOBY,M2,400,HPG,BONCAT,A,3.029193748
MOBY,M2,400,HPG,BONCAT,A,1.307193561
MOBY,M2,400,HPG,BONCAT,A,1.633971398
MOBY,M2,400,HPG,BONCAT,A,1.246445857
MOBY,M2,400,HPG,BONCAT,A,2.869431538
MOBY,M2,400,HPG,BONCAT,A,9.353466921
MOBY,M2,400,HPG,BONCAT,A,0.729630225
MOBY,M2,400,HPG,BONCAT,A,15.38453625
MOBY,M2,400,HPG,BONCAT,A,15.09816674
MOBY,M2,400,HPG,BONCAT,A,4.023318512
MOBY,M2,400,HPG,BONCAT,A,1.861551836
MOBY,M2,400,HPG,BONCAT,A,17.92353035
MOBY,M2,400,HPG,BONCAT,A,1.102970035
MOBY,M2,400,HPG,BONCAT,A,1.188692259
MOBY,M2,400,HPG,BONCAT,A,3.09659392
MOBY,M2,400,HPG,BONCAT,A,6.586824407
MOBY,M2,400,HPG,BONCAT,A,3.450041075
MOBY,M2,400,HPG,BONCAT,A,4.594130815
MOBY,M2,400,HPG,BONCAT,A,6.885564493
MOBY,M2,400,HPG,BONCAT,A,2.553109003
MOBY,M2,400,HPG,BONCAT,A,3.389615529
MOBY,M2,400,HPG,BONCAT,A,0.418109503
MOBY,M2,400,HPG,BONCAT,A,7.127279381
MOBY,M2,400,HPG,BONCAT,A,5.562659013
MOBY,M2,400,HPG,BONCAT,A,0.649909738
MOBY,M2,400,HPG,BONCAT,A,0.906999906
MOBY,M2,400,HPG,BONCAT,A,0.415841052
MOBY,M2,400,HPG,BONCAT,A,7.206354101
MOBY,M2,400,HPG,BONCAT,A,5.615364621
MOBY,M2,400,HPG,BONCAT,A,1.210606896
MOBY,M2,400,HPG,BONCAT,A,2.441862215
MOBY,M2,400,HPG,BONCAT,A,6.482089438
MOBY,M2,400,HPG,BONCAT,A,1.895719521
MOBY,M2,400,HPG,BONCAT,A,7.684333869
MOBY,M2,400,HPG,BONCAT,A,3.425634879
MOBY,M2,400,HPG,BONCAT,A,1.716709578
MOBY,M2,400,HPG,BONCAT,A,9.329133213
MOBY,M2,400,HPG,BONCAT,A,6.152391869
MOBY,M2,400,HPG,BONCAT,A,7.987730243
MOBY,M2,400,HPG,BONCAT,A,0.352706903
MOBY,M2,400,HPG,BONCAT,A,3.151662712
MOBY,M2,400,HPG,BONCAT,A,0.560266998
MOBY,M2,400,HPG,BONCAT,A,0.55386397
MOBY,M2,400,HPG,BONCAT,A,2.428440428
MOBY,M2,400,HPG,BONCAT,A,1.462535587
MOBY,M2,400,HPG,BONCAT,A,5.848450432
MOBY,M2,400,HPG,BONCAT,A,2.109894423
MOBY,M2,400,HPG,BONCAT,A,5.617857508
MOBY,M2,400,HPG,BONCAT,A,4.360320083
MOBY,M2,400,HPG,BONCAT,A,1.583062165
MOBY,M2,400,HPG,BONCAT,A,6.468239808
MOBY,M2,400,HPG,BONCAT,A,3.771865889
MOBY,M2,400,HPG,BONCAT,A,2.156752933
MOBY,M2,400,HPG,BONCAT,A,4.893635776
MOBY,M2,400,HPG,BONCAT,A,3.14270059
MOBY,M2,400,HPG,BONCAT,A,2.0530547
MOBY,M2,400,HPG,BONCAT,A,2.194685435
MOBY,M2,400,HPG,BONCAT,A,6.793878055
MOBY,M2,400,HPG,BONCAT,A,1.207495506
MOBY,M2,400,HPG,BONCAT,A,0.501042612
MOBY,M2,400,HPG,BONCAT,A,1.192599204
MOBY,M2,400,HPG,BONCAT,A,0.87646297
MOBY,M2,400,HPG,BONCAT,A,4.751970558
MOBY,M2,400,HPG,BONCAT,A,8.139580826
MOBY,M2,400,HPG,BONCAT,A,0.373729152
MOBY,M2,400,HPG,BONCAT,A,4.977974441
MOBY,M2,400,HPG,BONCAT,A,2.579769048
MOBY,M2,400,HPG,BONCAT,A,1.805159581
MOBY,M2,400,HPG,BONCAT,A,0.687041738
MOBY,M2,400,HPG,BONCAT,A,1.823277191
MOBY,M2,400,HPG,BONCAT,A,4.179813099
MOBY,M2,400,HPG,BONCAT,A,9.375294829
MOBY,M2,400,HPG,BONCAT,A,2.764737705
MOBY,M2,400,HPG,BONCAT,A,5.541949322
MOBY,M2,400,HPG,BONCAT,A,10.12167253
MOBY,M2,400,HPG,BONCAT,A,1.27387424
MOBY,M2,400,HPG,BONCAT,A,3.49249885
MOBY,M2,400,HPG,BONCAT,A,12.61238005
MOBY,M2,400,HPG,BONCAT,A,0.383611405
MOBY,M2,400,HPG,BONCAT,A,2.810914566
MOBY,M2,400,HPG,BONCAT,A,3.14104603
MOBY,M2,400,HPG,BONCAT,A,1.59168128
MOBY,M2,400,HPG,BONCAT,A,4.26981957
MOBY,M2,400,HPG,BONCAT,A,6.311325764
MOBY,M2,400,HPG,BONCAT,A,7.243312314
MOBY,M2,400,HPG,BONCAT,A,6.498059746
MOBY,M2,400,HPG,BONCAT,A,3.832875363
MOBY,M2,400,HPG,BONCAT,A,8.295206942
MOBY,M2,400,HPG,BONCAT,A,1.77386582
MOBY,M2,400,HPG,BONCAT,A,4.009075251
MOBY,M2,400,HPG,BONCAT,A,2.436138549
MOBY,M2,400,HPG,BONCAT,A,2.728819947
MOBY,M2,400,HPG,BONCAT,A,1.110746215
MOBY,M2,400,HPG,BONCAT,A,8.56620031
MOBY,M2,400,HPG,BONCAT,A,3.732302431
MOBY,M2,400,HPG,BONCAT,A,6.661364631
MOBY,M2,400,HPG,BONCAT,A,1.369366942
MOBY,M2,400,HPG,BONCAT,A,2.33368359
MOBY,M2,400,HPG,BONCAT,A,1.925168074
MOBY,M2,400,HPG,BONCAT,A,11.34403799
MOBY,M2,400,HPG,BONCAT,A,14.18938025
MOBY,M2,400,HPG,BONCAT,A,6.545004223
MOBY,M2,400,HPG,BONCAT,A,9.135021524
MOBY,M2,400,HPG,BONCAT,A,2.1051106
MOBY,M2,400,HPG,BONCAT,A,6.125805922
MOBY,M2,400,HPG,BONCAT,A,0.785418149
MOBY,M2,400,HPG,BONCAT,A,7.346156351
MOBY,M2,400,HPG,BONCAT,A,1.828338073
MOBY,M2,400,HPG,BONCAT,A,1.357809019
MOBY,M2,400,HPG,BONCAT,A,5.771395772
MOBY,M2,400,HPG,BONCAT,A,1.352072985
MOBY,M2,400,HPG,BONCAT,A,6.383889613
MOBY,M2,400,HPG,BONCAT,A,15.62401546
MOBY,M2,400,HPG,BONCAT,A,2.423694736
MOBY,M2,400,HPG,BONCAT,A,11.97093147
MOBY,M2,400,HPG,BONCAT,A,7.123447669
MOBY,M2,400,HPG,BONCAT,A,1.607569492
MOBY,M2,400,HPG,BONCAT,A,4.982088474
MOBY,M2,400,HPG,BONCAT,A,2.937012598
MOBY,M2,400,HPG,BONCAT,A,5.614863536
MOBY,M2,400,HPG,BONCAT,A,4.530307939
MOBY,M2,400,HPG,BONCAT,A,2.133033053
MOBY,M2,400,HPG,BONCAT,A,8.226934384
MOBY,M2,400,HPG,BONCAT,A,22.89524748
MOBY,M2,400,HPG,BONCAT,A,4.671022262
MOBY,M2,400,HPG,BONCAT,A,10.63442602
MOBY,M2,400,HPG,BONCAT,A,6.233545177
MOBY,M2,400,HPG,BONCAT,A,4.033504128
MOBY,M2,400,HPG,BONCAT,A,3.387891039
MOBY,M2,400,HPG,BONCAT,A,2.36103785
MOBY,M2,400,HPG,BONCAT,A,0.521077973
MOBY,M2,400,HPG,BONCAT,A,0.397865818
MOBY,M2,400,HPG,BONCAT,A,4.053022528
MOBY,M2,400,HPG,BONCAT,A,0.858678611
MOBY,M2,400,HPG,BONCAT,A,3.109926341
MOBY,M2,400,HPG,BONCAT,A,0.974275104
MOBY,M2,400,HPG,BONCAT,A,6.652156322
MOBY,M2,400,HPG,BONCAT,A,6.043612546
MOBY,M2,400,HPG,BONCAT,A,2.223508696
MOBY,M2,400,HPG,BONCAT,A,3.391197518
MOBY,M2,400,HPG,BONCAT,A,1.128241453
MOBY,M2,400,HPG,BONCAT,A,0.9896755
MOBY,M2,400,HPG,BONCAT,A,12.55740388
MOBY,M2,400,HPG,BONCAT,A,2.0431574
MOBY,M2,400,HPG,BONCAT,A,4.1790172
MOBY,M2,400,HPG,BONCAT,A,1.478668111
MOBY,M2,400,HPG,BONCAT,A,2.871544931
MOBY,M2,400,HPG,BONCAT,A,2.87092063
MOBY,M2,400,HPG,BONCAT,A,9.137435005
MOBY,M2,400,HPG,BONCAT,A,9.299578952
MOBY,M2,400,HPG,BONCAT,A,2.560708425
MOBY,M2,400,HPG,BONCAT,A,12.20613742
MOBY,M2,400,HPG,BONCAT,A,2.878530117
MOBY,M2,400,HPG,BONCAT,A,0.77458957
MOBY,M2,400,HPG,BONCAT,A,2.416339341
MOBY,M2,400,HPG,BONCAT,A,11.17963853
MOBY,M2,400,HPG,BONCAT,A,10.18588376
MOBY,M2,400,HPG,BONCAT,A,3.830924102
MOBY,M2,400,HPG,BONCAT,A,3.211482282
MOBY,M2,400,HPG,BONCAT,A,6.391646865
MOBY,M2,400,HPG,BONCAT,A,4.363322649
MOBY,M2,400,HPG,BONCAT,A,8.796224987
MOBY,M2,400,HPG,BONCAT,A,4.035052912
MOBY,M2,400,HPG,BONCAT,A,2.386160846
MOBY,M2,400,HPG,BONCAT,A,1.890823542
MOBY,M2,400,HPG,BONCAT,A,0.614952141
MOBY,M2,400,HPG,BONCAT,A,1.875982484
MOBY,M2,400,HPG,BONCAT,A,4.759533488
MOBY,M2,400,HPG,BONCAT,A,7.358431832
MOBY,M2,400,HPG,BONCAT,A,7.290377534
MOBY,M2,400,HPG,BONCAT,A,11.89471292
MOBY,M2,400,HPG,BONCAT,A,9.641444674
MOBY,M2,400,HPG,BONCAT,A,3.947141252
MOBY,M2,400,HPG,BONCAT,A,13.69902845
MOBY,M2,400,HPG,BONCAT,A,1.445488969
MOBY,M2,400,HPG,BONCAT,A,1.876648262
MOBY,M2,400,HPG,BONCAT,A,2.752928427
MOBY,M2,400,HPG,BONCAT,A,6.940756783
MOBY,M2,400,HPG,BONCAT,A,21.40264975
MOBY,M2,400,HPG,BONCAT,A,1.791944122
MOBY,M2,400,HPG,BONCAT,A,2.920397822
MOBY,M2,400,HPG,BONCAT,A,6.59816396
MOBY,M2,400,HPG,BONCAT,A,3.468303033
MOBY,M2,400,HPG,BONCAT,A,1.013991851
MOBY,M2,400,HPG,BONCAT,A,1.14180804
MOBY,M2,400,HPG,BONCAT,A,1.531437918
MOBY,M2,400,HPG,BONCAT,A,17.55784047
MOBY,M2,400,HPG,BONCAT,A,2.68306885
MOBY,M2,400,HPG,BONCAT,A,4.533625989
MOBY,M2,400,HPG,BONCAT,A,2.093456095
MOBY,M2,400,HPG,BONCAT,A,6.843415158
MOBY,M2,400,HPG,BONCAT,A,1.691110002
MOBY,M2,400,HPG,BONCAT,A,0.98319118
MOBY,M2,400,HPG,BONCAT,A,2.615924289
MOBY,M2,400,HPG,BONCAT,A,0.865955581
MOBY,M2,400,HPG,BONCAT,A,0.407987633
MOBY,M2,400,HPG,BONCAT,A,4.764830973
MOBY,M2,400,HPG,BONCAT,A,2.532660293
MOBY,M2,400,HPG,BONCAT,A,4.434201459
MOBY,M2,400,HPG,BONCAT,A,1.813819698
MOBY,M2,400,HPG,BONCAT,A,4.008882439
MOBY,M2,400,HPG,BONCAT,A,8.751898584
MOBY,M2,400,HPG,BONCAT,A,31.78856962
MOBY,M2,400,HPG,BONCAT,A,2.523543556
MOBY,M2,400,HPG,BONCAT,A,0.973937999
MOBY,M2,400,HPG,BONCAT,A,8.458835612
MOBY,M2,400,HPG,BONCAT,A,8.566558264
MOBY,M2,400,HPG,BONCAT,A,6.747787501
MOBY,M2,400,HPG,BONCAT,A,4.865408433
MOBY,M2,400,HPG,BONCAT,A,10.61274447
MOBY,M2,400,HPG,BONCAT,A,1.832747902
MOBY,M2,400,HPG,BONCAT,A,3.462929329
MOBY,M2,400,HPG,BONCAT,A,10.75952074
MOBY,M2,400,HPG,BONCAT,A,4.110541474
MOBY,M2,400,HPG,BONCAT,A,10.59604438
MOBY,M2,400,HPG,BONCAT,A,1.165740725
MOBY,M2,400,HPG,BONCAT,A,9.438795136
MOBY,M2,400,HPG,BONCAT,A,5.279934305
MOBY,M2,400,HPG,BONCAT,A,1.610183466
MOBY,M2,400,HPG,BONCAT,A,8.570188066
MOBY,M2,400,HPG,BONCAT,A,22.92482002
MOBY,M2,400,HPG,BONCAT,A,3.621904812
MOBY,M2,400,HPG,BONCAT,A,1.197685116
MOBY,M2,400,HPG,BONCAT,A,1.479104958
MOBY,M2,400,HPG,BONCAT,A,13.88976226
MOBY,M2,400,HPG,BONCAT,A,2.269006434
MOBY,M2,400,HPG,BONCAT,A,3.449505026
MOBY,M2,400,HPG,BONCAT,A,13.36773648
MOBY,M2,400,HPG,BONCAT,A,6.019250077
MOBY,M2,400,HPG,BONCAT,A,0.765126573
MOBY,M2,400,HPG,BONCAT,A,0.650710128
MOBY,M2,400,HPG,BONCAT,A,7.297972788
MOBY,M2,400,HPG,BONCAT,A,2.014334138
MOBY,M2,400,HPG,BONCAT,A,4.004929774
MOBY,M2,400,HPG,BONCAT,A,0.697401971
MOBY,M2,400,HPG,BONCAT,A,1.397163047
MOBY,M2,400,HPG,BONCAT,A,4.736278126
MOBY,M2,400,HPG,BONCAT,A,7.595720767
MOBY,M2,400,HPG,BONCAT,A,2.417560441
MOBY,M2,400,HPG,BONCAT,A,9.645899597
MOBY,M2,400,HPG,BONCAT,A,6.717748422
MOBY,M2,400,HPG,BONCAT,A,1.400195275
MOBY,M2,400,HPG,BONCAT,A,5.057156992
MOBY,M2,400,HPG,BONCAT,A,0.9570487
MOBY,M2,400,HPG,BONCAT,A,3.475538137
MOBY,M2,400,HPG,BONCAT,A,2.059678809
MOBY,M2,400,HPG,BONCAT,A,4.790812156
MOBY,M2,400,HPG,BONCAT,A,7.180543635
MOBY,M2,400,HPG,BONCAT,A,5.380621608
MOBY,M2,400,HPG,BONCAT,A,3.303579134
MOBY,M2,400,HPG,BONCAT,A,7.437627715
MOBY,M2,400,HPG,BONCAT,A,1.072088667
MOBY,M2,400,HPG,BONCAT,A,6.085113221
MOBY,M2,400,HPG,BONCAT,A,1.58637632
MOBY,M2,400,HPG,BONCAT,A,4.399021376
MOBY,M2,400,HPG,BONCAT,A,7.210048803
MOBY,M2,400,HPG,BONCAT,A,1.903362897
MOBY,M2,400,HPG,BONCAT,A,5.091319914
MOBY,M2,400,HPG,BONCAT,A,3.079530398
MOBY,M2,400,HPG,BONCAT,A,7.49041713
MOBY,M2,400,HPG,BONCAT,A,3.51989213
MOBY,M2,400,HPG,BONCAT,A,10.20569949
MOBY,M2,400,HPG,BONCAT,A,0.517609384
MOBY,M2,400,HPG,BONCAT,A,21.52131619
MOBY,M2,400,HPG,BONCAT,A,3.983617289
MOBY,M2,400,HPG,BONCAT,A,6.317558338
MOBY,M2,400,HPG,BONCAT,A,6.759721589
MOBY,M2,400,HPG,BONCAT,A,2.063815582
MOBY,M2,400,HPG,BONCAT,A,0.82979549
MOBY,M2,400,HPG,BONCAT,A,1.73561435
MOBY,M2,400,HPG,BONCAT,A,2.383905303
MOBY,M2,400,HPG,BONCAT,A,7.028815934
MOBY,M2,400,HPG,BONCAT,A,1.112615619
MOBY,M2,400,HPG,BONCAT,A,4.420070871
MOBY,M2,400,HPG,BONCAT,A,5.058032087
MOBY,M2,400,HPG,BONCAT,A,7.430166536
MOBY,M2,400,HPG,BONCAT,A,3.902296744
MOBY,M2,400,HPG,BONCAT,A,3.230364185
MOBY,M2,400,HPG,BONCAT,A,1.478940823
MOBY,M2,400,HPG,BONCAT,A,0.960309481
MOBY,M2,400,HPG,BONCAT,A,2.714902811
MOBY,M2,400,HPG,BONCAT,A,0.771997556
MOBY,M2,400,HPG,BONCAT,A,2.304997649
MOBY,M2,400,HPG,BONCAT,A,1.155345317
MOBY,M2,400,HPG,BONCAT,A,1.785019789
MOBY,M2,400,HPG,BONCAT,A,3.426143561
MOBY,M2,400,HPG,BONCAT,A,0.910206134
MOBY,M2,400,HPG,BONCAT,A,0.369822831
MOBY,M2,400,HPG,BONCAT,A,0.976507072
MOBY,M2,400,HPG,BONCAT,A,5.838547598
MOBY,M2,400,HPG,BONCAT,A,5.600751668
MOBY,M2,400,HPG,BONCAT,A,2.048105383
MOBY,M2,400,HPG,BONCAT,A,6.348200253
MOBY,M2,400,HPG,BONCAT,A,4.323059425
MOBY,M2,400,HPG,BONCAT,A,3.844276449
MOBY,M2,400,HPG,BONCAT,A,4.991759775
MOBY,M2,400,HPG,BONCAT,A,7.232264682
MOBY,M2,400,HPG,BONCAT,A,6.921651132
MOBY,M2,400,HPG,BONCAT,A,0.705881669
MOBY,M2,400,HPG,BONCAT,A,7.391845727
MOBY,M2,400,HPG,BONCAT,A,11.17727293
MOBY,M2,400,HPG,BONCAT,A,2.754735376
MOBY,M2,400,HPG,BONCAT,A,3.078383291
MOBY,M2,400,HPG,BONCAT,A,7.02010066
MOBY,M2,400,HPG,BONCAT,A,2.273046286
MOBY,M2,400,HPG,BONCAT,A,4.584470725
MOBY,M2,400,HPG,BONCAT,A,1.11729442
MOBY,M2,400,HPG,BONCAT,A,8.174172094
MOBY,M2,400,HPG,BONCAT,A,1.127116813
MOBY,M2,400,HPG,BONCAT,A,0.327013001
MOBY,M2,400,HPG,BONCAT,A,2.480674299
MOBY,M2,400,HPG,BONCAT,A,7.256734269
MOBY,M2,400,HPG,BONCAT,A,5.927312259
MOBY,M2,400,HPG,BONCAT,A,10.40207796
MOBY,M2,400,HPG,BONCAT,A,5.018675796
MOBY,M2,400,HPG,BONCAT,A,44.63077391
MOBY,M2,400,HPG,BONCAT,A,4.342407401
MOBY,M2,400,HPG,BONCAT,A,3.608368864
MOBY,M2,400,HPG,BONCAT,A,8.091753204
MOBY,M2,400,HPG,BONCAT,A,5.000118713
MOBY,M2,400,HPG,BONCAT,A,4.286852042
MOBY,M2,400,HPG,BONCAT,A,2.575979496
MOBY,M2,400,HPG,BONCAT,A,2.315238841
MOBY,M2,400,HPG,BONCAT,A,3.852206108
MOBY,M2,400,HPG,BONCAT,A,1.526118523
MOBY,M2,400,HPG,BONCAT,A,0.308326552
MOBY,M2,400,HPG,BONCAT,A,1.432568493
MOBY,M2,400,HPG,BONCAT,A,6.204990737
MOBY,M2,400,HPG,BONCAT,A,1.770857845
MOBY,M2,400,HPG,BONCAT,A,4.101590122
MOBY,M2,400,HPG,BONCAT,A,1.610580955
MOBY,M2,400,HPG,BONCAT,A,4.027805885
MOBY,M2,400,HPG,BONCAT,A,3.716574615
MOBY,M2,400,HPG,BONCAT,A,6.217069507
MOBY,M2,400,HPG,BONCAT,A,4.035987331
MOBY,M2,400,HPG,BONCAT,A,0.775738774
MOBY,M2,400,HPG,BONCAT,A,6.166878671
MOBY,M2,400,HPG,BONCAT,A,6.212465625
MOBY,M2,400,HPG,BONCAT,A,2.469641425
MOBY,M2,400,HPG,BONCAT,A,6.398487306
MOBY,M2,400,HPG,BONCAT,A,6.420070164
MOBY,M2,400,HPG,BONCAT,A,1.40679316
MOBY,M2,400,HPG,BONCAT,A,5.932560859
MOBY,M2,400,HPG,BONCAT,A,7.204491343
MOBY,M2,400,HPG,BONCAT,A,4.06100567
MOBY,M2,400,HPG,BONCAT,A,4.438694744
MOBY,M2,400,HPG,BONCAT,A,9.143833769
MOBY,M2,400,HPG,BONCAT,A,1.91970681
MOBY,M2,400,HPG,BONCAT,A,1.699166534
MOBY,M2,400,HPG,BONCAT,A,0.993978438
MOBY,M2,400,HPG,BONCAT,A,1.157646986
MOBY,M2,400,HPG,BONCAT,A,4.494255552
MOBY,M2,400,HPG,BONCAT,A,2.122521803
MOBY,M2,400,HPG,BONCAT,A,4.832194645
MOBY,M2,400,HPG,BONCAT,A,1.08291613
MOBY,M2,400,HPG,BONCAT,A,9.979912605
MOBY,M2,400,HPG,BONCAT,A,2.232937152
MOBY,M2,400,HPG,BONCAT,A,3.981089814
MOBY,M2,400,HPG,BONCAT,A,11.15436491
MOBY,M2,400,HPG,BONCAT,A,5.800932383
MOBY,M2,400,HPG,BONCAT,A,5.759878626
MOBY,M2,400,HPG,BONCAT,A,1.12793536
MOBY,M2,400,HPG,BONCAT,A,7.073894005
MOBY,M2,400,HPG,BONCAT,A,6.691180544
MOBY,M2,400,HPG,BONCAT,A,15.27894879
MOBY,M2,400,HPG,BONCAT,A,7.190453471
MOBY,M2,400,HPG,BONCAT,A,3.106707359
MOBY,M2,400,HPG,BONCAT,A,0.55365121
MOBY,M2,400,HPG,BONCAT,A,3.752096863
MOBY,M2,400,HPG,BONCAT,A,1.752929517
MOBY,M2,400,HPG,BONCAT,A,0.561686754
MOBY,M2,400,HPG,BONCAT,A,0.546419192
MOBY,M2,400,HPG,BONCAT,A,6.059554786
MOBY,M2,400,HPG,BONCAT,A,9.982384446
MOBY,M2,400,HPG,BONCAT,A,1.494804953
MOBY,M2,400,HPG,BONCAT,A,9.310875532
MOBY,M2,400,HPG,BONCAT,A,1.963686943
MOBY,M2,400,HPG,BONCAT,A,7.62311343
MOBY,M2,400,HPG,BONCAT,A,8.536274219
MOBY,M2,400,HPG,BONCAT,A,4.2563816
MOBY,M2,400,HPG,BONCAT,A,0.943792251
MOBY,M2,400,HPG,BONCAT,A,2.461323095
MOBY,M2,400,HPG,BONCAT,A,3.892883046
MOBY,M2,400,HPG,BONCAT,A,2.028816957
MOBY,M2,400,HPG,BONCAT,A,1.443633565
MOBY,M2,400,HPG,BONCAT,A,1.271769501
MOBY,M2,400,HPG,BONCAT,A,5.721385925
MOBY,M2,400,HPG,BONCAT,A,14.02683542
MOBY,M2,400,HPG,BONCAT,A,1.338144604
MOBY,M2,400,HPG,BONCAT,A,2.371335141
MOBY,M2,400,HPG,BONCAT,A,7.992952389
MOBY,M2,400,HPG,BONCAT,A,1.417765784
MOBY,M2,400,HPG,BONCAT,A,9.516095182
MOBY,M2,400,HPG,BONCAT,A,2.099282779
MOBY,M2,400,HPG,BONCAT,A,1.109109121
MOBY,M2,400,HPG,BONCAT,A,1.938955734
MOBY,M2,400,HPG,BONCAT,A,9.565926974
MOBY,M2,400,HPG,BONCAT,A,1.476403043
MOBY,M2,400,HPG,BONCAT,A,0.965298266
MOBY,M2,400,HPG,BONCAT,A,0.768396703
MOBY,M2,400,HPG,BONCAT,A,1.7774501
MOBY,M2,400,HPG,BONCAT,A,1.781111845
MOBY,M2,400,HPG,BONCAT,A,2.010057077
MOBY,M2,400,HPG,BONCAT,A,0.88694118
MOBY,M2,400,HPG,BONCAT,A,4.647100507
MOBY,M2,400,HPG,BONCAT,A,20.26197709
MOBY,M2,400,HPG,BONCAT,A,8.689892517
MOBY,M2,400,HPG,BONCAT,A,2.181514735
MOBY,M2,400,HPG,BONCAT,A,1.333281749
MOBY,M2,400,HPG,BONCAT,A,0.380909556
MOBY,M2,400,HPG,BONCAT,A,7.625280981
MOBY,M2,400,HPG,BONCAT,A,2.642909641
MOBY,M2,400,HPG,BONCAT,A,1.629114966
MOBY,M2,400,HPG,BONCAT,A,4.332684633
MOBY,M2,400,HPG,BONCAT,A,0.454616643
MOBY,M2,400,HPG,BONCAT,A,4.378758376
MOBY,M2,400,HPG,BONCAT,A,0.858594041
MOBY,M2,400,HPG,BONCAT,A,0.685721108
MOBY,M2,400,HPG,BONCAT,A,3.062905418
MOBY,M2,400,HPG,BONCAT,A,3.322718228
MOBY,M2,400,HPG,BONCAT,A,2.162206378
MOBY,M2,400,HPG,BONCAT,A,3.303234479
MOBY,M2,400,HPG,BONCAT,A,1.113922245
MOBY,M2,400,HPG,BONCAT,A,1.699335637
MOBY,M2,400,HPG,BONCAT,A,3.620685201
MOBY,M2,400,HPG,BONCAT,A,9.091996549
MOBY,M2,400,HPG,BONCAT,A,0.274846634
MOBY,M2,400,HPG,BONCAT,A,0.690584378
MOBY,M2,400,HPG,BONCAT,A,1.796786207
MOBY,M2,400,HPG,BONCAT,A,4.724444511
MOBY,M2,400,HPG,BONCAT,A,1.421522119
MOBY,M2,400,HPG,BONCAT,A,16.28676579
MOBY,M2,400,HPG,BONCAT,A,7.278354943
MOBY,M2,400,HPG,BONCAT,A,7.845666614
MOBY,M2,400,HPG,BONCAT,A,6.532532073
MOBY,M2,400,HPG,BONCAT,A,1.200660243
MOBY,M2,400,HPG,BONCAT,A,2.029097786
MOBY,M2,400,HPG,BONCAT,A,20.28008908
MOBY,M2,400,HPG,BONCAT,A,8.111090657
MOBY,M2,400,HPG,BONCAT,A,1.217107626
MOBY,M2,400,HPG,BONCAT,A,1.649564078
MOBY,M2,400,HPG,BONCAT,A,1.259870864
MOBY,M2,400,HPG,BONCAT,A,2.441314968
MOBY,M2,400,HPG,BONCAT,A,3.179368331
MOBY,M2,400,HPG,BONCAT,A,4.941176758
MOBY,M2,400,HPG,BONCAT,A,0.549859155
MOBY,M2,400,HPG,BONCAT,A,0.444367314
MOBY,M2,400,HPG,BONCAT,A,5.571438901
MOBY,M2,400,HPG,BONCAT,A,4.447778662
MOBY,M2,400,HPG,BONCAT,A,9.949163027
MOBY,M2,400,HPG,BONCAT,A,2.124562591
MOBY,M2,400,HPG,BONCAT,A,3.047918387
MOBY,M2,400,HPG,BONCAT,A,2.635463391
MOBY,M2,400,HPG,BONCAT,A,0.393505645
MOBY,M2,400,HPG,BONCAT,A,6.744707416
MOBY,M2,400,HPG,BONCAT,A,0.479428453
MOBY,M2,400,HPG,BONCAT,A,5.738106938
MOBY,M2,400,HPG,BONCAT,A,0.891961278
MOBY,M2,400,HPG,BONCAT,A,7.124339576
MOBY,M2,400,HPG,BONCAT,A,0.591481923
MOBY,M2,400,HPG,BONCAT,A,1.641819572
MOBY,M2,400,HPG,BONCAT,A,4.728518065
MOBY,M2,400,HPG,BONCAT,A,2.686769002
MOBY,M2,400,HPG,BONCAT,A,4.083487437
MOBY,M2,400,HPG,BONCAT,A,12.81564228
MOBY,M2,400,HPG,BONCAT,A,0.382825316
MOBY,M2,400,HPG,BONCAT,A,7.679349814
MOBY,M2,400,HPG,BONCAT,A,2.539521261
MOBY,M2,400,HPG,BONCAT,A,4.356833969
MOBY,M2,400,HPG,BONCAT,A,3.44578472
MOBY,M2,400,HPG,BONCAT,A,14.77870903
MOBY,M2,400,HPG,BONCAT,A,3.504133646
MOBY,M2,400,HPG,BONCAT,A,1.483183142
MOBY,M2,400,HPG,BONCAT,A,0.463006388
MOBY,M2,400,HPG,BONCAT,A,1.117643695
MOBY,M2,400,HPG,BONCAT,A,6.123632879
MOBY,M2,400,HPG,BONCAT,A,2.463018883
MOBY,M2,400,HPG,BONCAT,A,7.330108565
MOBY,M2,400,HPG,BONCAT,A,6.492991925
MOBY,M2,400,HPG,BONCAT,A,4.640461556
MOBY,M2,400,HPG,BONCAT,A,3.738071024
MOBY,M2,400,HPG,BONCAT,A,15.76075436
MOBY,M2,400,HPG,BONCAT,A,2.861656058
MOBY,M2,400,HPG,BONCAT,A,1.905629399
MOBY,M2,400,HPG,BONCAT,A,7.53293775
MOBY,M2,400,HPG,BONCAT,A,3.17575062
MOBY,M2,400,HPG,BONCAT,A,0.368278935
MOBY,M2,400,HPG,BONCAT,A,3.650070778
MOBY,M2,400,HPG,BONCAT,A,5.405058913
MOBY,M2,400,HPG,BONCAT,A,9.469677741
MOBY,M2,400,HPG,BONCAT,A,4.737066311
MOBY,M2,400,HPG,BONCAT,A,3.794940912
MOBY,M2,400,HPG,BONCAT,A,0.576274611
MOBY,M2,400,HPG,BONCAT,A,0.758676556
MOBY,M2,400,HPG,BONCAT,A,1.713175016
MOBY,M2,400,HPG,BONCAT,A,3.665863267
MOBY,M2,400,HPG,BONCAT,A,0.513950767
MOBY,M2,400,HPG,BONCAT,A,3.082931229
MOBY,M2,400,HPG,BONCAT,A,0.768121165
MOBY,M2,400,HPG,BONCAT,A,2.745693391
MOBY,M2,400,HPG,BONCAT,A,7.060711189
MOBY,M2,400,HPG,BONCAT,A,10.73147665
MOBY,M2,400,HPG,BONCAT,A,6.373273975
MOBY,M2,400,HPG,BONCAT,A,5.234486625
MOBY,M2,400,HPG,BONCAT,A,7.036750862
MOBY,M2,400,HPG,BONCAT,A,1.343059165
MOBY,M2,400,HPG,BONCAT,A,7.31425791
MOBY,M2,400,HPG,BONCAT,A,8.469040681
MOBY,M2,400,HPG,BONCAT,A,5.150235331
MOBY,M2,400,HPG,BONCAT,A,9.200154422
MOBY,M2,400,HPG,BONCAT,A,1.59332473
MOBY,M2,400,HPG,BONCAT,A,6.908449366
MOBY,M2,400,HPG,BONCAT,A,5.818719542
MOBY,M2,400,HPG,BONCAT,A,10.63149138
MOBY,M2,400,HPG,BONCAT,A,2.152625966
MOBY,M2,400,HPG,BONCAT,A,11.40396907
MOBY,M2,400,HPG,BONCAT,A,7.158877934
MOBY,M2,400,HPG,BONCAT,A,8.936228182
MOBY,M2,400,HPG,BONCAT,A,1.918360568
MOBY,M2,400,HPG,BONCAT,A,8.18502423
MOBY,M2,400,HPG,BONCAT,A,3.011575415
MOBY,M2,400,HPG,BONCAT,A,11.37219268
MOBY,M2,400,HPG,BONCAT,A,1.562412786
MOBY,M2,400,HPG,BONCAT,A,2.211155969
MOBY,M2,400,HPG,BONCAT,A,12.89798193
MOBY,M2,400,HPG,BONCAT,A,19.6434512
MOBY,M2,400,HPG,BONCAT,A,6.185534302
MOBY,M2,400,HPG,BONCAT,A,4.297363121
MOBY,M2,400,HPG,BONCAT,A,0.42355972
MOBY,M2,400,HPG,BONCAT,A,2.330608883
MOBY,M2,400,HPG,BONCAT,A,1.661757223
MOBY,M2,400,HPG,BONCAT,A,5.273187901
MOBY,M2,400,HPG,BONCAT,A,8.464967566
MOBY,M2,400,HPG,BONCAT,A,14.59973603
MOBY,M2,400,HPG,BONCAT,A,10.48517423
MOBY,M2,400,HPG,BONCAT,A,1.503298898
MOBY,M2,400,HPG,BONCAT,A,3.009158446
MOBY,M2,400,HPG,BONCAT,A,7.587799841
MOBY,M2,400,HPG,BONCAT,A,1.387394581
MOBY,M2,400,HPG,BONCAT,A,1.733931206
MOBY,M2,400,HPG,BONCAT,A,1.017291551
MOBY,M2,400,HPG,BONCAT,A,1.91986503
MOBY,M2,400,HPG,BONCAT,A,5.884993058
MOBY,M2,400,HPG,BONCAT,A,1.055979482
MOBY,M2,400,HPG,BONCAT,A,2.749768782
MOBY,M2,400,HPG,BONCAT,A,6.889037287
MOBY,M2,400,HPG,BONCAT,A,2.531121643
MOBY,M2,400,HPG,BONCAT,A,1.099709254
MOBY,M2,400,HPG,BONCAT,A,4.768635224
MOBY,M2,400,HPG,BONCAT,A,11.17459478
MOBY,M2,400,HPG,BONCAT,A,1.633021174
MOBY,M2,400,HPG,BONCAT,A,3.157533421
MOBY,M2,400,HPG,BONCAT,A,7.224298185
MOBY,M2,400,HPG,BONCAT,A,1.237478783
MOBY,M2,400,HPG,BONCAT,A,5.986753831
MOBY,M2,400,HPG,BONCAT,A,9.841459618
MOBY,M2,400,HPG,BONCAT,A,3.051895544
MOBY,M2,400,HPG,BONCAT,A,0.403316035
MOBY,M2,400,HPG,BONCAT,A,9.429567919
MOBY,M2,400,HPG,BONCAT,A,6.7994304
MOBY,M2,400,HPG,BONCAT,A,1.298877843
MOBY,M2,400,HPG,BONCAT,A,2.945944233
MOBY,M2,400,HPG,BONCAT,A,8.144400034
MOBY,M2,400,HPG,BONCAT,A,7.710924806
MOBY,M2,400,HPG,BONCAT,A,1.036484476
MOBY,M2,400,HPG,BONCAT,A,1.154266803
MOBY,M2,400,HPG,BONCAT,A,11.93694153
MOBY,M2,400,HPG,BONCAT,A,2.868311238
MOBY,M2,400,HPG,BONCAT,A,10.74287515
MOBY,M2,400,HPG,BONCAT,A,6.11406712
MOBY,M2,400,HPG,BONCAT,A,14.5541679
MOBY,M2,400,HPG,BONCAT,A,7.952444031
MOBY,M2,400,HPG,BONCAT,A,3.842620854
MOBY,M2,400,HPG,BONCAT,A,7.063196907
MOBY,M2,400,HPG,BONCAT,A,6.989823616
MOBY,M2,400,HPG,BONCAT,A,1.519539697
MOBY,M2,400,HPG,BONCAT,A,3.325004799
MOBY,M2,400,HPG,BONCAT,A,14.80910552
MOBY,M2,400,HPG,BONCAT,A,3.19447681
MOBY,M2,400,HPG,BONCAT,A,9.800681516
MOBY,M2,400,HPG,BONCAT,A,5.431948311
MOBY,M2,400,HPG,BONCAT,A,15.39199332
MOBY,M2,400,HPG,BONCAT,A,4.114400017
MOBY,M2,400,HPG,BONCAT,A,9.063394357
MOBY,M2,400,HPG,BONCAT,A,13.57884911
MOBY,M2,400,HPG,BONCAT,A,4.466066571
MOBY,M2,400,HPG,BONCAT,A,4.977071214
MOBY,M2,400,HPG,BONCAT,A,0.950769338
MOBY,M2,400,HPG,BONCAT,A,17.24159697
MOBY,M2,400,HPG,BONCAT,A,10.10902593
MOBY,M2,400,HPG,BONCAT,A,1.55686626
MOBY,M2,400,HPG,BONCAT,A,4.355646887
MOBY,M2,400,HPG,BONCAT,A,4.384856078
MOBY,M2,400,HPG,BONCAT,A,5.052396986
MOBY,M2,400,HPG,BONCAT,A,3.429034683
MOBY,M2,400,HPG,BONCAT,A,4.855760082
MOBY,M2,400,HPG,BONCAT,A,2.059271276
MOBY,M2,400,HPG,BONCAT,A,4.635171575
MOBY,M2,400,HPG,BONCAT,A,11.89902613
MOBY,M2,400,HPG,BONCAT,A,0.466936833
MOBY,M2,400,HPG,BONCAT,A,0.839724707
MOBY,M2,400,HPG,BONCAT,A,5.528622745
MOBY,M2,400,HPG,BONCAT,A,8.358331771
MOBY,M2,400,HPG,BONCAT,A,10.64300047
MOBY,M2,400,HPG,BONCAT,A,8.436264252
MOBY,M2,400,HPG,BONCAT,A,10.06723824
MOBY,M2,400,HPG,BONCAT,A,1.014850059
MOBY,M2,400,HPG,BONCAT,A,4.200981447
MOBY,M2,400,HPG,BONCAT,A,0.416627141
MOBY,M2,400,HPG,BONCAT,A,10.06748803
MOBY,M2,400,HPG,BONCAT,A,4.137599955
MOBY,M2,400,HPG,BONCAT,A,2.54858337
MOBY,M2,400,HPG,BONCAT,A,12.45178434
MOBY,M2,400,HPG,BONCAT,A,14.17702616
MOBY,M2,400,HPG,BONCAT,A,3.075557274
MOBY,M2,400,HPG,BONCAT,A,4.863012937
MOBY,M2,400,HPG,BONCAT,A,1.046589589
MOBY,M2,400,HPG,BONCAT,A,9.652551796
MOBY,M2,400,HPG,BONCAT,A,12.00238647
MOBY,M2,400,HPG,BONCAT,A,9.896303975
MOBY,M2,400,HPG,BONCAT,A,9.431452898
MOBY,M2,400,HPG,BONCAT,A,2.946654409
MOBY,M2,400,HPG,BONCAT,A,4.318075244
MOBY,M2,400,HPG,BONCAT,A,1.58839438
MOBY,M2,400,HPG,BONCAT,A,19.57987828
MOBY,M2,400,HPG,BONCAT,A,5.190363432
MOBY,M2,400,HPG,BONCAT,A,7.715662134
MOBY,M2,400,HPG,BONCAT,A,0.396974917
MOBY,M2,400,HPG,BONCAT,A,6.877293747
MOBY,M2,400,HPG,BONCAT,A,0.785418149
MOBY,M2,400,HPG,BONCAT,A,5.218901102
MOBY,M2,400,HPG,BONCAT,A,1.476976405
MOBY,M2,400,HPG,BONCAT,A,2.825131238
MOBY,M2,400,HPG,BONCAT,A,5.884649262
MOBY,M2,400,HPG,BONCAT,A,5.532667184
MOBY,M2,400,HPG,BONCAT,A,7.598144436
MOBY,M2,400,HPG,BONCAT,A,13.09826431
MOBY,M2,400,HPG,BONCAT,A,1.380176038
MOBY,M2,400,HPG,BONCAT,A,1.700144227
MOBY,M2,400,HPG,BONCAT,A,1.033311503
MOBY,M2,400,HPG,BONCAT,A,8.596029598
MOBY,M2,400,HPG,BONCAT,A,0.749540425
MOBY,M2,400,HPG,BONCAT,A,1.965483154
MOBY,M2,400,HPG,BONCAT,A,3.961277144
MOBY,M2,400,HPG,BONCAT,A,2.299517062
MOBY,M2,400,HPG,BONCAT,A,2.045486445
MOBY,M2,400,HPG,BONCAT,A,1.141226527
MOBY,M2,400,HPG,BONCAT,A,0.984964618
MOBY,M2,400,HPG,BONCAT,A,1.891089567
MOBY,M2,400,HPG,BONCAT,A,5.413391028
MOBY,M2,400,HPG,BONCAT,A,0.487759424
MOBY,M2,400,HPG,BONCAT,A,3.043983251
MOBY,M2,400,HPG,BONCAT,A,3.934384287
MOBY,M2,400,HPG,BONCAT,A,2.014204239
MOBY,M2,400,HPG,BONCAT,A,4.839540866
MOBY,M2,400,HPG,BONCAT,A,4.035071246
MOBY,M2,400,HPG,BONCAT,A,6.550690854
MOBY,M2,400,HPG,BONCAT,A,2.167125773
MOBY,M2,400,HPG,BONCAT,A,5.314296831
MOBY,M2,400,HPG,BONCAT,A,1.580504986
MOBY,M2,400,HPG,BONCAT,A,1.082477924
MOBY,M2,400,HPG,BONCAT,A,1.176262557
MOBY,M2,400,HPG,BONCAT,A,4.958048114
MOBY,M2,400,HPG,BONCAT,A,5.689232162
MOBY,M2,400,HPG,BONCAT,A,3.746766552
MOBY,M2,400,HPG,BONCAT,A,0.998895116
MOBY,M2,400,HPG,BONCAT,A,4.354787316
MOBY,M2,400,HPG,BONCAT,A,5.34287194
MOBY,M2,400,HPG,BONCAT,A,1.536080685
MOBY,M2,400,HPG,BONCAT,A,2.525307041
MOBY,M2,400,HPG,BONCAT,A,3.044092209
MOBY,M2,400,HPG,BONCAT,A,3.947945327
MOBY,M2,400,HPG,BONCAT,A,5.813439603
MOBY,M2,400,HPG,BONCAT,A,1.070638096
MOBY,M2,400,HPG,BONCAT,A,6.210432652
MOBY,M2,400,HPG,BONCAT,A,0.890333571
MOBY,M2,400,HPG,BONCAT,A,0.470081189
MOBY,M2,400,HPG,BONCAT,A,0.787849784
MOBY,M2,400,HPG,BONCAT,A,0.569208996
MOBY,M2,400,HPG,BONCAT,A,2.178747278
MOBY,M2,400,HPG,BONCAT,A,0.717253756
MOBY,M2,400,HPG,BONCAT,A,1.000244594
MOBY,M2,400,HPG,BONCAT,A,6.995948025
MOBY,M2,400,HPG,BONCAT,A,0.419399859
MOBY,M2,400,HPG,BONCAT,A,4.782738498
MOBY,M2,400,HPG,BONCAT,A,0.862965702
MOBY,M2,400,HPG,BONCAT,A,1.019463031
MOBY,M2,400,HPG,BONCAT,A,8.18086953
MOBY,M2,400,HPG,BONCAT,A,2.011662522
MOBY,M2,400,HPG,BONCAT,A,5.752968967
MOBY,M2,400,HPG,BONCAT,A,3.347532813
MOBY,M2,400,HPG,BONCAT,A,5.818699628
MOBY,M2,400,HPG,BONCAT,A,1.47836437
MOBY,M2,400,HPG,BONCAT,A,4.897160934
MOBY,M2,400,HPG,BONCAT,A,13.87922795
MOBY,M2,400,HPG,BONCAT,A,5.677608527
MOBY,M2,400,HPG,BONCAT,A,1.339411712
MOBY,M2,400,HPG,BONCAT,A,8.489922977
MOBY,M2,400,HPG,BONCAT,A,5.437759626
MOBY,M2,400,HPG,BONCAT,A,1.289589655
MOBY,M2,400,HPG,BONCAT,A,6.033894851
MOBY,M2,400,HPG,BONCAT,A,5.748451508
MOBY,M2,400,HPG,BONCAT,A,1.753887711
MOBY,M2,400,HPG,BONCAT,A,0.565177827
MOBY,M2,400,HPG,BONCAT,A,2.47162086
MOBY,M2,400,HPG,BONCAT,A,5.013587876
MOBY,M2,400,HPG,BONCAT,A,9.118744661
MOBY,M2,400,HPG,BONCAT,A,7.4933823
MOBY,M2,400,HPG,BONCAT,A,4.416338374
MOBY,M2,400,HPG,BONCAT,A,3.029575808
MOBY,M2,400,HPG,BONCAT,A,9.26981578
MOBY,M2,400,HPG,BONCAT,A,3.200061773
MOBY,M2,400,HPG,BONCAT,A,1.921515816
MOBY,M2,400,HPG,BONCAT,A,0.786895157
MOBY,M2,400,HPG,BONCAT,A,3.124095646
MOBY,M2,400,HPG,BONCAT,A,3.403309953
MOBY,M2,400,HPG,BONCAT,A,1.129732028
MOBY,M2,400,HPG,BONCAT,A,4.980224165
MOBY,M2,400,HPG,BONCAT,A,8.256584275
MOBY,M2,400,HPG,BONCAT,A,5.960101643
MOBY,M2,400,HPG,BONCAT,A,1.648277693
MOBY,M2,400,HPG,BONCAT,A,1.506341519
MOBY,M2,400,HPG,BONCAT,A,2.47972062
MOBY,M2,400,HPG,BONCAT,A,0.650252775
MOBY,M2,400,HPG,BONCAT,A,37.51940488
MOBY,M2,400,HPG,BONCAT,A,1.703458319
MOBY,M2,400,HPG,BONCAT,A,0.943792251
MOBY,M2,400,HPG,BONCAT,A,3.770359282
MOBY,M2,400,HPG,BONCAT,A,2.70414597
MOBY,M2,400,HPG,BONCAT,A,0.411826758
MOBY,M2,400,HPG,BONCAT,A,21.2468195
MOBY,M2,400,HPG,BONCAT,A,5.138123734
MOBY,M2,400,HPG,BONCAT,A,1.847042844
MOBY,M2,400,HPG,BONCAT,A,0.798370396
MOBY,M2,400,HPG,BONCAT,A,5.366094768
MOBY,M2,400,HPG,BONCAT,A,5.887585462
MOBY,M2,400,HPG,BONCAT,A,3.880072144
MOBY,M2,400,HPG,BONCAT,A,1.081931884
MOBY,M2,400,HPG,BONCAT,A,0.421385599
MOBY,M2,400,HPG,BONCAT,A,1.319903823
MOBY,M2,400,HPG,BONCAT,A,4.296192708
MOBY,M2,400,HPG,BONCAT,A,3.251540578
MOBY,M2,400,HPG,BONCAT,A,17.51015816
MOBY,M2,400,HPG,BONCAT,A,1.357541397
MOBY,M2,400,HPG,BONCAT,A,4.056747206
MOBY,M2,400,HPG,BONCAT,A,6.200921144
MOBY,M2,400,HPG,BONCAT,A,1.653631776
MOBY,M2,400,HPG,BONCAT,A,2.837172272
MOBY,M2,400,HPG,BONCAT,A,8.999691805
MOBY,M2,400,HPG,BONCAT,A,1.729395678
MOBY,M2,400,HPG,BONCAT,A,11.24060026
MOBY,M2,400,HPG,BONCAT,A,0.707605824
MOBY,M2,400,HPG,BONCAT,A,23.79756066
MOBY,M2,400,HPG,BONCAT,A,6.405851136
MOBY,M2,400,HPG,BONCAT,A,5.058163228
MOBY,M2,400,HPG,BONCAT,A,2.398812358
MOBY,M2,400,HPG,BONCAT,A,1.129732028
MOBY,M2,400,HPG,BONCAT,A,9.14325722
MOBY,M2,400,HPG,BONCAT,A,22.33109785
MOBY,M2,400,HPG,BONCAT,A,5.388828712
MOBY,M2,400,HPG,BONCAT,A,5.099034151
MOBY,M2,400,HPG,BONCAT,A,0.983055449
MOBY,M2,400,HPG,BONCAT,A,6.313218037
MOBY,M2,400,HPG,BONCAT,A,6.37307588
MOBY,M2,400,HPG,BONCAT,A,1.502221419
MOBY,M2,400,HPG,BONCAT,A,7.521299022
MOBY,M2,400,HPG,BONCAT,A,0.281075468
MOBY,M2,400,HPG,BONCAT,A,1.626777963
MOBY,M2,400,HPG,BONCAT,A,5.034479152
MOBY,M2,400,HPG,BONCAT,A,0.909387587
MOBY,M2,400,HPG,BONCAT,A,1.631725083
MOBY,M2,400,HPG,BONCAT,A,10.40462535
MOBY,M2,400,HPG,BONCAT,A,5.051354817
MOBY,M2,400,HPG,BONCAT,A,0.793192925
MOBY,M2,400,HPG,BONCAT,A,5.621175935
MOBY,M2,400,HPG,BONCAT,A,1.151236693
MOBY,M2,400,HPG,BONCAT,A,4.144715716
MOBY,M2,400,HPG,BONCAT,A,9.127980766
MOBY,M2,400,HPG,BONCAT,A,0.62743372
MOBY,M2,400,HPG,BONCAT,A,2.228379421
MOBY,M2,400,HPG,BONCAT,A,0.561146554
MOBY,M2,400,HPG,BONCAT,A,1.548448484
MOBY,M2,400,HPG,BONCAT,A,0.817245641
MOBY,M2,400,HPG,BONCAT,A,3.654037454
MOBY,M2,400,HPG,BONCAT,A,0.441299852
MOBY,M2,400,HPG,BONCAT,A,1.497986165
MOBY,M2,400,HPG,BONCAT,A,1.709879127
MOBY,M2,400,HPG,BONCAT,A,1.274495439
MOBY,M2,400,HPG,BONCAT,A,0.343689717
MOBY,M2,400,HPG,BONCAT,A,0.540990395
MOBY,M2,400,HPG,BONCAT,A,1.769419751
MOBY,M2,400,HPG,BONCAT,A,6.287252576
MOBY,M2,400,HPG,BONCAT,A,0.57162774
MOBY,M2,400,HPG,BONCAT,A,4.042593413
MOBY,M2,400,HPG,BONCAT,A,1.488103706
MOBY,M2,400,HPG,BONCAT,A,1.6604714
MOBY,M2,400,HPG,BONCAT,A,5.838764056
MOBY,M2,400,HPG,BONCAT,A,3.881580038
MOBY,M2,400,HPG,BONCAT,A,1.077010275
MOBY,M2,400,HPG,BONCAT,A,8.260295579
MOBY,M2,400,HPG,BONCAT,A,1.820867797
MOBY,M2,400,HPG,BONCAT,A,6.321287083
MOBY,M2,400,HPG,BONCAT,A,2.909356375
MOBY,M2,400,HPG,BONCAT,A,9.903887448
MOBY,M2,400,HPG,BONCAT,A,3.146595289
MOBY,M2,400,HPG,BONCAT,A,5.702025079
MOBY,M2,400,HPG,BONCAT,A,2.66210543
MOBY,M2,400,HPG,BONCAT,A,6.546273285
MOBY,M2,400,HPG,BONCAT,A,4.157687441
MOBY,M2,400,HPG,BONCAT,A,1.059123838
MOBY,M2,400,HPG,BONCAT,A,0.902154214
MOBY,M2,400,HPG,BONCAT,A,12.68119742
MOBY,M2,400,HPG,BONCAT,A,6.359494108
MOBY,M2,400,HPG,BONCAT,A,3.720522832
MOBY,M2,400,HPG,BONCAT,A,2.565904284
MOBY,M2,400,HPG,BONCAT,A,6.485648848
MOBY,M2,400,HPG,BONCAT,A,5.995270843
MOBY,M2,400,HPG,BONCAT,A,4.842348688
MOBY,M2,400,HPG,BONCAT,A,4.145248093
MOBY,M2,400,HPG,BONCAT,A,1.815913005
MOBY,M2,400,HPG,BONCAT,A,6.376891577
MOBY,M2,400,HPG,BONCAT,A,0.695368474
MOBY,M2,400,HPG,BONCAT,A,2.255377237
MOBY,M2,400,HPG,BONCAT,A,0.335770606
MOBY,M2,400,HPG,BONCAT,A,4.591268273
MOBY,M2,400,HPG,BONCAT,A,1.948865318
MOBY,M2,400,HPG,BONCAT,A,2.098382139
MOBY,M2,400,HPG,BONCAT,A,5.925391309
MOBY,M2,400,HPG,BONCAT,A,0.749482032
MOBY,M2,400,HPG,BONCAT,A,5.245295327
MOBY,M2,400,HPG,BONCAT,A,1.836453572
MOBY,M2,400,HPG,BONCAT,A,9.846890759
MOBY,M2,400,HPG,BONCAT,A,6.107261266
MOBY,M2,400,HPG,BONCAT,A,2.072843179
MOBY,M2,400,HPG,BONCAT,A,0.980689728
MOBY,M2,400,HPG,BONCAT,A,3.59618197
MOBY,M2,400,HPG,BONCAT,A,2.415315929
MOBY,M2,400,HPG,BONCAT,A,4.499789807
MOBY,M2,400,HPG,BONCAT,A,11.05057329
MOBY,M2,400,HPG,BONCAT,A,5.549931206
MOBY,M2,400,HPG,BONCAT,A,0.992876635
MOBY,M2,400,HPG,BONCAT,A,4.931308638
MOBY,M2,400,HPG,BONCAT,A,2.840677042
MOBY,M2,400,HPG,BONCAT,A,3.721410383
MOBY,M2,400,HPG,BONCAT,A,5.656861229
MOBY,M2,400,HPG,BONCAT,A,1.052286357
MOBY,M2,400,HPG,BONCAT,A,0.597846845
MOBY,M2,400,HPG,BONCAT,A,11.44212269
MOBY,M2,400,HPG,BONCAT,A,3.842412907
MOBY,M2,400,HPG,BONCAT,A,2.318819486
MOBY,M2,400,HPG,BONCAT,A,6.594935545
MOBY,M2,400,HPG,BONCAT,A,7.140889075
MOBY,M2,400,HPG,BONCAT,A,7.677349417
MOBY,M2,400,HPG,BONCAT,A,7.489038267
MOBY,M2,400,HPG,BONCAT,A,5.170531729
MOBY,M2,400,HPG,BONCAT,A,0.837656379
MOBY,M2,400,HPG,BONCAT,A,0.750333079
MOBY,M2,400,HPG,BONCAT,A,2.55683722
MOBY,M2,400,HPG,BONCAT,A,4.954439819
MOBY,M2,400,HPG,BONCAT,A,10.89277439
MOBY,M2,400,HPG,BONCAT,A,1.29164151
MOBY,M2,400,HPG,BONCAT,A,2.312393182
MOBY,M2,400,HPG,BONCAT,A,0.712755516
MOBY,M2,400,HPG,BONCAT,A,2.531010253
MOBY,M2,400,HPG,BONCAT,A,2.244679824
MOBY,M2,400,HPG,BONCAT,A,10.99663418
MOBY,M2,400,HPG,BONCAT,A,8.452185551
MOBY,M2,400,HPG,BONCAT,A,3.318972336
MOBY,M2,400,HPG,BONCAT,A,1.554202655
MOBY,M2,400,HPG,BONCAT,A,1.696862077
MOBY,M2,400,HPG,BONCAT,A,4.743234908
MOBY,M2,400,HPG,BONCAT,A,4.510028521
MOBY,M2,400,HPG,BONCAT,A,9.166033969
MOBY,M2,400,HPG,BONCAT,A,5.173677594
MOBY,M2,400,HPG,BONCAT,A,4.380105971
MOBY,M2,400,HPG,BONCAT,A,1.920233837
MOBY,M2,400,HPG,BONCAT,A,2.889837845
MOBY,M2,400,HPG,BONCAT,A,8.711162239
MOBY,M2,400,HPG,BONCAT,A,4.431589129
MOBY,M2,400,HPG,BONCAT,A,0.509199272
MOBY,M2,400,HPG,BONCAT,A,1.578833442
MOBY,M2,400,HPG,BONCAT,A,7.159698108
MOBY,M2,400,HPG,BONCAT,A,6.081194222
MOBY,M2,400,HPG,BONCAT,A,3.098202631
MOBY,M2,400,HPG,BONCAT,A,5.9045719
MOBY,M2,400,HPG,BONCAT,A,3.904462534
MOBY,M2,400,HPG,BONCAT,A,4.82306528
MOBY,M2,400,HPG,BONCAT,A,5.941103529
MOBY,M2,400,HPG,BONCAT,A,9.288790457
MOBY,M2,400,HPG,BONCAT,A,4.231778819
MOBY,M2,400,HPG,BONCAT,A,2.717195046
MOBY,M2,400,HPG,BONCAT,A,8.802870394
MOBY,M2,400,HPG,BONCAT,A,4.744518434
MOBY,M2,400,HPG,BONCAT,A,8.590301462
MOBY,M2,400,HPG,BONCAT,A,2.886461302
MOBY,M2,400,HPG,BONCAT,A,1.590405179
MOBY,M2,400,HPG,BONCAT,A,8.488749252
MOBY,M2,400,HPG,BONCAT,A,8.699201948
MOBY,M2,400,HPG,BONCAT,A,7.209271979
MOBY,M2,400,HPG,BONCAT,A,19.22175188
MOBY,M2,400,HPG,BONCAT,A,8.364392035
MOBY,M2,400,HPG,BONCAT,A,5.573143595
MOBY,M2,400,HPG,BONCAT,A,7.794732201
MOBY,M2,400,HPG,BONCAT,A,32.86484978
MOBY,M2,400,HPG,BONCAT,A,5.494391444
MOBY,M2,400,HPG,BONCAT,A,7.35105836
MOBY,M2,400,HPG,BONCAT,A,0.419666685
MOBY,M2,400,HPG,BONCAT,A,5.563785741
MOBY,M2,400,HPG,BONCAT,A,8.836913244
MOBY,M2,400,HPG,BONCAT,A,1.543199506
MOBY,M2,400,HPG,BONCAT,A,2.993191755
MOBY,M2,400,HPG,BONCAT,A,2.729986411
MOBY,M2,400,HPG,BONCAT,A,7.884979195
MOBY,M2,400,HPG,BONCAT,A,5.21312731
MOBY,M2,400,HPG,BONCAT,A,1.248891516
MOBY,M2,400,HPG,BONCAT,A,1.682306536
MOBY,M2,400,HPG,BONCAT,A,2.202920587
MOBY,M2,400,HPG,BONCAT,A,3.971060157
MOBY,M2,400,HPG,BONCAT,A,5.736570858
MOBY,M2,400,HPG,BONCAT,A,1.297306046
MOBY,M2,400,HPG,BONCAT,A,7.712154039
MOBY,M2,400,HPG,BONCAT,A,0.719542918
MOBY,M2,400,HPG,BONCAT,A,8.999403111
MOBY,M2,400,HPG,BONCAT,A,14.45332049
MOBY,M2,400,HPG,BONCAT,A,7.095779644
MOBY,M2,400,HPG,BONCAT,A,7.525606999
MOBY,M2,400,HPG,BONCAT,A,5.20724116
MOBY,M2,400,HPG,BONCAT,A,1.791360449
MOBY,M2,400,HPG,BONCAT,A,3.304089052
MOBY,M2,400,HPG,BONCAT,A,14.27605756
MOBY,M2,400,HPG,BONCAT,A,7.360695517
MOBY,M2,400,HPG,BONCAT,A,11.73234572
MOBY,M2,400,HPG,BONCAT,A,1.125836587
MOBY,M2,400,HPG,BONCAT,A,3.897025126
MOBY,M2,400,HPG,BONCAT,A,2.017092636
MOBY,M2,400,HPG,BONCAT,A,12.76728799
MOBY,M2,400,HPG,BONCAT,A,4.722623279
MOBY,M2,400,HPG,BONCAT,A,2.785361682
MOBY,M2,400,HPG,BONCAT,A,7.884655745
MOBY,M2,400,HPG,BONCAT,A,7.329178884
MOBY,M2,400,HPG,BONCAT,A,5.298439216
MOBY,M2,400,HPG,BONCAT,A,1.345475321
MOBY,M2,400,HPG,BONCAT,A,8.764367674
MOBY,M2,400,HPG,BONCAT,A,12.40645506
MOBY,M2,400,HPG,BONCAT,A,2.756083411
MOBY,M2,400,HPG,BONCAT,A,1.366822839
MOBY,M2,400,HPG,BONCAT,A,4.963354486
MOBY,M2,400,HPG,BONCAT,A,3.212667914
MOBY,M2,400,HPG,BONCAT,A,1.354668261
MOBY,M2,400,HPG,BONCAT,A,6.648350394
MOBY,M2,400,HPG,BONCAT,A,3.363093895
MOBY,M2,400,HPG,BONCAT,A,7.38669674
MOBY,M2,400,HPG,BONCAT,A,2.323787363
MOBY,M2,400,HPG,BONCAT,A,6.821165235
MOBY,M2,400,HPG,BONCAT,A,2.705898118
MOBY,M2,400,HPG,BONCAT,A,1.944905019
MOBY,M2,400,HPG,BONCAT,A,6.713373659
MOBY,M2,400,HPG,BONCAT,A,1.520830052
MOBY,M2,400,HPG,BONCAT,A,1.857436893
MOBY,M2,400,HPG,BONCAT,A,3.144381101
MOBY,M2,400,HPG,BONCAT,A,3.184863801
MOBY,M2,400,HPG,BONCAT,A,0.904765899
MOBY,M2,400,HPG,BONCAT,A,3.875580452
MOBY,M2,400,HPG,BONCAT,A,6.078186499
MOBY,M2,400,HPG,BONCAT,A,3.840101294
MOBY,M2,400,HPG,BONCAT,A,16.71681854
MOBY,M2,400,HPG,BONCAT,A,2.120999989
MOBY,M2,400,HPG,BONCAT,A,2.49433883
MOBY,M2,400,HPG,BONCAT,A,0.552754486
MOBY,M2,400,HPG,BONCAT,A,2.879357372
MOBY,M2,400,HPG,BONCAT,A,3.572051052
MOBY,M2,400,HPG,BONCAT,A,6.858150993
MOBY,M2,400,HPG,BONCAT,A,6.851331556
MOBY,M2,400,HPG,BONCAT,A,3.91357907
MOBY,M2,400,HPG,BONCAT,A,16.20150298
MOBY,M2,400,HPG,BONCAT,A,7.81105082
MOBY,M2,400,HPG,BONCAT,A,0.589461897
MOBY,M2,400,HPG,BONCAT,A,1.319471424
MOBY,M2,400,HPG,BONCAT,A,2.640431574
MOBY,M2,400,HPG,BONCAT,A,2.0406869
MOBY,M2,400,HPG,BONCAT,A,2.392815443
MOBY,M2,400,HPG,BONCAT,A,2.856547805
MOBY,M2,400,HPG,BONCAT,A,7.519280975
MOBY,M2,400,HPG,BONCAT,A,3.947820433
MOBY,M2,400,HPG,BONCAT,A,1.014036275
MOBY,M2,400,HPG,BONCAT,A,13.37200962
MOBY,M2,400,HPG,BONCAT,A,1.912592286
MOBY,M2,400,HPG,BONCAT,A,2.081912733
MOBY,M2,400,HPG,BONCAT,A,14.19404731
MOBY,M2,400,HPG,BONCAT,A,8.685580012
MOBY,M2,400,HPG,BONCAT,A,3.511392152
MOBY,M2,400,HPG,BONCAT,A,0.783670201
MOBY,M2,400,HPG,BONCAT,A,2.477665972
MOBY,M2,400,HPG,BONCAT,A,6.219562394
MOBY,M2,400,HPG,BONCAT,A,6.182547206
MOBY,M2,400,HPG,BONCAT,A,2.372180608
MOBY,M2,400,HPG,BONCAT,A,0.657310043
MOBY,M2,400,HPG,BONCAT,A,3.653196393
MOBY,M2,400,HPG,BONCAT,A,0.528997084
MOBY,M2,400,HPG,BONCAT,A,1.324211989
MOBY,M2,400,HPG,BONCAT,A,7.603438274
MOBY,M2,400,HPG,BONCAT,A,10.2805432
MOBY,M2,400,HPG,BONCAT,A,1.164769119
MOBY,M2,400,HPG,BONCAT,A,7.172096303
MOBY,M2,400,HPG,BONCAT,A,3.280774937
MOBY,M2,400,HPG,BONCAT,A,1.734814749
MOBY,M2,400,HPG,BONCAT,A,1.77492595
MOBY,M2,400,HPG,BONCAT,A,6.927288291
MOBY,M2,400,HPG,BONCAT,A,2.781520281
MOBY,M2,400,HPG,BONCAT,A,1.594338177
MOBY,M2,400,HPG,BONCAT,A,6.434119775
MOBY,M2,400,HPG,BONCAT,A,2.478893704
MOBY,M2,400,HPG,BONCAT,A,4.553504816
MOBY,M2,400,HPG,BONCAT,A,2.271048844
MOBY,M2,400,HPG,BONCAT,A,12.07562301
MOBY,M2,400,HPG,BONCAT,A,7.837238734
MOBY,M2,400,HPG,BONCAT,A,8.290321955
MOBY,M2,400,HPG,BONCAT,A,6.152955254
MOBY,M2,400,HPG,BONCAT,A,2.479076127
MOBY,M2,400,HPG,BONCAT,A,2.050437464
MOBY,M2,400,HPG,BONCAT,A,5.523155591
MOBY,M2,400,HPG,BONCAT,A,5.087663657
MOBY,M2,400,HPG,BONCAT,A,1.238523045
MOBY,M2,400,HPG,BONCAT,A,2.918745736
MOBY,M2,400,HPG,BONCAT,A,0.96032332
MOBY,M2,400,HPG,BONCAT,A,7.445968685
MOBY,M2,400,HPG,BONCAT,A,5.193476596
MOBY,M2,400,HPG,BONCAT,A,2.4995648
MOBY,M2,400,HPG,BONCAT,A,8.534595217
MOBY,M2,400,HPG,BONCAT,A,6.374453611
MOBY,M2,400,HPG,BONCAT,A,2.671503574
MOBY,M2,400,HPG,BONCAT,A,2.573909772
MOBY,M2,400,HPG,BONCAT,A,4.349799991
MOBY,M2,400,HPG,BONCAT,A,1.650023753
MOBY,M2,400,HPG,BONCAT,A,5.784528069
MOBY,M2,400,HPG,BONCAT,A,2.711470419
MOBY,M2,400,HPG,BONCAT,A,6.608464702
MOBY,M2,400,HPG,BONCAT,A,7.849063776
MOBY,M2,400,HPG,BONCAT,A,2.14787466
MOBY,M2,400,HPG,BONCAT,A,3.535297977
MOBY,M2,400,HPG,BONCAT,A,5.142562768
MOBY,M2,400,HPG,BONCAT,A,2.177108612
MOBY,M2,400,HPG,BONCAT,A,5.96962032
MOBY,M2,400,HPG,BONCAT,A,6.796567359
MOBY,M2,400,HPG,BONCAT,A,3.09770272
MOBY,M2,400,HPG,BONCAT,A,2.677597759
MOBY,M2,400,HPG,BONCAT,A,5.041695398
MOBY,M2,400,HPG,BONCAT,A,8.128543593
MOBY,M2,400,HPG,BONCAT,A,1.588890551
MOBY,M2,400,HPG,BONCAT,A,5.428735283
MOBY,M2,400,HPG,BONCAT,A,3.40047039
MOBY,M2,400,HPG,BONCAT,A,6.782259492
MOBY,M2,400,HPG,BONCAT,A,8.680104263
MOBY,M2,400,HPG,BONCAT,A,2.297418104
MOBY,M2,400,HPG,BONCAT,A,1.279344677
MOBY,M2,400,HPG,BONCAT,A,8.033191884
MOBY,M2,400,HPG,BONCAT,A,0.430567118
MOBY,M2,400,HPG,BONCAT,A,1.181685967
MOBY,M2,400,HPG,BONCAT,A,5.869911289
MOBY,M2,400,HPG,BONCAT,A,0.472439456
MOBY,M2,400,HPG,BONCAT,A,1.613316544
MOBY,M2,400,HPG,BONCAT,A,1.303146809
MOBY,M2,400,HPG,BONCAT,A,1.221174586
MOBY,M2,400,HPG,BONCAT,A,2.977195285
MOBY,M2,400,HPG,BONCAT,A,5.431594131
MOBY,M2,400,HPG,BONCAT,A,0.860798838
MOBY,M2,400,HPG,BONCAT,A,1.132855858
MOBY,M2,400,HPG,BONCAT,A,1.047044271
MOBY,M2,400,HPG,BONCAT,A,8.445816679
MOBY,M2,400,HPG,BONCAT,A,2.43821208
MOBY,M2,400,HPG,BONCAT,A,0.694983227
MOBY,M2,400,HPG,BONCAT,A,5.051200869
MOBY,M2,400,HPG,BONCAT,A,2.007356729
MOBY,M2,400,HPG,BONCAT,A,9.420772905
MOBY,M2,400,HPG,BONCAT,A,11.93333453
MOBY,M2,400,HPG,BONCAT,A,3.036620339
MOBY,M2,400,HPG,BONCAT,A,5.676764079
MOBY,M2,400,HPG,BONCAT,A,0.802080207
MOBY,M2,400,HPG,BONCAT,A,1.644634726
MOBY,M2,400,HPG,BONCAT,A,10.29610106
MOBY,M2,400,HPG,BONCAT,A,0.824450085
MOBY,M2,400,HPG,BONCAT,A,5.385185326
MOBY,M2,400,HPG,BONCAT,A,1.80381936
MOBY,M2,400,HPG,BONCAT,A,0.630883543
MOBY,M2,400,HPG,BONCAT,A,9.423471894
MOBY,M2,400,HPG,BONCAT,A,2.007217128
MOBY,M2,400,HPG,BONCAT,A,3.913721823
MOBY,M2,400,HPG,BONCAT,A,3.631861939
MOBY,M2,400,HPG,BONCAT,A,7.247870372
MOBY,M2,400,HPG,BONCAT,A,4.522422104
MOBY,M2,400,HPG,BONCAT,A,2.406615912
MOBY,M2,400,HPG,BONCAT,A,6.494272055
MOBY,M2,400,HPG,BONCAT,A,4.192885234
MOBY,M2,400,HPG,BONCAT,A,3.297074246
MOBY,M2,400,HPG,BONCAT,A,3.712709908
MOBY,M2,400,HPG,BONCAT,A,2.645679126
MOBY,M2,400,HPG,BONCAT,A,0.936179527
MOBY,M2,400,HPG,BONCAT,A,2.391107718
MOBY,M2,400,HPG,BONCAT,A,0.863529887
MOBY,M2,400,HPG,BONCAT,A,8.565724465
MOBY,M2,400,HPG,BONCAT,A,5.316661639
MOBY,M2,400,HPG,BONCAT,A,2.210538094
MOBY,M2,400,HPG,BONCAT,A,4.598205271
MOBY,M2,400,HPG,BONCAT,A,6.545993396
MOBY,M2,400,HPG,BONCAT,A,7.809716146
MOBY,M2,400,HPG,BONCAT,A,1.790336354
MOBY,M2,400,HPG,BONCAT,A,1.802042874
MOBY,M2,400,HPG,BONCAT,A,11.18793301
MOBY,M2,400,HPG,BONCAT,A,2.051657356
MOBY,M2,400,HPG,BONCAT,A,7.86563365
MOBY,M2,400,HPG,BONCAT,A,9.378899645
MOBY,M2,400,HPG,BONCAT,A,18.90983744
MOBY,M2,400,HPG,BONCAT,A,1.258933938
MOBY,M2,400,HPG,BONCAT,A,1.580475626
MOBY,M2,400,HPG,BONCAT,A,10.5324279
MOBY,M2,400,HPG,BONCAT,A,0.916726446
MOBY,M2,400,HPG,BONCAT,A,2.126410214
MOBY,M2,400,HPG,BONCAT,A,3.542174087
MOBY,M2,400,HPG,BONCAT,A,2.47972062
MOBY,M2,400,HPG,BONCAT,A,8.140412613
MOBY,M2,400,HPG,BONCAT,A,0.917537032
MOBY,M2,400,HPG,BONCAT,A,5.748881514
MOBY,M2,400,HPG,BONCAT,A,0.54724368
MOBY,M2,400,HPG,BONCAT,A,5.313627444
MOBY,M2,400,HPG,BONCAT,A,4.330191285
MOBY,M2,400,HPG,BONCAT,A,0.407194073
MOBY,M2,400,HPG,BONCAT,A,2.92898746
MOBY,M2,400,HPG,BONCAT,A,1.577418482
MOBY,M2,400,HPG,BONCAT,A,2.329268721
MOBY,M2,400,HPG,BONCAT,A,2.068260498
MOBY,M2,400,HPG,BONCAT,A,1.729122371
MOBY,M2,400,HPG,BONCAT,A,7.218950055
MOBY,M2,400,HPG,BONCAT,A,3.220145234
MOBY,M2,400,HPG,BONCAT,A,15.46289993
MOBY,M2,400,HPG,BONCAT,A,1.779608638
MOBY,M2,400,HPG,BONCAT,A,4.56881154
MOBY,M2,400,HPG,BONCAT,A,3.761671846
MOBY,M2,400,HPG,BONCAT,A,1.299059146
MOBY,M2,400,HPG,BONCAT,A,6.357202502
MOBY,M2,400,HPG,BONCAT,A,1.070190721
MOBY,M2,400,HPG,BONCAT,A,3.822046202
MOBY,M2,400,HPG,BONCAT,A,1.228726033
MOBY,M2,400,HPG,BONCAT,A,1.039265114
MOBY,M2,400,HPG,BONCAT,A,6.554028147
MOBY,M2,400,HPG,BONCAT,A,16.57109098
MOBY,M2,400,HPG,BONCAT,A,6.357625355
MOBY,M2,400,HPG,BONCAT,A,5.775133447
MOBY,M2,400,HPG,BONCAT,A,3.085152381
MOBY,M2,400,HPG,BONCAT,A,0.444926343
MOBY,M2,400,HPG,BONCAT,A,6.27368292
MOBY,M2,400,HPG,BONCAT,A,1.889532737
MOBY,M2,400,HPG,BONCAT,A,5.253974672
MOBY,M2,400,HPG,BONCAT,A,1.572501804
MOBY,M2,400,HPG,BONCAT,A,2.541388455
MOBY,M2,400,HPG,BONCAT,A,2.891491378
MOBY,M2,400,HPG,BONCAT,A,4.58760221
MOBY,M2,400,HPG,BONCAT,A,1.626452832
MOBY,M2,400,HPG,BONCAT,A,10.78699742
MOBY,M2,400,HPG,BONCAT,A,0.524939716
MOBY,M2,400,HPG,BONCAT,A,3.009829757
MOBY,M2,400,HPG,BONCAT,A,12.17006168
MOBY,M2,400,HPG,BONCAT,A,1.498358025
MOBY,M2,400,HPG,BONCAT,A,10.90019649
MOBY,M2,400,HPG,BONCAT,A,0.609096684
MOBY,M2,400,HPG,BONCAT,A,8.324699658
MOBY,M2,400,HPG,BONCAT,A,8.608416221
MOBY,M2,400,HPG,BONCAT,A,2.419565924
MOBY,M2,400,HPG,BONCAT,A,2.747011287
MOBY,M2,400,HPG,BONCAT,A,5.644204191
MOBY,M2,400,HPG,BONCAT,A,5.063198892
MOBY,M2,400,HPG,BONCAT,A,0.885115189
MOBY,M2,400,HPG,BONCAT,A,3.71684373
MOBY,M2,400,HPG,BONCAT,A,5.077306149
MOBY,M2,400,HPG,BONCAT,A,10.45233378
MOBY,M2,400,HPG,BONCAT,A,4.313764219
MOBY,M2,400,HPG,BONCAT,A,9.463365845
MOBY,M2,400,HPG,BONCAT,A,7.822686111
MOBY,M2,400,HPG,BONCAT,A,3.609465406
MOBY,M2,400,HPG,BONCAT,A,3.408754854
MOBY,M2,400,HPG,BONCAT,A,2.796931293
MOBY,M2,400,HPG,BONCAT,A,3.684660913
MOBY,M2,400,HPG,BONCAT,A,1.583974053
MOBY,M2,400,HPG,BONCAT,A,10.75651821
MOBY,M2,400,HPG,BONCAT,A,6.564109329
MOBY,M2,400,HPG,BONCAT,A,7.23964197
MOBY,M2,400,HPG,BONCAT,A,7.938620018
MOBY,M2,400,HPG,BONCAT,A,6.138190366
MOBY,M2,400,HPG,BONCAT,A,3.478651108
MOBY,M2,400,HPG,BONCAT,A,2.432226865
MOBY,M2,400,HPG,BONCAT,A,7.214067625
MOBY,M2,400,HPG,BONCAT,A,4.253277408
MOBY,M2,400,HPG,BONCAT,A,5.711711162
MOBY,M2,400,HPG,BONCAT,A,5.939726553
MOBY,M2,400,HPG,BONCAT,A,6.463564403
MOBY,M2,400,HPG,BONCAT,A,3.572334253
MOBY,M2,400,HPG,BONCAT,A,5.950307184
MOBY,M2,400,HPG,BONCAT,A,2.908906418
MOBY,M2,400,HPG,BONCAT,A,6.062499685
MOBY,M2,400,HPG,BONCAT,A,2.369272079
MOBY,M2,400,HPG,BONCAT,A,1.317595992
MOBY,M2,400,HPG,BONCAT,A,5.256728121
MOBY,M2,400,HPG,BONCAT,A,6.409615559
MOBY,M2,400,HPG,BONCAT,A,4.86820649
MOBY,M2,400,HPG,BONCAT,A,13.99709136
MOBY,M2,400,HPG,BONCAT,A,1.243348264
MOBY,M2,400,HPG,BONCAT,A,3.611397424
MOBY,M2,400,HPG,BONCAT,A,3.501384464
MOBY,M2,400,HPG,BONCAT,A,3.757133786
MOBY,M2,400,HPG,BONCAT,A,7.249485187
MOBY,M2,400,HPG,BONCAT,A,10.00617296
MOBY,M2,400,HPG,BONCAT,A,5.807016166
MOBY,M2,400,HPG,BONCAT,A,1.542921734
MOBY,M2,400,HPG,BONCAT,A,2.099980499
MOBY,M2,400,HPG,BONCAT,A,5.017265892
MOBY,M2,400,HPG,BONCAT,A,1.968853044
MOBY,M2,400,HPG,BONCAT,A,3.423414776
MOBY,M2,400,HPG,BONCAT,A,1.912154021
MOBY,M2,400,HPG,BONCAT,A,7.336511522
MOBY,M2,400,HPG,BONCAT,A,2.037056217
MOBY,M2,400,HPG,BONCAT,A,6.24823741
MOBY,M2,400,HPG,BONCAT,A,15.17506724
MOBY,M2,400,HPG,BONCAT,A,0.879613405
MOBY,M2,400,HPG,BONCAT,A,0.698733056
MOBY,M2,400,HPG,BONCAT,A,0.436017335
MOBY,M2,400,HPG,BONCAT,A,0.510171725
MOBY,M2,400,HPG,BONCAT,A,7.229407218
MOBY,M2,400,HPG,BONCAT,A,5.265594031
MOBY,M2,400,HPG,BONCAT,A,5.960132122
MOBY,M2,400,HPG,BONCAT,A,0.67230519
MOBY,M2,400,HPG,BONCAT,A,6.167888429
MOBY,M2,400,HPG,BONCAT,A,4.464450036
MOBY,M2,400,HPG,BONCAT,A,5.192644977
MOBY,M2,400,HPG,BONCAT,A,3.010542687
MOBY,M2,400,HPG,BONCAT,A,9.41515654
MOBY,M2,400,HPG,BONCAT,A,2.590640889
MOBY,M2,400,HPG,BONCAT,A,2.803845207
MOBY,M2,400,HPG,BONCAT,A,2.025650507
MOBY,M2,400,HPG,BONCAT,A,4.0820817
MOBY,M2,400,HPG,BONCAT,A,3.697537889
MOBY,M2,400,HPG,BONCAT,A,3.575861047
MOBY,M2,400,HPG,BONCAT,A,2.260567109
MOBY,M2,400,HPG,BONCAT,A,7.350767905
MOBY,M2,400,HPG,BONCAT,A,6.377239133
MOBY,M2,400,HPG,BONCAT,A,10.21083946
MOBY,M2,400,HPG,BONCAT,A,3.520714203
MOBY,M2,400,HPG,BONCAT,A,5.91414508
MOBY,M2,400,HPG,BONCAT,A,3.533055456
MOBY,M2,400,HPG,BONCAT,A,6.109918163
MOBY,M2,400,HPG,BONCAT,A,1.790642195
MOBY,M2,400,HPG,BONCAT,A,7.431144053
MOBY,M2,400,HPG,BONCAT,A,0.697132277
MOBY,M2,400,HPG,BONCAT,A,0.512529992
MOBY,M2,400,HPG,BONCAT,A,0.582055144
MOBY,M2,400,HPG,BONCAT,A,1.740413501
MOBY,M2,400,HPG,BONCAT,A,26.29786387
MOBY,M2,400,HPG,BONCAT,A,7.271762948
MOBY,M2,400,HPG,BONCAT,A,8.750367576
MOBY,M2,400,HPG,BONCAT,A,5.821219221
MOBY,M2,400,HPG,BONCAT,A,2.200181505
MOBY,M2,400,HPG,BONCAT,A,1.241554686
MOBY,M2,400,HPG,BONCAT,A,7.900689696
MOBY,M2,400,HPG,BONCAT,A,0.744897884
MOBY,M2,400,HPG,BONCAT,A,6.068578647
MOBY,M2,400,HPG,BONCAT,A,1.721692007
MOBY,M2,400,HPG,BONCAT,A,16.49242574
MOBY,M2,400,HPG,BONCAT,A,4.403752021
MOBY,M2,400,HPG,BONCAT,A,1.132855858
MOBY,M2,400,HPG,BONCAT,A,1.925168074
MOBY,M2,400,HPG,BONCAT,A,2.820682712
MOBY,M2,400,HPG,BONCAT,A,4.971906925
MOBY,M2,400,HPG,BONCAT,A,7.307457675
MOBY,M2,400,HPG,BONCAT,A,13.82318023
MOBY,M2,400,HPG,BONCAT,A,2.067863085
MOBY,M2,400,HPG,BONCAT,A,3.929606228
MOBY,M2,400,HPG,BONCAT,A,5.885201537
MOBY,M2,400,HPG,BONCAT,A,0.728023175
MOBY,M2,400,HPG,BONCAT,A,1.216680773
MOBY,M2,400,HPG,BONCAT,A,0.985552021
MOBY,M2,400,HPG,BONCAT,A,3.251225891
MOBY,M2,400,HPG,BONCAT,A,5.242798625
MOBY,M2,400,HPG,BONCAT,A,5.015264866
MOBY,M2,400,HPG,BONCAT,A,1.404517011
MOBY,M2,400,HPG,BONCAT,A,7.719698481
MOBY,M2,400,HPG,BONCAT,A,9.441095253
MOBY,M2,400,HPG,BONCAT,A,4.316513463
MOBY,M2,400,HPG,BONCAT,A,0.540875785
MOBY,M2,400,HPG,BONCAT,A,5.352036689
MOBY,M2,400,HPG,BONCAT,A,0.954011559
MOBY,M2,400,HPG,BONCAT,A,18.37565517
MOBY,M2,400,HPG,BONCAT,A,2.851233768
MOBY,M2,400,HPG,BONCAT,A,3.904723809
MOBY,M2,400,HPG,BONCAT,A,3.067123106
MOBY,M2,400,HPG,BONCAT,A,3.700345798
MOBY,M2,400,HPG,BONCAT,A,1.49465521
MOBY,M2,400,HPG,BONCAT,A,1.140457841
MOBY,M2,400,HPG,BONCAT,A,7.677388994
MOBY,M2,400,HPG,BONCAT,A,5.424385255
MOBY,M2,400,HPG,BONCAT,A,8.62438913
MOBY,M2,400,HPG,BONCAT,A,0.615493343
MOBY,M2,400,HPG,BONCAT,A,6.43285675
MOBY,M2,400,HPG,BONCAT,A,9.613773295
MOBY,M2,400,HPG,BONCAT,A,2.684286847
MOBY,M2,400,HPG,BONCAT,A,0.683024014
MOBY,M2,400,HPG,BONCAT,A,7.659404285
MOBY,M2,400,HPG,BONCAT,A,6.282820795
MOBY,M2,400,HPG,BONCAT,A,11.71114492
MOBY,M2,400,HPG,BONCAT,A,3.047281139
MOBY,M2,400,HPG,BONCAT,A,0.616328702
MOBY,M2,400,HPG,BONCAT,A,2.788774159
MOBY,M2,400,HPG,BONCAT,A,3.015520035
MOBY,M2,400,HPG,BONCAT,A,7.022449745
MOBY,M2,400,HPG,BONCAT,A,1.23598134
MOBY,M2,400,HPG,BONCAT,A,0.93021136
MOBY,M2,400,HPG,BONCAT,A,2.713718588
MOBY,M2,400,HPG,BONCAT,A,1.686572613
MOBY,M2,400,HPG,BONCAT,A,1.675561259
MOBY,M2,400,HPG,BONCAT,A,7.552173619
MOBY,M2,400,HPG,BONCAT,A,2.976669465
MOBY,M2,400,HPG,BONCAT,A,4.984576037
MOBY,M2,400,HPG,BONCAT,A,2.819699284
MOBY,M2,400,HPG,BONCAT,A,7.037671949
MOBY,M2,400,HPG,BONCAT,A,7.979697378
MOBY,M2,400,HPG,BONCAT,A,5.065815751
MOBY,M2,400,HPG,BONCAT,A,4.996182232
MOBY,M2,400,HPG,BONCAT,A,1.168861855
MOBY,M2,400,HPG,BONCAT,A,10.34419033
MOBY,M2,400,HPG,BONCAT,A,1.448701134
MOBY,M2,400,HPG,BONCAT,A,5.509890812
MOBY,M2,400,HPG,BONCAT,A,2.029097786
MOBY,M2,400,HPG,BONCAT,A,6.345592995
MOBY,M2,400,HPG,BONCAT,A,2.012309089
MOBY,M2,400,HPG,BONCAT,A,4.807178527
MOBY,M2,400,HPG,BONCAT,A,5.032199066
MOBY,M2,400,HPG,BONCAT,A,7.951969317
MOBY,M2,400,HPG,BONCAT,A,14.49958327
MOBY,M2,400,HPG,BONCAT,A,4.74120638
MOBY,M2,400,HPG,BONCAT,A,0.642832095
MOBY,M2,400,HPG,BONCAT,A,4.041324141
MOBY,M2,400,HPG,BONCAT,A,6.019645512
MOBY,M2,400,HPG,BONCAT,A,11.62660171
MOBY,M2,400,HPG,BONCAT,A,4.45450402
MOBY,M2,400,HPG,BONCAT,A,7.295855379
MOBY,M2,400,HPG,BONCAT,A,1.37746977
MOBY,M2,400,HPG,BONCAT,A,0.643649628
MOBY,M2,400,HPG,BONCAT,A,4.487225947
MOBY,M2,400,HPG,BONCAT,A,5.672631892
MOBY,M2,400,HPG,BONCAT,A,2.378739919
MOBY,M2,400,HPG,BONCAT,A,8.253053499
MOBY,M2,400,HPG,BONCAT,A,8.032871537
MOBY,M2,400,HPG,BONCAT,A,7.147911679
MOBY,M2,400,HPG,BONCAT,A,8.434181976
MOBY,M2,400,HPG,BONCAT,A,4.876300188
MOBY,M2,400,HPG,BONCAT,A,7.262631739
MOBY,M2,400,HPG,BONCAT,A,13.84059611
MOBY,M2,400,HPG,BONCAT,A,2.868964128
MOBY,M2,400,HPG,BONCAT,A,8.966873409
MOBY,M2,400,HPG,BONCAT,A,4.904957385
MOBY,M2,400,HPG,BONCAT,A,6.045112781
MOBY,M2,400,HPG,BONCAT,A,6.995647718
MOBY,M2,400,HPG,BONCAT,A,1.140469454
MOBY,M2,400,HPG,BONCAT,A,1.496986658
MOBY,M2,400,HPG,BONCAT,A,0.634702514
MOBY,M2,400,HPG,BONCAT,A,3.529624615
MOBY,M2,400,HPG,BONCAT,A,0.992876635
MOBY,M2,400,HPG,BONCAT,A,6.262655413
MOBY,M2,400,HPG,BONCAT,A,2.533465647
MOBY,M2,400,HPG,BONCAT,A,7.669083744
MOBY,M2,400,HPG,BONCAT,A,0.974983141
MOBY,M2,400,HPG,BONCAT,A,5.928645088
MOBY,M2,400,HPG,BONCAT,A,1.682144857
MOBY,M2,400,HPG,BONCAT,A,1.426699029
MOBY,M2,400,HPG,BONCAT,A,9.779138612
MOBY,M2,400,HPG,BONCAT,A,10.47711084
MOBY,M2,400,HPG,BONCAT,A,8.13416591
MOBY,M2,400,HPG,BONCAT,A,15.44996996
MOBY,M2,400,HPG,BONCAT,A,7.071446522
MOBY,M2,400,HPG,BONCAT,A,11.71287319
MOBY,M2,400,HPG,BONCAT,A,2.206796726
MOBY,M2,400,HPG,BONCAT,A,2.642788499
MOBY,M2,400,HPG,BONCAT,A,10.90218968
MOBY,M2,400,HPG,BONCAT,A,0.602207019
MOBY,M2,400,HPG,BONCAT,A,7.63603166
MOBY,M2,400,HPG,BONCAT,A,5.688672886
MOBY,M2,400,HPG,BONCAT,A,3.151801613
MOBY,M2,400,HPG,BONCAT,A,7.38420511
MOBY,M2,400,HPG,BONCAT,A,8.747456364
MOBY,M2,400,HPG,BONCAT,A,8.325967127
MOBY,M2,400,HPG,BONCAT,A,9.05784088
MOBY,M2,400,HPG,BONCAT,A,9.930227759
MOBY,M2,400,HPG,BONCAT,A,30.35836971
MOBY,M2,400,HPG,BONCAT,A,3.555990772
MOBY,M2,400,HPG,BONCAT,A,0.441781987
MOBY,M2,400,HPG,BONCAT,A,9.079536934
MOBY,M2,400,HPG,BONCAT,A,6.104410384
MOBY,M2,400,HPG,BONCAT,A,4.885528914
MOBY,M2,400,HPG,BONCAT,A,5.740353099
MOBY,M2,400,HPG,BONCAT,A,13.79961345
MOBY,M2,400,HPG,BONCAT,A,18.93652158
MOBY,M2,400,HPG,BONCAT,A,5.113770615
MOBY,M2,400,HPG,BONCAT,A,2.257535732
MOBY,M2,400,HPG,BONCAT,A,2.888829857
MOBY,M2,400,HPG,BONCAT,A,0.487375146
MOBY,M2,400,HPG,BONCAT,A,3.097288923
MOBY,M2,400,HPG,BONCAT,A,5.061483961
MOBY,M2,400,HPG,BONCAT,A,1.835814521
MOBY,M2,400,HPG,BONCAT,A,1.604459942
MOBY,M2,400,HPG,BONCAT,A,15.71933699
MOBY,M2,400,HPG,BONCAT,A,10.55110747
MOBY,M2,400,HPG,BONCAT,A,4.608962112
MOBY,M2,400,HPG,BONCAT,A,3.522836559
MOBY,M2,400,HPG,BONCAT,A,6.08576754
MOBY,M2,400,HPG,BONCAT,A,4.477898027
MOBY,M2,400,HPG,BONCAT,A,7.651559201
MOBY,M2,400,HPG,BONCAT,A,9.411531266
MOBY,M2,400,HPG,BONCAT,A,10.95892295
MOBY,M2,400,HPG,BONCAT,A,1.726154589
MOBY,M2,400,HPG,BONCAT,A,6.698078674
MOBY,M2,400,HPG,BONCAT,A,1.0768701
MOBY,M2,400,HPG,BONCAT,A,5.594244319
MOBY,M2,400,HPG,BONCAT,A,1.688929203
MOBY,M2,400,HPG,BONCAT,A,6.723560994
MOBY,M2,400,HPG,BONCAT,A,1.447980909
MOBY,M2,400,HPG,BONCAT,A,8.714840506
MOBY,M2,400,HPG,BONCAT,A,12.59019268
MOBY,M2,400,HPG,BONCAT,A,8.522382665
MOBY,M2,400,HPG,BONCAT,A,9.692476687
MOBY,M2,400,HPG,BONCAT,A,3.571693475
MOBY,M2,400,HPG,BONCAT,A,6.250214203
MOBY,M2,400,HPG,BONCAT,A,2.826170133
MOBY,M2,400,HPG,BONCAT,A,8.712695427
MOBY,M2,400,HPG,BONCAT,A,10.91747544
MOBY,M2,400,HPG,BONCAT,A,2.546338614
MOBY,M2,400,HPG,BONCAT,A,2.667994821
MOBY,M2,400,HPG,BONCAT,A,7.812988582
MOBY,M2,400,HPG,BONCAT,A,2.786189394
MOBY,M2,400,HPG,BONCAT,A,5.039319397
MOBY,M2,400,HPG,BONCAT,A,4.696095355
MOBY,M2,400,HPG,BONCAT,A,7.268894876
MOBY,M2,400,HPG,BONCAT,A,4.04877312
MOBY,M2,400,HPG,BONCAT,A,2.566973449
MOBY,M2,400,HPG,BONCAT,A,2.416529847
MOBY,M2,400,HPG,BONCAT,A,7.496722738
MOBY,M2,400,HPG,BONCAT,A,0.399422999
MOBY,M2,400,HPG,BONCAT,A,12.10582727
MOBY,M2,400,HPG,BONCAT,A,1.747536209
MOBY,M2,400,HPG,BONCAT,A,8.484072253
MOBY,M2,400,HPG,BONCAT,A,8.955992051
MOBY,M2,400,HPG,BONCAT,A,7.721643621
MOBY,M2,400,HPG,BONCAT,A,1.561849091
MOBY,M2,400,HPG,BONCAT,A,2.386640402
MOBY,M2,400,HPG,BONCAT,A,7.744390562
MOBY,M2,400,HPG,BONCAT,A,0.551962511
MOBY,M2,400,HPG,BONCAT,A,5.688161237
MOBY,M2,400,HPG,BONCAT,A,3.887067455
MOBY,M2,400,HPG,BONCAT,A,6.051443711
MOBY,M2,400,HPG,BONCAT,A,3.375655805
MOBY,M2,400,HPG,BONCAT,A,6.459219658
MOBY,M2,400,HPG,BONCAT,A,13.87914817
MOBY,M2,400,HPG,BONCAT,A,7.358146576
MOBY,M2,400,HPG,BONCAT,A,4.266120927
MOBY,M2,400,HPG,BONCAT,A,0.82594536
MOBY,M2,400,HPG,BONCAT,A,5.600055298
MOBY,M2,400,HPG,BONCAT,A,5.313674752
MOBY,M2,400,HPG,BONCAT,A,6.221184714
MOBY,M2,400,HPG,BONCAT,A,7.775425856
MOBY,M2,400,HPG,BONCAT,A,1.481401721
MOBY,M2,400,HPG,BONCAT,A,2.61398301
MOBY,M2,400,HPG,BONCAT,A,1.478668111
MOBY,M2,400,HPG,BONCAT,A,2.219482831
MOBY,M2,400,HPG,BONCAT,A,8.617269218
MOBY,M2,400,HPG,BONCAT,A,4.212812148
MOBY,M2,400,HPG,BONCAT,A,3.91686815
MOBY,M2,400,HPG,BONCAT,A,4.38539523
MOBY,M2,400,HPG,BONCAT,A,4.350383919
MOBY,M2,400,HPG,BONCAT,A,1.034382131
MOBY,M2,400,HPG,BONCAT,A,0.365943136
MOBY,M2,400,HPG,BONCAT,A,1.016454289
MOBY,M2,400,HPG,BONCAT,A,12.27166181
MOBY,M2,400,HPG,BONCAT,A,0.973183597
MOBY,M2,400,HPG,BONCAT,A,2.512969138
MOBY,M2,400,HPG,BONCAT,A,3.466739324
MOBY,M2,400,HPG,BONCAT,A,0.855444465
MOBY,M2,100,HPG,BONCAT,A,29.97674284
MOBY,M2,100,HPG,BONCAT,A,2.674552146
MOBY,M2,100,HPG,BONCAT,A,17.93035979
MOBY,M2,100,HPG,BONCAT,A,4.975418198
MOBY,M2,100,HPG,BONCAT,A,2.071293205
MOBY,M2,100,HPG,BONCAT,A,2.316646496
MOBY,M2,100,HPG,BONCAT,A,17.56803222
MOBY,M2,100,HPG,BONCAT,A,8.819168984
MOBY,M2,100,HPG,BONCAT,A,1.778463247
MOBY,M2,100,HPG,BONCAT,A,3.475323574
MOBY,M2,100,HPG,BONCAT,A,62.41147176
MOBY,M2,100,HPG,BONCAT,A,30.42160357
MOBY,M2,100,HPG,BONCAT,A,1.513469546
MOBY,M2,100,HPG,BONCAT,A,6.458881308
MOBY,M2,100,HPG,BONCAT,A,31.31064269
MOBY,M2,100,HPG,BONCAT,A,8.983293377
MOBY,M2,100,HPG,BONCAT,A,4.378405113
MOBY,M2,100,HPG,BONCAT,A,13.44807613
MOBY,M2,100,HPG,BONCAT,A,8.876692488
MOBY,M2,100,HPG,BONCAT,A,1.449227275
MOBY,M2,100,HPG,BONCAT,A,4.824956355
MOBY,M2,100,HPG,BONCAT,A,4.919034709
MOBY,M2,100,HPG,BONCAT,A,10.19240755
MOBY,M2,100,HPG,BONCAT,A,11.30143968
MOBY,M2,100,HPG,BONCAT,A,8.728369404
MOBY,M2,100,HPG,BONCAT,A,30.600245
MOBY,M2,100,HPG,BONCAT,A,22.44987686
MOBY,M2,100,HPG,BONCAT,A,11.12414074
MOBY,M2,100,HPG,BONCAT,A,3.411326307
MOBY,M2,100,HPG,BONCAT,A,5.212641568
MOBY,M2,100,HPG,BONCAT,A,0.802114547
MOBY,M2,100,HPG,BONCAT,A,32.49111081
MOBY,M2,100,HPG,BONCAT,A,0.694508341
MOBY,M2,100,HPG,BONCAT,A,2.732434077
MOBY,M2,100,HPG,BONCAT,A,17.45030659
MOBY,M2,100,HPG,BONCAT,A,8.827418985
MOBY,M2,100,HPG,BONCAT,A,15.29281253
MOBY,M2,100,HPG,BONCAT,A,74.81195811
MOBY,M2,100,HPG,BONCAT,A,11.69331171
MOBY,M2,100,HPG,BONCAT,A,3.934565182
MOBY,M2,100,HPG,BONCAT,A,23.57308413
MOBY,M2,100,HPG,BONCAT,A,11.78988332
MOBY,M2,100,HPG,BONCAT,A,8.143710569
MOBY,M2,100,HPG,BONCAT,A,12.48391957
MOBY,M2,100,HPG,BONCAT,A,26.10722002
MOBY,M2,100,HPG,BONCAT,A,6.365684366
MOBY,M2,100,HPG,BONCAT,A,5.635789918
MOBY,M2,100,HPG,BONCAT,A,4.757707907
MOBY,M2,100,HPG,BONCAT,A,5.502069583
MOBY,M2,100,HPG,BONCAT,A,3.328863903
MOBY,M2,100,HPG,BONCAT,A,6.492347015
MOBY,M2,100,HPG,BONCAT,A,8.798001503
MOBY,M2,100,HPG,BONCAT,A,13.38540878
MOBY,M2,100,HPG,BONCAT,A,6.385603098
MOBY,M2,100,HPG,BONCAT,A,23.87626586
MOBY,M2,100,HPG,BONCAT,A,3.511474328
MOBY,M2,100,HPG,BONCAT,A,9.906521909
MOBY,M2,100,HPG,BONCAT,A,5.212339264
MOBY,M2,100,HPG,BONCAT,A,10.82801518
MOBY,M2,100,HPG,BONCAT,A,12.47669098
MOBY,M2,100,HPG,BONCAT,A,3.841698095
MOBY,M2,100,HPG,BONCAT,A,4.877191994
MOBY,M2,100,HPG,BONCAT,A,8.073320495
MOBY,M2,100,HPG,BONCAT,A,28.50315933
MOBY,M2,100,HPG,BONCAT,A,13.1233405
MOBY,M2,100,HPG,BONCAT,A,15.32082471
MOBY,M2,100,HPG,BONCAT,A,26.73836766
MOBY,M2,100,HPG,BONCAT,A,25.36387381
MOBY,M2,100,HPG,BONCAT,A,22.814021
MOBY,M2,100,HPG,BONCAT,A,82.6377963
MOBY,M2,100,HPG,BONCAT,A,4.643620729
MOBY,M2,100,HPG,BONCAT,A,27.16614764
MOBY,M2,100,HPG,BONCAT,A,2.122445987
MOBY,M2,100,HPG,BONCAT,A,13.76913741
MOBY,M2,100,HPG,BONCAT,A,6.738470463
MOBY,M2,100,HPG,BONCAT,A,9.360805908
MOBY,M2,100,HPG,BONCAT,A,14.75515525
MOBY,M2,100,HPG,BONCAT,A,7.987595833
MOBY,M2,100,HPG,BONCAT,A,6.78592448
MOBY,M2,100,HPG,BONCAT,A,25.34957145
MOBY,M2,100,HPG,BONCAT,A,13.06072429
MOBY,M2,100,HPG,BONCAT,A,6.858501603
MOBY,M2,100,HPG,BONCAT,A,2.754379336
MOBY,M2,100,HPG,BONCAT,A,15.75250767
MOBY,M2,100,HPG,BONCAT,A,13.98831108
MOBY,M2,100,HPG,BONCAT,A,12.88509928
MOBY,M2,100,HPG,BONCAT,A,12.70810666
MOBY,M2,100,HPG,BONCAT,A,7.489706965
MOBY,M2,100,HPG,BONCAT,A,8.202090753
MOBY,M2,100,HPG,BONCAT,A,6.95552756
MOBY,M2,100,HPG,BONCAT,A,8.258450133
MOBY,M2,100,HPG,BONCAT,A,27.2130543
MOBY,M2,100,HPG,BONCAT,A,29.78035262
MOBY,M2,100,HPG,BONCAT,A,3.962273965
MOBY,M2,100,HPG,BONCAT,A,8.90131805
MOBY,M2,100,HPG,BONCAT,A,4.245918454
MOBY,M2,100,HPG,BONCAT,A,3.151230059
MOBY,M2,100,HPG,BONCAT,A,2.663477285
MOBY,M2,100,HPG,BONCAT,A,6.059106101
MOBY,M2,100,HPG,BONCAT,A,3.749822187
MOBY,M2,100,HPG,BONCAT,A,4.644940871
MOBY,M2,100,HPG,BONCAT,A,6.658199428
MOBY,M2,100,HPG,BONCAT,A,9.8125105
MOBY,M2,100,HPG,BONCAT,A,4.449193333
MOBY,M2,100,HPG,BONCAT,A,7.892538353
MOBY,M2,100,HPG,BONCAT,A,0.876482783
MOBY,M2,100,HPG,BONCAT,A,24.48663927
MOBY,M2,100,HPG,BONCAT,A,15.64879033
MOBY,M2,100,HPG,BONCAT,A,7.098900978
MOBY,M2,100,HPG,BONCAT,A,1.596329062
MOBY,M2,100,HPG,BONCAT,A,43.47540524
MOBY,M2,100,HPG,BONCAT,A,15.31633201
MOBY,M2,100,HPG,BONCAT,A,55.12943055
MOBY,M2,100,HPG,BONCAT,A,3.38432653
MOBY,M2,100,HPG,BONCAT,A,15.27711148
MOBY,M2,100,HPG,BONCAT,A,3.60904306
MOBY,M2,100,HPG,BONCAT,A,54.28753919
MOBY,M2,100,HPG,BONCAT,A,12.19833015
MOBY,M2,100,HPG,BONCAT,A,7.847066341
MOBY,M2,100,HPG,BONCAT,A,10.19068471
MOBY,M2,100,HPG,BONCAT,A,15.36950233
MOBY,M2,100,HPG,BONCAT,A,8.35359973
MOBY,M2,100,HPG,BONCAT,A,7.822643898
MOBY,M2,100,HPG,BONCAT,A,15.61049593
MOBY,M2,100,HPG,BONCAT,A,8.350835413
MOBY,M2,100,HPG,BONCAT,A,13.48773353
MOBY,M2,100,HPG,BONCAT,A,58.08936836
MOBY,M2,100,HPG,BONCAT,A,4.919957994
MOBY,M2,100,HPG,BONCAT,A,2.699246537
MOBY,M2,100,HPG,BONCAT,A,16.50262989
MOBY,M2,100,HPG,BONCAT,A,5.354073804
MOBY,M2,100,HPG,BONCAT,A,7.292735156
MOBY,M2,100,HPG,BONCAT,A,1.371079871
MOBY,M2,100,HPG,BONCAT,A,18.92326329
MOBY,M2,100,HPG,BONCAT,A,25.01931004
MOBY,M2,100,HPG,BONCAT,A,40.07188031
MOBY,M2,100,HPG,BONCAT,A,9.596872688
MOBY,M2,100,HPG,BONCAT,A,25.03135727
MOBY,M2,100,HPG,BONCAT,A,28.08607833
MOBY,M2,100,HPG,BONCAT,A,20.1288528
MOBY,M2,100,HPG,BONCAT,A,6.729482969
MOBY,M2,100,HPG,BONCAT,A,4.195448061
MOBY,M2,100,HPG,BONCAT,A,16.61907086
MOBY,M2,100,HPG,BONCAT,A,25.79185904
MOBY,M2,100,HPG,BONCAT,A,54.80874551
MOBY,M2,100,HPG,BONCAT,A,23.20242037
MOBY,M2,100,HPG,BONCAT,A,8.223502176
MOBY,M2,100,HPG,BONCAT,A,2.910061165
MOBY,M2,100,HPG,BONCAT,A,12.40763193
MOBY,M2,100,HPG,BONCAT,A,4.257115619
MOBY,M2,100,HPG,BONCAT,A,8.879455842
MOBY,M2,100,HPG,BONCAT,A,6.811107151
MOBY,M2,100,HPG,BONCAT,A,0.976624245
MOBY,M2,100,HPG,BONCAT,A,9.588927455
MOBY,M2,100,HPG,BONCAT,A,5.569251283
MOBY,M2,100,HPG,BONCAT,A,118.5669223
MOBY,M2,100,HPG,BONCAT,A,5.046809339
MOBY,M2,100,HPG,BONCAT,A,6.836009546
MOBY,M2,100,HPG,BONCAT,A,11.06577043
MOBY,M2,100,HPG,BONCAT,A,6.977279759
MOBY,M2,100,HPG,BONCAT,A,19.57708119
MOBY,M2,100,HPG,BONCAT,A,8.451025576
MOBY,M2,100,HPG,BONCAT,A,3.144511788
MOBY,M2,100,HPG,BONCAT,A,9.331806333
MOBY,M2,100,HPG,BONCAT,A,33.12738235
MOBY,M2,100,HPG,BONCAT,A,9.366444904
MOBY,M2,100,HPG,BONCAT,A,2.554517719
MOBY,M2,100,HPG,BONCAT,A,18.67488315
MOBY,M2,100,HPG,BONCAT,A,23.22906248
MOBY,M2,100,HPG,BONCAT,A,7.12065237
MOBY,M2,100,HPG,BONCAT,A,4.162597487
MOBY,M2,100,HPG,BONCAT,A,10.85891469
MOBY,M2,100,HPG,BONCAT,A,7.174718587
MOBY,M2,100,HPG,BONCAT,A,13.10110331
MOBY,M2,100,HPG,BONCAT,A,17.94976013
MOBY,M2,100,HPG,BONCAT,A,8.154904561
MOBY,M2,100,HPG,BONCAT,A,1.185327325
MOBY,M2,100,HPG,BONCAT,A,1.139840695
MOBY,M2,100,HPG,BONCAT,A,3.303897424
MOBY,M2,100,HPG,BONCAT,A,25.69399568
MOBY,M2,100,HPG,BONCAT,A,14.22370539
MOBY,M2,100,HPG,BONCAT,A,5.521065384
MOBY,M2,100,HPG,BONCAT,A,4.437871371
MOBY,M2,100,HPG,BONCAT,A,18.61125737
MOBY,M2,100,HPG,BONCAT,A,4.641310738
MOBY,M2,100,HPG,BONCAT,A,3.220675826
MOBY,M2,100,HPG,BONCAT,A,18.39984434
MOBY,M2,100,HPG,BONCAT,A,5.870224691
MOBY,M2,100,HPG,BONCAT,A,8.017997383
MOBY,M2,100,HPG,BONCAT,A,3.841448401
MOBY,M2,100,HPG,BONCAT,A,4.262767393
MOBY,M2,100,HPG,BONCAT,A,15.47859288
MOBY,M2,100,HPG,BONCAT,A,12.19183469
MOBY,M2,100,HPG,BONCAT,A,4.050637425
MOBY,M2,100,HPG,BONCAT,A,3.056950117
MOBY,M2,100,HPG,BONCAT,A,6.463886291
MOBY,M2,100,HPG,BONCAT,A,13.45716606
MOBY,M2,100,HPG,BONCAT,A,3.878916606
MOBY,M2,100,HPG,BONCAT,A,8.725686765
MOBY,M2,100,HPG,BONCAT,A,10.81054545
MOBY,M2,100,HPG,BONCAT,A,7.464628367
MOBY,M2,100,HPG,BONCAT,A,47.55086873
MOBY,M2,100,HPG,BONCAT,A,1.577260338
MOBY,M2,100,HPG,BONCAT,A,30.38193315
MOBY,M2,100,HPG,BONCAT,A,6.556489618
MOBY,M2,100,HPG,BONCAT,A,2.292241518
MOBY,M2,100,HPG,BONCAT,A,2.668824673
MOBY,M2,100,HPG,BONCAT,A,17.14822863
MOBY,M2,100,HPG,BONCAT,A,4.109540028
MOBY,M2,100,HPG,BONCAT,A,3.390001676
MOBY,M2,100,HPG,BONCAT,A,1.479691918
MOBY,M2,100,HPG,BONCAT,A,96.90095836
MOBY,M2,100,HPG,BONCAT,A,30.08132257
MOBY,M2,100,HPG,BONCAT,A,8.232209606
MOBY,M2,100,HPG,BONCAT,A,1.070371399
MOBY,M2,100,HPG,BONCAT,A,5.651560985
MOBY,M2,100,HPG,BONCAT,A,7.713154731
MOBY,M2,100,HPG,BONCAT,A,3.675967914
MOBY,M2,100,HPG,BONCAT,A,17.66708816
MOBY,M2,100,HPG,BONCAT,A,6.961783374
MOBY,M2,100,HPG,BONCAT,A,22.36916416
MOBY,M2,100,HPG,BONCAT,A,2.439897881
MOBY,M2,100,HPG,BONCAT,A,12.57098141
MOBY,M2,100,HPG,BONCAT,A,1.428814412
MOBY,M2,100,HPG,BONCAT,A,4.609686347
MOBY,M2,100,HPG,BONCAT,A,2.279542866
MOBY,M2,100,HPG,BONCAT,A,3.128617186
MOBY,M2,100,HPG,BONCAT,A,1.314074819
MOBY,M2,100,HPG,BONCAT,A,1.726557363
MOBY,M2,100,HPG,BONCAT,A,33.68648969
MOBY,M2,100,HPG,BONCAT,A,5.00290841
MOBY,M2,100,HPG,BONCAT,A,3.392666906
MOBY,M2,100,HPG,BONCAT,A,15.28721749
MOBY,M2,100,HPG,BONCAT,A,21.13066722
MOBY,M2,100,HPG,BONCAT,A,22.07044488
MOBY,M2,100,HPG,BONCAT,A,18.86495476
MOBY,M2,100,HPG,BONCAT,A,1.07387733
MOBY,M2,100,HPG,BONCAT,A,17.63594552
MOBY,M2,100,HPG,BONCAT,A,3.056011873
MOBY,M2,100,HPG,BONCAT,A,4.890555032
MOBY,M2,100,HPG,BONCAT,A,3.33903711
MOBY,M2,100,HPG,BONCAT,A,9.161830972
MOBY,M2,100,HPG,BONCAT,A,26.51614248
MOBY,M2,100,HPG,BONCAT,A,1.887738913
MOBY,M2,100,HPG,BONCAT,A,27.97552392
MOBY,M2,100,HPG,BONCAT,A,5.293235927
MOBY,M2,100,HPG,BONCAT,A,2.164053287
MOBY,M2,100,HPG,BONCAT,A,3.092302085
MOBY,M2,100,HPG,BONCAT,A,33.67142665
MOBY,M2,100,HPG,BONCAT,A,9.97086814
MOBY,M2,100,HPG,BONCAT,A,13.30478016
MOBY,M2,100,HPG,BONCAT,A,41.41341104
MOBY,M2,100,HPG,BONCAT,A,41.07225179
MOBY,M2,100,HPG,BONCAT,A,16.91674042
MOBY,M2,100,HPG,BONCAT,A,0.926946943
MOBY,M2,100,HPG,BONCAT,A,0.965921381
MOBY,M2,100,HPG,BONCAT,A,3.323197752
MOBY,M2,100,HPG,BONCAT,A,2.675765326
MOBY,M2,100,HPG,BONCAT,A,37.60138252
MOBY,M2,100,HPG,BONCAT,A,2.001945562
MOBY,M2,100,HPG,BONCAT,A,7.808664794
MOBY,M2,100,HPG,BONCAT,A,45.74283964
MOBY,M2,100,HPG,BONCAT,A,7.16166114
MOBY,M2,100,HPG,BONCAT,A,8.427122321
MOBY,M2,100,HPG,BONCAT,A,12.37989116
MOBY,M2,100,HPG,BONCAT,A,12.73400434
MOBY,M2,100,HPG,BONCAT,A,2.004684339
MOBY,M2,100,HPG,BONCAT,A,1.88692269
MOBY,M2,100,HPG,BONCAT,A,7.889104326
MOBY,M2,100,HPG,BONCAT,A,2.43853282
MOBY,M2,100,HPG,BONCAT,A,38.01029605
MOBY,M2,100,HPG,BONCAT,A,3.873393978
MOBY,M2,100,HPG,BONCAT,A,5.836994428
MOBY,M2,100,HPG,BONCAT,A,8.697728558
MOBY,M2,100,HPG,BONCAT,A,34.65707549
MOBY,M2,100,HPG,BONCAT,A,24.84000015
MOBY,M2,100,HPG,BONCAT,A,43.76957057
MOBY,M2,100,HPG,BONCAT,A,6.751706238
MOBY,M2,100,HPG,BONCAT,A,8.281521002
MOBY,M2,100,HPG,BONCAT,A,8.915383222
MOBY,M2,100,HPG,BONCAT,A,11.57900002
MOBY,M2,100,HPG,BONCAT,A,7.526288601
MOBY,M2,100,HPG,BONCAT,A,8.146110666
MOBY,M2,100,HPG,BONCAT,A,14.33297188
MOBY,M2,100,HPG,BONCAT,A,1.664313798
MOBY,M2,100,HPG,BONCAT,A,5.537737
MOBY,M2,100,HPG,BONCAT,A,1.075624473
MOBY,M2,100,HPG,BONCAT,A,5.608294607
MOBY,M2,100,HPG,BONCAT,A,3.262215798
MOBY,M2,100,HPG,BONCAT,A,2.992995162
MOBY,M2,100,HPG,BONCAT,A,12.1922261
MOBY,M2,100,HPG,BONCAT,A,9.931700868
MOBY,M2,100,HPG,BONCAT,A,6.73784033
MOBY,M2,100,HPG,BONCAT,A,18.21120867
MOBY,M2,100,HPG,BONCAT,A,3.267583273
MOBY,M2,100,HPG,BONCAT,A,10.34875417
MOBY,M2,100,HPG,BONCAT,A,1.748412573
MOBY,M2,100,HPG,BONCAT,A,3.60626945
MOBY,M2,100,HPG,BONCAT,A,4.213787113
MOBY,M2,100,HPG,BONCAT,A,10.74085225
MOBY,M2,100,HPG,BONCAT,A,51.10047611
MOBY,M2,100,HPG,BONCAT,A,18.59882484
MOBY,M2,100,HPG,BONCAT,A,67.25897032
MOBY,M2,100,HPG,BONCAT,A,47.28342157
MOBY,M2,100,HPG,BONCAT,A,0.879138791
MOBY,M2,100,HPG,BONCAT,A,11.04919071
MOBY,M2,100,HPG,BONCAT,A,11.36481386
MOBY,M2,100,HPG,BONCAT,A,11.40174166
MOBY,M2,100,HPG,BONCAT,A,5.740500055
MOBY,M2,100,HPG,BONCAT,A,3.35288099
MOBY,M2,100,HPG,BONCAT,A,19.53424764
MOBY,M2,100,HPG,BONCAT,A,1.333219597
MOBY,M2,100,HPG,BONCAT,A,61.18915827
MOBY,M2,100,HPG,BONCAT,A,3.917816803
MOBY,M2,100,HPG,BONCAT,A,25.0480676
MOBY,M2,100,HPG,BONCAT,A,5.114844079
MOBY,M2,100,HPG,BONCAT,A,10.74314573
MOBY,M2,100,HPG,BONCAT,A,8.401449443
MOBY,M2,100,HPG,BONCAT,A,4.612689846
MOBY,M2,100,HPG,BONCAT,A,4.942026464
MOBY,M2,100,HPG,BONCAT,A,4.288685885
MOBY,M2,100,HPG,BONCAT,A,3.295362783
MOBY,M2,100,HPG,BONCAT,A,3.470517686
MOBY,M2,100,HPG,BONCAT,A,16.5504151
MOBY,M2,100,HPG,BONCAT,A,2.606802272
MOBY,M2,100,HPG,BONCAT,A,16.15268655
MOBY,M2,100,HPG,BONCAT,A,5.90601784
MOBY,M2,100,HPG,BONCAT,A,82.31072211
MOBY,M2,100,HPG,BONCAT,A,2.797140279
MOBY,M2,100,HPG,BONCAT,A,40.572458
MOBY,M2,100,HPG,BONCAT,A,3.233827148
MOBY,M2,100,HPG,BONCAT,A,11.27835821
MOBY,M2,100,HPG,BONCAT,A,6.666557837
MOBY,M2,100,HPG,BONCAT,A,4.097276876
MOBY,M2,100,HPG,BONCAT,A,3.131780711
MOBY,M2,100,HPG,BONCAT,A,4.392956059
MOBY,M2,100,HPG,BONCAT,A,15.06728724
MOBY,M2,100,HPG,BONCAT,A,13.41793762
MOBY,M2,100,HPG,BONCAT,A,2.51640863
MOBY,M2,100,HPG,BONCAT,A,1.086327097
MOBY,M2,100,HPG,BONCAT,A,13.81014448
MOBY,M2,100,HPG,BONCAT,A,6.467703534
MOBY,M2,100,HPG,BONCAT,A,6.054363915
MOBY,M2,100,HPG,BONCAT,A,7.819081362
MOBY,M2,100,HPG,BONCAT,A,1.130397189
MOBY,M2,100,HPG,BONCAT,A,7.540345841
MOBY,M2,100,HPG,BONCAT,A,4.867507295
MOBY,M2,100,HPG,BONCAT,A,8.513319498
MOBY,M2,100,HPG,BONCAT,A,7.77990239
MOBY,M2,100,HPG,BONCAT,A,15.23256958
MOBY,M2,100,HPG,BONCAT,A,12.74546038
MOBY,M2,100,HPG,BONCAT,A,3.96474299
MOBY,M2,100,HPG,BONCAT,A,67.9253474
MOBY,M2,100,HPG,BONCAT,A,12.74409997
MOBY,M2,100,HPG,BONCAT,A,11.92056776
MOBY,M2,100,HPG,BONCAT,A,16.38074248
MOBY,M2,100,HPG,BONCAT,A,7.726631091
MOBY,M2,100,HPG,BONCAT,A,1.143918524
MOBY,M2,100,HPG,BONCAT,A,13.94634728
MOBY,M2,100,HPG,BONCAT,A,15.6827564
MOBY,M2,100,HPG,BONCAT,A,1.033506002
MOBY,M2,100,HPG,BONCAT,A,3.112024428
MOBY,M2,100,HPG,BONCAT,A,21.64912474
MOBY,M2,100,HPG,BONCAT,A,14.89276093
MOBY,M2,100,HPG,BONCAT,A,3.79490485
MOBY,M2,100,HPG,BONCAT,A,155.2132942
MOBY,M2,100,HPG,BONCAT,A,35.8887734
MOBY,M2,100,HPG,BONCAT,A,4.079156524
MOBY,M2,100,HPG,BONCAT,A,3.623286121
MOBY,M2,100,HPG,BONCAT,A,6.735758246
MOBY,M2,100,HPG,BONCAT,A,4.002027399
MOBY,M2,100,HPG,BONCAT,A,0.799458538
MOBY,M2,100,HPG,BONCAT,A,90.148838
MOBY,M2,100,HPG,BONCAT,A,3.170664958
MOBY,M2,100,HPG,BONCAT,A,2.01556682
MOBY,M2,100,HPG,BONCAT,A,1.79380921
MOBY,M2,100,HPG,BONCAT,A,2.698717049
MOBY,M2,100,HPG,BONCAT,A,7.683856054
MOBY,M2,100,HPG,BONCAT,A,6.449999276
MOBY,M2,100,HPG,BONCAT,A,11.96172126
MOBY,M2,100,HPG,BONCAT,A,103.1818204
MOBY,M2,100,HPG,BONCAT,A,4.182039114
MOBY,M2,100,HPG,BONCAT,A,7.702424457
MOBY,M2,100,HPG,BONCAT,A,1.777377372
MOBY,M2,100,HPG,BONCAT,A,19.3702695
MOBY,M2,100,HPG,BONCAT,A,44.03357923
MOBY,M2,100,HPG,BONCAT,A,14.86527251
MOBY,M2,100,HPG,BONCAT,A,4.663288068
MOBY,M2,100,HPG,BONCAT,A,7.307403901
MOBY,M2,100,HPG,BONCAT,A,1.741774917
MOBY,M2,100,HPG,BONCAT,A,13.35078217
MOBY,M2,100,HPG,BONCAT,A,6.503796691
MOBY,M2,100,HPG,BONCAT,A,4.874411912
MOBY,M2,100,HPG,BONCAT,A,4.482609432
MOBY,M2,100,HPG,BONCAT,A,10.47572222
MOBY,M2,100,HPG,BONCAT,A,17.61778542
MOBY,M2,100,HPG,BONCAT,A,5.523199384
MOBY,M2,100,HPG,BONCAT,A,0.995826095
MOBY,M2,100,HPG,BONCAT,A,40.92487137
MOBY,M2,100,HPG,BONCAT,A,2.582702601
MOBY,M2,100,HPG,BONCAT,A,3.506403533
MOBY,M2,100,HPG,BONCAT,A,6.359818752
MOBY,M2,100,HPG,BONCAT,A,3.143439101
MOBY,M2,100,HPG,BONCAT,A,25.338324
MOBY,M2,100,HPG,BONCAT,A,2.396309666
MOBY,M2,100,HPG,BONCAT,A,1.541854074
MOBY,M2,100,HPG,BONCAT,A,9.202691431
MOBY,M2,100,HPG,BONCAT,A,4.624156394
MOBY,M2,100,HPG,BONCAT,A,3.501058242
MOBY,M2,100,HPG,BONCAT,A,5.750367034
MOBY,M2,100,HPG,BONCAT,A,11.58954115
MOBY,M2,100,HPG,BONCAT,A,2.297848274
MOBY,M2,100,HPG,BONCAT,A,8.64401061
MOBY,M2,100,HPG,BONCAT,A,15.68070733
MOBY,M2,100,HPG,BONCAT,A,1.92526351
MOBY,M2,100,HPG,BONCAT,A,42.17865722
MOBY,M2,100,HPG,BONCAT,A,5.099641427
MOBY,M2,100,HPG,BONCAT,A,3.676817326
MOBY,M2,100,HPG,BONCAT,A,0.728707559
MOBY,M2,100,HPG,BONCAT,A,5.722635771
MOBY,M2,100,HPG,BONCAT,A,6.575669625
MOBY,M2,100,HPG,BONCAT,A,5.739368624
MOBY,M2,100,HPG,BONCAT,A,10.48732537
MOBY,M2,100,HPG,BONCAT,A,36.9812911
MOBY,M2,100,HPG,BONCAT,A,52.9871892
MOBY,M2,100,HPG,BONCAT,A,5.061903782
MOBY,M2,100,HPG,BONCAT,A,18.25988091
MOBY,M2,100,HPG,BONCAT,A,4.378975439
MOBY,M2,100,HPG,BONCAT,A,12.53160024
MOBY,M2,100,HPG,BONCAT,A,14.53367815
MOBY,M2,100,HPG,BONCAT,A,3.42245647
MOBY,M2,100,HPG,BONCAT,A,5.237648631
MOBY,M2,100,HPG,BONCAT,A,10.56210135
MOBY,M2,100,HPG,BONCAT,A,4.357319437
MOBY,M2,100,HPG,BONCAT,A,4.321199578
MOBY,M2,100,HPG,BONCAT,A,1.289950968
MOBY,M2,100,HPG,BONCAT,A,1.438330557
MOBY,M2,100,HPG,BONCAT,A,12.97980471
MOBY,M2,100,HPG,BONCAT,A,5.616289193
MOBY,M2,100,HPG,BONCAT,A,3.501027843
MOBY,M2,100,HPG,BONCAT,A,2.102319209
MOBY,M2,100,HPG,BONCAT,A,3.497616338
MOBY,M2,100,HPG,BONCAT,A,3.795358142
MOBY,M2,100,HPG,BONCAT,A,52.85480963
MOBY,M2,100,HPG,BONCAT,A,5.744727344
MOBY,M2,100,HPG,BONCAT,A,13.51425494
MOBY,M2,100,HPG,BONCAT,A,33.11662658
MOBY,M2,100,HPG,BONCAT,A,3.70450387
MOBY,M2,100,HPG,BONCAT,A,4.593879683
MOBY,M2,100,HPG,BONCAT,A,2.352072535
MOBY,M2,100,HPG,BONCAT,A,8.239115228
MOBY,M2,100,HPG,BONCAT,A,94.27625881
MOBY,M2,100,HPG,BONCAT,A,9.87533884
MOBY,M2,100,HPG,BONCAT,A,31.52749239
MOBY,M2,100,HPG,BONCAT,A,20.18794741
MOBY,M2,100,HPG,BONCAT,A,1.923222435
MOBY,M2,100,HPG,BONCAT,A,14.52006506
MOBY,M2,100,HPG,BONCAT,A,2.530543737
MOBY,M2,100,HPG,BONCAT,A,12.1389963
MOBY,M2,100,HPG,BONCAT,A,2.959948015
MOBY,M2,100,HPG,BONCAT,A,15.65812588
MOBY,M2,100,HPG,BONCAT,A,4.894359541
MOBY,M2,100,HPG,BONCAT,A,22.86001867
MOBY,M2,100,HPG,BONCAT,A,4.866766984
MOBY,M2,100,HPG,BONCAT,A,44.64353178
MOBY,M2,100,HPG,BONCAT,A,7.436323547
MOBY,M2,100,HPG,BONCAT,A,7.984717867
MOBY,M2,100,HPG,BONCAT,A,2.152047832
MOBY,M2,100,HPG,BONCAT,A,10.85651217
MOBY,M2,100,HPG,BONCAT,A,9.086059641
MOBY,M2,100,HPG,BONCAT,A,12.12266939
MOBY,M2,100,HPG,BONCAT,A,1.200374158
MOBY,M2,100,HPG,BONCAT,A,7.317834436
MOBY,M2,100,HPG,BONCAT,A,5.631749358
MOBY,M2,100,HPG,BONCAT,A,2.242290853
MOBY,M2,100,HPG,BONCAT,A,1.143854299
MOBY,M2,100,HPG,BONCAT,A,23.16138455
MOBY,M2,100,HPG,BONCAT,A,3.304917558
MOBY,M2,100,HPG,BONCAT,A,36.56319642
MOBY,M2,100,HPG,BONCAT,A,1.985319516
MOBY,M2,100,HPG,BONCAT,A,91.7293483
MOBY,M2,100,HPG,BONCAT,A,1.882755845
MOBY,M2,100,HPG,BONCAT,A,13.50876767
MOBY,M2,100,HPG,BONCAT,A,52.00612682
MOBY,M2,100,HPG,BONCAT,A,4.666368414
MOBY,M2,100,HPG,BONCAT,A,12.84278707
MOBY,M2,100,HPG,BONCAT,A,7.977484061
MOBY,M2,100,HPG,BONCAT,A,4.104182526
MOBY,M2,100,HPG,BONCAT,A,2.034911131
MOBY,M2,100,HPG,BONCAT,A,11.1926119
MOBY,M2,100,HPG,BONCAT,A,8.699538426
MOBY,M2,100,HPG,BONCAT,A,3.39618315
MOBY,M2,100,HPG,BONCAT,A,9.976739661
MOBY,M2,100,HPG,BONCAT,A,12.62135208
MOBY,M2,100,HPG,BONCAT,A,3.789744827
MOBY,M2,100,HPG,BONCAT,A,1.975159752
MOBY,M2,100,HPG,BONCAT,A,59.760614
MOBY,M2,100,HPG,BONCAT,A,1.825154459
MOBY,M2,100,HPG,BONCAT,A,30.52493888
MOBY,M2,100,HPG,BONCAT,A,3.984154304
MOBY,M2,100,HPG,BONCAT,A,21.59650404
MOBY,M2,100,HPG,BONCAT,A,4.535450925
MOBY,M2,100,HPG,BONCAT,A,25.93690189
MOBY,M2,100,HPG,BONCAT,A,44.05731927
MOBY,M2,100,HPG,BONCAT,A,4.916650817
MOBY,M2,100,HPG,BONCAT,A,5.923430008
MOBY,M2,100,HPG,BONCAT,A,7.654716497
MOBY,M2,100,HPG,BONCAT,A,21.78374131
MOBY,M2,100,HPG,BONCAT,A,9.109188177
MOBY,M2,100,HPG,BONCAT,A,87.95861851
MOBY,M2,100,HPG,BONCAT,A,23.85099015
MOBY,M2,100,HPG,BONCAT,A,5.619362372
MOBY,M2,100,HPG,BONCAT,A,3.664524569
MOBY,M2,100,HPG,BONCAT,A,23.35627735
MOBY,M2,100,HPG,BONCAT,A,7.987511931
MOBY,M2,100,HPG,BONCAT,A,4.606907865
MOBY,M2,100,HPG,BONCAT,A,7.833708149
MOBY,M2,100,HPG,BONCAT,A,3.313214588
MOBY,M2,100,HPG,BONCAT,A,4.91945882
MOBY,M2,100,HPG,BONCAT,A,2.164053287
MOBY,M2,100,HPG,BONCAT,A,5.814257891
MOBY,M2,100,HPG,BONCAT,A,1.706172463
MOBY,M2,100,HPG,BONCAT,A,5.56442851
MOBY,M2,100,HPG,BONCAT,A,4.314865289
MOBY,M2,100,HPG,BONCAT,A,14.17762995
MOBY,M2,100,HPG,BONCAT,A,35.58260632
MOBY,M2,100,HPG,BONCAT,A,10.26715659
MOBY,M2,100,HPG,BONCAT,A,61.31854427
MOBY,M2,100,HPG,BONCAT,A,2.71054514
MOBY,M2,100,HPG,BONCAT,A,1.653535588
MOBY,M2,100,HPG,BONCAT,A,9.235136253
MOBY,M2,100,HPG,BONCAT,A,2.128306346
MOBY,M2,100,HPG,BONCAT,A,20.64607076
MOBY,M2,100,HPG,BONCAT,A,15.61991689
MOBY,M2,100,HPG,BONCAT,A,3.15395222
MOBY,M2,100,HPG,BONCAT,A,1.882755845
MOBY,M2,100,HPG,BONCAT,A,1.068494486
MOBY,M2,100,HPG,BONCAT,A,2.087819315
MOBY,M2,100,HPG,BONCAT,A,4.454586518
MOBY,M2,100,HPG,BONCAT,A,3.178895326
MOBY,M2,100,HPG,BONCAT,A,17.49597634
MOBY,M2,100,HPG,BONCAT,A,28.8666615
MOBY,M2,100,HPG,BONCAT,A,56.80370248
MOBY,M2,100,HPG,BONCAT,A,6.807966304
MOBY,M2,100,HPG,BONCAT,A,15.45970124
MOBY,M2,100,HPG,BONCAT,A,2.410081671
MOBY,M2,100,HPG,BONCAT,A,4.415611131
MOBY,M2,100,HPG,BONCAT,A,2.463925903
MOBY,M2,100,HPG,BONCAT,A,1.22719405
MOBY,M2,100,HPG,BONCAT,A,26.63034461
MOBY,M2,100,HPG,BONCAT,A,4.794460604
MOBY,M2,100,HPG,BONCAT,A,1.262489342
MOBY,M2,100,HPG,BONCAT,A,6.774855668
MOBY,M2,100,HPG,BONCAT,A,5.666434632
MOBY,M2,100,HPG,BONCAT,A,17.85005881
MOBY,M2,100,HPG,BONCAT,A,23.15430356
MOBY,M2,100,HPG,BONCAT,A,10.86529184
MOBY,M2,100,HPG,BONCAT,A,3.361186832
MOBY,M2,100,HPG,BONCAT,A,1.533992318
MOBY,M2,100,HPG,BONCAT,A,9.01644957
MOBY,M2,100,HPG,BONCAT,A,7.261510809
MOBY,M2,100,HPG,BONCAT,A,15.78478395
MOBY,M2,100,HPG,BONCAT,A,28.33684105
MOBY,M2,100,HPG,BONCAT,A,28.52309937
MOBY,M2,100,HPG,BONCAT,A,35.06024199
MOBY,M2,100,HPG,BONCAT,A,9.784888281
MOBY,M2,100,HPG,BONCAT,A,5.054324582
MOBY,M2,100,HPG,BONCAT,A,6.818952122
MOBY,M2,100,HPG,BONCAT,A,1.554448016
MOBY,M2,100,HPG,BONCAT,A,4.413518281
MOBY,M2,100,HPG,BONCAT,A,6.081196909
MOBY,M2,100,HPG,BONCAT,A,6.101913775
MOBY,M2,100,HPG,BONCAT,A,13.08070824
MOBY,M2,100,HPG,BONCAT,A,1.711650016
MOBY,M2,100,HPG,BONCAT,A,62.53889387
MOBY,M2,100,HPG,BONCAT,A,4.843700819
MOBY,M2,100,HPG,BONCAT,A,8.980470642
MOBY,M2,100,HPG,BONCAT,A,15.6649341
MOBY,M2,100,HPG,BONCAT,A,2.898576372
MOBY,M2,100,HPG,BONCAT,A,3.72574756
MOBY,M2,100,HPG,BONCAT,A,3.062554791
MOBY,M2,100,HPG,BONCAT,A,23.7769803
MOBY,M2,100,HPG,BONCAT,A,0.8817948
MOBY,M2,100,HPG,BONCAT,A,7.247513786
MOBY,M2,100,HPG,BONCAT,A,17.86885977
MOBY,M2,100,HPG,BONCAT,A,6.193993933
MOBY,M2,100,HPG,BONCAT,A,4.702528135
MOBY,M2,100,HPG,BONCAT,A,13.37064932
MOBY,M2,100,HPG,BONCAT,A,64.04567706
MOBY,M2,100,HPG,BONCAT,A,55.73247705
MOBY,M2,100,HPG,BONCAT,A,2.109854623
MOBY,M2,100,HPG,BONCAT,A,13.93539855
MOBY,M2,100,HPG,BONCAT,A,4.365170513
MOBY,M2,100,HPG,BONCAT,A,1.984303901
MOBY,M2,100,HPG,BONCAT,A,10.72025114
MOBY,M2,100,HPG,BONCAT,A,6.902327485
MOBY,M2,100,HPG,BONCAT,A,11.79199986
MOBY,M2,100,HPG,BONCAT,A,7.677243797
MOBY,M2,100,HPG,BONCAT,A,4.666368414
MOBY,M2,100,HPG,BONCAT,A,5.89369525
MOBY,M2,100,HPG,BONCAT,A,3.189981718
MOBY,M2,100,HPG,BONCAT,A,9.644314254
MOBY,M2,100,HPG,BONCAT,A,4.075508061
MOBY,M2,100,HPG,BONCAT,A,13.5513263
MOBY,M2,100,HPG,BONCAT,A,33.7930632
MOBY,M2,100,HPG,BONCAT,A,3.004292307
MOBY,M2,100,HPG,BONCAT,A,8.028531198
MOBY,M2,100,HPG,BONCAT,A,26.85747739
MOBY,M2,100,HPG,BONCAT,A,3.714842131
MOBY,M2,100,HPG,BONCAT,A,2.424740104
MOBY,M2,100,HPG,BONCAT,A,2.352239545
MOBY,M2,100,HPG,BONCAT,A,53.32233298
MOBY,M2,100,HPG,BONCAT,A,3.395441181
MOBY,M2,100,HPG,BONCAT,A,13.56497301
MOBY,M2,100,HPG,BONCAT,A,35.21274801
MOBY,M2,100,HPG,BONCAT,A,37.3233949
MOBY,M2,100,HPG,BONCAT,A,26.17945141
MOBY,M2,100,HPG,BONCAT,A,2.784980775
MOBY,M2,100,HPG,BONCAT,A,11.79915046
MOBY,M2,100,HPG,BONCAT,A,38.23412673
MOBY,M2,100,HPG,BONCAT,A,34.76405965
MOBY,M2,100,HPG,BONCAT,A,14.57469046
MOBY,M2,100,HPG,BONCAT,A,8.331949748
MOBY,M2,100,HPG,BONCAT,A,85.88359627
MOBY,M2,100,HPG,BONCAT,A,5.965341396
MOBY,M2,100,HPG,BONCAT,A,4.128990127
MOBY,M2,100,HPG,BONCAT,A,4.807906466
MOBY,M2,100,HPG,BONCAT,A,4.378975439
MOBY,M2,100,HPG,BONCAT,A,16.92181772
MOBY,M2,100,HPG,BONCAT,A,3.564132139
MOBY,M2,100,HPG,BONCAT,A,48.33401045
MOBY,M2,100,HPG,BONCAT,A,50.42492724
MOBY,M2,100,HPG,BONCAT,A,10.34594856
MOBY,M2,100,HPG,BONCAT,A,1.205757002
MOBY,M2,100,HPG,BONCAT,A,13.03193996
MOBY,M2,100,HPG,BONCAT,A,4.120866027
MOBY,M2,100,HPG,BONCAT,A,53.73093658
MOBY,M2,100,HPG,BONCAT,A,7.146060809
MOBY,M2,100,HPG,BONCAT,A,17.88191448
MOBY,M2,100,HPG,BONCAT,A,8.560864599
MOBY,M2,100,HPG,BONCAT,A,6.871058404
MOBY,M2,100,HPG,BONCAT,A,16.18439801
MOBY,M2,100,HPG,BONCAT,A,2.912199584
MOBY,M2,100,HPG,BONCAT,A,5.422625198
MOBY,M2,100,HPG,BONCAT,A,13.36846016
MOBY,M2,100,HPG,BONCAT,A,49.8141283
MOBY,M2,100,HPG,BONCAT,A,19.51085734
MOBY,M2,100,HPG,BONCAT,A,4.307203278
MOBY,M2,100,HPG,BONCAT,A,6.118262647
MOBY,M2,100,HPG,BONCAT,A,13.97596893
MOBY,M2,100,HPG,BONCAT,A,2.264740612
MOBY,M2,100,HPG,BONCAT,A,2.850640731
MOBY,M2,100,HPG,BONCAT,A,11.97768607
MOBY,M2,100,HPG,BONCAT,A,49.61379303
MOBY,M2,100,HPG,BONCAT,A,59.77440882
MOBY,M2,100,HPG,BONCAT,A,47.99312175
MOBY,M2,100,HPG,BONCAT,A,1.887808989
MOBY,M2,100,HPG,BONCAT,A,20.26784524
MOBY,M2,100,HPG,BONCAT,A,10.99138814
MOBY,M2,100,HPG,BONCAT,A,8.211270131
MOBY,M2,100,HPG,BONCAT,A,4.426925259
MOBY,M2,100,HPG,BONCAT,A,3.931651675
MOBY,M2,100,HPG,BONCAT,A,1.371079871
MOBY,M2,100,HPG,BONCAT,A,25.46958039
MOBY,M2,100,HPG,BONCAT,A,2.94455719
MOBY,M2,100,HPG,BONCAT,A,4.7664213
MOBY,M2,100,HPG,BONCAT,A,2.862417983
MOBY,M2,100,HPG,BONCAT,A,17.48528958
MOBY,M2,100,HPG,BONCAT,A,2.209356348
MOBY,M2,100,HPG,BONCAT,A,4.25679034
MOBY,M2,100,HPG,BONCAT,A,20.36835144
MOBY,M2,100,HPG,BONCAT,A,3.674048307
MOBY,M2,100,HPG,BONCAT,A,4.785874132
MOBY,M2,100,HPG,BONCAT,A,3.181839303
MOBY,M2,100,HPG,BONCAT,A,8.971716013
MOBY,M2,100,HPG,BONCAT,A,30.22903588
MOBY,M2,100,HPG,BONCAT,A,32.80781637
MOBY,M2,100,HPG,BONCAT,A,13.3197912
MOBY,M2,100,HPG,BONCAT,A,4.073418314
MOBY,M2,100,HPG,BONCAT,A,4.126425627
MOBY,M2,100,HPG,BONCAT,A,20.44578888
MOBY,M2,100,HPG,BONCAT,A,17.56208306
MOBY,M2,100,HPG,BONCAT,A,17.14959785
MOBY,M2,100,HPG,BONCAT,A,9.148029927
MOBY,M2,100,HPG,BONCAT,A,11.74960992
MOBY,M2,100,HPG,BONCAT,A,11.67507745
MOBY,M2,100,HPG,BONCAT,A,21.89343856
MOBY,M2,100,HPG,BONCAT,A,5.275769661
MOBY,M2,100,HPG,BONCAT,A,4.665865897
MOBY,M2,100,HPG,BONCAT,A,40.68550197
MOBY,M2,100,HPG,BONCAT,A,6.682595468
MOBY,M2,100,HPG,BONCAT,A,8.493714246
MOBY,M2,100,HPG,BONCAT,A,1.387380652
MOBY,M2,100,HPG,BONCAT,A,33.91202078
MOBY,M2,100,HPG,BONCAT,A,12.40187725
MOBY,M2,100,HPG,BONCAT,A,9.207150125
MOBY,M2,100,HPG,BONCAT,A,12.26538695
MOBY,M2,100,HPG,BONCAT,A,42.81525612
MOBY,M2,100,HPG,BONCAT,A,3.150042561
MOBY,M2,100,HPG,BONCAT,A,1.94169576
MOBY,M2,100,HPG,BONCAT,A,10.15879786
MOBY,M2,100,HPG,BONCAT,A,4.894391271
MOBY,M2,100,HPG,BONCAT,A,2.343976738
MOBY,M2,100,HPG,BONCAT,A,6.812307497
MOBY,M2,100,HPG,BONCAT,A,1.870490851
MOBY,M2,100,HPG,BONCAT,A,1.595426487
MOBY,M2,100,HPG,BONCAT,A,1.536707566
MOBY,M2,100,HPG,BONCAT,A,45.85371036
MOBY,M2,100,HPG,BONCAT,A,4.935775778
MOBY,M2,100,HPG,BONCAT,A,32.089562
MOBY,M2,100,HPG,BONCAT,A,8.40123913
MOBY,M2,100,HPG,BONCAT,A,7.830275354
MOBY,M2,100,HPG,BONCAT,A,12.34955013
MOBY,M2,100,HPG,BONCAT,A,149.3473733
MOBY,M2,100,HPG,BONCAT,A,13.00292069
MOBY,M2,100,HPG,BONCAT,A,9.113019997
MOBY,M2,100,HPG,BONCAT,A,2.517502622
MOBY,M2,100,HPG,BONCAT,A,1.7702674
MOBY,M2,100,HPG,BONCAT,A,6.435928083
MOBY,M2,100,HPG,BONCAT,A,31.68475486
MOBY,M2,100,HPG,BONCAT,A,57.07597947
MOBY,M2,100,HPG,BONCAT,A,3.689491048
MOBY,M2,100,HPG,BONCAT,A,21.86066483
MOBY,M2,100,HPG,BONCAT,A,51.90204444
MOBY,M2,100,HPG,BONCAT,A,8.143994712
MOBY,M2,100,HPG,BONCAT,A,4.830638541
MOBY,M2,100,HPG,BONCAT,A,38.19065815
MOBY,M2,100,HPG,BONCAT,A,36.97147747
MOBY,M2,100,HPG,BONCAT,A,14.13996463
MOBY,M2,100,HPG,BONCAT,A,6.496171667
MOBY,M2,100,HPG,BONCAT,A,3.334312403
MOBY,M2,100,HPG,BONCAT,A,8.34205863
MOBY,M2,100,HPG,BONCAT,A,5.749969752
MOBY,M2,100,HPG,BONCAT,A,15.6156011
MOBY,M2,100,HPG,BONCAT,A,2.375783948
MOBY,M2,100,HPG,BONCAT,A,14.22287384
MOBY,M2,100,HPG,BONCAT,A,7.169131634
MOBY,M2,100,HPG,BONCAT,A,3.53653869
MOBY,M2,100,HPG,BONCAT,A,9.78836846
MOBY,M2,100,HPG,BONCAT,A,11.35484453
MOBY,M2,100,HPG,BONCAT,A,9.499670995
MOBY,M2,100,HPG,BONCAT,A,4.266494346
MOBY,M2,100,HPG,BONCAT,A,6.188561921
MOBY,M2,100,HPG,BONCAT,A,7.528509025
MOBY,M2,100,HPG,BONCAT,A,13.38864441
MOBY,M2,100,HPG,BONCAT,A,28.61222694
MOBY,M2,100,HPG,BONCAT,A,8.456831865
MOBY,M2,100,HPG,BONCAT,A,8.303461459
MOBY,M2,100,HPG,BONCAT,A,4.229376905
MOBY,M2,100,HPG,BONCAT,A,5.947829872
MOBY,M2,100,HPG,BONCAT,A,7.928821072
MOBY,M2,100,HPG,BONCAT,A,16.85704596
MOBY,M2,100,HPG,BONCAT,A,30.62330043
MOBY,M2,100,HPG,BONCAT,A,15.56819343
MOBY,M2,100,HPG,BONCAT,A,17.63887753
MOBY,M2,100,HPG,BONCAT,A,2.8319967
MOBY,M2,100,HPG,BONCAT,A,5.270843112
MOBY,M2,100,HPG,BONCAT,A,7.545936038
MOBY,M2,100,HPG,BONCAT,A,10.89801819
MOBY,M2,100,HPG,BONCAT,A,4.542467321
MOBY,M2,100,HPG,BONCAT,A,8.48435334
MOBY,M2,100,HPG,BONCAT,A,9.644326705
MOBY,M2,100,HPG,BONCAT,A,2.713074921
MOBY,M2,100,HPG,BONCAT,A,6.439408092
MOBY,M2,100,HPG,BONCAT,A,15.8771892
MOBY,M2,100,HPG,BONCAT,A,3.86754491
MOBY,M2,100,HPG,BONCAT,A,7.109728866
MOBY,M2,100,HPG,BONCAT,A,44.81237728
MOBY,M2,100,HPG,BONCAT,A,80.35545072
MOBY,M2,100,HPG,BONCAT,A,7.266353683
MOBY,M2,100,HPG,BONCAT,A,2.211766375
MOBY,M2,100,HPG,BONCAT,A,19.17858644
MOBY,M2,100,HPG,BONCAT,A,6.334647881
MOBY,M2,100,HPG,BONCAT,A,4.030552661
MOBY,M2,100,HPG,BONCAT,A,6.466095523
MOBY,M2,100,HPG,BONCAT,A,4.245137234
MOBY,M2,100,HPG,BONCAT,A,9.123077217
MOBY,M2,100,HPG,BONCAT,A,8.8511032
MOBY,M2,100,HPG,BONCAT,A,6.905927814
MOBY,M2,100,HPG,BONCAT,A,17.23343805
MOBY,M2,100,HPG,BONCAT,A,6.53455817
MOBY,M2,100,HPG,BONCAT,A,20.66109399
MOBY,M2,100,HPG,BONCAT,A,5.87884618
MOBY,M2,100,HPG,BONCAT,A,4.980648084
MOBY,M2,100,HPG,BONCAT,A,10.9548864
MOBY,M2,100,HPG,BONCAT,A,5.81933404
MOBY,M2,100,HPG,BONCAT,A,3.997410959
MOBY,M2,100,HPG,BONCAT,A,7.367059125
MOBY,M2,100,HPG,BONCAT,A,19.99034095
MOBY,M2,100,HPG,BONCAT,A,9.974421496
MOBY,M2,100,HPG,BONCAT,A,18.90959015
MOBY,M2,100,HPG,BONCAT,A,7.315347137
MOBY,M2,100,HPG,BONCAT,A,5.975783221
MOBY,M2,100,HPG,BONCAT,A,23.54043265
MOBY,M2,100,HPG,BONCAT,A,7.299943619
MOBY,M2,100,HPG,BONCAT,A,11.8704643
MOBY,M2,100,HPG,BONCAT,A,14.96811401
MOBY,M2,100,HPG,BONCAT,A,6.048926407
MOBY,M2,100,HPG,BONCAT,A,4.039021758
MOBY,M2,100,HPG,BONCAT,A,2.369569766
MOBY,M2,100,HPG,BONCAT,A,21.36440064
MOBY,M2,100,HPG,BONCAT,A,4.79029492
MOBY,M2,100,HPG,BONCAT,A,7.265551228
MOBY,M2,100,HPG,BONCAT,A,8.387848088
MOBY,M2,100,HPG,BONCAT,A,3.009834865
MOBY,M2,100,HPG,BONCAT,A,31.80405044
MOBY,M2,100,HPG,BONCAT,A,1.463401733
MOBY,M2,100,HPG,BONCAT,A,2.327371657
MOBY,M2,100,HPG,BONCAT,A,13.61142703
MOBY,M2,100,HPG,BONCAT,A,4.980075335
MOBY,M2,100,HPG,BONCAT,A,12.90349581
MOBY,M2,100,HPG,BONCAT,A,30.84539458
MOBY,M2,100,HPG,BONCAT,A,3.920461833
MOBY,M2,100,HPG,BONCAT,A,3.892855678
MOBY,M2,100,HPG,BONCAT,A,2.477524667
MOBY,M2,100,HPG,BONCAT,A,41.12492631
MOBY,M2,100,HPG,BONCAT,A,19.64509583
MOBY,M2,100,HPG,BONCAT,A,26.27470735
MOBY,M2,100,HPG,BONCAT,A,10.28677765
MOBY,M2,100,HPG,BONCAT,A,50.58860677
MOBY,M2,100,HPG,BONCAT,A,10.41077745
MOBY,M2,100,HPG,BONCAT,A,84.6615182
MOBY,M2,100,HPG,BONCAT,A,1.650811232
MOBY,M2,100,HPG,BONCAT,A,45.81696168
MOBY,M2,100,HPG,BONCAT,A,7.91644716
MOBY,M2,100,HPG,BONCAT,A,14.11315599
MOBY,M2,100,HPG,BONCAT,A,5.496057598
MOBY,M2,100,HPG,BONCAT,A,4.693698103
MOBY,M2,100,HPG,BONCAT,A,119.8203393
MOBY,M2,100,HPG,BONCAT,A,94.19148115
MOBY,M2,100,HPG,BONCAT,A,8.561262788
MOBY,M2,100,HPG,BONCAT,A,18.24110428
MOBY,M2,100,HPG,BONCAT,A,37.60392704
MOBY,M2,100,HPG,BONCAT,A,6.495470339
MOBY,M2,100,HPG,BONCAT,A,1.070272921
MOBY,M2,100,HPG,BONCAT,A,5.76426701
MOBY,M2,100,HPG,BONCAT,A,3.111324248
MOBY,M2,100,HPG,BONCAT,A,25.48736715
MOBY,M2,100,HPG,BONCAT,A,6.576580006
MOBY,M2,100,HPG,BONCAT,A,6.115513374
MOBY,M2,100,HPG,BONCAT,A,4.599178781
MOBY,M2,100,HPG,BONCAT,A,68.46802091
MOBY,M2,100,HPG,BONCAT,A,24.41571407
MOBY,M2,100,HPG,BONCAT,A,3.4536963
MOBY,M2,100,HPG,BONCAT,A,19.32851422
MOBY,M2,100,HPG,BONCAT,A,74.03242233
MOBY,M2,100,HPG,BONCAT,A,32.92560801
MOBY,M2,100,HPG,BONCAT,A,14.91630556
MOBY,M2,100,HPG,BONCAT,A,66.11344692
MOBY,M2,100,HPG,BONCAT,A,14.95423766
MOBY,M2,100,HPG,BONCAT,A,87.79841757
MOBY,M2,100,HPG,BONCAT,A,38.683835
MOBY,M2,100,HPG,BONCAT,A,4.906996234
MOBY,M2,100,HPG,BONCAT,A,1.351219671
MOBY,M2,100,HPG,BONCAT,A,3.813791633
MOBY,M2,100,HPG,BONCAT,A,2.422529696
MOBY,M2,100,HPG,BONCAT,A,17.63756057
MOBY,M2,100,HPG,BONCAT,A,6.09746256
MOBY,M2,100,HPG,BONCAT,A,5.775453239
MOBY,M2,100,HPG,BONCAT,A,7.016643079
MOBY,M2,100,HPG,BONCAT,A,11.97399429
MOBY,M2,100,HPG,BONCAT,A,83.17815449
MOBY,M2,100,HPG,BONCAT,A,4.298484049
MOBY,M2,100,HPG,BONCAT,A,5.674259615
MOBY,M2,100,HPG,BONCAT,A,16.74829198
MOBY,M2,100,HPG,BONCAT,A,1.490069049
MOBY,M2,100,HPG,BONCAT,A,26.8545358
MOBY,M2,100,HPG,BONCAT,A,2.258758105
MOBY,M2,100,HPG,BONCAT,A,24.32661115
MOBY,M2,100,HPG,BONCAT,A,9.648300165
MOBY,M2,100,HPG,BONCAT,A,11.57470924
MOBY,M2,100,HPG,BONCAT,A,7.907285149
MOBY,M2,100,HPG,BONCAT,A,10.82189952
MOBY,M2,100,HPG,BONCAT,A,2.376773413
MOBY,M2,100,HPG,BONCAT,A,5.114467322
MOBY,M2,100,HPG,BONCAT,A,2.397154673
MOBY,M2,100,HPG,BONCAT,A,35.51978173
MOBY,M2,100,HPG,BONCAT,A,20.099978
MOBY,M2,100,HPG,BONCAT,A,85.4665375
MOBY,M2,100,HPG,BONCAT,A,45.63994219
MOBY,M2,100,HPG,BONCAT,A,3.873097738
MOBY,M2,100,HPG,BONCAT,A,32.40752658
MOBY,M2,100,HPG,BONCAT,A,10.25590264
MOBY,M2,100,HPG,BONCAT,A,1.718914121
MOBY,M2,100,HPG,BONCAT,A,10.95984722
MOBY,M2,100,HPG,BONCAT,A,8.286883759
MOBY,M2,100,HPG,BONCAT,A,19.24700734
MOBY,M2,100,HPG,BONCAT,A,7.283108464
MOBY,M2,100,HPG,BONCAT,A,14.35628653
MOBY,M2,100,HPG,BONCAT,A,4.515556657
MOBY,M2,100,HPG,BONCAT,A,9.933028873
MOBY,M2,100,HPG,BONCAT,A,6.346882745
MOBY,M2,100,HPG,BONCAT,A,12.36539006
MOBY,M2,100,HPG,BONCAT,A,3.262286625
MOBY,M2,100,HPG,BONCAT,A,6.196936606
MOBY,M2,100,HPG,BONCAT,A,12.82664746
MOBY,M2,100,HPG,BONCAT,A,15.67316526
MOBY,M2,100,HPG,BONCAT,A,5.479782442
MOBY,M2,100,HPG,BONCAT,A,11.72399576
MOBY,M2,100,HPG,BONCAT,A,19.84750181
MOBY,M2,100,HPG,BONCAT,A,6.099045286
MOBY,M2,100,HPG,BONCAT,A,8.021050008
MOBY,M2,100,HPG,BONCAT,A,19.1188356
MOBY,M2,100,HPG,BONCAT,A,3.98728175
MOBY,M2,100,HPG,BONCAT,A,3.86224499
MOBY,M2,100,HPG,BONCAT,A,3.758841935
MOBY,M2,100,HPG,BONCAT,A,5.156197705
MOBY,M2,100,HPG,BONCAT,A,5.158727571
MOBY,M2,100,HPG,BONCAT,A,3.589903495
MOBY,M2,100,HPG,BONCAT,A,164.2905074
MOBY,M2,100,HPG,BONCAT,A,39.50087773
MOBY,M2,100,HPG,BONCAT,A,7.855592808
MOBY,M2,100,HPG,BONCAT,A,9.500988602
MOBY,M2,100,HPG,BONCAT,A,1.168077096
MOBY,M2,100,HPG,BONCAT,A,18.71643049
MOBY,M2,100,HPG,BONCAT,A,14.42713821
MOBY,M2,100,HPG,BONCAT,A,2.177218646
MOBY,M2,100,HPG,BONCAT,A,9.850414786
MOBY,M2,100,HPG,BONCAT,A,2.017238405
MOBY,M2,100,HPG,BONCAT,A,4.002027399
MOBY,M2,100,HPG,BONCAT,A,3.294738274
MOBY,M2,100,HPG,BONCAT,A,2.056812931
MOBY,M2,100,HPG,BONCAT,A,9.761328523
MOBY,M2,100,HPG,BONCAT,A,4.323650925
MOBY,M2,100,HPG,BONCAT,A,8.186977201
MOBY,M2,100,HPG,BONCAT,A,6.939618835
MOBY,M2,100,HPG,BONCAT,A,4.713461342
MOBY,M2,100,HPG,BONCAT,A,13.568447
MOBY,M2,100,HPG,BONCAT,A,29.24078274
MOBY,M2,100,HPG,BONCAT,A,3.584385202
MOBY,M2,100,HPG,BONCAT,A,5.65284451
MOBY,M2,100,HPG,BONCAT,A,20.41744127
MOBY,M2,100,HPG,BONCAT,A,1.552997751
MOBY,M2,100,HPG,BONCAT,A,3.892696884
MOBY,M2,100,HPG,BONCAT,A,1.737484777
MOBY,M2,100,HPG,BONCAT,A,7.269907847
MOBY,M2,100,HPG,BONCAT,A,1.080975785
MOBY,M2,100,HPG,BONCAT,A,5.282086598
MOBY,M2,100,HPG,BONCAT,A,44.55235929
MOBY,M2,100,HPG,BONCAT,A,1.609949782
MOBY,M2,100,HPG,BONCAT,A,32.3042342
MOBY,M2,100,HPG,BONCAT,A,2.731864034
MOBY,M2,100,HPG,BONCAT,A,3.331327475
MOBY,M2,100,HPG,BONCAT,A,4.346095542
MOBY,M2,100,HPG,BONCAT,A,9.484049983
MOBY,M2,100,HPG,BONCAT,A,22.8073518
MOBY,M2,100,HPG,BONCAT,A,4.871631078
MOBY,M2,100,HPG,BONCAT,A,48.74998811
MOBY,M2,100,HPG,BONCAT,A,108.324151
MOBY,M2,100,HPG,BONCAT,A,7.985846706
MOBY,M2,100,HPG,BONCAT,A,2.685418153
MOBY,M2,100,HPG,BONCAT,A,5.012713784
MOBY,M2,100,HPG,BONCAT,A,22.56171337
MOBY,M2,100,HPG,BONCAT,A,14.3098275
MOBY,M2,100,HPG,BONCAT,A,34.923876
MOBY,M2,100,HPG,BONCAT,A,54.26716244
MOBY,M2,100,HPG,BONCAT,A,13.46762885
MOBY,M2,100,HPG,BONCAT,A,3.526045969
MOBY,M2,100,HPG,BONCAT,A,16.99799023
MOBY,M2,100,HPG,BONCAT,A,0.83919751
MOBY,M2,100,HPG,BONCAT,A,9.570255361
MOBY,M2,100,HPG,BONCAT,A,8.918947146
MOBY,M2,100,HPG,BONCAT,A,23.41407804
MOBY,M2,100,HPG,BONCAT,A,2.71805279
MOBY,M2,100,HPG,BONCAT,A,1.857688239
MOBY,M2,100,HPG,BONCAT,A,3.400989066
MOBY,M2,100,HPG,BONCAT,A,2.232797117
MOBY,M2,100,HPG,BONCAT,A,89.30612859
MOBY,M2,100,HPG,BONCAT,A,29.07638672
MOBY,M2,100,HPG,BONCAT,A,20.77977692
MOBY,M2,100,HPG,BONCAT,A,4.5131906
MOBY,M2,100,HPG,BONCAT,A,10.956329
MOBY,M2,100,HPG,BONCAT,A,3.601009151
MOBY,M2,100,HPG,BONCAT,A,9.78628027
MOBY,M2,100,HPG,BONCAT,A,2.059562516
MOBY,M2,100,HPG,BONCAT,A,9.205331971
MOBY,M2,100,HPG,BONCAT,A,20.97543705
MOBY,M2,100,HPG,BONCAT,A,77.72229373
MOBY,M2,100,HPG,BONCAT,A,1.067597265
MOBY,M2,100,HPG,BONCAT,A,7.450871617
MOBY,M2,100,HPG,BONCAT,A,6.617120752
MOBY,M2,100,HPG,BONCAT,A,2.711253409
MOBY,M2,100,HPG,BONCAT,A,8.896328975
MOBY,M2,100,HPG,BONCAT,A,70.99446798
MOBY,M2,100,HPG,BONCAT,A,8.762184358
MOBY,M2,100,HPG,BONCAT,A,14.11980121
MOBY,M2,100,HPG,BONCAT,A,4.101203859
MOBY,M2,100,HPG,BONCAT,A,2.151720965
MOBY,M2,100,HPG,BONCAT,A,3.348844708
MOBY,M2,100,HPG,BONCAT,A,9.573508271
MOBY,M2,100,HPG,BONCAT,A,11.28173621
MOBY,M2,100,HPG,BONCAT,A,3.876138124
MOBY,M2,100,HPG,BONCAT,A,2.869976473
MOBY,M2,100,HPG,BONCAT,A,34.70786828
MOBY,M2,100,HPG,BONCAT,A,5.303956837
MOBY,M2,100,HPG,BONCAT,A,5.208084934
MOBY,M2,100,HPG,BONCAT,A,170.7902232
MOBY,M2,100,HPG,BONCAT,A,13.88888136
MOBY,M2,100,HPG,BONCAT,A,23.84413312
MOBY,M2,100,HPG,BONCAT,A,104.8751894
MOBY,M2,100,HPG,BONCAT,A,12.37493441
MOBY,M2,100,HPG,BONCAT,A,2.16366041
MOBY,M2,100,HPG,BONCAT,A,16.95875692
MOBY,M2,100,HPG,BONCAT,A,49.54722354
MOBY,M2,100,HPG,BONCAT,A,25.95421425
MOBY,M2,100,HPG,BONCAT,A,5.319309274
MOBY,M2,100,HPG,BONCAT,A,11.64343661
MOBY,M2,100,HPG,BONCAT,A,28.7134703
MOBY,M2,100,HPG,BONCAT,A,4.306218345
MOBY,M2,100,HPG,BONCAT,A,3.287253104
MOBY,M2,100,HPG,BONCAT,A,7.724656678
MOBY,M2,100,HPG,BONCAT,A,5.443754885
MOBY,M2,100,HPG,BONCAT,A,10.41077745
MOBY,M2,100,HPG,BONCAT,A,17.97260647
MOBY,M2,100,HPG,BONCAT,A,6.515157552
MOBY,M2,100,HPG,BONCAT,A,62.11071231
MOBY,M2,100,HPG,BONCAT,A,3.412136255
MOBY,M2,100,HPG,BONCAT,A,7.45904344
MOBY,M2,100,HPG,BONCAT,A,6.4872432
MOBY,M2,100,HPG,BONCAT,A,21.15101607
MOBY,M2,100,HPG,BONCAT,A,11.0770228
MOBY,M2,100,HPG,BONCAT,A,5.639079629
MOBY,M2,100,HPG,BONCAT,A,8.587024866
MOBY,M2,100,HPG,BONCAT,A,9.522776611
MOBY,M2,100,HPG,BONCAT,A,2.702045913
MOBY,M2,100,HPG,BONCAT,A,7.112092656
MOBY,M2,100,HPG,BONCAT,A,10.27618668
MOBY,M2,100,HPG,BONCAT,A,12.28807444
MOBY,M2,100,HPG,BONCAT,A,50.77344243
MOBY,M2,100,HPG,BONCAT,A,2.097798229
MOBY,M2,100,HPG,BONCAT,A,4.346941003
MOBY,M2,100,HPG,BONCAT,A,8.593505002
MOBY,M2,100,HPG,BONCAT,A,15.52673845
MOBY,M2,100,HPG,BONCAT,A,2.382616632
MOBY,M2,100,HPG,BONCAT,A,44.17572766
MOBY,M2,100,HPG,BONCAT,A,137.7816108
MOBY,M2,100,HPG,BONCAT,A,9.329012269
MOBY,M2,100,HPG,BONCAT,A,5.933876975
MOBY,M2,100,HPG,BONCAT,A,55.65625442
MOBY,M2,100,HPG,BONCAT,A,2.411530421
MOBY,M2,100,HPG,BONCAT,A,24.10927486
MOBY,M2,100,HPG,BONCAT,A,23.4618148
MOBY,M2,100,HPG,BONCAT,A,11.33962738
MOBY,M2,100,HPG,BONCAT,A,9.506887972
MOBY,M2,100,HPG,BONCAT,A,8.416109491
MOBY,M2,100,HPG,BONCAT,A,41.74140103
MOBY,M2,100,HPG,BONCAT,A,27.36035582
MOBY,M2,100,HPG,BONCAT,A,6.487217264
MOBY,M2,100,HPG,BONCAT,A,10.83534576
MOBY,M2,100,HPG,BONCAT,A,4.755266575
MOBY,M2,100,HPG,BONCAT,A,5.551135875
MOBY,M2,100,HPG,BONCAT,A,0.820782518
MOBY,M2,100,HPG,BONCAT,A,18.44634404
MOBY,M2,100,HPG,BONCAT,A,12.51784221
MOBY,M2,100,HPG,BONCAT,A,6.986977392
MOBY,M2,100,HPG,BONCAT,A,2.278399975
MOBY,M2,100,HPG,BONCAT,A,5.655763881
MOBY,M2,100,HPG,BONCAT,A,18.43278352
MOBY,M2,100,HPG,BONCAT,A,16.26443934
MOBY,M2,100,HPG,BONCAT,A,17.49319398
MOBY,M2,100,HPG,BONCAT,A,22.27203337
MOBY,M2,100,HPG,BONCAT,A,21.5734285
MOBY,M2,100,HPG,BONCAT,A,8.924323021
MOBY,M2,100,HPG,BONCAT,A,5.245482793
MOBY,M2,100,HPG,BONCAT,A,8.933537486
MOBY,M2,100,HPG,BONCAT,A,1.563085271
MOBY,M2,100,HPG,BONCAT,A,2.312539755
MOBY,M2,100,HPG,BONCAT,A,1.107732584
MOBY,M2,100,HPG,BONCAT,A,5.056110454
MOBY,M2,100,HPG,BONCAT,A,13.2603733
MOBY,M2,100,HPG,BONCAT,A,8.432857911
MOBY,M2,100,HPG,BONCAT,A,7.825238287
MOBY,M2,100,HPG,BONCAT,A,9.814516034
MOBY,M2,100,HPG,BONCAT,A,11.75271353
MOBY,M2,100,HPG,BONCAT,A,3.876138124
MOBY,M2,100,HPG,BONCAT,A,4.187481297
MOBY,M2,100,HPG,BONCAT,A,4.504843367
MOBY,M2,100,HPG,BONCAT,A,6.998071461
MOBY,M2,100,HPG,BONCAT,A,5.638871157
MOBY,M2,100,HPG,BONCAT,A,8.434262876
MOBY,M2,100,HPG,BONCAT,A,5.864309144
MOBY,M2,100,HPG,BONCAT,A,10.51449895
MOBY,M2,100,HPG,BONCAT,A,6.917107173
MOBY,M2,100,HPG,BONCAT,A,25.20720231
MOBY,M2,100,HPG,BONCAT,A,4.663085064
MOBY,M2,100,HPG,BONCAT,A,12.64965314
MOBY,M2,100,HPG,BONCAT,A,11.52825615
MOBY,M2,100,HPG,BONCAT,A,14.23369226
MOBY,M2,100,HPG,BONCAT,A,2.177801679
MOBY,M2,100,HPG,BONCAT,A,3.192753316
MOBY,M2,100,HPG,BONCAT,A,8.81648939
MOBY,M2,100,HPG,BONCAT,A,7.829912862
MOBY,M2,100,HPG,BONCAT,A,6.521509491
MOBY,M2,100,HPG,BONCAT,A,1.691673036
MOBY,M2,100,HPG,BONCAT,A,11.35143702
MOBY,M2,100,HPG,BONCAT,A,1.407613643
MOBY,M2,100,HPG,BONCAT,A,18.35057394
MOBY,M2,100,HPG,BONCAT,A,121.3189387
MOBY,M2,100,HPG,BONCAT,A,1.360262565
MOBY,M2,100,HPG,BONCAT,A,9.008028394
MOBY,M2,100,HPG,BONCAT,A,13.18230106
MOBY,M2,100,HPG,BONCAT,A,1.582708697
MOBY,M2,100,HPG,BONCAT,A,29.87878387
MOBY,M2,100,HPG,BONCAT,A,36.12256164
MOBY,M2,100,HPG,BONCAT,A,10.89056036
MOBY,M2,100,HPG,BONCAT,A,4.350322477
MOBY,M2,100,HPG,BONCAT,A,20.65784927
MOBY,M2,100,HPG,BONCAT,A,12.55964769
MOBY,M2,100,HPG,BONCAT,A,6.29731997
MOBY,M2,100,HPG,BONCAT,A,13.45935178
MOBY,M2,100,HPG,BONCAT,A,9.176264728
MOBY,M2,100,HPG,BONCAT,A,7.934475664
MOBY,M2,100,HPG,BONCAT,A,25.7770123
MOBY,M2,100,HPG,BONCAT,A,18.40402639
MOBY,M2,100,HPG,BONCAT,A,11.73766934
MOBY,M2,100,HPG,BONCAT,A,2.695074918
MOBY,M2,100,HPG,BONCAT,A,1.411644175
MOBY,M2,100,HPG,BONCAT,A,24.6336885
MOBY,M2,100,HPG,BONCAT,A,34.65728372
MOBY,M2,100,HPG,BONCAT,A,8.549551972
MOBY,M2,100,HPG,BONCAT,A,9.972848587
MOBY,M2,100,HPG,BONCAT,A,4.176225771
MOBY,M2,100,HPG,BONCAT,A,4.448236816
MOBY,M2,100,HPG,BONCAT,A,3.673195919
MOBY,M2,100,HPG,BONCAT,A,18.77577917
MOBY,M2,100,HPG,BONCAT,A,3.995617197
MOBY,M2,100,HPG,BONCAT,A,22.9096577
MOBY,M2,100,HPG,BONCAT,A,3.222623566
MOBY,M2,100,HPG,BONCAT,A,23.72435266
MOBY,M2,100,HPG,BONCAT,A,7.791705465
MOBY,M2,100,HPG,BONCAT,A,9.279630032
MOBY,M2,100,HPG,BONCAT,A,2.426435006
MOBY,M2,100,HPG,BONCAT,A,2.368539787
MOBY,M2,100,HPG,BONCAT,A,15.30341017
MOBY,M2,100,HPG,BONCAT,A,5.142693099
MOBY,M2,100,HPG,BONCAT,A,14.85366554
MOBY,M2,100,HPG,BONCAT,A,12.33128107
MOBY,M2,100,HPG,BONCAT,A,3.59807349
MOBY,M2,100,HPG,BONCAT,A,4.399082769
MOBY,M2,100,HPG,BONCAT,A,18.51158169
MOBY,M2,100,HPG,BONCAT,A,38.23074078
MOBY,M2,100,HPG,BONCAT,A,9.223637705
MOBY,M2,100,HPG,BONCAT,A,14.58467351
MOBY,M2,100,HPG,BONCAT,A,1.059747365
MOBY,M2,100,HPG,BONCAT,A,3.906414708
MOBY,M2,100,HPG,BONCAT,A,5.362426632
MOBY,M2,100,HPG,BONCAT,A,48.98173087
MOBY,M2,100,HPG,BONCAT,A,17.079775
MOBY,M2,100,HPG,BONCAT,A,5.755582358
MOBY,M2,100,HPG,BONCAT,A,30.83887851
MOBY,M2,100,HPG,BONCAT,A,6.375586745
MOBY,M2,100,HPG,BONCAT,A,25.85463079
MOBY,M2,100,HPG,BONCAT,A,1.762499928
MOBY,M2,100,HPG,BONCAT,A,5.433314449
MOBY,M2,100,HPG,BONCAT,A,14.64615777
MOBY,M2,100,HPG,BONCAT,A,102.7370053
MOBY,M2,100,HPG,BONCAT,A,6.830706893
MOBY,M2,100,HPG,BONCAT,A,5.566462475
MOBY,M2,100,HPG,BONCAT,A,18.608896
MOBY,M2,100,HPG,BONCAT,A,2.390496124
MOBY,M2,100,HPG,BONCAT,A,1.165987702
MOBY,M2,100,HPG,BONCAT,A,12.3616546
MOBY,M2,100,HPG,BONCAT,A,5.733295218
MOBY,M2,100,HPG,BONCAT,A,0.881288841
MOBY,M2,100,HPG,BONCAT,A,5.538525473
MOBY,M2,100,HPG,BONCAT,A,11.87655419
MOBY,M2,100,HPG,BONCAT,A,7.388317533
MOBY,M2,100,HPG,BONCAT,A,4.635278978
MOBY,M2,100,HPG,BONCAT,A,8.152096969
MOBY,M2,100,HPG,BONCAT,A,11.87316855
MOBY,M2,100,HPG,BONCAT,A,4.660800401
MOBY,M2,100,HPG,BONCAT,A,10.17950185
MOBY,M2,100,HPG,BONCAT,A,20.51085387
MOBY,M2,100,HPG,BONCAT,A,6.385803467
MOBY,M2,100,HPG,BONCAT,A,33.41648157
MOBY,M2,100,HPG,BONCAT,A,6.935767622
MOBY,M2,100,HPG,BONCAT,A,2.802177431
MOBY,M2,100,HPG,BONCAT,A,3.986909782
MOBY,M2,100,HPG,BONCAT,A,2.292241518
MOBY,M2,100,HPG,BONCAT,A,7.453707101
MOBY,M2,100,HPG,BONCAT,A,6.18557804
MOBY,M2,100,HPG,BONCAT,A,32.95023027
MOBY,M2,100,HPG,BONCAT,A,5.611273544
MOBY,M2,100,HPG,BONCAT,A,5.973628567
MOBY,M2,100,HPG,BONCAT,A,51.82742576
MOBY,M2,100,HPG,BONCAT,A,28.87857217
MOBY,M2,100,HPG,BONCAT,A,38.17587728
MOBY,M2,100,HPG,BONCAT,A,29.4015884
MOBY,M2,100,HPG,BONCAT,A,4.001174884
MOBY,M2,100,HPG,BONCAT,A,23.53937478
MOBY,M2,100,HPG,BONCAT,A,44.04424576
MOBY,M2,100,HPG,BONCAT,A,4.909774716
MOBY,M2,100,HPG,BONCAT,A,5.867089978
MOBY,M2,100,HPG,BONCAT,A,11.89738976
MOBY,M2,100,HPG,BONCAT,A,17.11662978
MOBY,M2,100,HPG,BONCAT,A,60.56446735
MOBY,M2,100,HPG,BONCAT,A,8.571884201
MOBY,M2,100,HPG,BONCAT,A,5.650202213
MOBY,M2,100,HPG,BONCAT,A,8.034558311
MOBY,M2,100,HPG,BONCAT,A,24.14324925
MOBY,M2,100,HPG,BONCAT,A,12.81382744
MOBY,M2,100,HPG,BONCAT,A,18.43362367
MOBY,M2,100,HPG,BONCAT,A,5.388007379
MOBY,M2,100,HPG,BONCAT,A,84.26937874
MOBY,M2,100,HPG,BONCAT,A,6.850256092
MOBY,M2,100,HPG,BONCAT,A,4.009059504
MOBY,M2,100,HPG,BONCAT,A,39.17051533
MOBY,M2,100,HPG,BONCAT,A,3.390441553
MOBY,M2,100,HPG,BONCAT,A,67.58820091
MOBY,M2,100,HPG,BONCAT,A,8.638789634
MOBY,M2,100,HPG,BONCAT,A,22.5518911
MOBY,M2,100,HPG,BONCAT,A,5.812610996
MOBY,M2,100,HPG,BONCAT,A,16.18695331
MOBY,M2,100,HPG,BONCAT,A,14.10456748
MOBY,M2,100,HPG,BONCAT,A,38.72423027
MOBY,M2,100,HPG,BONCAT,A,10.35076333
MOBY,M2,100,HPG,BONCAT,A,22.43114074
MOBY,M2,100,HPG,BONCAT,A,55.85622962
MOBY,M2,100,HPG,BONCAT,A,8.469145998
MOBY,M2,100,HPG,BONCAT,A,32.3876857
MOBY,M2,100,HPG,BONCAT,A,3.188761456
MOBY,M2,100,HPG,BONCAT,A,16.42016461
MOBY,M2,100,HPG,BONCAT,A,4.483908851
MOBY,M2,100,HPG,BONCAT,A,5.565675276
MOBY,M2,100,HPG,BONCAT,A,2.379517955
MOBY,M2,100,HPG,BONCAT,A,5.081218531
MOBY,M2,100,HPG,BONCAT,A,4.197330314
MOBY,M2,100,HPG,BONCAT,A,18.56446558
MOBY,M2,100,HPG,BONCAT,A,10.77582993
MOBY,M2,100,HPG,BONCAT,A,2.29169261
MOBY,M2,100,HPG,BONCAT,A,3.982495014
MOBY,M2,100,HPG,BONCAT,A,22.53243283
MOBY,M2,100,HPG,BONCAT,A,6.442707662
MOBY,M2,100,HPG,BONCAT,A,16.31016694
MOBY,M2,100,HPG,BONCAT,A,19.55766117
MOBY,M2,100,HPG,BONCAT,A,1.24612833
MOBY,M2,100,HPG,BONCAT,A,6.146520098
MOBY,M2,100,HPG,BONCAT,A,5.571659695
MOBY,M2,100,HPG,BONCAT,A,7.195797081
MOBY,M2,100,HPG,BONCAT,A,8.862913967
MOBY,M2,100,HPG,BONCAT,A,45.07995943
MOBY,M2,100,HPG,BONCAT,A,12.62696157
MOBY,M2,100,HPG,BONCAT,A,1.212084124
MOBY,M2,100,HPG,BONCAT,A,3.726273592
MOBY,M2,100,HPG,BONCAT,A,31.58885044
MOBY,M2,100,HPG,BONCAT,A,16.31032185
MOBY,M2,100,HPG,BONCAT,A,4.883491409
MOBY,M2,100,HPG,BONCAT,A,5.526996923
MOBY,M2,100,HPG,BONCAT,A,6.395374702
MOBY,M2,100,HPG,BONCAT,A,6.490576342
MOBY,M2,100,HPG,BONCAT,A,2.777247654
MOBY,M2,100,HPG,BONCAT,A,6.685199999
MOBY,M2,100,HPG,BONCAT,A,3.453668507
MOBY,M2,100,HPG,BONCAT,A,4.977865933
MOBY,M2,100,HPG,BONCAT,A,31.81895058
MOBY,M2,100,HPG,BONCAT,A,9.622464498
MOBY,M2,100,HPG,BONCAT,A,17.36528274
MOBY,M2,100,HPG,BONCAT,A,13.11508784
MOBY,M2,100,HPG,BONCAT,A,9.194707257
MOBY,M2,100,HPG,BONCAT,A,21.26149341
MOBY,M2,100,HPG,BONCAT,A,15.22274958
MOBY,M2,100,HPG,BONCAT,A,3.444958528
MOBY,M2,100,HPG,BONCAT,A,1.656168706
MOBY,M2,100,HPG,BONCAT,A,70.22551813
MOBY,M2,100,HPG,BONCAT,A,7.98753002
MOBY,M2,100,HPG,BONCAT,A,22.76323174
MOBY,M2,100,HPG,BONCAT,A,5.169856955
MOBY,M2,100,HPG,BONCAT,A,2.871620209
MOBY,M2,100,HPG,BONCAT,A,2.790996046
MOBY,M2,100,HPG,BONCAT,A,92.29844917
MOBY,M2,100,HPG,BONCAT,A,6.434085805
MOBY,M2,100,HPG,BONCAT,A,26.37457454
MOBY,M2,100,HPG,BONCAT,A,17.44172932
MOBY,M2,100,HPG,BONCAT,A,3.026463815
MOBY,M2,100,HPG,BONCAT,A,6.640810577
MOBY,M2,100,HPG,BONCAT,A,20.50466841
MOBY,M2,100,HPG,BONCAT,A,2.884543397
MOBY,M2,100,HPG,BONCAT,A,2.685418153
MOBY,M2,100,HPG,BONCAT,A,1.830369131
MOBY,M2,100,HPG,BONCAT,A,14.16273449
MOBY,M2,100,HPG,BONCAT,A,8.550473897
MOBY,M2,100,HPG,BONCAT,A,9.831266353
MOBY,M2,100,HPG,BONCAT,A,12.5649119
MOBY,M2,100,HPG,BONCAT,A,16.8708419
MOBY,M2,100,HPG,BONCAT,A,15.77448454
MOBY,M2,100,HPG,BONCAT,A,1.92526351
MOBY,M2,100,HPG,BONCAT,A,1.569087977
MOBY,M2,100,HPG,BONCAT,A,32.63626103
MOBY,M2,100,HPG,BONCAT,A,3.406939998
MOBY,M2,100,HPG,BONCAT,A,2.713063319
MOBY,M2,100,HPG,BONCAT,A,3.828675111
MOBY,M2,100,HPG,BONCAT,A,4.387804295
MOBY,M2,100,HPG,BONCAT,A,4.037132819
MOBY,M2,100,HPG,BONCAT,A,4.732972451
MOBY,M2,100,HPG,BONCAT,A,4.059117486
MOBY,M2,100,HPG,BONCAT,A,25.72423211
MOBY,M2,100,HPG,BONCAT,A,27.54866725
MOBY,M2,100,HPG,BONCAT,A,2.834761796
MOBY,M2,100,HPG,BONCAT,A,7.136240972
MOBY,M2,100,HPG,BONCAT,A,5.945899329
MOBY,M2,100,HPG,BONCAT,A,1.871777677
MOBY,M2,100,HPG,BONCAT,A,15.40201584
MOBY,M2,100,HPG,BONCAT,A,4.396326229
MOBY,M2,100,HPG,BONCAT,A,5.848010063
MOBY,M2,100,HPG,BONCAT,A,10.64330538
MOBY,M2,100,HPG,BONCAT,A,8.770388747
MOBY,M2,100,HPG,BONCAT,A,8.597550875
MOBY,M2,100,HPG,BONCAT,A,4.802115489
MOBY,M2,100,HPG,BONCAT,A,3.073579067
MOBY,M2,100,HPG,BONCAT,A,26.45200646
MOBY,M2,100,HPG,BONCAT,A,2.212100891
MOBY,M2,100,HPG,BONCAT,A,16.20658227
MOBY,M2,100,HPG,BONCAT,A,1.511881805
MOBY,M2,100,HPG,BONCAT,A,8.967724351
MOBY,M2,100,HPG,BONCAT,A,5.389673383
MOBY,M2,100,HPG,BONCAT,A,2.795694858
MOBY,M2,100,HPG,BONCAT,A,10.89801819
MOBY,M2,100,HPG,BONCAT,A,20.79854378
MOBY,M2,100,HPG,BONCAT,A,121.265992
MOBY,M2,100,HPG,BONCAT,A,42.4242336
MOBY,M2,100,HPG,BONCAT,A,15.42903266
MOBY,M2,100,HPG,BONCAT,A,4.315155665
MOBY,M2,100,HPG,BONCAT,A,36.39647445
MOBY,M2,100,HPG,BONCAT,A,2.247779937
MOBY,M2,100,HPG,BONCAT,A,4.70757465
MOBY,M2,100,HPG,BONCAT,A,7.823581646
MOBY,M2,100,HPG,BONCAT,A,11.79179211
MOBY,M2,100,HPG,BONCAT,A,7.510651936
MOBY,M2,100,HPG,BONCAT,A,42.03751622
MOBY,M2,100,HPG,BONCAT,A,14.17788243
MOBY,M2,100,HPG,BONCAT,A,3.033886459
MOBY,M2,100,HPG,BONCAT,A,97.87040583
MOBY,M2,100,HPG,BONCAT,A,11.10829606
MOBY,M2,100,HPG,BONCAT,A,7.97912767
MOBY,M2,100,HPG,BONCAT,A,10.76653744
MOBY,M2,100,HPG,BONCAT,A,3.373671176
MOBY,M2,100,HPG,BONCAT,A,8.786272527
MOBY,M2,100,HPG,BONCAT,A,4.606071073
MOBY,M2,100,HPG,BONCAT,A,9.046356154
MOBY,M2,100,HPG,BONCAT,A,23.6904797
MOBY,M2,100,HPG,BONCAT,A,109.1657258
MOBY,M2,100,HPG,BONCAT,A,3.679585737
MOBY,M2,100,HPG,BONCAT,A,2.448131507
MOBY,M2,100,HPG,BONCAT,A,14.91654481
MOBY,M2,100,HPG,BONCAT,A,20.46365964
MOBY,M2,100,HPG,BONCAT,A,3.710041301
MOBY,M2,100,HPG,BONCAT,A,57.05126669
MOBY,M2,100,HPG,BONCAT,A,10.42084909
MOBY,M2,100,HPG,BONCAT,A,3.275357572
MOBY,M2,100,HPG,BONCAT,A,16.64359001
MOBY,M2,100,HPG,BONCAT,A,11.15588232
MOBY,M2,100,HPG,BONCAT,A,8.700702168
MOBY,M2,100,HPG,BONCAT,A,16.81563985
MOBY,M2,100,HPG,BONCAT,A,19.44799281
MOBY,M2,100,HPG,BONCAT,A,11.38569025
MOBY,M2,100,HPG,BONCAT,A,17.87677939
MOBY,M2,100,HPG,BONCAT,A,9.064279848
MOBY,M2,100,HPG,BONCAT,A,1.767535833
MOBY,M2,100,HPG,BONCAT,A,8.596799742
MOBY,M2,100,HPG,BONCAT,A,49.01359079
MOBY,M2,100,HPG,BONCAT,A,6.484241047
MOBY,M2,100,HPG,BONCAT,A,18.25852245
MOBY,M2,100,HPG,BONCAT,A,5.775083084
MOBY,M2,100,HPG,BONCAT,A,8.554808673
MOBY,M2,100,HPG,BONCAT,A,1.217435676
MOBY,M2,100,HPG,BONCAT,A,49.54870665
MOBY,M2,100,HPG,BONCAT,A,1.724044694
MOBY,M2,100,HPG,BONCAT,A,14.57056246
MOBY,M2,100,HPG,BONCAT,A,2.367534725
MOBY,M2,100,HPG,BONCAT,A,5.201196112
MOBY,M2,100,HPG,BONCAT,A,12.09963779
MOBY,M2,100,HPG,BONCAT,A,1.075683416
MOBY,M2,100,HPG,BONCAT,A,5.884386684
MOBY,M2,100,HPG,BONCAT,A,9.636438955
MOBY,M2,100,HPG,BONCAT,A,5.014498395
MOBY,M2,100,HPG,BONCAT,A,4.983837093
MOBY,M2,100,HPG,BONCAT,A,17.80263879
MOBY,M2,100,HPG,BONCAT,A,16.86306228
MOBY,M2,100,HPG,BONCAT,A,63.14461763
MOBY,M2,100,HPG,BONCAT,A,5.328459046
MOBY,M2,100,HPG,BONCAT,A,13.60097298
MOBY,M2,100,HPG,BONCAT,A,3.547503189
MOBY,M2,100,HPG,BONCAT,A,3.284313788
MOBY,M2,100,HPG,BONCAT,A,5.07286651
MOBY,M2,100,HPG,BONCAT,A,31.65223555
MOBY,M2,100,HPG,BONCAT,A,31.44292098
MOBY,M2,100,HPG,BONCAT,A,4.269267956
MOBY,M2,100,HPG,BONCAT,A,8.490003272
MOBY,M2,100,HPG,BONCAT,A,5.65838313
MOBY,M2,100,HPG,BONCAT,A,49.6633312
MOBY,M2,100,HPG,BONCAT,A,7.839418185
MOBY,M2,100,HPG,BONCAT,A,4.652315296
MOBY,M2,100,HPG,BONCAT,A,1.960252377
MOBY,M2,100,HPG,BONCAT,A,5.981994994
MOBY,M2,100,HPG,BONCAT,A,15.31605427
MOBY,M2,100,HPG,BONCAT,A,8.460130543
MOBY,M2,100,HPG,BONCAT,A,3.918882649
MOBY,M2,100,HPG,BONCAT,A,59.7898903
MOBY,M2,100,HPG,BONCAT,A,4.485644109
MOBY,M2,100,HPG,BONCAT,A,112.2599426
MOBY,M2,100,HPG,BONCAT,A,22.21235704
MOBY,M2,100,HPG,BONCAT,A,5.134335526
MOBY,M2,100,HPG,BONCAT,A,5.724375775
MOBY,M2,100,HPG,BONCAT,A,1.634448676
MOBY,M2,100,HPG,BONCAT,A,19.96406474
MOBY,M2,100,HPG,BONCAT,A,10.31208346
MOBY,M2,100,HPG,BONCAT,A,20.17785118
MOBY,M2,100,HPG,BONCAT,A,45.78568212
MOBY,M2,100,HPG,BONCAT,A,5.747579486
MOBY,M2,100,HPG,BONCAT,A,15.2911192
MOBY,M2,100,HPG,BONCAT,A,4.801409572
MOBY,M2,100,HPG,BONCAT,A,5.1848553
MOBY,M2,100,HPG,BONCAT,A,9.191913986
MOBY,M2,100,HPG,BONCAT,A,10.90342355
MOBY,M2,100,HPG,BONCAT,A,6.607076238
MOBY,M2,100,HPG,BONCAT,A,3.653428134
MOBY,M2,100,HPG,BONCAT,A,5.067475776
MOBY,M2,100,HPG,BONCAT,A,7.822081291
MOBY,M2,100,HPG,BONCAT,A,110.1141086
MOBY,M2,100,HPG,BONCAT,A,5.359641818
MOBY,M2,100,HPG,BONCAT,A,3.478494976
MOBY,M2,100,HPG,BONCAT,A,5.201196112
MOBY,M2,100,HPG,BONCAT,A,5.203724519
MOBY,M2,100,HPG,BONCAT,A,6.263664688
MOBY,M2,100,HPG,BONCAT,A,7.939694543
MOBY,M2,100,HPG,BONCAT,A,5.785031316
MOBY,M2,100,HPG,BONCAT,A,22.71282425
MOBY,M2,100,HPG,BONCAT,A,40.92181334
MOBY,M2,100,HPG,BONCAT,A,23.11999374
MOBY,M2,100,HPG,BONCAT,A,4.245690718
MOBY,M2,100,HPG,BONCAT,A,21.27383868
MOBY,M2,100,HPG,BONCAT,A,18.43308822
MOBY,M2,100,HPG,BONCAT,A,2.918515232
MOBY,M2,100,HPG,BONCAT,A,35.10193438
MOBY,M2,100,HPG,BONCAT,A,6.07969671
MOBY,M2,100,HPG,BONCAT,A,3.289200844
MOBY,M2,100,HPG,BONCAT,A,54.97441669
MOBY,M2,100,HPG,BONCAT,A,3.530076331
MOBY,M2,100,HPG,BONCAT,A,6.477283183
MOBY,M2,100,HPG,BONCAT,A,28.77954442
MOBY,M2,100,HPG,BONCAT,A,53.69190798
MOBY,M2,100,HPG,BONCAT,A,4.578306932
MOBY,M2,100,HPG,BONCAT,A,36.57254202
MOBY,M2,100,HPG,BONCAT,A,28.85041353
MOBY,M2,100,HPG,BONCAT,A,32.86108995
MOBY,M2,100,HPG,BONCAT,A,10.10255852
MOBY,M2,100,HPG,BONCAT,A,2.250524479
MOBY,M2,100,HPG,BONCAT,A,6.945941962
MOBY,M2,100,HPG,BONCAT,A,7.352581443
MOBY,M2,100,HPG,BONCAT,A,3.670072453
MOBY,M2,100,HPG,BONCAT,A,2.571635899
MOBY,M2,100,HPG,BONCAT,A,7.137973256
MOBY,M2,100,HPG,BONCAT,A,8.982766453
MOBY,M2,100,HPG,BONCAT,A,18.28569731
MOBY,M2,100,HPG,BONCAT,A,4.624523561
MOBY,M2,100,HPG,BONCAT,A,2.924032109
MOBY,M2,100,HPG,BONCAT,A,10.78850321
MOBY,M2,100,HPG,BONCAT,A,38.67975325
MOBY,M2,100,HPG,BONCAT,A,36.71163641
MOBY,M2,100,HPG,BONCAT,A,7.760127933
MOBY,M2,100,HPG,BONCAT,A,6.269242306
MOBY,M2,100,HPG,BONCAT,A,0.91632291
MOBY,M2,100,HPG,BONCAT,A,86.37180362
MOBY,M2,100,HPG,BONCAT,A,3.391642395
MOBY,M2,100,HPG,BONCAT,A,9.268654923
MOBY,M2,100,HPG,BONCAT,A,5.93319324
MOBY,M2,100,HPG,BONCAT,A,14.33202188
MOBY,M2,100,HPG,BONCAT,A,118.3675656
MOBY,M2,100,HPG,BONCAT,A,5.014278321
MOBY,M2,100,HPG,BONCAT,A,5.217977311
MOBY,M2,100,HPG,BONCAT,A,1.619875236
MOBY,M2,100,HPG,BONCAT,A,25.77759082
MOBY,M2,100,HPG,BONCAT,A,3.718347751
MOBY,M2,100,HPG,BONCAT,A,8.946718257
MOBY,M2,100,HPG,BONCAT,A,31.96959796
MOBY,M2,100,HPG,BONCAT,A,20.96486576
MOBY,M2,100,HPG,BONCAT,A,5.694292931
MOBY,M2,100,HPG,BONCAT,A,3.049472455
MOBY,M2,100,HPG,BONCAT,A,2.078496938
MOBY,M2,100,HPG,BONCAT,A,28.09183963
MOBY,M2,100,HPG,BONCAT,A,5.292286407
MOBY,M2,100,HPG,BONCAT,A,11.45830383
MOBY,M2,100,HPG,BONCAT,A,3.160012594
MOBY,M2,100,HPG,BONCAT,A,74.94026032
MOBY,M2,100,HPG,BONCAT,A,6.160648519
MOBY,M2,100,HPG,BONCAT,A,61.68685827
MOBY,M2,100,HPG,BONCAT,A,17.84538891
MOBY,M2,100,HPG,BONCAT,A,2.870063094
MOBY,M2,100,HPG,BONCAT,A,55.32262832
MOBY,M2,100,HPG,BONCAT,A,6.626847282
MOBY,M2,100,HPG,BONCAT,A,7.707090476
MOBY,M2,100,HPG,BONCAT,A,19.34288287
MOBY,M2,100,HPG,BONCAT,A,2.97797904
MOBY,M2,100,HPG,BONCAT,A,2.670007298
MOBY,M2,100,HPG,BONCAT,A,1.633396868
MOBY,M2,100,HPG,BONCAT,A,17.4974409
MOBY,M2,100,HPG,BONCAT,A,16.65964164
MOBY,M2,100,HPG,BONCAT,A,27.04288505
MOBY,M2,100,HPG,BONCAT,A,9.790151782
MOBY,M2,100,HPG,BONCAT,A,24.87562693
MOBY,M2,100,HPG,BONCAT,A,6.615446773
MOBY,M2,100,HPG,BONCAT,A,21.87709086
MOBY,M2,100,HPG,BONCAT,A,3.230246027
MOBY,M2,100,HPG,BONCAT,A,8.168364362
MOBY,M2,100,HPG,BONCAT,A,31.60885549
MOBY,M2,100,HPG,BONCAT,A,9.537380861
MOBY,M2,100,HPG,BONCAT,A,9.304841728
MOBY,M2,100,HPG,BONCAT,A,42.06793793
MOBY,M2,100,HPG,BONCAT,A,5.815393926
MOBY,M2,100,HPG,BONCAT,A,4.464865766
MOBY,M2,100,HPG,BONCAT,A,17.84257793
MOBY,M2,100,HPG,BONCAT,A,8.082253225
MOBY,M2,100,HPG,BONCAT,A,4.941561485
MOBY,M2,100,HPG,BONCAT,A,11.70455533
MOBY,M2,100,HPG,BONCAT,A,23.03633471
MOBY,M2,100,HPG,BONCAT,A,29.41933067
MOBY,M2,100,HPG,BONCAT,A,5.707230922
MOBY,M2,100,HPG,BONCAT,A,5.396369159
MOBY,M2,100,HPG,BONCAT,A,31.49266384
MOBY,M2,100,HPG,BONCAT,A,65.6386784
MOBY,M2,100,HPG,BONCAT,A,3.880166715
MOBY,M2,100,HPG,BONCAT,A,12.85520406
MOBY,M2,100,HPG,BONCAT,A,4.209888956
MOBY,M2,100,HPG,BONCAT,A,8.481135915
MOBY,M2,100,HPG,BONCAT,A,3.285974396
MOBY,M2,100,HPG,BONCAT,A,35.95027537
MOBY,M2,100,HPG,BONCAT,A,5.357128426
MOBY,M2,100,HPG,BONCAT,A,12.5877678
MOBY,M2,100,HPG,BONCAT,A,7.86454105
MOBY,M2,100,HPG,BONCAT,A,37.31762676
MOBY,M2,100,HPG,BONCAT,A,6.18377323
MOBY,M2,100,HPG,BONCAT,A,120.2718038
MOBY,M2,100,HPG,BONCAT,A,10.66364013
MOBY,M2,100,HPG,BONCAT,A,5.802334424
MOBY,M2,100,HPG,BONCAT,A,23.27081266
MOBY,M2,100,HPG,BONCAT,A,6.529114727
MOBY,M2,100,HPG,BONCAT,A,21.51735273
MOBY,M2,100,HPG,BONCAT,A,12.44565931
MOBY,M2,100,HPG,BONCAT,A,5.064179408
MOBY,M2,100,HPG,BONCAT,A,3.85917099
MOBY,M2,100,HPG,BONCAT,A,12.51659556
MOBY,M2,100,HPG,BONCAT,A,22.29924124
MOBY,M2,100,HPG,BONCAT,A,4.370727478
MOBY,M2,100,HPG,BONCAT,A,84.27842532
MOBY,M2,100,HPG,BONCAT,A,7.324667092
MOBY,M2,100,HPG,BONCAT,A,14.51462713
MOBY,M2,100,HPG,BONCAT,A,24.28837256
MOBY,M2,100,HPG,BONCAT,A,4.919805872
MOBY,M2,100,HPG,BONCAT,A,23.98967077
MOBY,M2,100,HPG,BONCAT,A,26.80233823
MOBY,M2,100,HPG,BONCAT,A,10.12552738
MOBY,M2,100,HPG,BONCAT,A,97.46579744
MOBY,M2,100,HPG,BONCAT,A,16.6662903
MOBY,M2,100,HPG,BONCAT,A,2.17533009
MOBY,M2,100,HPG,BONCAT,A,11.30724581
MOBY,M2,100,HPG,BONCAT,A,54.82800192
MOBY,M2,100,HPG,BONCAT,A,7.676447009
MOBY,M2,100,HPG,BONCAT,A,120.4279386
MOBY,M2,100,HPG,BONCAT,A,3.533665314
MOBY,M2,100,HPG,BONCAT,A,23.29830412
MOBY,M2,100,HPG,BONCAT,A,6.001537097
MOBY,M2,100,HPG,BONCAT,A,119.6140809
MOBY,M2,100,HPG,BONCAT,A,1.765950657
MOBY,M2,100,HPG,BONCAT,A,21.6918971
MOBY,M2,100,HPG,BONCAT,A,1.452895555
MOBY,M2,100,HPG,BONCAT,A,5.402901934
MOBY,M2,100,HPG,BONCAT,A,19.81562475
MOBY,M2,100,HPG,BONCAT,A,84.97235377
MOBY,M2,100,HPG,BONCAT,A,6.409296351
MOBY,M2,100,HPG,BONCAT,A,61.46604963
MOBY,M2,100,HPG,BONCAT,A,3.353370008
MOBY,M2,100,HPG,BONCAT,A,20.98397736
MOBY,M2,100,HPG,BONCAT,A,3.776415745
MOBY,M2,100,HPG,BONCAT,A,9.181744279
MOBY,M2,100,HPG,BONCAT,A,7.394913075
MOBY,M2,100,HPG,BONCAT,A,6.409296351
MOBY,M2,100,HPG,BONCAT,A,122.8646439
MOBY,M2,100,HPG,BONCAT,A,12.35665512
MOBY,M2,100,HPG,BONCAT,A,13.00504235
MOBY,M2,100,HPG,BONCAT,A,12.76853036
MOBY,M2,100,HPG,BONCAT,A,5.406747834
MOBY,M2,100,HPG,BONCAT,A,7.084892212
MOBY,M2,100,HPG,BONCAT,A,6.895980191
MOBY,M2,100,HPG,BONCAT,A,16.11834726
MOBY,M2,100,HPG,BONCAT,A,5.97956032
MOBY,M2,100,HPG,BONCAT,A,20.53771879
MOBY,M2,100,HPG,BONCAT,A,13.09722804
MOBY,M2,100,HPG,BONCAT,A,2.002221688
MOBY,M2,100,HPG,BONCAT,A,61.49514928
MOBY,M2,100,HPG,BONCAT,A,26.82708401
MOBY,M2,100,HPG,BONCAT,A,38.24936316
MOBY,M2,100,HPG,BONCAT,A,9.817400998
MOBY,M2,100,HPG,BONCAT,A,11.69337514
MOBY,M2,100,HPG,BONCAT,A,11.15591183
MOBY,M2,100,HPG,BONCAT,A,14.69382495
MOBY,M2,100,HPG,BONCAT,A,19.28140031
MOBY,M2,100,HPG,BONCAT,A,3.571587661
MOBY,M2,100,HPG,BONCAT,A,13.84414902
MOBY,M2,100,HPG,BONCAT,A,31.0315761
MOBY,M2,100,HPG,BONCAT,A,4.654144231
MOBY,M2,100,HPG,BONCAT,A,10.81576213
MOBY,M2,100,HPG,BONCAT,A,12.62696157
MOBY,M2,100,HPG,BONCAT,A,5.587948138
MOBY,M2,100,HPG,BONCAT,A,3.39890405
MOBY,M2,100,HPG,BONCAT,A,5.915563053
MOBY,M2,100,HPG,BONCAT,A,8.800241276
MOBY,M2,100,HPG,BONCAT,A,5.08204712
MOBY,M2,100,HPG,BONCAT,A,14.11347913
MOBY,M2,100,HPG,BONCAT,A,19.11041754
MOBY,M2,100,HPG,BONCAT,A,25.17853017
MOBY,M2,100,HPG,BONCAT,A,1.574481799
MOBY,M2,100,HPG,BONCAT,A,9.56800478
MOBY,M2,100,HPG,BONCAT,A,9.598114708
MOBY,M2,100,HPG,BONCAT,A,41.20635868
MOBY,M2,100,HPG,BONCAT,A,5.638064297
MOBY,M2,100,HPG,BONCAT,A,11.53832533
MOBY,M2,100,HPG,BONCAT,A,5.763939931
MOBY,M2,100,HPG,BONCAT,A,1.250979972
MOBY,M2,100,HPG,BONCAT,A,7.864472305
MOBY,M2,100,HPG,BONCAT,A,3.607496895
MOBY,M2,100,HPG,BONCAT,A,4.775986018
MOBY,M2,100,HPG,BONCAT,A,14.9377513
MOBY,M2,100,HPG,BONCAT,A,21.47041164
MOBY,M2,100,HPG,BONCAT,A,32.46052592
MOBY,M2,100,HPG,BONCAT,A,17.92928053
MOBY,M2,100,HPG,BONCAT,A,15.52061391
MOBY,M2,100,HPG,BONCAT,A,24.81550708
MOBY,M2,100,HPG,BONCAT,A,6.981507742
MOBY,M2,100,HPG,BONCAT,A,13.45823059
MOBY,M2,100,HPG,BONCAT,A,5.019602875
MOBY,M2,100,HPG,BONCAT,A,35.62077096
MOBY,M2,100,HPG,BONCAT,A,28.95348691
MOBY,M2,100,HPG,BONCAT,A,8.843410266
MOBY,M2,100,HPG,BONCAT,A,13.86230778
MOBY,M2,100,HPG,BONCAT,A,7.703604291
MOBY,M2,100,HPG,BONCAT,A,9.436629254
MOBY,M2,100,HPG,BONCAT,A,9.651057626
MOBY,M2,100,HPG,BONCAT,A,8.171967736
MOBY,M2,100,HPG,BONCAT,A,11.72695682
MOBY,M2,100,HPG,BONCAT,A,25.62766219
MOBY,M2,100,HPG,BONCAT,A,5.22828914
MOBY,M2,100,HPG,BONCAT,A,24.32872703
MOBY,M2,100,HPG,BONCAT,A,2.896447202
MOBY,M2,100,HPG,BONCAT,A,25.27271039
MOBY,M2,100,HPG,BONCAT,A,37.02791644
MOBY,M2,100,HPG,BONCAT,A,28.11158961
MOBY,M2,100,HPG,BONCAT,A,8.883864646
MOBY,M2,100,HPG,BONCAT,A,4.340534626
MOBY,M2,100,HPG,BONCAT,A,2.890002776
MOBY,M2,100,HPG,BONCAT,A,3.716995269
MOBY,M2,100,HPG,BONCAT,A,9.514849198
MOBY,M2,100,HPG,BONCAT,A,3.14620135
MOBY,M2,100,HPG,BONCAT,A,38.96807507
MOBY,M2,100,HPG,BONCAT,A,20.56115895
MOBY,M2,100,HPG,BONCAT,A,16.97277923
MOBY,M2,100,HPG,BONCAT,A,17.34797746
MOBY,M2,100,HPG,BONCAT,A,17.20991474
MOBY,M2,100,HPG,BONCAT,A,2.448131507
MOBY,M2,100,HPG,BONCAT,A,10.71030786
MOBY,M2,100,HPG,BONCAT,A,7.028777057
MOBY,M2,100,HPG,BONCAT,A,19.10492633
MOBY,M2,100,HPG,BONCAT,A,4.891891535
MOBY,M2,100,HPG,BONCAT,A,8.739310643
MOBY,M2,100,HPG,BONCAT,A,7.846477076
MOBY,M2,100,HPG,BONCAT,A,4.591194579
MOBY,M2,100,HPG,BONCAT,A,9.417008817
MOBY,M2,100,HPG,BONCAT,A,4.557710472
MOBY,M2,100,HPG,BONCAT,A,17.22701462
MOBY,M2,100,HPG,BONCAT,A,10.25939569
MOBY,M2,100,HPG,BONCAT,A,3.528595737
MOBY,M2,100,HPG,BONCAT,A,6.68771883
MOBY,M2,100,HPG,BONCAT,A,45.67148778
MOBY,M2,100,HPG,BONCAT,A,5.424065009
MOBY,M2,100,HPG,BONCAT,A,32.88135367
MOBY,M2,100,HPG,BONCAT,A,4.151687312
MOBY,M2,100,HPG,BONCAT,A,75.71780969
MOBY,M2,100,HPG,BONCAT,A,2.416464265
MOBY,M2,100,HPG,BONCAT,A,4.807677157
MOBY,M2,100,HPG,BONCAT,A,2.298790895
MOBY,M2,100,HPG,BONCAT,A,55.62817808
MOBY,M2,100,HPG,BONCAT,A,17.21801734
MOBY,M2,100,HPG,BONCAT,A,8.018294176
MOBY,M2,100,HPG,BONCAT,A,14.86807131
MOBY,M2,100,HPG,BONCAT,A,1.966963905
MOBY,M2,100,HPG,BONCAT,A,23.60836669
MOBY,M2,100,HPG,BONCAT,A,18.98293494
MOBY,M2,100,HPG,BONCAT,A,2.048502302
MOBY,M2,100,HPG,BONCAT,A,2.911378616
MOBY,M2,100,HPG,BONCAT,A,2.768150846
MOBY,M2,100,HPG,BONCAT,A,9.838336718
MOBY,M2,100,HPG,BONCAT,A,4.002027399
MOBY,M2,100,HPG,BONCAT,A,2.856291088
MOBY,M2,100,HPG,BONCAT,A,12.45798985
MOBY,M2,100,HPG,BONCAT,A,21.68848069
MOBY,M2,100,HPG,BONCAT,A,37.79041538
MOBY,M2,100,HPG,BONCAT,A,7.621014144
MOBY,M2,100,HPG,BONCAT,A,4.073418314
MOBY,M2,100,HPG,BONCAT,A,5.791599915
MOBY,M2,100,HPG,BONCAT,A,5.686350049
MOBY,M2,100,HPG,BONCAT,A,18.41496177
MOBY,M2,100,HPG,BONCAT,A,7.190793303
MOBY,M2,100,HPG,BONCAT,A,21.39817019
MOBY,M2,100,HPG,BONCAT,A,2.50923932
MOBY,M2,100,HPG,BONCAT,A,11.4530574
MOBY,M2,100,HPG,BONCAT,A,59.63711613
MOBY,M2,100,HPG,BONCAT,A,23.78998908
MOBY,M2,100,HPG,BONCAT,A,7.265551228
MOBY,M2,100,HPG,BONCAT,A,20.54734105
MOBY,M2,100,HPG,BONCAT,A,4.084105213
MOBY,M2,100,HPG,BONCAT,A,15.40642871
MOBY,M2,100,HPG,BONCAT,A,14.73343888
MOBY,M2,100,HPG,BONCAT,A,3.29367437
MOBY,M2,100,HPG,BONCAT,A,10.79171265
MOBY,M2,100,HPG,BONCAT,A,1.300381729
MOBY,M2,100,HPG,BONCAT,A,11.14700556
MOBY,M2,100,HPG,BONCAT,A,15.33033024
MOBY,M2,100,HPG,BONCAT,A,5.712441869
MOBY,M2,100,HPG,BONCAT,A,22.74946753
MOBY,M2,100,HPG,BONCAT,A,7.968669683
MOBY,M2,100,HPG,BONCAT,A,15.7216678
MOBY,M2,100,HPG,BONCAT,A,8.291128726
MOBY,M2,100,HPG,BONCAT,A,10.858878
MOBY,M2,100,HPG,BONCAT,A,1.582015259
MOBY,M2,100,HPG,BONCAT,A,4.029510358
MOBY,M2,100,HPG,BONCAT,A,6.591339679
MOBY,M2,100,HPG,BONCAT,A,34.03250951
MOBY,M2,100,HPG,BONCAT,A,7.980942496
MOBY,M2,100,HPG,BONCAT,A,19.77552752
MOBY,M2,100,HPG,BONCAT,A,12.25655817
MOBY,M2,100,HPG,BONCAT,A,15.45920969
MOBY,M2,100,HPG,BONCAT,A,1.238054064
MOBY,M2,100,HPG,BONCAT,A,19.77779129
MOBY,M2,100,HPG,BONCAT,A,30.33942285
MOBY,M2,100,HPG,BONCAT,A,11.59864244
MOBY,M2,100,HPG,BONCAT,A,18.85815241
MOBY,M2,100,HPG,BONCAT,A,8.026055855
MOBY,M2,100,HPG,BONCAT,A,2.955980958
MOBY,M2,100,HPG,BONCAT,A,7.237658394
MOBY,M2,100,HPG,BONCAT,A,8.206753755
MOBY,M2,100,HPG,BONCAT,A,7.361057056
MOBY,M2,100,HPG,BONCAT,A,4.173859458
MOBY,M2,100,HPG,BONCAT,A,18.12658484
MOBY,M2,100,HPG,BONCAT,A,3.425188476
MOBY,M2,100,HPG,BONCAT,A,8.631048666
MOBY,M2,100,HPG,BONCAT,A,7.218750447
MOBY,M2,100,HPG,BONCAT,A,21.89933773
MOBY,M2,100,HPG,BONCAT,A,43.95635525
MOBY,M2,100,HPG,BONCAT,A,15.06328906
MOBY,M2,100,HPG,BONCAT,A,12.87938861
MOBY,M2,100,HPG,BONCAT,A,19.22652633
MOBY,M2,100,HPG,BONCAT,A,44.36252198
MOBY,M2,100,HPG,BONCAT,A,10.30398823
MOBY,M2,100,HPG,BONCAT,A,7.881355495
MOBY,M2,100,HPG,BONCAT,A,4.868850244
MOBY,M2,100,HPG,BONCAT,A,4.943362896
MOBY,M2,100,HPG,BONCAT,A,4.897459549
MOBY,M2,100,HPG,BONCAT,A,6.134458731
MOBY,M2,100,HPG,BONCAT,A,21.68841029
MOBY,M2,100,HPG,BONCAT,A,3.338105098
MOBY,M2,100,HPG,BONCAT,A,9.575395581
MOBY,M2,100,HPG,BONCAT,A,4.371757853
MOBY,M2,100,HPG,BONCAT,A,10.7583072
MOBY,M2,100,HPG,BONCAT,A,3.104185209
MOBY,M2,100,HPG,BONCAT,A,12.29026822
MOBY,M2,100,HPG,BONCAT,A,7.339121628
MOBY,M2,100,HPG,BONCAT,A,8.219531592
MOBY,M2,100,HPG,BONCAT,A,10.36853826
MOBY,M2,100,HPG,BONCAT,A,3.216417643
MOBY,M2,100,HPG,BONCAT,A,13.33492281
MOBY,M2,100,HPG,BONCAT,A,8.418859288
MOBY,M2,100,HPG,BONCAT,A,101.8991539
MOBY,M2,100,HPG,BONCAT,A,41.86036003
MOBY,M2,100,HPG,BONCAT,A,5.416630948
MOBY,M2,100,HPG,BONCAT,A,52.07884748
MOBY,M2,100,HPG,BONCAT,A,25.48462969
MOBY,M2,100,HPG,BONCAT,A,7.679233693
MOBY,M2,100,HPG,BONCAT,A,18.94649309
MOBY,M2,100,HPG,BONCAT,A,11.32405627
MOBY,M2,100,HPG,BONCAT,A,10.89673611
MOBY,M2,100,HPG,BONCAT,A,22.50623963
MOBY,M2,100,HPG,BONCAT,A,24.45962929
MOBY,M2,100,HPG,BONCAT,A,27.70582475
MOBY,M2,100,HPG,BONCAT,A,26.3977491
MOBY,M2,100,HPG,BONCAT,A,3.241904275
MOBY,M2,100,HPG,BONCAT,A,6.182076982
MOBY,M2,100,HPG,BONCAT,A,20.31878975
MOBY,M2,100,HPG,BONCAT,A,32.69905488
MOBY,M2,100,HPG,BONCAT,A,8.952317066
MOBY,M2,100,HPG,BONCAT,A,2.437389291
MOBY,M2,100,HPG,BONCAT,A,2.122445987
MOBY,M2,100,HPG,BONCAT,A,5.182076817
MOBY,M2,100,HPG,BONCAT,A,2.832242157
MOBY,M2,100,HPG,BONCAT,A,4.277622143
MOBY,M2,100,HPG,BONCAT,A,15.37050935
MOBY,M2,100,HPG,BONCAT,A,4.857367689
MOBY,M2,100,HPG,BONCAT,A,27.11134802
MOBY,M2,100,HPG,BONCAT,A,4.813962165
MOBY,M2,100,HPG,BONCAT,A,11.04796809
MOBY,M2,100,HPG,BONCAT,A,10.32668656
MOBY,M2,100,HPG,BONCAT,A,13.94193965
MOBY,M2,100,HPG,BONCAT,A,5.096860593
MOBY,M2,100,HPG,BONCAT,A,5.259787941
MOBY,M2,100,HPG,BONCAT,A,65.99380301
MOBY,M2,100,HPG,BONCAT,A,1.200515812
MOBY,M2,100,HPG,BONCAT,A,10.36321371
MOBY,M2,100,HPG,BONCAT,A,20.85608312
MOBY,M2,100,HPG,BONCAT,A,18.06724678
MOBY,M2,100,HPG,BONCAT,A,10.11329762
MOBY,M2,100,HPG,BONCAT,A,8.937740906
MOBY,M2,100,HPG,BONCAT,A,5.047744028
MOBY,M2,100,HPG,BONCAT,A,12.75007839
MOBY,M2,100,HPG,BONCAT,A,9.232604744
MOBY,M2,100,HPG,BONCAT,A,11.15260437
MOBY,M2,100,HPG,BONCAT,A,6.449799955
MOBY,M2,100,HPG,BONCAT,A,15.49843064
MOBY,M2,100,HPG,BONCAT,A,5.179298335
MOBY,M2,100,HPG,BONCAT,A,2.958368433
MOBY,M2,100,HPG,BONCAT,A,4.444033311
MOBY,M2,100,HPG,BONCAT,A,7.198656107
MOBY,M2,100,HPG,BONCAT,A,1.705039261
MOBY,M2,100,HPG,BONCAT,A,8.590711051
MOBY,M2,100,HPG,BONCAT,A,2.449566573
MOBY,M2,100,HPG,BONCAT,A,15.36351811
MOBY,M2,100,HPG,BONCAT,A,8.200083562
MOBY,M2,100,HPG,BONCAT,A,4.214596678
MOBY,M2,100,HPG,BONCAT,A,14.06042462
MOBY,M2,100,HPG,BONCAT,A,15.04177313
MOBY,M2,100,HPG,BONCAT,A,7.461735698
MOBY,M2,100,HPG,BONCAT,A,3.50870273
MOBY,M2,100,HPG,BONCAT,A,36.23866491
MOBY,M2,100,HPG,BONCAT,A,17.92928053
MOBY,M2,100,HPG,BONCAT,A,11.25058235
MOBY,M2,100,HPG,BONCAT,A,4.95596334
MOBY,M2,100,HPG,BONCAT,A,3.698966439
MOBY,M2,100,HPG,BONCAT,A,10.38428471
MOBY,M2,100,HPG,BONCAT,A,1.650738861
MOBY,M2,100,HPG,BONCAT,A,17.46796317
MOBY,M2,100,HPG,BONCAT,A,13.74636203
MOBY,M2,100,HPG,BONCAT,A,10.14986304
MOBY,M2,100,HPG,BONCAT,A,5.691507352
MOBY,M2,100,HPG,BONCAT,A,4.955049333
MOBY,M2,100,HPG,BONCAT,A,36.05075196
MOBY,M2,100,HPG,BONCAT,A,3.320223022
MOBY,M2,100,HPG,BONCAT,A,1.844223183
MOBY,M2,100,HPG,BONCAT,A,22.66687318
MOBY,M2,100,HPG,BONCAT,A,19.28809813
MOBY,M2,100,HPG,BONCAT,A,60.83525187
MOBY,M2,100,HPG,BONCAT,A,2.452325011
MOBY,M2,100,HPG,BONCAT,A,4.768748488
MOBY,M2,100,HPG,BONCAT,A,15.50839556
MOBY,M2,100,HPG,BONCAT,A,5.485435661
MOBY,M2,100,HPG,BONCAT,A,47.8512875
MOBY,M2,100,HPG,BONCAT,A,1.127705767
MOBY,M2,100,HPG,BONCAT,A,2.970277635
MOBY,M2,100,HPG,BONCAT,A,12.6353758
MOBY,M2,100,HPG,BONCAT,A,7.350348724
MOBY,M2,100,HPG,BONCAT,A,13.62304607
MOBY,M2,100,HPG,BONCAT,A,4.168162568
MOBY,M2,100,HPG,BONCAT,A,101.407152
MOBY,M2,100,HPG,BONCAT,A,3.723884572
MOBY,M2,100,HPG,BONCAT,A,31.66771434
MOBY,M2,100,HPG,BONCAT,A,5.709658938
MOBY,M2,100,HPG,BONCAT,A,11.33724552
MOBY,M2,100,HPG,BONCAT,A,15.10653766
MOBY,M2,100,HPG,BONCAT,A,13.40538453
MOBY,M2,100,HPG,BONCAT,A,3.831100168
MOBY,M2,100,HPG,BONCAT,A,2.958368433
MOBY,M2,100,HPG,BONCAT,A,14.36026168
MOBY,M2,100,HPG,BONCAT,A,10.5474503
MOBY,M2,100,HPG,BONCAT,A,5.892753111
MOBY,M2,100,HPG,BONCAT,A,8.723076397
MOBY,M2,100,HPG,BONCAT,A,1.51732981
MOBY,M2,100,HPG,BONCAT,A,6.261569813
MOBY,M2,100,HPG,BONCAT,A,11.77735985
MOBY,M2,100,HPG,BONCAT,A,3.278930945
MOBY,M2,100,HPG,BONCAT,A,1.846760443
MOBY,M2,100,HPG,BONCAT,A,4.509657372
MOBY,M2,100,HPG,BONCAT,A,3.884468839
MOBY,M2,100,HPG,BONCAT,A,2.961130682
MOBY,M2,100,HPG,BONCAT,A,31.6172863
MOBY,M2,100,HPG,BONCAT,A,2.06389562
MOBY,M2,100,HPG,BONCAT,A,4.273054659
MOBY,M2,100,HPG,BONCAT,A,26.90959167
MOBY,M2,100,HPG,BONCAT,A,3.509177143
MOBY,M2,100,HPG,BONCAT,A,5.056110454
MOBY,M2,100,HPG,BONCAT,A,16.65676153
MOBY,M2,100,HPG,BONCAT,A,43.01552071
MOBY,M2,100,HPG,BONCAT,A,2.209575104
MOBY,M2,100,HPG,BONCAT,A,15.88984455
MOBY,M2,100,HPG,BONCAT,A,2.536783331
MOBY,M2,100,HPG,BONCAT,A,7.034290223
MOBY,M2,100,HPG,BONCAT,A,3.085431877
MOBY,M2,100,HPG,BONCAT,A,3.246839507
MOBY,M2,100,HPG,BONCAT,A,5.370176142
MOBY,M2,100,HPG,BONCAT,A,74.81941462
MOBY,M2,100,HPG,BONCAT,A,7.389408721
MOBY,M2,100,HPG,BONCAT,A,16.41700868
MOBY,M2,100,HPG,BONCAT,A,10.03287609
MOBY,M2,100,HPG,BONCAT,A,4.202690678
MOBY,M2,100,HPG,BONCAT,A,1.460686485
MOBY,M2,100,HPG,BONCAT,A,14.14502473
MOBY,M2,100,HPG,BONCAT,A,1.79024632
MOBY,M2,100,HPG,BONCAT,A,14.18572277
MOBY,M2,100,HPG,BONCAT,A,2.538019275
MOBY,M2,100,HPG,BONCAT,A,9.400892441
MOBY,M2,100,HPG,BONCAT,A,8.343156277
MOBY,M2,100,HPG,BONCAT,A,5.313748358
MOBY,M2,100,HPG,BONCAT,A,1.281837988
MOBY,M2,100,HPG,BONCAT,A,4.866893184
MOBY,M2,100,HPG,BONCAT,A,8.146945176
MOBY,M2,100,HPG,BONCAT,A,12.10588339
MOBY,M2,100,HPG,BONCAT,A,11.27354819
MOBY,M2,100,HPG,BONCAT,A,8.6582621
MOBY,M2,100,HPG,BONCAT,A,8.193520416
MOBY,M2,100,HPG,BONCAT,A,9.945625435
MOBY,M2,100,HPG,BONCAT,A,7.474862669
MOBY,M2,100,HPG,BONCAT,A,38.45205527
MOBY,M2,100,HPG,BONCAT,A,6.231964031
MOBY,M2,100,HPG,BONCAT,A,9.450621744
MOBY,M2,100,HPG,BONCAT,A,4.827141492
MOBY,M2,100,HPG,BONCAT,A,3.13732327
MOBY,M2,100,HPG,BONCAT,A,7.702896079
MOBY,M2,100,HPG,BONCAT,A,9.612767376
MOBY,M2,100,HPG,BONCAT,A,15.72651859
MOBY,M2,100,HPG,BONCAT,A,14.74263419
MOBY,M2,100,HPG,BONCAT,A,46.50859025
MOBY,M2,100,HPG,BONCAT,A,6.783169654
MOBY,M2,100,HPG,BONCAT,A,11.46978293
MOBY,M2,100,HPG,BONCAT,A,22.94726012
MOBY,M2,100,HPG,BONCAT,A,18.15093697
MOBY,M2,100,HPG,BONCAT,A,11.97682736
MOBY,M2,100,HPG,BONCAT,A,16.95129652
MOBY,M2,100,HPG,BONCAT,A,15.33949524
MOBY,M2,100,HPG,BONCAT,A,6.107491393
MOBY,M2,100,HPG,BONCAT,A,7.962122389
MOBY,M2,100,HPG,BONCAT,A,9.516262138
MOBY,M2,100,HPG,BONCAT,A,3.067706059
MOBY,M2,100,HPG,BONCAT,A,2.484449908
MOBY,M2,100,HPG,BONCAT,A,15.45206572
MOBY,M2,100,HPG,BONCAT,A,33.1161349
MOBY,M2,100,HPG,BONCAT,A,6.435331367
MOBY,M2,100,HPG,BONCAT,A,2.576458403
MOBY,M2,100,HPG,BONCAT,A,5.843381611
MOBY,M2,100,HPG,BONCAT,A,5.744384825
MOBY,M2,100,HPG,BONCAT,A,2.583607556
MOBY,M2,100,HPG,BONCAT,A,17.79045445
MOBY,M2,100,HPG,BONCAT,A,5.893542476
MOBY,M2,100,HPG,BONCAT,A,1.865226189
MOBY,M2,100,HPG,BONCAT,A,6.427700619
MOBY,M2,100,HPG,BONCAT,A,4.263778872
MOBY,M2,100,HPG,BONCAT,A,6.62560444
MOBY,M2,100,HPG,BONCAT,A,3.639878949
MOBY,M2,100,HPG,BONCAT,A,1.639136524
MOBY,M2,100,HPG,BONCAT,A,16.65394871
MOBY,M2,100,HPG,BONCAT,A,23.64283983
MOBY,M2,100,HPG,BONCAT,A,8.777813374
MOBY,M2,100,HPG,BONCAT,A,42.95199862
MOBY,M2,100,HPG,BONCAT,A,3.364419003
MOBY,M2,100,HPG,BONCAT,A,21.73062369
MOBY,M2,100,HPG,BONCAT,A,4.28780909
MOBY,M2,100,HPG,BONCAT,A,12.75174438
MOBY,M2,100,HPG,BONCAT,A,2.74728659
MOBY,M2,100,HPG,BONCAT,A,9.131967451
MOBY,M2,100,HPG,BONCAT,A,2.807666515
MOBY,M2,100,HPG,BONCAT,A,16.23671075
MOBY,M2,100,HPG,BONCAT,A,3.414859776
MOBY,M2,100,HPG,BONCAT,A,33.51246022
MOBY,M2,100,HPG,BONCAT,A,24.07878955
MOBY,M2,100,HPG,BONCAT,A,0.964131061
MOBY,M2,100,HPG,BONCAT,A,29.83335904
MOBY,M2,100,HPG,BONCAT,A,24.39249814
MOBY,M2,100,HPG,BONCAT,A,19.94667221
MOBY,M2,100,HPG,BONCAT,A,2.837856477
MOBY,M2,100,HPG,BONCAT,A,59.35521646
MOBY,M2,100,HPG,BONCAT,A,5.089571358
MOBY,M2,100,HPG,BONCAT,A,6.241599378
MOBY,M2,100,HPG,BONCAT,A,1.078339424
MOBY,M2,100,HPG,BONCAT,A,6.425573107
MOBY,M2,100,HPG,BONCAT,A,5.57761771
MOBY,M2,100,HPG,BONCAT,A,36.96284423
MOBY,M2,100,HPG,BONCAT,A,12.53339216
MOBY,M2,100,HPG,BONCAT,A,6.08984908
MOBY,M2,100,HPG,BONCAT,A,15.79207667
MOBY,M2,100,HPG,BONCAT,A,15.01297364
MOBY,M2,100,HPG,BONCAT,A,11.4662378
MOBY,M2,100,HPG,BONCAT,A,11.33806282
MOBY,M2,100,HPG,BONCAT,A,41.05174924
MOBY,M2,100,HPG,BONCAT,A,16.70363704
MOBY,M2,100,HPG,BONCAT,A,9.452962091
MOBY,M2,100,HPG,BONCAT,A,9.356817915
MOBY,M2,100,HPG,BONCAT,A,1.144739635
MOBY,M2,100,HPG,BONCAT,A,23.79159288
MOBY,M2,100,HPG,BONCAT,A,6.021211702
MOBY,M2,100,HPG,BONCAT,A,39.54153095
MOBY,M2,100,HPG,BONCAT,A,51.0554897
MOBY,M2,100,HPG,BONCAT,A,23.95219215
MOBY,M2,100,HPG,BONCAT,A,24.87134148
MOBY,M2,100,HPG,BONCAT,A,3.952777991
MOBY,M2,100,HPG,BONCAT,A,1.715899601
MOBY,M2,100,HPG,BONCAT,A,97.1664711
MOBY,M2,100,HPG,BONCAT,A,132.0469566
MOBY,M2,100,HPG,BONCAT,A,10.21934002
MOBY,M2,100,HPG,BONCAT,A,11.98777367
MOBY,M2,100,HPG,BONCAT,A,1.974980603
MOBY,M2,100,HPG,BONCAT,A,1.778463247
MOBY,M2,100,HPG,BONCAT,A,24.08961941
MOBY,M2,100,HPG,BONCAT,A,113.1361288
MOBY,M2,100,HPG,BONCAT,A,8.412636012
MOBY,M2,100,HPG,BONCAT,A,3.108558571
MOBY,M2,100,HPG,BONCAT,A,5.652610554
MOBY,M2,100,HPG,BONCAT,A,35.48544245
MOBY,M2,100,HPG,BONCAT,A,15.2059908
MOBY,M2,100,HPG,BONCAT,A,13.17353085
MOBY,M2,100,HPG,BONCAT,A,41.33283242
MOBY,M2,100,HPG,BONCAT,A,55.69030516
MOBY,M2,100,HPG,BONCAT,A,5.928960923
MOBY,M2,100,HPG,BONCAT,A,5.708222498
MOBY,M2,100,HPG,BONCAT,A,2.451397193
MOBY,M2,100,HPG,BONCAT,A,7.492957537
MOBY,M2,100,HPG,BONCAT,A,2.111491291
MOBY,M2,100,HPG,BONCAT,A,8.730348124
MOBY,M2,100,HPG,BONCAT,A,1.759775926
MOBY,M2,100,HPG,BONCAT,A,3.378896019
MOBY,M2,100,HPG,BONCAT,A,3.566069934
MOBY,M2,100,HPG,BONCAT,A,20.93063295
MOBY,M2,100,HPG,BONCAT,A,13.29858706
MOBY,M2,100,HPG,BONCAT,A,26.65411482
MOBY,M2,100,HPG,BONCAT,A,2.851355856
MOBY,M2,100,HPG,BONCAT,A,9.141715427
MOBY,M2,100,HPG,BONCAT,A,12.63051028
MOBY,M2,100,HPG,BONCAT,A,12.64080005
MOBY,M2,100,HPG,BONCAT,A,3.754340136
MOBY,M2,100,HPG,BONCAT,A,72.01887556
MOBY,M2,100,HPG,BONCAT,A,18.33458529
MOBY,M2,100,HPG,BONCAT,A,6.790059411
MOBY,M2,100,HPG,BONCAT,A,2.334537836
MOBY,M2,100,HPG,BONCAT,A,11.57591854
MOBY,M2,100,HPG,BONCAT,A,3.433172819
MOBY,M2,100,HPG,BONCAT,A,12.93217476
MOBY,M2,100,HPG,BONCAT,A,1.330365004
MOBY,M2,100,HPG,BONCAT,A,15.3141327
MOBY,M2,100,HPG,BONCAT,A,5.778411948
MOBY,M2,100,HPG,BONCAT,A,0.681354697
MOBY,M2,100,HPG,BONCAT,A,6.894919643
MOBY,M2,100,HPG,BONCAT,A,5.022270994
MOBY,M2,100,HPG,BONCAT,A,16.96084348
MOBY,M2,100,HPG,BONCAT,A,12.51989255
MOBY,M2,100,HPG,BONCAT,A,1.019434979
MOBY,M2,100,HPG,BONCAT,A,11.35641837
MOBY,M2,100,HPG,BONCAT,A,4.454758414
MOBY,M2,100,HPG,BONCAT,A,6.71341756
MOBY,M2,100,HPG,BONCAT,A,93.71994078
MOBY,M2,100,HPG,BONCAT,A,35.96568263
MOBY,M2,100,HPG,BONCAT,A,27.56576882
MOBY,M2,100,HPG,BONCAT,A,37.71753451
MOBY,M2,100,HPG,BONCAT,A,7.020361491
MOBY,M2,100,HPG,BONCAT,A,51.1929885
MOBY,M2,100,HPG,BONCAT,A,7.359666568
MOBY,M2,100,HPG,BONCAT,A,2.50923932
MOBY,M2,100,HPG,BONCAT,A,9.167866514
MOBY,M2,100,HPG,BONCAT,A,15.83031611
MOBY,M2,100,HPG,BONCAT,A,11.60375046
MOBY,M2,100,HPG,BONCAT,A,6.984318026
MOBY,M2,100,HPG,BONCAT,A,1.759251453
MOBY,M2,100,HPG,BONCAT,A,2.270575346
MOBY,M2,100,HPG,BONCAT,A,3.165037974
MOBY,M2,100,HPG,BONCAT,A,10.64586734
MOBY,M2,100,HPG,BONCAT,A,5.021784088
MOBY,M2,100,HPG,BONCAT,A,2.230047065
MOBY,M2,100,HPG,BONCAT,A,20.81929124
MOBY,M2,100,HPG,BONCAT,A,20.53028579
MOBY,M2,100,HPG,BONCAT,A,22.3581855
MOBY,M2,100,HPG,BONCAT,A,3.728724202
MOBY,M2,100,HPG,BONCAT,A,2.98464521
MOBY,M2,100,HPG,BONCAT,A,5.145479514
MOBY,M2,100,HPG,BONCAT,A,2.732434077
MOBY,M2,100,HPG,BONCAT,A,5.548969621
MOBY,M2,100,HPG,BONCAT,A,17.60638031
MOBY,M2,100,HPG,BONCAT,A,87.75400217
MOBY,M2,100,HPG,BONCAT,A,7.648470528
MOBY,M2,100,HPG,BONCAT,A,17.89899538
MOBY,M2,100,HPG,BONCAT,A,13.17077932
MOBY,M2,100,HPG,BONCAT,A,42.0318495
MOBY,M2,100,HPG,BONCAT,A,7.109302785
MOBY,M2,100,HPG,BONCAT,A,5.173098022
MOBY,M2,100,HPG,BONCAT,A,8.01825491
MOBY,M2,100,HPG,BONCAT,A,9.203274945
MOBY,M2,100,HPG,BONCAT,A,1.500985442
MOBY,M2,100,HPG,BONCAT,A,23.32883136
MOBY,M2,100,HPG,BONCAT,A,7.52048057
MOBY,M2,100,HPG,BONCAT,A,30.13410915
MOBY,M2,100,HPG,BONCAT,A,20.49491144
MOBY,M2,100,HPG,BONCAT,A,3.374058316
MOBY,M2,100,HPG,BONCAT,A,18.98708016
MOBY,M2,100,HPG,BONCAT,A,1.509157449
MOBY,M2,100,HPG,BONCAT,A,5.677577784
MOBY,M2,100,HPG,BONCAT,A,11.70739586
MOBY,M2,100,HPG,BONCAT,A,33.10873873
MOBY,M2,100,HPG,BONCAT,A,29.93022346
MOBY,M2,100,HPG,BONCAT,A,2.424740104
MOBY,M2,100,HPG,BONCAT,A,18.08758062
MOBY,M2,100,HPG,BONCAT,A,61.97948963
MOBY,M2,100,HPG,BONCAT,A,22.21099079
MOBY,M2,100,HPG,BONCAT,A,64.57392003
MOBY,M2,100,HPG,BONCAT,A,19.43105328
MOBY,M2,100,HPG,BONCAT,A,4.80823193
MOBY,M2,100,HPG,BONCAT,A,3.469165204
MOBY,M2,100,HPG,BONCAT,A,91.60787692
MOBY,M2,100,HPG,BONCAT,A,2.247779937
MOBY,M2,100,HPG,BONCAT,A,10.25402694
MOBY,M2,100,HPG,BONCAT,A,13.49384447
MOBY,M2,100,HPG,BONCAT,A,5.362921174
MOBY,M2,100,HPG,BONCAT,A,14.38411583
MOBY,M2,100,HPG,BONCAT,A,8.655468404
MOBY,M2,100,HPG,BONCAT,A,33.83216701
MOBY,M2,100,HPG,BONCAT,A,4.350640971
MOBY,M2,100,HPG,BONCAT,A,20.86581912
MOBY,M2,100,HPG,BONCAT,A,26.07330471
MOBY,M2,100,HPG,BONCAT,A,13.97640041
MOBY,M2,100,HPG,BONCAT,A,0.857890724
MOBY,M2,100,HPG,BONCAT,A,7.045129301
MOBY,M2,100,HPG,BONCAT,A,9.840511246
MOBY,M2,100,HPG,BONCAT,A,24.0783789
MOBY,M2,100,HPG,BONCAT,A,1.275733971
MOBY,M2,100,HPG,BONCAT,A,12.53352673
MOBY,M2,100,HPG,BONCAT,A,0.707661802
MOBY,M2,100,HPG,BONCAT,A,8.298870544
MOBY,M2,100,HPG,BONCAT,A,5.507457257
MOBY,M2,100,HPG,BONCAT,A,6.273751897
MOBY,M2,100,HPG,BONCAT,A,3.154488096
MOBY,M2,100,HPG,BONCAT,A,21.80892791
MOBY,M2,100,HPG,BONCAT,A,8.386187268
MOBY,M2,100,HPG,BONCAT,A,25.59069353
MOBY,M2,100,HPG,BONCAT,A,2.762248771
MOBY,M2,100,HPG,BONCAT,A,4.863289327
MOBY,M2,100,HPG,BONCAT,A,40.01911767
MOBY,M2,100,HPG,BONCAT,A,5.823032889
MOBY,M2,100,HPG,BONCAT,A,5.755582358
MOBY,M2,100,HPG,BONCAT,A,12.9070169
MOBY,M2,100,HPG,BONCAT,A,0.802367526
MOBY,M2,100,HPG,BONCAT,A,66.1484871
MOBY,M2,100,HPG,BONCAT,A,16.4937601
MOBY,M2,100,HPG,BONCAT,A,16.00387443
MOBY,M2,100,HPG,BONCAT,A,17.71118966
MOBY,M2,100,HPG,BONCAT,A,83.0979368
MOBY,M2,100,HPG,BONCAT,A,1.24612833
MOBY,M2,100,HPG,BONCAT,A,2.145897394
MOBY,M2,100,HPG,BONCAT,A,4.365559877
MOBY,M2,100,HPG,BONCAT,A,13.35241011
MOBY,M2,100,HPG,BONCAT,A,7.654812935
MOBY,M2,100,HPG,BONCAT,A,1.887738913
MOBY,M2,100,HPG,BONCAT,A,4.788719957
MOBY,M2,100,HPG,BONCAT,A,23.57551814
MOBY,M2,100,HPG,BONCAT,A,18.08016844
MOBY,M2,100,HPG,BONCAT,A,8.839923841
MOBY,M2,100,HPG,BONCAT,A,3.328920565
MOBY,M2,100,HPG,BONCAT,A,8.549551972
MOBY,M2,100,HPG,BONCAT,A,134.2361302
MOBY,M2,100,HPG,BONCAT,A,1.742948675
MOBY,M2,100,HPG,BONCAT,A,3.333499679
MOBY,M2,100,HPG,BONCAT,A,16.15527754
MOBY,M2,100,HPG,BONCAT,A,39.89151354
MOBY,M2,100,HPG,BONCAT,A,2.330950058
MOBY,M2,100,HPG,BONCAT,A,10.97234806
MOBY,M2,100,HPG,BONCAT,A,4.674721242
MOBY,M2,100,HPG,BONCAT,A,36.10533442
MOBY,M2,100,HPG,BONCAT,A,4.562450703
MOBY,M2,100,HPG,BONCAT,A,18.46083097
MOBY,M2,100,HPG,BONCAT,A,15.99763336
MOBY,M2,100,HPG,BONCAT,A,23.34693613
MOBY,M2,100,HPG,BONCAT,A,17.99713489
MOBY,M2,100,HPG,BONCAT,A,32.18171416
MOBY,M2,100,HPG,BONCAT,A,9.72836777
MOBY,M2,100,HPG,BONCAT,A,14.39114611
MOBY,M2,100,HPG,BONCAT,A,4.351656459
MOBY,M2,100,HPG,BONCAT,A,15.97860552
MOBY,M2,100,HPG,BONCAT,A,35.64969412
MOBY,M2,100,HPG,BONCAT,A,2.250524479
MOBY,M2,100,HPG,BONCAT,A,3.417633385
MOBY,M2,100,HPG,BONCAT,A,119.3927458
MOBY,M2,100,HPG,BONCAT,A,9.02563154
MOBY,M2,100,HPG,BONCAT,A,8.004280453
MOBY,M2,100,HPG,BONCAT,A,1.465730408
MOBY,M2,100,HPG,BONCAT,A,4.752679891
MOBY,M2,100,HPG,BONCAT,A,2.418344974
MOBY,M2,100,HPG,BONCAT,A,8.879455842
MOBY,M2,100,HPG,BONCAT,A,2.286134611
MOBY,M2,100,HPG,BONCAT,A,2.569262051
MOBY,M2,100,HPG,BONCAT,A,8.991507554
MOBY,M2,100,HPG,BONCAT,A,12.68460049
MOBY,M2,100,HPG,BONCAT,A,4.07131416
MOBY,M2,100,HPG,BONCAT,A,34.12818616
MOBY,M2,100,HPG,BONCAT,A,14.22069298
MOBY,M2,100,HPG,BONCAT,A,5.073408492
MOBY,M2,100,HPG,BONCAT,A,2.127020087
MOBY,M2,100,HPG,BONCAT,A,2.195633638
MOBY,M2,100,HPG,BONCAT,A,2.02659332
MOBY,M2,100,HPG,BONCAT,A,5.684617241
MOBY,M2,100,HPG,BONCAT,A,6.259971094
MOBY,M2,100,HPG,BONCAT,A,4.05952518
MOBY,M2,100,HPG,BONCAT,A,14.55710244
MOBY,M2,100,HPG,BONCAT,A,3.342413229
MOBY,M2,100,HPG,BONCAT,A,6.360120177
MOBY,M2,100,HPG,BONCAT,A,20.64951905
MOBY,M2,100,HPG,BONCAT,A,17.11513051
MOBY,M2,100,HPG,BONCAT,A,11.03039792
MOBY,M2,100,HPG,BONCAT,A,17.65754778
MOBY,M2,100,HPG,BONCAT,A,14.21229829
MOBY,M2,100,HPG,BONCAT,A,2.789871258
MOBY,M2,100,HPG,BONCAT,A,8.777121579
MOBY,M2,100,HPG,BONCAT,A,3.562139353
MOBY,M2,100,HPG,BONCAT,A,1.595426487
MOBY,M2,100,HPG,BONCAT,A,111.9388939
MOBY,M2,100,HPG,BONCAT,A,5.038467589
MOBY,M2,100,HPG,BONCAT,A,0.828674631
MOBY,M2,100,HPG,BONCAT,A,7.721547717
MOBY,M2,100,HPG,BONCAT,A,17.02095313
MOBY,M2,100,HPG,BONCAT,A,6.428786013
MOBY,M2,100,HPG,BONCAT,A,30.33512975
MOBY,M2,100,HPG,BONCAT,A,7.724656678
MOBY,M2,100,HPG,BONCAT,A,18.7222917
MOBY,M2,100,HPG,BONCAT,A,3.373248977
MOBY,M2,100,HPG,BONCAT,A,4.894752318
MOBY,M2,100,HPG,BONCAT,A,4.080632557
MOBY,M2,100,HPG,BONCAT,A,8.40268108
MOBY,M2,100,HPG,BONCAT,A,20.36666434
MOBY,M2,100,HPG,BONCAT,A,3.950837334
MOBY,M2,100,HPG,BONCAT,A,111.9804547
MOBY,M2,100,HPG,BONCAT,A,14.41830454
MOBY,M2,100,HPG,BONCAT,A,53.10274709
MOBY,M2,100,HPG,BONCAT,A,14.4502418
MOBY,M2,100,HPG,BONCAT,A,11.2517407
MOBY,M2,100,HPG,BONCAT,A,13.34726893
MOBY,M2,100,HPG,BONCAT,A,6.001819866
MOBY,M2,100,HPG,BONCAT,A,5.290370398
MOBY,M2,100,HPG,BONCAT,A,6.992677596
MOBY,M2,100,HPG,BONCAT,A,2.507495873
MOBY,M2,100,HPG,BONCAT,A,121.9700897
MOBY,M2,100,HPG,BONCAT,A,14.47298722
MOBY,M2,100,HPG,BONCAT,A,1.008732356
MOBY,M2,100,HPG,BONCAT,A,10.86335681
MOBY,M2,100,HPG,BONCAT,A,8.174913483
MOBY,M2,100,HPG,BONCAT,A,10.19220948
MOBY,M2,100,HPG,BONCAT,A,6.41422161
MOBY,M2,100,HPG,BONCAT,A,6.208794614
MOBY,M2,100,HPG,BONCAT,A,8.879455842
MOBY,M2,100,HPG,BONCAT,A,36.04468762
MOBY,M2,100,HPG,BONCAT,A,18.74604335
MOBY,M2,100,HPG,BONCAT,A,8.661548085
MOBY,M2,100,HPG,BONCAT,A,3.597947291
MOBY,M2,100,HPG,BONCAT,A,34.29672824
MOBY,M2,100,HPG,BONCAT,A,18.81796565
MOBY,M2,100,HPG,BONCAT,A,10.56989734
MOBY,M2,500,HPG,BONCAT,B,1.082387544
MOBY,M2,500,HPG,BONCAT,B,1.312017132
MOBY,M2,500,HPG,BONCAT,B,2.388268148
MOBY,M2,500,HPG,BONCAT,B,3.336674681
MOBY,M2,500,HPG,BONCAT,B,2.543474044
MOBY,M2,500,HPG,BONCAT,B,6.349772478
MOBY,M2,500,HPG,BONCAT,B,0.764650669
MOBY,M2,500,HPG,BONCAT,B,4.378295575
MOBY,M2,500,HPG,BONCAT,B,1.104663354
MOBY,M2,500,HPG,BONCAT,B,1.292434177
MOBY,M2,500,HPG,BONCAT,B,4.167164372
MOBY,M2,500,HPG,BONCAT,B,1.792580898
MOBY,M2,500,HPG,BONCAT,B,1.43822119
MOBY,M2,500,HPG,BONCAT,B,2.482189647
MOBY,M2,500,HPG,BONCAT,B,13.3915994
MOBY,M2,500,HPG,BONCAT,B,11.88608844
MOBY,M2,500,HPG,BONCAT,B,1.51667031
MOBY,M2,500,HPG,BONCAT,B,3.425318898
MOBY,M2,500,HPG,BONCAT,B,4.221038239
MOBY,M2,500,HPG,BONCAT,B,1.864981604
MOBY,M2,500,HPG,BONCAT,B,1.924482743
MOBY,M2,500,HPG,BONCAT,B,5.423934231
MOBY,M2,500,HPG,BONCAT,B,2.141536519
MOBY,M2,500,HPG,BONCAT,B,0.765934363
MOBY,M2,500,HPG,BONCAT,B,10.5825618
MOBY,M2,500,HPG,BONCAT,B,2.327027466
MOBY,M2,500,HPG,BONCAT,B,6.156508837
MOBY,M2,500,HPG,BONCAT,B,6.023056972
MOBY,M2,500,HPG,BONCAT,B,1.238418359
MOBY,M2,500,HPG,BONCAT,B,14.31651463
MOBY,M2,500,HPG,BONCAT,B,1.846178931
MOBY,M2,500,HPG,BONCAT,B,2.919485842
MOBY,M2,500,HPG,BONCAT,B,2.820021417
MOBY,M2,500,HPG,BONCAT,B,0.495474717
MOBY,M2,500,HPG,BONCAT,B,1.373221774
MOBY,M2,500,HPG,BONCAT,B,4.232895573
MOBY,M2,500,HPG,BONCAT,B,1.901563572
MOBY,M2,500,HPG,BONCAT,B,1.487662024
MOBY,M2,500,HPG,BONCAT,B,5.631828255
MOBY,M2,500,HPG,BONCAT,B,1.158255959
MOBY,M2,500,HPG,BONCAT,B,2.834276631
MOBY,M2,500,HPG,BONCAT,B,11.24645478
MOBY,M2,500,HPG,BONCAT,B,8.94288444
MOBY,M2,500,HPG,BONCAT,B,10.98282753
MOBY,M2,500,HPG,BONCAT,B,3.964366631
MOBY,M2,500,HPG,BONCAT,B,6.444301608
MOBY,M2,500,HPG,BONCAT,B,16.11032498
MOBY,M2,500,HPG,BONCAT,B,5.020636779
MOBY,M2,500,HPG,BONCAT,B,1.395924805
MOBY,M2,500,HPG,BONCAT,B,0.748441633
MOBY,M2,500,HPG,BONCAT,B,2.048761617
MOBY,M2,500,HPG,BONCAT,B,3.847376658
MOBY,M2,500,HPG,BONCAT,B,1.504229315
MOBY,M2,500,HPG,BONCAT,B,3.357654722
MOBY,M2,500,HPG,BONCAT,B,7.109499182
MOBY,M2,500,HPG,BONCAT,B,2.514357302
MOBY,M2,500,HPG,BONCAT,B,2.189907383
MOBY,M2,500,HPG,BONCAT,B,2.041520651
MOBY,M2,500,HPG,BONCAT,B,2.777850097
MOBY,M2,500,HPG,BONCAT,B,2.85743593
MOBY,M2,500,HPG,BONCAT,B,1.22908791
MOBY,M2,500,HPG,BONCAT,B,1.885965108
MOBY,M2,500,HPG,BONCAT,B,2.051417498
MOBY,M2,500,HPG,BONCAT,B,1.040350267
MOBY,M2,500,HPG,BONCAT,B,5.945313296
MOBY,M2,500,HPG,BONCAT,B,1.570992958
MOBY,M2,500,HPG,BONCAT,B,1.409452819
MOBY,M2,500,HPG,BONCAT,B,7.001164586
MOBY,M2,500,HPG,BONCAT,B,17.20634401
MOBY,M2,500,HPG,BONCAT,B,3.221029984
MOBY,M2,500,HPG,BONCAT,B,7.544020265
MOBY,M2,500,HPG,BONCAT,B,1.464258662
MOBY,M2,500,HPG,BONCAT,B,8.001930612
MOBY,M2,500,HPG,BONCAT,B,1.303611651
MOBY,M2,500,HPG,BONCAT,B,3.024747705
MOBY,M2,500,HPG,BONCAT,B,1.562498409
MOBY,M2,500,HPG,BONCAT,B,4.249831548
MOBY,M2,500,HPG,BONCAT,B,2.7512812
MOBY,M2,500,HPG,BONCAT,B,1.117597636
MOBY,M2,500,HPG,BONCAT,B,6.665063014
MOBY,M2,500,HPG,BONCAT,B,4.815243848
MOBY,M2,500,HPG,BONCAT,B,7.709795125
MOBY,M2,500,HPG,BONCAT,B,1.022698206
MOBY,M2,500,HPG,BONCAT,B,4.885443564
MOBY,M2,500,HPG,BONCAT,B,0.73079968
MOBY,M2,500,HPG,BONCAT,B,5.864044746
MOBY,M2,500,HPG,BONCAT,B,7.748421181
MOBY,M2,500,HPG,BONCAT,B,6.619937911
MOBY,M2,500,HPG,BONCAT,B,7.92076075
MOBY,M2,500,HPG,BONCAT,B,0.425336592
MOBY,M2,500,HPG,BONCAT,B,2.496914834
MOBY,M2,500,HPG,BONCAT,B,0.488304546
MOBY,M2,500,HPG,BONCAT,B,7.774732818
MOBY,M2,500,HPG,BONCAT,B,1.960685552
MOBY,M2,500,HPG,BONCAT,B,1.640421514
MOBY,M2,500,HPG,BONCAT,B,1.468777968
MOBY,M2,500,HPG,BONCAT,B,3.768684138
MOBY,M2,500,HPG,BONCAT,B,1.224339257
MOBY,M2,500,HPG,BONCAT,B,2.258025834
MOBY,M2,500,HPG,BONCAT,B,5.688260121
MOBY,M2,500,HPG,BONCAT,B,4.518985125
MOBY,M2,500,HPG,BONCAT,B,0.875051413
MOBY,M2,500,HPG,BONCAT,B,2.771798604
MOBY,M2,500,HPG,BONCAT,B,13.72273263
MOBY,M2,500,HPG,BONCAT,B,12.99274197
MOBY,M2,500,HPG,BONCAT,B,0.912124219
MOBY,M2,500,HPG,BONCAT,B,1.938318325
MOBY,M2,500,HPG,BONCAT,B,11.80720898
MOBY,M2,500,HPG,BONCAT,B,7.415967599
MOBY,M2,500,HPG,BONCAT,B,2.358843225
MOBY,M2,500,HPG,BONCAT,B,1.869113022
MOBY,M2,500,HPG,BONCAT,B,15.59068766
MOBY,M2,500,HPG,BONCAT,B,3.07810057
MOBY,M2,500,HPG,BONCAT,B,4.282395802
MOBY,M2,500,HPG,BONCAT,B,8.448416959
MOBY,M2,500,HPG,BONCAT,B,1.535263941
MOBY,M2,500,HPG,BONCAT,B,1.409253407
MOBY,M2,500,HPG,BONCAT,B,2.616817554
MOBY,M2,500,HPG,BONCAT,B,3.310731815
MOBY,M2,500,HPG,BONCAT,B,7.608082952
MOBY,M2,500,HPG,BONCAT,B,2.914710245
MOBY,M2,500,HPG,BONCAT,B,4.519623461
MOBY,M2,500,HPG,BONCAT,B,1.470676432
MOBY,M2,500,HPG,BONCAT,B,2.021502367
MOBY,M2,500,HPG,BONCAT,B,7.86106049
MOBY,M2,500,HPG,BONCAT,B,3.489592274
MOBY,M2,500,HPG,BONCAT,B,4.186934889
MOBY,M2,500,HPG,BONCAT,B,0.47609689
MOBY,M2,500,HPG,BONCAT,B,0.915197186
MOBY,M2,500,HPG,BONCAT,B,10.16357419
MOBY,M2,500,HPG,BONCAT,B,5.275244217
MOBY,M2,500,HPG,BONCAT,B,0.580956686
MOBY,M2,500,HPG,BONCAT,B,5.031328021
MOBY,M2,500,HPG,BONCAT,B,2.531583103
MOBY,M2,500,HPG,BONCAT,B,5.621657177
MOBY,M2,500,HPG,BONCAT,B,0.675099028
MOBY,M2,500,HPG,BONCAT,B,14.67590102
MOBY,M2,500,HPG,BONCAT,B,1.460198142
MOBY,M2,500,HPG,BONCAT,B,0.86214475
MOBY,M2,500,HPG,BONCAT,B,7.246636295
MOBY,M2,500,HPG,BONCAT,B,1.899932137
MOBY,M2,500,HPG,BONCAT,B,1.58023483
MOBY,M2,500,HPG,BONCAT,B,7.500859127
MOBY,M2,500,HPG,BONCAT,B,2.927943133
MOBY,M2,500,HPG,BONCAT,B,5.440320151
MOBY,M2,500,HPG,BONCAT,B,12.01675252
MOBY,M2,500,HPG,BONCAT,B,3.000689795
MOBY,M2,500,HPG,BONCAT,B,6.140478955
MOBY,M2,500,HPG,BONCAT,B,10.19789647
MOBY,M2,500,HPG,BONCAT,B,8.082465854
MOBY,M2,500,HPG,BONCAT,B,19.43008007
MOBY,M2,500,HPG,BONCAT,B,0.888303935
MOBY,M2,500,HPG,BONCAT,B,4.418035084
MOBY,M2,500,HPG,BONCAT,B,0.788487259
MOBY,M2,500,HPG,BONCAT,B,0.44881291
MOBY,M2,500,HPG,BONCAT,B,2.367109215
MOBY,M2,500,HPG,BONCAT,B,8.831386052
MOBY,M2,500,HPG,BONCAT,B,12.09137389
MOBY,M2,500,HPG,BONCAT,B,4.221023536
MOBY,M2,500,HPG,BONCAT,B,3.085711324
MOBY,M2,500,HPG,BONCAT,B,4.324471535
MOBY,M2,500,HPG,BONCAT,B,11.01795143
MOBY,M2,500,HPG,BONCAT,B,1.437362781
MOBY,M2,500,HPG,BONCAT,B,8.640779516
MOBY,M2,500,HPG,BONCAT,B,3.027310291
MOBY,M2,500,HPG,BONCAT,B,5.152191473
MOBY,M2,500,HPG,BONCAT,B,4.35566211
MOBY,M2,500,HPG,BONCAT,B,17.59297231
MOBY,M2,500,HPG,BONCAT,B,5.737591895
MOBY,M2,500,HPG,BONCAT,B,4.88224025
MOBY,M2,500,HPG,BONCAT,B,4.57879367
MOBY,M2,500,HPG,BONCAT,B,13.48873177
MOBY,M2,500,HPG,BONCAT,B,2.253567983
MOBY,M2,500,HPG,BONCAT,B,1.309932455
MOBY,M2,500,HPG,BONCAT,B,5.477705149
MOBY,M2,500,HPG,BONCAT,B,5.373679852
MOBY,M2,500,HPG,BONCAT,B,11.79108112
MOBY,M2,500,HPG,BONCAT,B,11.74929315
MOBY,M2,500,HPG,BONCAT,B,3.7450552
MOBY,M2,500,HPG,BONCAT,B,4.499094948
MOBY,M2,500,HPG,BONCAT,B,4.504990686
MOBY,M2,500,HPG,BONCAT,B,3.651354477
MOBY,M2,500,HPG,BONCAT,B,5.830647462
MOBY,M2,500,HPG,BONCAT,B,16.71514076
MOBY,M2,500,HPG,BONCAT,B,6.238912748
MOBY,M2,500,HPG,BONCAT,B,5.079231827
MOBY,M2,500,HPG,BONCAT,B,5.843742465
MOBY,M2,500,HPG,BONCAT,B,8.873914864
MOBY,M2,500,HPG,BONCAT,B,6.515097975
MOBY,M2,500,HPG,BONCAT,B,8.162180927
MOBY,M2,500,HPG,BONCAT,B,2.583996624
MOBY,M2,500,HPG,BONCAT,B,1.424425992
MOBY,M2,500,HPG,BONCAT,B,16.24510888
MOBY,M2,500,HPG,BONCAT,B,0.994651164
MOBY,M2,500,HPG,BONCAT,B,12.64145488
MOBY,M2,500,HPG,BONCAT,B,3.250934192
MOBY,M2,500,HPG,BONCAT,B,4.444655257
MOBY,M2,500,HPG,BONCAT,B,13.8339704
MOBY,M2,500,HPG,BONCAT,B,12.186555
MOBY,M2,500,HPG,BONCAT,B,7.747584662
MOBY,M2,500,HPG,BONCAT,B,3.573662924
MOBY,M2,500,HPG,BONCAT,B,6.400237384
MOBY,M2,500,HPG,BONCAT,B,10.11792479
MOBY,M2,500,HPG,BONCAT,B,9.90292088
MOBY,M2,500,HPG,BONCAT,B,7.244834516
MOBY,M2,500,HPG,BONCAT,B,7.596079396
MOBY,M2,500,HPG,BONCAT,B,9.28292997
MOBY,M2,500,HPG,BONCAT,B,10.01939211
MOBY,M2,500,HPG,BONCAT,B,11.33915848
MOBY,M2,500,HPG,BONCAT,B,5.373819708
MOBY,M2,500,HPG,BONCAT,B,7.428804572
MOBY,M2,500,HPG,BONCAT,B,13.04548842
MOBY,M2,500,HPG,BONCAT,B,1.083820649
MOBY,M2,500,HPG,BONCAT,B,13.46155163
MOBY,M2,500,HPG,BONCAT,B,6.840289249
MOBY,M2,500,HPG,BONCAT,B,7.873775929
MOBY,M2,500,HPG,BONCAT,B,3.242398603
MOBY,M2,500,HPG,BONCAT,B,6.196617277
MOBY,M2,500,HPG,BONCAT,B,9.174557212
MOBY,M2,500,HPG,BONCAT,B,3.804669019
MOBY,M2,500,HPG,BONCAT,B,6.155406597
MOBY,M2,500,HPG,BONCAT,B,1.497262358
MOBY,M2,500,HPG,BONCAT,B,2.961150021
MOBY,M2,500,HPG,BONCAT,B,2.999410635
MOBY,M2,500,HPG,BONCAT,B,7.486216627
MOBY,M2,500,HPG,BONCAT,B,10.86797217
MOBY,M2,500,HPG,BONCAT,B,1.865937088
MOBY,M2,500,HPG,BONCAT,B,27.95445751
MOBY,M2,500,HPG,BONCAT,B,4.489369225
MOBY,M2,500,HPG,BONCAT,B,8.08330987
MOBY,M2,500,HPG,BONCAT,B,7.946450951
MOBY,M2,500,HPG,BONCAT,B,1.962308536
MOBY,M2,500,HPG,BONCAT,B,2.519984257
MOBY,M2,500,HPG,BONCAT,B,4.801638021
MOBY,M2,500,HPG,BONCAT,B,14.13228783
MOBY,M2,500,HPG,BONCAT,B,4.116498568
MOBY,M2,500,HPG,BONCAT,B,1.779415627
MOBY,M2,500,HPG,BONCAT,B,20.63703012
MOBY,M2,500,HPG,BONCAT,B,2.321080994
MOBY,M2,500,HPG,BONCAT,B,4.91830149
MOBY,M2,500,HPG,BONCAT,B,8.890574777
MOBY,M2,500,HPG,BONCAT,B,3.949240482
MOBY,M2,500,HPG,BONCAT,B,1.18923544
MOBY,M2,500,HPG,BONCAT,B,0.671190478
MOBY,M2,500,HPG,BONCAT,B,1.618654149
MOBY,M2,500,HPG,BONCAT,B,10.63528987
MOBY,M2,500,HPG,BONCAT,B,3.821863992
MOBY,M2,500,HPG,BONCAT,B,1.966083729
MOBY,M2,500,HPG,BONCAT,B,1.96799123
MOBY,M2,500,HPG,BONCAT,B,4.67059832
MOBY,M2,500,HPG,BONCAT,B,2.57899389
MOBY,M2,500,HPG,BONCAT,B,26.11529013
MOBY,M2,500,HPG,BONCAT,B,2.189252825
MOBY,M2,500,HPG,BONCAT,B,3.079513027
MOBY,M2,500,HPG,BONCAT,B,12.15117572
MOBY,M2,500,HPG,BONCAT,B,3.486843461
MOBY,M2,500,HPG,BONCAT,B,1.498257134
MOBY,M2,500,HPG,BONCAT,B,0.787859913
MOBY,M2,500,HPG,BONCAT,B,9.164210117
MOBY,M2,500,HPG,BONCAT,B,1.288423943
MOBY,M2,500,HPG,BONCAT,B,1.886435281
MOBY,M2,500,HPG,BONCAT,B,9.915231971
MOBY,M2,500,HPG,BONCAT,B,0.487433899
MOBY,M2,500,HPG,BONCAT,B,8.1652386
MOBY,M2,500,HPG,BONCAT,B,2.821077098
MOBY,M2,500,HPG,BONCAT,B,1.735080496
MOBY,M2,500,HPG,BONCAT,B,3.787717276
MOBY,M2,500,HPG,BONCAT,B,1.222728866
MOBY,M2,500,HPG,BONCAT,B,1.720582902
MOBY,M2,500,HPG,BONCAT,B,2.195402221
MOBY,M2,500,HPG,BONCAT,B,1.400884237
MOBY,M2,500,HPG,BONCAT,B,3.607961184
MOBY,M2,500,HPG,BONCAT,B,2.742750562
MOBY,M2,500,HPG,BONCAT,B,0.553885651
MOBY,M2,500,HPG,BONCAT,B,4.790659926
MOBY,M2,500,HPG,BONCAT,B,0.607598032
MOBY,M2,500,HPG,BONCAT,B,3.220265266
MOBY,M2,500,HPG,BONCAT,B,2.969278094
MOBY,M2,500,HPG,BONCAT,B,5.409442848
MOBY,M2,500,HPG,BONCAT,B,1.228305834
MOBY,M2,500,HPG,BONCAT,B,6.127565817
MOBY,M2,500,HPG,BONCAT,B,1.116221933
MOBY,M2,500,HPG,BONCAT,B,2.037931815
MOBY,M2,500,HPG,BONCAT,B,6.169943883
MOBY,M2,500,HPG,BONCAT,B,0.370145323
MOBY,M2,500,HPG,BONCAT,B,6.005777918
MOBY,M2,500,HPG,BONCAT,B,0.386478681
MOBY,M2,500,HPG,BONCAT,B,7.045398526
MOBY,M2,500,HPG,BONCAT,B,6.769503933
MOBY,M2,500,HPG,BONCAT,B,3.660493244
MOBY,M2,500,HPG,BONCAT,B,1.03237633
MOBY,M2,500,HPG,BONCAT,B,9.130769662
MOBY,M2,500,HPG,BONCAT,B,0.958273244
MOBY,M2,500,HPG,BONCAT,B,1.148548658
MOBY,M2,500,HPG,BONCAT,B,3.95177683
MOBY,M2,500,HPG,BONCAT,B,4.862290389
MOBY,M2,500,HPG,BONCAT,B,0.614731497
MOBY,M2,500,HPG,BONCAT,B,2.334871077
MOBY,M2,500,HPG,BONCAT,B,3.682372752
MOBY,M2,500,HPG,BONCAT,B,0.79981226
MOBY,M2,500,HPG,BONCAT,B,2.009649961
MOBY,M2,500,HPG,BONCAT,B,0.420114893
MOBY,M2,500,HPG,BONCAT,B,2.104395039
MOBY,M2,500,HPG,BONCAT,B,4.905519613
MOBY,M2,500,HPG,BONCAT,B,4.72214905
MOBY,M2,500,HPG,BONCAT,B,1.029209531
MOBY,M2,500,HPG,BONCAT,B,3.769385713
MOBY,M2,500,HPG,BONCAT,B,2.450858651
MOBY,M2,500,HPG,BONCAT,B,0.511650343
MOBY,M2,500,HPG,BONCAT,B,0.30452969
MOBY,M2,500,HPG,BONCAT,B,0.32167064
MOBY,M2,500,HPG,BONCAT,B,2.308270237
MOBY,M2,500,HPG,BONCAT,B,5.991259407
MOBY,M2,500,HPG,BONCAT,B,0.380048141
MOBY,M2,500,HPG,BONCAT,B,0.699334644
MOBY,M2,500,HPG,BONCAT,B,4.553877881
MOBY,M2,500,HPG,BONCAT,B,0.623493056
MOBY,M2,500,HPG,BONCAT,B,0.908677301
MOBY,M2,500,HPG,BONCAT,B,0.42566706
MOBY,M2,500,HPG,BONCAT,B,5.118580527
MOBY,M2,500,HPG,BONCAT,B,0.492792633
MOBY,M2,500,HPG,BONCAT,B,3.107617395
MOBY,M2,500,HPG,BONCAT,B,3.082029633
MOBY,M2,500,HPG,BONCAT,B,2.312223426
MOBY,M2,500,HPG,BONCAT,B,1.284492272
MOBY,M2,500,HPG,BONCAT,B,0.84122126
MOBY,M2,500,HPG,BONCAT,B,0.4577463
MOBY,M2,500,HPG,BONCAT,B,1.795983393
MOBY,M2,500,HPG,BONCAT,B,0.740673842
MOBY,M2,500,HPG,BONCAT,B,4.779007787
MOBY,M2,500,HPG,BONCAT,B,9.240637408
MOBY,M2,500,HPG,BONCAT,B,7.289946046
MOBY,M2,500,HPG,BONCAT,B,0.706713107
MOBY,M2,500,HPG,BONCAT,B,4.955664155
MOBY,M2,500,HPG,BONCAT,B,5.72173302
MOBY,M2,500,HPG,BONCAT,B,2.105196077
MOBY,M2,500,HPG,BONCAT,B,3.849229914
MOBY,M2,500,HPG,BONCAT,B,1.390857927
MOBY,M2,500,HPG,BONCAT,B,2.901295298
MOBY,M2,500,HPG,BONCAT,B,1.509761745
MOBY,M2,500,HPG,BONCAT,B,1.277514739
MOBY,M2,500,HPG,BONCAT,B,6.047005822
MOBY,M2,500,HPG,BONCAT,B,4.347044669
MOBY,M2,500,HPG,BONCAT,B,5.141364609
MOBY,M2,500,HPG,BONCAT,B,10.19485809
MOBY,M2,500,HPG,BONCAT,B,5.236307879
MOBY,M2,500,HPG,BONCAT,B,1.865476639
MOBY,M2,500,HPG,BONCAT,B,1.759539627
MOBY,M2,500,HPG,BONCAT,B,2.122465948
MOBY,M2,500,HPG,BONCAT,B,0.304158076
MOBY,M2,500,HPG,BONCAT,B,2.879268663
MOBY,M2,500,HPG,BONCAT,B,3.44486286
MOBY,M2,500,HPG,BONCAT,B,13.64810879
MOBY,M2,500,HPG,BONCAT,B,1.028240103
MOBY,M2,500,HPG,BONCAT,B,4.774929403
MOBY,M2,500,HPG,BONCAT,B,5.934680059
MOBY,M2,500,HPG,BONCAT,B,2.596657414
MOBY,M2,500,HPG,BONCAT,B,0.565499743
MOBY,M2,500,HPG,BONCAT,B,2.941925699
MOBY,M2,500,HPG,BONCAT,B,1.167777995
MOBY,M2,500,HPG,BONCAT,B,9.633188813
MOBY,M2,500,HPG,BONCAT,B,6.06660614
MOBY,M2,500,HPG,BONCAT,B,7.012725889
MOBY,M2,500,HPG,BONCAT,B,2.350863216
MOBY,M2,500,HPG,BONCAT,B,4.009616466
MOBY,M2,500,HPG,BONCAT,B,1.185312368
MOBY,M2,500,HPG,BONCAT,B,5.025346294
MOBY,M2,500,HPG,BONCAT,B,4.270620191
MOBY,M2,500,HPG,BONCAT,B,0.757567691
MOBY,M2,500,HPG,BONCAT,B,6.321925364
MOBY,M2,500,HPG,BONCAT,B,6.300545983
MOBY,M2,500,HPG,BONCAT,B,5.27079703
MOBY,M2,500,HPG,BONCAT,B,5.664412803
MOBY,M2,500,HPG,BONCAT,B,1.304156136
MOBY,M2,500,HPG,BONCAT,B,2.583251819
MOBY,M2,500,HPG,BONCAT,B,3.62179125
MOBY,M2,500,HPG,BONCAT,B,3.292715672
MOBY,M2,500,HPG,BONCAT,B,1.872298126
MOBY,M2,500,HPG,BONCAT,B,3.294239904
MOBY,M2,500,HPG,BONCAT,B,1.469078607
MOBY,M2,500,HPG,BONCAT,B,5.524130994
MOBY,M2,500,HPG,BONCAT,B,2.515490428
MOBY,M2,500,HPG,BONCAT,B,13.50716697
MOBY,M2,500,HPG,BONCAT,B,0.842603189
MOBY,M2,500,HPG,BONCAT,B,2.835139487
MOBY,M2,500,HPG,BONCAT,B,1.354915904
MOBY,M2,500,HPG,BONCAT,B,7.758688912
MOBY,M2,500,HPG,BONCAT,B,3.077139867
MOBY,M2,500,HPG,BONCAT,B,2.215255925
MOBY,M2,500,HPG,BONCAT,B,1.765794254
MOBY,M2,500,HPG,BONCAT,B,6.500682902
MOBY,M2,500,HPG,BONCAT,B,3.409177177
MOBY,M2,500,HPG,BONCAT,B,7.729432249
MOBY,M2,500,HPG,BONCAT,B,2.335281374
MOBY,M2,500,HPG,BONCAT,B,1.972915502
MOBY,M2,500,HPG,BONCAT,B,3.062134186
MOBY,M2,500,HPG,BONCAT,B,2.724708826
MOBY,M2,500,HPG,BONCAT,B,6.562172113
MOBY,M2,500,HPG,BONCAT,B,1.505720005
MOBY,M2,500,HPG,BONCAT,B,8.529707288
MOBY,M2,500,HPG,BONCAT,B,2.697040343
MOBY,M2,500,HPG,BONCAT,B,5.608530312
MOBY,M2,500,HPG,BONCAT,B,3.259133621
MOBY,M2,500,HPG,BONCAT,B,7.168953886
MOBY,M2,500,HPG,BONCAT,B,15.09271586
MOBY,M2,500,HPG,BONCAT,B,0.403379045
MOBY,M2,500,HPG,BONCAT,B,2.420708961
MOBY,M2,500,HPG,BONCAT,B,2.09580577
MOBY,M2,500,HPG,BONCAT,B,3.73900877
MOBY,M2,500,HPG,BONCAT,B,4.924507252
MOBY,M2,500,HPG,BONCAT,B,0.435537632
MOBY,M2,500,HPG,BONCAT,B,11.60589039
MOBY,M2,500,HPG,BONCAT,B,1.060608333
MOBY,M2,500,HPG,BONCAT,B,2.101615165
MOBY,M2,500,HPG,BONCAT,B,1.92737605
MOBY,M2,500,HPG,BONCAT,B,1.50967225
MOBY,M2,500,HPG,BONCAT,B,9.535253306
MOBY,M2,500,HPG,BONCAT,B,5.271405217
MOBY,M2,500,HPG,BONCAT,B,1.558771862
MOBY,M2,500,HPG,BONCAT,B,2.652245227
MOBY,M2,500,HPG,BONCAT,B,3.093466685
MOBY,M2,500,HPG,BONCAT,B,4.538850452
MOBY,M2,500,HPG,BONCAT,B,12.71297687
MOBY,M2,500,HPG,BONCAT,B,10.31296403
MOBY,M2,500,HPG,BONCAT,B,7.330700804
MOBY,M2,500,HPG,BONCAT,B,3.440500434
MOBY,M2,500,HPG,BONCAT,B,5.152246313
MOBY,M2,500,HPG,BONCAT,B,2.112978746
MOBY,M2,500,HPG,BONCAT,B,8.768287784
MOBY,M2,500,HPG,BONCAT,B,4.730222092
MOBY,M2,500,HPG,BONCAT,B,6.170211994
MOBY,M2,500,HPG,BONCAT,B,1.318999374
MOBY,M2,500,HPG,BONCAT,B,3.510760901
MOBY,M2,500,HPG,BONCAT,B,3.51457033
MOBY,M2,500,HPG,BONCAT,B,0.398467276
MOBY,M2,500,HPG,BONCAT,B,10.9017718
MOBY,M2,500,HPG,BONCAT,B,6.58099133
MOBY,M2,500,HPG,BONCAT,B,34.46595907
MOBY,M2,500,HPG,BONCAT,B,3.372481721
MOBY,M2,500,HPG,BONCAT,B,0.292040224
MOBY,M2,500,HPG,BONCAT,B,2.457988724
MOBY,M2,500,HPG,BONCAT,B,1.711739061
MOBY,M2,500,HPG,BONCAT,B,1.853352699
MOBY,M2,500,HPG,BONCAT,B,2.136708301
MOBY,M2,500,HPG,BONCAT,B,2.682084493
MOBY,M2,500,HPG,BONCAT,B,4.952730892
MOBY,M2,500,HPG,BONCAT,B,0.505221186
MOBY,M2,500,HPG,BONCAT,B,2.174941099
MOBY,M2,500,HPG,BONCAT,B,8.018043121
MOBY,M2,500,HPG,BONCAT,B,4.606469195
MOBY,M2,500,HPG,BONCAT,B,0.96568501
MOBY,M2,500,HPG,BONCAT,B,1.026435991
MOBY,M2,500,HPG,BONCAT,B,5.684544593
MOBY,M2,500,HPG,BONCAT,B,4.635573851
MOBY,M2,500,HPG,BONCAT,B,4.836632864
MOBY,M2,500,HPG,BONCAT,B,5.345235603
MOBY,M2,500,HPG,BONCAT,B,0.799182882
MOBY,M2,500,HPG,BONCAT,B,2.879201546
MOBY,M2,500,HPG,BONCAT,B,1.862585038
MOBY,M2,500,HPG,BONCAT,B,5.278899478
MOBY,M2,500,HPG,BONCAT,B,2.11884675
MOBY,M2,500,HPG,BONCAT,B,1.68046571
MOBY,M2,500,HPG,BONCAT,B,0.800865091
MOBY,M2,500,HPG,BONCAT,B,0.666795459
MOBY,M2,500,HPG,BONCAT,B,2.255704215
MOBY,M2,500,HPG,BONCAT,B,1.488139158
MOBY,M2,500,HPG,BONCAT,B,2.462919478
MOBY,M2,500,HPG,BONCAT,B,1.794025391
MOBY,M2,500,HPG,BONCAT,B,1.743613435
MOBY,M2,500,HPG,BONCAT,B,4.511221104
MOBY,M2,500,HPG,BONCAT,B,1.469043595
MOBY,M2,500,HPG,BONCAT,B,2.596749063
MOBY,M2,500,HPG,BONCAT,B,15.57097731
MOBY,M2,500,HPG,BONCAT,B,1.501477005
MOBY,M2,500,HPG,BONCAT,B,3.543569548
MOBY,M2,500,HPG,BONCAT,B,2.813976858
MOBY,M2,500,HPG,BONCAT,B,4.632195588
MOBY,M2,500,HPG,BONCAT,B,2.007731744
MOBY,M2,500,HPG,BONCAT,B,1.450878454
MOBY,M2,500,HPG,BONCAT,B,1.506624258
MOBY,M2,500,HPG,BONCAT,B,3.945033649
MOBY,M2,500,HPG,BONCAT,B,0.710077536
MOBY,M2,500,HPG,BONCAT,B,8.389310441
MOBY,M2,500,HPG,BONCAT,B,8.73441658
MOBY,M2,500,HPG,BONCAT,B,7.891874248
MOBY,M2,500,HPG,BONCAT,B,0.282057435
MOBY,M2,500,HPG,BONCAT,B,0.753986959
MOBY,M2,500,HPG,BONCAT,B,5.612523548
MOBY,M2,500,HPG,BONCAT,B,0.770964574
MOBY,M2,500,HPG,BONCAT,B,2.87085722
MOBY,M2,500,HPG,BONCAT,B,4.881123146
MOBY,M2,500,HPG,BONCAT,B,10.88966713
MOBY,M2,500,HPG,BONCAT,B,7.114602995
MOBY,M2,500,HPG,BONCAT,B,1.939510624
MOBY,M2,500,HPG,BONCAT,B,4.3663591
MOBY,M2,500,HPG,BONCAT,B,2.499786765
MOBY,M2,500,HPG,BONCAT,B,1.542284032
MOBY,M2,500,HPG,BONCAT,B,2.437426022
MOBY,M2,500,HPG,BONCAT,B,0.710704882
MOBY,M2,500,HPG,BONCAT,B,2.233793113
MOBY,M2,500,HPG,BONCAT,B,1.219157686
MOBY,M2,500,HPG,BONCAT,B,2.124614039
MOBY,M2,500,HPG,BONCAT,B,0.556799771
MOBY,M2,500,HPG,BONCAT,B,5.484259869
MOBY,M2,500,HPG,BONCAT,B,5.616237879
MOBY,M2,500,HPG,BONCAT,B,0.686819634
MOBY,M2,500,HPG,BONCAT,B,3.061761053
MOBY,M2,500,HPG,BONCAT,B,0.745045911
MOBY,M2,500,HPG,BONCAT,B,1.40620569
MOBY,M2,500,HPG,BONCAT,B,3.811523652
MOBY,M2,500,HPG,BONCAT,B,6.912527478
MOBY,M2,500,HPG,BONCAT,B,4.908905534
MOBY,M2,500,HPG,BONCAT,B,6.221212186
MOBY,M2,500,HPG,BONCAT,B,4.385080828
MOBY,M2,500,HPG,BONCAT,B,1.444678654
MOBY,M2,500,HPG,BONCAT,B,1.660491872
MOBY,M2,500,HPG,BONCAT,B,3.268424036
MOBY,M2,500,HPG,BONCAT,B,3.251390695
MOBY,M2,500,HPG,BONCAT,B,4.358859672
MOBY,M2,500,HPG,BONCAT,B,0.667410875
MOBY,M2,500,HPG,BONCAT,B,1.105446303
MOBY,M2,500,HPG,BONCAT,B,7.070337452
MOBY,M2,500,HPG,BONCAT,B,0.634854247
MOBY,M2,500,HPG,BONCAT,B,7.682300011
MOBY,M2,500,HPG,BONCAT,B,3.397175075
MOBY,M2,500,HPG,BONCAT,B,1.590289528
MOBY,M2,500,HPG,BONCAT,B,2.309606132
MOBY,M2,500,HPG,BONCAT,B,0.569808262
MOBY,M2,500,HPG,BONCAT,B,0.908522741
MOBY,M2,500,HPG,BONCAT,B,3.362932999
MOBY,M2,500,HPG,BONCAT,B,3.935906322
MOBY,M2,500,HPG,BONCAT,B,2.490278226
MOBY,M2,500,HPG,BONCAT,B,9.498972102
MOBY,M2,500,HPG,BONCAT,B,6.623328874
MOBY,M2,500,HPG,BONCAT,B,2.876049192
MOBY,M2,500,HPG,BONCAT,B,1.853670203
MOBY,M2,500,HPG,BONCAT,B,1.368856526
MOBY,M2,500,HPG,BONCAT,B,8.366720342
MOBY,M2,500,HPG,BONCAT,B,0.576064005
MOBY,M2,500,HPG,BONCAT,B,2.136071872
MOBY,M2,500,HPG,BONCAT,B,3.601157747
MOBY,M2,500,HPG,BONCAT,B,0.682437011
MOBY,M2,500,HPG,BONCAT,B,6.088064884
MOBY,M2,500,HPG,BONCAT,B,4.18286565
MOBY,M2,500,HPG,BONCAT,B,10.46927353
MOBY,M2,500,HPG,BONCAT,B,9.31023149
MOBY,M2,500,HPG,BONCAT,B,3.887342044
MOBY,M2,500,HPG,BONCAT,B,5.6999638
MOBY,M2,500,HPG,BONCAT,B,6.81143645
MOBY,M2,500,HPG,BONCAT,B,4.505882172
MOBY,M2,500,HPG,BONCAT,B,5.53988446
MOBY,M2,500,HPG,BONCAT,B,5.280913691
MOBY,M2,500,HPG,BONCAT,B,5.199881779
MOBY,M2,500,HPG,BONCAT,B,2.455459664
MOBY,M2,500,HPG,BONCAT,B,2.13003757
MOBY,M2,500,HPG,BONCAT,B,1.65345056
MOBY,M2,500,HPG,BONCAT,B,0.998034833
MOBY,M2,500,HPG,BONCAT,B,0.612728261
MOBY,M2,500,HPG,BONCAT,B,3.925699213
MOBY,M2,500,HPG,BONCAT,B,3.42276145
MOBY,M2,500,HPG,BONCAT,B,6.420333112
MOBY,M2,500,HPG,BONCAT,B,3.305243688
MOBY,M2,500,HPG,BONCAT,B,1.219582806
MOBY,M2,500,HPG,BONCAT,B,11.05037957
MOBY,M2,500,HPG,BONCAT,B,2.408670635
MOBY,M2,500,HPG,BONCAT,B,0.945192427
MOBY,M2,500,HPG,BONCAT,B,2.427958109
MOBY,M2,500,HPG,BONCAT,B,3.649012501
MOBY,M2,500,HPG,BONCAT,B,10.37354024
MOBY,M2,500,HPG,BONCAT,B,3.543428011
MOBY,M2,500,HPG,BONCAT,B,5.269578653
MOBY,M2,500,HPG,BONCAT,B,3.301613697
MOBY,M2,500,HPG,BONCAT,B,6.247710599
MOBY,M2,500,HPG,BONCAT,B,2.542130701
MOBY,M2,500,HPG,BONCAT,B,2.440348813
MOBY,M2,500,HPG,BONCAT,B,10.50760872
MOBY,M2,500,HPG,BONCAT,B,1.565270973
MOBY,M2,500,HPG,BONCAT,B,3.213116703
MOBY,M2,500,HPG,BONCAT,B,1.371197362
MOBY,M2,500,HPG,BONCAT,B,3.225088915
MOBY,M2,500,HPG,BONCAT,B,5.932369718
MOBY,M2,500,HPG,BONCAT,B,1.061241053
MOBY,M2,500,HPG,BONCAT,B,2.444373219
MOBY,M2,500,HPG,BONCAT,B,0.40092316
MOBY,M2,500,HPG,BONCAT,B,1.937725261
MOBY,M2,500,HPG,BONCAT,B,0.760911345
MOBY,M2,500,HPG,BONCAT,B,8.168539891
MOBY,M2,500,HPG,BONCAT,B,4.329258281
MOBY,M2,500,HPG,BONCAT,B,0.423640093
MOBY,M2,500,HPG,BONCAT,B,10.64488798
MOBY,M2,500,HPG,BONCAT,B,1.316520598
MOBY,M2,500,HPG,BONCAT,B,4.948586877
MOBY,M2,500,HPG,BONCAT,B,1.714918362
MOBY,M2,500,HPG,BONCAT,B,6.960182756
MOBY,M2,500,HPG,BONCAT,B,2.428671941
MOBY,M2,500,HPG,BONCAT,B,4.78232656
MOBY,M2,500,HPG,BONCAT,B,1.409452819
MOBY,M2,500,HPG,BONCAT,B,4.186406647
MOBY,M2,500,HPG,BONCAT,B,0.887673024
MOBY,M2,500,HPG,BONCAT,B,1.780688002
MOBY,M2,500,HPG,BONCAT,B,1.075432963
MOBY,M2,500,HPG,BONCAT,B,0.904234088
MOBY,M2,500,HPG,BONCAT,B,6.971415228
MOBY,M2,500,HPG,BONCAT,B,1.681182263
MOBY,M2,500,HPG,BONCAT,B,2.061883767
MOBY,M2,500,HPG,BONCAT,B,0.422582553
MOBY,M2,500,HPG,BONCAT,B,0.626089001
MOBY,M2,500,HPG,BONCAT,B,7.683343826
MOBY,M2,500,HPG,BONCAT,B,5.682748146
MOBY,M2,500,HPG,BONCAT,B,7.306954695
MOBY,M2,500,HPG,BONCAT,B,1.233746949
MOBY,M2,500,HPG,BONCAT,B,2.552670136
MOBY,M2,500,HPG,BONCAT,B,2.322163053
MOBY,M2,500,HPG,BONCAT,B,1.311838224
MOBY,M2,500,HPG,BONCAT,B,8.705012209
MOBY,M2,500,HPG,BONCAT,B,1.885329208
MOBY,M2,500,HPG,BONCAT,B,1.196822136
MOBY,M2,500,HPG,BONCAT,B,0.976449178
MOBY,M2,500,HPG,BONCAT,B,4.5131418
MOBY,M2,500,HPG,BONCAT,B,1.581387525
MOBY,M2,500,HPG,BONCAT,B,2.890437542
MOBY,M2,500,HPG,BONCAT,B,0.602014869
MOBY,M2,500,HPG,BONCAT,B,2.497591004
MOBY,M2,500,HPG,BONCAT,B,0.643619493
MOBY,M2,500,HPG,BONCAT,B,4.160766146
MOBY,M2,500,HPG,BONCAT,B,2.538370004
MOBY,M2,500,HPG,BONCAT,B,0.870837289
MOBY,M2,500,HPG,BONCAT,B,4.177870251
MOBY,M2,500,HPG,BONCAT,B,5.156711367
MOBY,M2,500,HPG,BONCAT,B,1.500129442
MOBY,M2,500,HPG,BONCAT,B,3.145963609
MOBY,M2,500,HPG,BONCAT,B,9.179941803
MOBY,M2,500,HPG,BONCAT,B,1.351095594
MOBY,M2,500,HPG,BONCAT,B,10.20492941
MOBY,M2,500,HPG,BONCAT,B,3.78774959
MOBY,M2,500,HPG,BONCAT,B,0.471330596
MOBY,M2,500,HPG,BONCAT,B,5.466208536
MOBY,M2,500,HPG,BONCAT,B,0.229027396
MOBY,M2,500,HPG,BONCAT,B,4.013409419
MOBY,M2,500,HPG,BONCAT,B,3.004656036
MOBY,M2,500,HPG,BONCAT,B,0.321720882
MOBY,M2,500,HPG,BONCAT,B,1.423693883
MOBY,M2,500,HPG,BONCAT,B,1.543431615
MOBY,M2,500,HPG,BONCAT,B,0.311897344
MOBY,M2,500,HPG,BONCAT,B,2.072258984
MOBY,M2,500,HPG,BONCAT,B,1.693923351
MOBY,M2,500,HPG,BONCAT,B,10.89789018
MOBY,M2,500,HPG,BONCAT,B,4.541460573
MOBY,M2,500,HPG,BONCAT,B,0.562227923
MOBY,M2,500,HPG,BONCAT,B,4.234931663
MOBY,M2,500,HPG,BONCAT,B,0.46855693
MOBY,M2,500,HPG,BONCAT,B,3.210818674
MOBY,M2,500,HPG,BONCAT,B,3.750639881
MOBY,M2,500,HPG,BONCAT,B,3.588809527
MOBY,M2,500,HPG,BONCAT,B,3.215792422
MOBY,M2,500,HPG,BONCAT,B,2.359493104
MOBY,M2,500,HPG,BONCAT,B,2.554351706
MOBY,M2,500,HPG,BONCAT,B,0.328474565
MOBY,M2,500,HPG,BONCAT,B,0.963462444
MOBY,M2,500,HPG,BONCAT,B,2.847266706
MOBY,M2,500,HPG,BONCAT,B,6.450480065
MOBY,M2,500,HPG,BONCAT,B,0.803571628
MOBY,M2,500,HPG,BONCAT,B,5.487085106
MOBY,M2,500,HPG,BONCAT,B,3.017948169
MOBY,M2,500,HPG,BONCAT,B,3.012259435
MOBY,M2,500,HPG,BONCAT,B,2.933078345
MOBY,M2,500,HPG,BONCAT,B,5.333073739
MOBY,M2,500,HPG,BONCAT,B,1.129718832
MOBY,M2,500,HPG,BONCAT,B,5.480007602
MOBY,M2,500,HPG,BONCAT,B,2.243372178
MOBY,M2,500,HPG,BONCAT,B,2.341665611
MOBY,M2,500,HPG,BONCAT,B,9.033519896
MOBY,M2,500,HPG,BONCAT,B,9.307073965
MOBY,M2,500,HPG,BONCAT,B,3.871242396
MOBY,M2,500,HPG,BONCAT,B,5.541728958
MOBY,M2,500,HPG,BONCAT,B,6.082294137
MOBY,M2,500,HPG,BONCAT,B,5.192257065
MOBY,M2,500,HPG,BONCAT,B,4.888878765
MOBY,M2,500,HPG,BONCAT,B,0.605375553
MOBY,M2,500,HPG,BONCAT,B,3.183146555
MOBY,M2,500,HPG,BONCAT,B,0.726981361
MOBY,M2,500,HPG,BONCAT,B,2.339666321
MOBY,M2,500,HPG,BONCAT,B,2.036508462
MOBY,M2,500,HPG,BONCAT,B,0.482359702
MOBY,M2,500,HPG,BONCAT,B,0.517882331
MOBY,M2,500,HPG,BONCAT,B,3.842363616
MOBY,M2,500,HPG,BONCAT,B,4.224033158
MOBY,M2,500,HPG,BONCAT,B,1.504448206
MOBY,M2,500,HPG,BONCAT,B,6.512957219
MOBY,M2,500,HPG,BONCAT,B,7.077540594
MOBY,M2,500,HPG,BONCAT,B,2.402415852
MOBY,M2,500,HPG,BONCAT,B,5.718574138
MOBY,M2,500,HPG,BONCAT,B,1.157781553
MOBY,M2,500,HPG,BONCAT,B,0.452399794
MOBY,M2,500,HPG,BONCAT,B,1.335214843
MOBY,M2,500,HPG,BONCAT,B,9.279600663
MOBY,M2,500,HPG,BONCAT,B,2.165979486
MOBY,M2,500,HPG,BONCAT,B,3.912882371
MOBY,M2,500,HPG,BONCAT,B,2.833055449
MOBY,M2,500,HPG,BONCAT,B,7.993979621
MOBY,M2,500,HPG,BONCAT,B,0.583514949
MOBY,M2,500,HPG,BONCAT,B,2.560113482
MOBY,M2,500,HPG,BONCAT,B,9.396505294
MOBY,M2,500,HPG,BONCAT,B,3.986734408
MOBY,M2,500,HPG,BONCAT,B,0.759026309
MOBY,M2,500,HPG,BONCAT,B,2.141670804
MOBY,M2,500,HPG,BONCAT,B,6.706908928
MOBY,M2,500,HPG,BONCAT,B,1.831709004
MOBY,M2,500,HPG,BONCAT,B,6.377396429
MOBY,M2,500,HPG,BONCAT,B,12.84778115
MOBY,M2,500,HPG,BONCAT,B,3.36663595
MOBY,M2,500,HPG,BONCAT,B,1.08845226
MOBY,M2,500,HPG,BONCAT,B,3.238955598
MOBY,M2,500,HPG,BONCAT,B,3.445274544
MOBY,M2,500,HPG,BONCAT,B,5.763993591
MOBY,M2,500,HPG,BONCAT,B,8.438799973
MOBY,M2,500,HPG,BONCAT,B,11.67335913
MOBY,M2,500,HPG,BONCAT,B,1.851912342
MOBY,M2,500,HPG,BONCAT,B,0.821057155
MOBY,M2,500,HPG,BONCAT,B,1.644062036
MOBY,M2,500,HPG,BONCAT,B,8.639522071
MOBY,M2,500,HPG,BONCAT,B,0.629158856
MOBY,M2,500,HPG,BONCAT,B,6.56233656
MOBY,M2,500,HPG,BONCAT,B,2.747544898
MOBY,M2,500,HPG,BONCAT,B,31.23838108
MOBY,M2,500,HPG,BONCAT,B,1.774645728
MOBY,M2,500,HPG,BONCAT,B,0.852563569
MOBY,M2,500,HPG,BONCAT,B,5.142217511
MOBY,M2,500,HPG,BONCAT,B,0.992870589
MOBY,M2,500,HPG,BONCAT,B,2.120123163
MOBY,M2,500,HPG,BONCAT,B,2.491870841
MOBY,M2,500,HPG,BONCAT,B,0.995771273
MOBY,M2,500,HPG,BONCAT,B,1.740161899
MOBY,M2,500,HPG,BONCAT,B,2.967527016
MOBY,M2,500,HPG,BONCAT,B,0.841344552
MOBY,M2,500,HPG,BONCAT,B,3.231273478
MOBY,M2,500,HPG,BONCAT,B,13.93011828
MOBY,M2,500,HPG,BONCAT,B,0.309005216
MOBY,M2,500,HPG,BONCAT,B,1.732843857
MOBY,M2,500,HPG,BONCAT,B,4.671984376
MOBY,M2,500,HPG,BONCAT,B,7.879580186
MOBY,M2,500,HPG,BONCAT,B,1.415516543
MOBY,M2,500,HPG,BONCAT,B,0.77222134
MOBY,M2,500,HPG,BONCAT,B,1.420473249
MOBY,M2,500,HPG,BONCAT,B,1.741702372
MOBY,M2,500,HPG,BONCAT,B,2.610711194
MOBY,M2,500,HPG,BONCAT,B,0.657479982
MOBY,M2,500,HPG,BONCAT,B,18.41240826
MOBY,M2,500,HPG,BONCAT,B,10.17914272
MOBY,M2,500,HPG,BONCAT,B,1.658885416
MOBY,M2,500,HPG,BONCAT,B,2.719324978
MOBY,M2,500,HPG,BONCAT,B,3.514632151
MOBY,M2,500,HPG,BONCAT,B,4.756021516
MOBY,M2,500,HPG,BONCAT,B,0.785968083
MOBY,M2,500,HPG,BONCAT,B,0.910131443
MOBY,M2,500,HPG,BONCAT,B,0.53629257
MOBY,M2,500,HPG,BONCAT,B,2.905376106
MOBY,M2,500,HPG,BONCAT,B,6.07952238
MOBY,M2,500,HPG,BONCAT,B,3.551125755
MOBY,M2,500,HPG,BONCAT,B,2.91503161
MOBY,M2,500,HPG,BONCAT,B,1.214392692
MOBY,M2,500,HPG,BONCAT,B,2.464925819
MOBY,M2,500,HPG,BONCAT,B,2.79008325
MOBY,M2,500,HPG,BONCAT,B,6.113311798
MOBY,M2,500,HPG,BONCAT,B,3.553635314
MOBY,M2,500,HPG,BONCAT,B,5.667754454
MOBY,M2,500,HPG,BONCAT,B,2.536896474
MOBY,M2,500,HPG,BONCAT,B,7.176009868
MOBY,M2,500,HPG,BONCAT,B,5.297141918
MOBY,M2,500,HPG,BONCAT,B,2.242044908
MOBY,M2,500,HPG,BONCAT,B,2.611733301
MOBY,M2,500,HPG,BONCAT,B,0.534083065
MOBY,M2,500,HPG,BONCAT,B,0.603199688
MOBY,M2,500,HPG,BONCAT,B,3.860198939
MOBY,M2,500,HPG,BONCAT,B,1.033643049
MOBY,M2,500,HPG,BONCAT,B,1.664610132
MOBY,M2,500,HPG,BONCAT,B,0.800233557
MOBY,M2,500,HPG,BONCAT,B,1.191588743
MOBY,M2,500,HPG,BONCAT,B,1.047962644
MOBY,M2,500,HPG,BONCAT,B,2.407490001
MOBY,M2,500,HPG,BONCAT,B,0.51666217
MOBY,M2,500,HPG,BONCAT,B,4.480677429
MOBY,M2,500,HPG,BONCAT,B,1.045863835
MOBY,M2,500,HPG,BONCAT,B,1.730814867
MOBY,M2,500,HPG,BONCAT,B,3.908712699
MOBY,M2,500,HPG,BONCAT,B,6.017451448
MOBY,M2,500,HPG,BONCAT,B,11.78213421
MOBY,M2,500,HPG,BONCAT,B,5.519396145
MOBY,M2,500,HPG,BONCAT,B,0.960173323
MOBY,M2,500,HPG,BONCAT,B,4.83257984
MOBY,M2,500,HPG,BONCAT,B,1.136284407
MOBY,M2,500,HPG,BONCAT,B,5.323200954
MOBY,M2,500,HPG,BONCAT,B,0.967968029
MOBY,M2,500,HPG,BONCAT,B,0.96599777
MOBY,M2,500,HPG,BONCAT,B,6.443396195
MOBY,M2,500,HPG,BONCAT,B,2.972004093
MOBY,M2,500,HPG,BONCAT,B,1.059342589
MOBY,M2,500,HPG,BONCAT,B,3.409359643
MOBY,M2,500,HPG,BONCAT,B,3.280455573
MOBY,M2,500,HPG,BONCAT,B,6.868256765
MOBY,M2,500,HPG,BONCAT,B,28.47848273
MOBY,M2,500,HPG,BONCAT,B,0.881003359
MOBY,M2,500,HPG,BONCAT,B,3.865934292
MOBY,M2,500,HPG,BONCAT,B,0.427542687
MOBY,M2,500,HPG,BONCAT,B,0.396471223
MOBY,M2,500,HPG,BONCAT,B,2.701529606
MOBY,M2,500,HPG,BONCAT,B,2.052982675
MOBY,M2,500,HPG,BONCAT,B,4.898926952
MOBY,M2,500,HPG,BONCAT,B,3.451842743
MOBY,M2,500,HPG,BONCAT,B,2.360854885
MOBY,M2,500,HPG,BONCAT,B,1.518723242
MOBY,M2,500,HPG,BONCAT,B,1.567786966
MOBY,M2,500,HPG,BONCAT,B,0.513538395
MOBY,M2,500,HPG,BONCAT,B,0.238248522
MOBY,M2,500,HPG,BONCAT,B,1.853033244
MOBY,M2,500,HPG,BONCAT,B,1.833611223
MOBY,M2,500,HPG,BONCAT,B,1.340580589
MOBY,M2,500,HPG,BONCAT,B,7.746700188
MOBY,M2,500,HPG,BONCAT,B,1.031285051
MOBY,M2,500,HPG,BONCAT,B,1.111419057
MOBY,M2,500,HPG,BONCAT,B,1.7927509
MOBY,M2,500,HPG,BONCAT,B,0.486722129
MOBY,M2,500,HPG,BONCAT,B,3.832845222
MOBY,M2,500,HPG,BONCAT,B,1.071644632
MOBY,M2,500,HPG,BONCAT,B,1.067674708
MOBY,M2,500,HPG,BONCAT,B,3.119041168
MOBY,M2,500,HPG,BONCAT,B,2.610711194
MOBY,M2,500,HPG,BONCAT,B,3.26673175
MOBY,M2,500,HPG,BONCAT,B,2.576229899
MOBY,M2,500,HPG,BONCAT,B,2.708524812
MOBY,M2,500,HPG,BONCAT,B,7.177787606
MOBY,M2,500,HPG,BONCAT,B,3.039119267
MOBY,M2,500,HPG,BONCAT,B,0.829248823
MOBY,M2,500,HPG,BONCAT,B,0.785467545
MOBY,M2,500,HPG,BONCAT,B,0.671275167
MOBY,M2,500,HPG,BONCAT,B,1.189060921
MOBY,M2,500,HPG,BONCAT,B,0.234047667
MOBY,M2,500,HPG,BONCAT,B,3.252857925
MOBY,M2,500,HPG,BONCAT,B,1.24560756
MOBY,M2,500,HPG,BONCAT,B,2.495947829
MOBY,M2,500,HPG,BONCAT,B,0.368911493
MOBY,M2,500,HPG,BONCAT,B,4.552379242
MOBY,M2,500,HPG,BONCAT,B,4.340069246
MOBY,M2,500,HPG,BONCAT,B,5.884412463
MOBY,M2,500,HPG,BONCAT,B,0.808810828
MOBY,M2,500,HPG,BONCAT,B,7.952660009
MOBY,M2,500,HPG,BONCAT,B,7.578342836
MOBY,M2,500,HPG,BONCAT,B,4.913154699
MOBY,M2,500,HPG,BONCAT,B,3.152317726
MOBY,M2,500,HPG,BONCAT,B,1.159531726
MOBY,M2,500,HPG,BONCAT,B,5.102561923
MOBY,M2,500,HPG,BONCAT,B,0.651113515
MOBY,M2,500,HPG,BONCAT,B,2.992773215
MOBY,M2,500,HPG,BONCAT,B,0.387418739
MOBY,M2,500,HPG,BONCAT,B,0.441601467
MOBY,M2,500,HPG,BONCAT,B,1.656631496
MOBY,M2,500,HPG,BONCAT,B,3.204148233
MOBY,M2,500,HPG,BONCAT,B,2.434425616
MOBY,M2,500,HPG,BONCAT,B,3.586251206
MOBY,M2,500,HPG,BONCAT,B,10.73750253
MOBY,M2,500,HPG,BONCAT,B,1.684367368
MOBY,M2,500,HPG,BONCAT,B,4.169505334
MOBY,M2,500,HPG,BONCAT,B,2.998037795
MOBY,M2,500,HPG,BONCAT,B,0.919489168
MOBY,M2,500,HPG,BONCAT,B,4.014456026
MOBY,M2,500,HPG,BONCAT,B,1.465906939
MOBY,M2,500,HPG,BONCAT,B,0.819536038
MOBY,M2,500,HPG,BONCAT,B,12.1466481
MOBY,M2,500,HPG,BONCAT,B,0.977907395
MOBY,M2,500,HPG,BONCAT,B,3.15092269
MOBY,M2,500,HPG,BONCAT,B,1.772633621
MOBY,M2,500,HPG,BONCAT,B,12.80879763
MOBY,M2,500,HPG,BONCAT,B,0.951939647
MOBY,M2,500,HPG,BONCAT,B,0.844445381
MOBY,M2,500,HPG,BONCAT,B,2.868719282
MOBY,M2,500,HPG,BONCAT,B,2.694387994
MOBY,M2,500,HPG,BONCAT,B,4.920489037
MOBY,M2,500,HPG,BONCAT,B,3.728789378
MOBY,M2,500,HPG,BONCAT,B,0.385567994
MOBY,M2,500,HPG,BONCAT,B,2.992332694
MOBY,M2,500,HPG,BONCAT,B,3.532252767
MOBY,M2,500,HPG,BONCAT,B,1.190892271
MOBY,M2,500,HPG,BONCAT,B,0.674867393
MOBY,M2,500,HPG,BONCAT,B,1.447383769
MOBY,M2,500,HPG,BONCAT,B,1.316271338
MOBY,M2,500,HPG,BONCAT,B,0.724901482
MOBY,M2,500,HPG,BONCAT,B,0.570993169
MOBY,M2,500,HPG,BONCAT,B,1.732865896
MOBY,M2,500,HPG,BONCAT,B,1.772356979
MOBY,M2,500,HPG,BONCAT,B,0.620376972
MOBY,M2,500,HPG,BONCAT,B,1.777838749
MOBY,M2,500,HPG,BONCAT,B,2.446816989
MOBY,M2,500,HPG,BONCAT,B,0.624767861
MOBY,M2,500,HPG,BONCAT,B,0.187838259
MOBY,M2,500,HPG,BONCAT,B,2.22250578
MOBY,M2,500,HPG,BONCAT,B,1.035205548
MOBY,M2,500,HPG,BONCAT,B,2.043530835
MOBY,M2,500,HPG,BONCAT,B,2.025218056
MOBY,M2,500,HPG,BONCAT,B,2.987513043
MOBY,M2,500,HPG,BONCAT,B,3.409658692
MOBY,M2,500,HPG,BONCAT,B,1.131749612
MOBY,M2,500,HPG,BONCAT,B,2.178846046
MOBY,M2,500,HPG,BONCAT,B,1.840222028
MOBY,M2,500,HPG,BONCAT,B,2.960641588
MOBY,M2,500,HPG,BONCAT,B,7.198314245
MOBY,M2,500,HPG,BONCAT,B,0.863800857
MOBY,M2,500,HPG,BONCAT,B,3.914761478
MOBY,M2,500,HPG,BONCAT,B,2.936711642
MOBY,M2,500,HPG,BONCAT,B,4.635197002
MOBY,M2,500,HPG,BONCAT,B,1.808683758
MOBY,M2,500,HPG,BONCAT,B,0.37322983
MOBY,M2,500,HPG,BONCAT,B,0.9142128
MOBY,M2,500,HPG,BONCAT,B,1.392960623
MOBY,M2,500,HPG,BONCAT,B,0.332657492
MOBY,M2,500,HPG,BONCAT,B,1.241201535
MOBY,M2,500,HPG,BONCAT,B,2.561476557
MOBY,M2,500,HPG,BONCAT,B,2.12397761
MOBY,M2,500,HPG,BONCAT,B,1.757051334
MOBY,M2,500,HPG,BONCAT,B,1.178313065
MOBY,M2,500,HPG,BONCAT,B,5.760560361
MOBY,M2,500,HPG,BONCAT,B,7.48160328
MOBY,M2,500,HPG,BONCAT,B,25.48069643
MOBY,M2,500,HPG,BONCAT,B,0.634228158
MOBY,M2,500,HPG,BONCAT,B,1.748299004
MOBY,M2,500,HPG,BONCAT,B,2.113741095
MOBY,M2,500,HPG,BONCAT,B,3.98304386
MOBY,M2,500,HPG,BONCAT,B,4.134533421
MOBY,M2,500,HPG,BONCAT,B,0.311904537
MOBY,M2,500,HPG,BONCAT,B,0.607306331
MOBY,M2,500,HPG,BONCAT,B,1.258369839
MOBY,M2,500,HPG,BONCAT,B,0.81160228
MOBY,M2,500,HPG,BONCAT,B,2.264445584
MOBY,M2,500,HPG,BONCAT,B,3.176060313
MOBY,M2,500,HPG,BONCAT,B,4.607052468
MOBY,M2,500,HPG,BONCAT,B,2.298041248
MOBY,M2,500,HPG,BONCAT,B,1.799808653
MOBY,M2,500,HPG,BONCAT,B,4.303618845
MOBY,M2,500,HPG,BONCAT,B,7.457166291
MOBY,M2,500,HPG,BONCAT,B,3.885131619
MOBY,M2,500,HPG,BONCAT,B,1.11097925
MOBY,M2,500,HPG,BONCAT,B,4.770684762
MOBY,M2,500,HPG,BONCAT,B,4.281810235
MOBY,M2,500,HPG,BONCAT,B,1.499997105
MOBY,M2,500,HPG,BONCAT,B,1.046310244
MOBY,M2,500,HPG,BONCAT,B,10.40908991
MOBY,M2,500,HPG,BONCAT,B,7.847757738
MOBY,M2,500,HPG,BONCAT,B,3.570465362
MOBY,M2,500,HPG,BONCAT,B,5.566445853
MOBY,M2,500,HPG,BONCAT,B,1.483925309
MOBY,M2,500,HPG,BONCAT,B,3.287306712
MOBY,M2,500,HPG,BONCAT,B,3.699313334
MOBY,M2,500,HPG,BONCAT,B,8.253340391
MOBY,M2,500,HPG,BONCAT,B,5.19503467
MOBY,M2,500,HPG,BONCAT,B,3.542484596
MOBY,M2,500,HPG,BONCAT,B,0.67899082
MOBY,M2,500,HPG,BONCAT,B,1.258048529
MOBY,M2,500,HPG,BONCAT,B,7.406921703
MOBY,M2,500,HPG,BONCAT,B,0.82123128
MOBY,M2,500,HPG,BONCAT,B,3.27655398
MOBY,M2,500,HPG,BONCAT,B,1.670989483
MOBY,M2,500,HPG,BONCAT,B,2.481642693
MOBY,M2,500,HPG,BONCAT,B,12.49513654
MOBY,M2,500,HPG,BONCAT,B,2.587020238
MOBY,M2,500,HPG,BONCAT,B,11.91968148
MOBY,M2,500,HPG,BONCAT,B,4.0274247
MOBY,M2,500,HPG,BONCAT,B,10.86053889
MOBY,M2,500,HPG,BONCAT,B,2.540515737
MOBY,M2,500,HPG,BONCAT,B,4.699460199
MOBY,M2,500,HPG,BONCAT,B,9.962844077
MOBY,M2,500,HPG,BONCAT,B,1.67358745
MOBY,M2,500,HPG,BONCAT,B,6.922359031
MOBY,M2,500,HPG,BONCAT,B,10.00212269
MOBY,M2,500,HPG,BONCAT,B,1.232102761
MOBY,M2,500,HPG,BONCAT,B,0.649732338
MOBY,M2,500,HPG,BONCAT,B,11.99613653
MOBY,M2,500,HPG,BONCAT,B,1.129913726
MOBY,M2,500,HPG,BONCAT,B,7.617733932
MOBY,M2,500,HPG,BONCAT,B,0.58288482
MOBY,M2,500,HPG,BONCAT,B,4.411146036
MOBY,M2,500,HPG,BONCAT,B,1.09784016
MOBY,M2,500,HPG,BONCAT,B,7.583538938
MOBY,M2,500,HPG,BONCAT,B,2.509044959
MOBY,M2,500,HPG,BONCAT,B,3.188104327
MOBY,M2,500,HPG,BONCAT,B,2.665289959
MOBY,M2,500,HPG,BONCAT,B,5.99379682
MOBY,M2,500,HPG,BONCAT,B,0.792890172
MOBY,M2,500,HPG,BONCAT,B,0.383731968
MOBY,M2,500,HPG,BONCAT,B,0.398467276
MOBY,M2,500,HPG,BONCAT,B,7.916521699
MOBY,M2,500,HPG,BONCAT,B,13.99935006
MOBY,M2,500,HPG,BONCAT,B,5.804229738
MOBY,M2,500,HPG,BONCAT,B,6.761812103
MOBY,M2,500,HPG,BONCAT,B,5.665666144
MOBY,M2,500,HPG,BONCAT,B,0.28174005
MOBY,M2,500,HPG,BONCAT,B,0.673472525
MOBY,M2,500,HPG,BONCAT,B,5.402863743
MOBY,M2,500,HPG,BONCAT,B,5.668585835
MOBY,M2,500,HPG,BONCAT,B,0.591420367
MOBY,M2,500,HPG,BONCAT,B,1.314325654
MOBY,M2,500,HPG,BONCAT,B,1.064916801
MOBY,M2,500,HPG,BONCAT,B,1.274052239
MOBY,M2,500,HPG,BONCAT,B,9.325413898
MOBY,M2,500,HPG,BONCAT,B,7.639573048
MOBY,M2,500,HPG,BONCAT,B,13.86818494
MOBY,M2,500,HPG,BONCAT,B,1.154457297
MOBY,M2,500,HPG,BONCAT,B,1.389788955
MOBY,M2,500,HPG,BONCAT,B,0.807194333
MOBY,M2,500,HPG,BONCAT,B,10.70945054
MOBY,M2,500,HPG,BONCAT,B,2.647600665
MOBY,M2,500,HPG,BONCAT,B,4.490628318
MOBY,M2,500,HPG,BONCAT,B,4.116237888
MOBY,M2,500,HPG,BONCAT,B,10.33377542
MOBY,M2,500,HPG,BONCAT,B,3.097304156
MOBY,M2,500,HPG,BONCAT,B,8.229597448
MOBY,M2,500,HPG,BONCAT,B,0.893574606
MOBY,M2,500,HPG,BONCAT,B,4.728592096
MOBY,M2,500,HPG,BONCAT,B,1.885282511
MOBY,M2,500,HPG,BONCAT,B,3.718705303
MOBY,M2,500,HPG,BONCAT,B,6.9810337
MOBY,M2,500,HPG,BONCAT,B,12.09460648
MOBY,M2,500,HPG,BONCAT,B,2.803173758
MOBY,M2,500,HPG,BONCAT,B,0.248450593
MOBY,M2,500,HPG,BONCAT,B,7.496320556
MOBY,M2,500,HPG,BONCAT,B,0.861481558
MOBY,M2,500,HPG,BONCAT,B,2.125189282
MOBY,M2,500,HPG,BONCAT,B,1.335069703
MOBY,M2,500,HPG,BONCAT,B,18.6443948
MOBY,M2,500,HPG,BONCAT,B,11.97106421
MOBY,M2,500,HPG,BONCAT,B,4.638680965
MOBY,M2,500,HPG,BONCAT,B,1.937725261
MOBY,M2,500,HPG,BONCAT,B,3.240538723
MOBY,M2,500,HPG,BONCAT,B,1.317788425
MOBY,M2,500,HPG,BONCAT,B,2.059146134
MOBY,M2,500,HPG,BONCAT,B,4.350153625
MOBY,M2,500,HPG,BONCAT,B,4.589685163
MOBY,M2,500,HPG,BONCAT,B,1.340150806
MOBY,M2,500,HPG,BONCAT,B,1.672299455
MOBY,M2,500,HPG,BONCAT,B,1.901861613
MOBY,M2,500,HPG,BONCAT,B,1.8611666
MOBY,M2,500,HPG,BONCAT,B,1.187172358
MOBY,M2,500,HPG,BONCAT,B,4.539798973
MOBY,M2,500,HPG,BONCAT,B,3.785049636
MOBY,M2,500,HPG,BONCAT,B,2.275021004
MOBY,M2,500,HPG,BONCAT,B,0.446188261
MOBY,M2,500,HPG,BONCAT,B,3.892458686
MOBY,M2,500,HPG,BONCAT,B,6.902461874
MOBY,M2,500,HPG,BONCAT,B,5.611890511
MOBY,M2,500,HPG,BONCAT,B,1.754977672
MOBY,M2,500,HPG,BONCAT,B,9.865665078
MOBY,M2,500,HPG,BONCAT,B,1.316842467
MOBY,M2,500,HPG,BONCAT,B,10.95671133
MOBY,M2,500,HPG,BONCAT,B,2.401776967
MOBY,M2,500,HPG,BONCAT,B,4.981632905
MOBY,M2,500,HPG,BONCAT,B,1.25235119
MOBY,M2,500,HPG,BONCAT,B,3.337574957
MOBY,M2,500,HPG,BONCAT,B,2.241456365
MOBY,M2,500,HPG,BONCAT,B,8.547144974
MOBY,M2,500,HPG,BONCAT,B,0.474258065
MOBY,M2,500,HPG,BONCAT,B,3.475020121
MOBY,M2,500,HPG,BONCAT,B,3.055750162
MOBY,M2,500,HPG,BONCAT,B,1.752422001
MOBY,M2,500,HPG,BONCAT,B,2.250351298
MOBY,M2,500,HPG,BONCAT,B,0.865802726
MOBY,M2,500,HPG,BONCAT,B,2.835367419
MOBY,M2,500,HPG,BONCAT,B,9.046821031
MOBY,M2,500,HPG,BONCAT,B,8.892150615
MOBY,M2,500,HPG,BONCAT,B,3.412682215
MOBY,M2,500,HPG,BONCAT,B,7.969194607
MOBY,M2,500,HPG,BONCAT,B,3.447892323
MOBY,M2,500,HPG,BONCAT,B,5.912352545
MOBY,M2,500,HPG,BONCAT,B,3.829869284
MOBY,M2,500,HPG,BONCAT,B,10.24960735
MOBY,M2,500,HPG,BONCAT,B,0.8969075
MOBY,M2,500,HPG,BONCAT,B,7.29624316
MOBY,M2,500,HPG,BONCAT,B,0.339916761
MOBY,M2,500,HPG,BONCAT,B,1.589773269
MOBY,M2,500,HPG,BONCAT,B,13.16268062
MOBY,M2,500,HPG,BONCAT,B,4.850226243
MOBY,M2,500,HPG,BONCAT,B,0.704329929
MOBY,M2,500,HPG,BONCAT,B,0.999683856
MOBY,M2,500,HPG,BONCAT,B,3.770284809
MOBY,M2,500,HPG,BONCAT,B,0.679598483
MOBY,M2,500,HPG,BONCAT,B,1.798273819
MOBY,M2,500,HPG,BONCAT,B,4.969581492
MOBY,M2,500,HPG,BONCAT,B,2.145473709
MOBY,M2,500,HPG,BONCAT,B,7.279313778
MOBY,M2,500,HPG,BONCAT,B,1.990408897
MOBY,M2,500,HPG,BONCAT,B,1.824673315
MOBY,M2,500,HPG,BONCAT,B,1.388774946
MOBY,M2,500,HPG,BONCAT,B,7.195916914
MOBY,M2,500,HPG,BONCAT,B,4.024877456
MOBY,M2,500,HPG,BONCAT,B,0.848068654
MOBY,M2,500,HPG,BONCAT,B,1.301639032
MOBY,M2,500,HPG,BONCAT,B,3.409869529
MOBY,M2,500,HPG,BONCAT,B,1.001626942
MOBY,M2,500,HPG,BONCAT,B,4.495905758
MOBY,M2,500,HPG,BONCAT,B,7.860371162
MOBY,M2,500,HPG,BONCAT,B,0.478620492
MOBY,M2,500,HPG,BONCAT,B,0.632731328
MOBY,M2,500,HPG,BONCAT,B,4.089294249
MOBY,M2,500,HPG,BONCAT,B,6.636573524
MOBY,M2,500,HPG,BONCAT,B,0.767802454
MOBY,M2,500,HPG,BONCAT,B,2.192536834
MOBY,M2,500,HPG,BONCAT,B,3.294037261
MOBY,M2,500,HPG,BONCAT,B,0.882270078
MOBY,M2,500,HPG,BONCAT,B,8.135294032
MOBY,M2,500,HPG,BONCAT,B,20.20470989
MOBY,M2,500,HPG,BONCAT,B,2.276299357
MOBY,M2,500,HPG,BONCAT,B,0.351021094
MOBY,M2,500,HPG,BONCAT,B,3.383380921
MOBY,M2,500,HPG,BONCAT,B,2.635951254
MOBY,M2,500,HPG,BONCAT,B,1.685243001
MOBY,M2,500,HPG,BONCAT,B,2.72308484
MOBY,M2,500,HPG,BONCAT,B,2.47540472
MOBY,M2,500,HPG,BONCAT,B,6.001932875
MOBY,M2,500,HPG,BONCAT,B,2.800133608
MOBY,M2,500,HPG,BONCAT,B,1.874992322
MOBY,M2,500,HPG,BONCAT,B,5.705156833
MOBY,M2,500,HPG,BONCAT,B,1.065736275
MOBY,M2,500,HPG,BONCAT,B,0.26155171
MOBY,M2,500,HPG,BONCAT,B,0.763386215
MOBY,M2,500,HPG,BONCAT,B,0.833521713
MOBY,M2,500,HPG,BONCAT,B,2.208106011
MOBY,M2,500,HPG,BONCAT,B,9.00499415
MOBY,M2,500,HPG,BONCAT,B,6.239735211
MOBY,M2,500,HPG,BONCAT,B,3.972479258
MOBY,M2,500,HPG,BONCAT,B,1.431473136
MOBY,M2,500,HPG,BONCAT,B,5.753906918
MOBY,M2,500,HPG,BONCAT,B,6.794632771
MOBY,M2,500,HPG,BONCAT,B,0.549706143
MOBY,M2,500,HPG,BONCAT,B,0.780420395
MOBY,M2,500,HPG,BONCAT,B,6.625758196
MOBY,M2,500,HPG,BONCAT,B,1.975163729
MOBY,M2,500,HPG,BONCAT,B,1.22007926
MOBY,M2,500,HPG,BONCAT,B,0.593146346
MOBY,M2,500,HPG,BONCAT,B,4.736526671
MOBY,M2,500,HPG,BONCAT,B,4.23932537
MOBY,M2,500,HPG,BONCAT,B,4.716935143
MOBY,M2,500,HPG,BONCAT,B,7.62650409
MOBY,M2,500,HPG,BONCAT,B,1.92148734
MOBY,M2,500,HPG,BONCAT,B,11.05955379
MOBY,M2,500,HPG,BONCAT,B,3.945686236
MOBY,M2,500,HPG,BONCAT,B,0.905567052
MOBY,M2,500,HPG,BONCAT,B,1.007295757
MOBY,M2,500,HPG,BONCAT,B,7.933597982
MOBY,M2,500,HPG,BONCAT,B,1.237117192
MOBY,M2,500,HPG,BONCAT,B,1.852113221
MOBY,M2,500,HPG,BONCAT,B,4.499346967
MOBY,M2,500,HPG,BONCAT,B,0.37446366
MOBY,M2,500,HPG,BONCAT,B,1.02702552
MOBY,M2,500,HPG,BONCAT,B,1.229749878
MOBY,M2,500,HPG,BONCAT,B,1.24869799
MOBY,M2,500,HPG,BONCAT,B,4.04995282
MOBY,M2,500,HPG,BONCAT,B,1.793303519
MOBY,M2,500,HPG,BONCAT,B,9.064870814
MOBY,M2,500,HPG,BONCAT,B,3.71810639
MOBY,M2,500,HPG,BONCAT,B,2.575321192
MOBY,M2,500,HPG,BONCAT,B,5.77853162
MOBY,M2,500,HPG,BONCAT,B,1.187081352
MOBY,M2,500,HPG,BONCAT,B,0.503548706
MOBY,M2,500,HPG,BONCAT,B,2.976309841
MOBY,M2,500,HPG,BONCAT,B,5.624375098
MOBY,M2,500,HPG,BONCAT,B,2.888249542
MOBY,M2,500,HPG,BONCAT,B,1.544215854
MOBY,M2,500,HPG,BONCAT,B,2.814639003
MOBY,M2,500,HPG,BONCAT,B,7.23554497
MOBY,M2,500,HPG,BONCAT,B,1.069950421
MOBY,M2,500,HPG,BONCAT,B,1.193495285
MOBY,M2,500,HPG,BONCAT,B,0.695459355
MOBY,M2,500,HPG,BONCAT,B,0.278104695
MOBY,M2,500,HPG,BONCAT,B,0.932547643
MOBY,M2,500,HPG,BONCAT,B,9.710856163
MOBY,M2,500,HPG,BONCAT,B,2.3459249
MOBY,M2,500,HPG,BONCAT,B,1.490472707
MOBY,M2,500,HPG,BONCAT,B,3.502306615
MOBY,M2,500,HPG,BONCAT,B,1.000859986
MOBY,M2,500,HPG,BONCAT,B,1.421836849
MOBY,M2,500,HPG,BONCAT,B,1.622913574
MOBY,M2,500,HPG,BONCAT,B,1.516525361
MOBY,M2,500,HPG,BONCAT,B,2.625368294
MOBY,M2,500,HPG,BONCAT,B,0.372233449
MOBY,M2,500,HPG,BONCAT,B,0.529671295
MOBY,M2,500,HPG,BONCAT,B,1.018842137
MOBY,M2,500,HPG,BONCAT,B,1.068944891
MOBY,M2,500,HPG,BONCAT,B,13.83406873
MOBY,M2,500,HPG,BONCAT,B,1.333453321
MOBY,M2,500,HPG,BONCAT,B,2.405574456
MOBY,M2,500,HPG,BONCAT,B,2.16215441
MOBY,M2,500,HPG,BONCAT,B,2.079277925
MOBY,M2,500,HPG,BONCAT,B,4.113211334
MOBY,M2,500,HPG,BONCAT,B,8.887402033
MOBY,M2,500,HPG,BONCAT,B,4.313683739
MOBY,M2,500,HPG,BONCAT,B,0.416923303
MOBY,M2,500,HPG,BONCAT,B,2.302837184
MOBY,M2,500,HPG,BONCAT,B,3.733513964
MOBY,M2,500,HPG,BONCAT,B,0.977484495
MOBY,M2,500,HPG,BONCAT,B,6.339108574
MOBY,M2,500,HPG,BONCAT,B,1.422719365
MOBY,M2,500,HPG,BONCAT,B,0.744181504
MOBY,M2,500,HPG,BONCAT,B,1.351205663
MOBY,M2,500,HPG,BONCAT,B,1.980312158
MOBY,M2,500,HPG,BONCAT,B,9.369929553
MOBY,M2,500,HPG,BONCAT,B,5.693578048
MOBY,M2,500,HPG,BONCAT,B,11.35899175
MOBY,M2,500,HPG,BONCAT,B,0.52277307
MOBY,M2,500,HPG,BONCAT,B,1.336580761
MOBY,M2,500,HPG,BONCAT,B,0.615433745
MOBY,M2,500,HPG,BONCAT,B,1.16994828
MOBY,M2,500,HPG,BONCAT,B,10.52734321
MOBY,M2,500,HPG,BONCAT,B,7.977308333
MOBY,M2,500,HPG,BONCAT,B,0.553252634
MOBY,M2,500,HPG,BONCAT,B,0.946401233
MOBY,M2,500,HPG,BONCAT,B,2.029156823
MOBY,M2,500,HPG,BONCAT,B,4.491999542
MOBY,M2,500,HPG,BONCAT,B,1.873775318
MOBY,M2,500,HPG,BONCAT,B,1.190953293
MOBY,M2,500,HPG,BONCAT,B,0.227061593
MOBY,M2,500,HPG,BONCAT,B,9.650221504
MOBY,M2,500,HPG,BONCAT,B,0.202368122
MOBY,M2,500,HPG,BONCAT,B,1.47791996
MOBY,M2,500,HPG,BONCAT,B,1.046055911
MOBY,M2,500,HPG,BONCAT,B,7.372967095
MOBY,M2,500,HPG,BONCAT,B,4.573169791
MOBY,M2,500,HPG,BONCAT,B,2.00649762
MOBY,M2,500,HPG,BONCAT,B,0.596227664
MOBY,M2,500,HPG,BONCAT,B,2.387531835
MOBY,M2,500,HPG,BONCAT,B,1.044809562
MOBY,M2,500,HPG,BONCAT,B,0.92592132
MOBY,M2,500,HPG,BONCAT,B,2.438206712
MOBY,M2,500,HPG,BONCAT,B,7.204572614
MOBY,M2,500,HPG,BONCAT,B,16.43688661
MOBY,M2,500,HPG,BONCAT,B,2.047037208
MOBY,M2,500,HPG,BONCAT,B,0.771432129
MOBY,M2,500,HPG,BONCAT,B,2.289350616
MOBY,M2,500,HPG,BONCAT,B,0.845565006
MOBY,M2,500,HPG,BONCAT,B,3.993754619
MOBY,M2,500,HPG,BONCAT,B,3.686746069
MOBY,M2,500,HPG,BONCAT,B,7.064259719
MOBY,M2,500,HPG,BONCAT,B,1.651240719
MOBY,M2,500,HPG,BONCAT,B,0.302902201
MOBY,M2,500,HPG,BONCAT,B,1.464984522
MOBY,M2,500,HPG,BONCAT,B,1.311175976
MOBY,M2,500,HPG,BONCAT,B,2.044090107
MOBY,M2,500,HPG,BONCAT,B,4.698979718
MOBY,M2,500,HPG,BONCAT,B,5.451835503
MOBY,M2,500,HPG,BONCAT,B,7.273204442
MOBY,M2,500,HPG,BONCAT,B,0.549494655
MOBY,M2,500,HPG,BONCAT,B,0.807181126
MOBY,M2,500,HPG,BONCAT,B,0.875303122
MOBY,M2,500,HPG,BONCAT,B,0.984659953
MOBY,M2,500,HPG,BONCAT,B,1.011881004
MOBY,M2,500,HPG,BONCAT,B,1.20811198
MOBY,M2,500,HPG,BONCAT,B,5.087267191
MOBY,M2,500,HPG,BONCAT,B,0.472697196
MOBY,M2,500,HPG,BONCAT,B,4.655237893
MOBY,M2,500,HPG,BONCAT,B,0.183637404
MOBY,M2,500,HPG,BONCAT,B,2.361455934
MOBY,M2,500,HPG,BONCAT,B,8.068538209
MOBY,M2,500,HPG,BONCAT,B,2.223726756
MOBY,M2,500,HPG,BONCAT,B,1.297821909
MOBY,M2,500,HPG,BONCAT,B,1.376474376
MOBY,M2,500,HPG,BONCAT,B,0.991345591
MOBY,M2,500,HPG,BONCAT,B,0.913387778
MOBY,M2,500,HPG,BONCAT,B,1.813600055
MOBY,M2,500,HPG,BONCAT,B,2.023075329
MOBY,M2,500,HPG,BONCAT,B,2.418912233
MOBY,M2,500,HPG,BONCAT,B,4.44648851
MOBY,M2,500,HPG,BONCAT,B,1.339810265
MOBY,M2,500,HPG,BONCAT,B,0.263684451
MOBY,M2,500,HPG,BONCAT,B,1.107700896
MOBY,M2,500,HPG,BONCAT,B,9.633312512
MOBY,M2,500,HPG,BONCAT,B,1.173743504
MOBY,M2,500,HPG,BONCAT,B,1.03209476
MOBY,M2,500,HPG,BONCAT,B,16.92857203
MOBY,M2,500,HPG,BONCAT,B,0.960786758
MOBY,M2,500,HPG,BONCAT,B,0.770236129
MOBY,M2,500,HPG,BONCAT,B,2.090057174
MOBY,M2,500,HPG,BONCAT,B,0.442474734
MOBY,M2,500,HPG,BONCAT,B,5.156071674
MOBY,M2,500,HPG,BONCAT,B,0.979965329
MOBY,M2,500,HPG,BONCAT,B,0.744459303
MOBY,M2,500,HPG,BONCAT,B,0.863633954
MOBY,M2,500,HPG,BONCAT,B,2.484178358
MOBY,M2,500,HPG,BONCAT,B,0.746547752
MOBY,M2,500,HPG,BONCAT,B,2.787913731
MOBY,M2,500,HPG,BONCAT,B,0.405059387
MOBY,M2,500,HPG,BONCAT,B,0.453692365
MOBY,M2,500,HPG,BONCAT,B,1.378007802
MOBY,M2,500,HPG,BONCAT,B,2.167350471
MOBY,M2,500,HPG,BONCAT,B,0.582195499
MOBY,M2,500,HPG,BONCAT,B,0.472339625
MOBY,M2,500,HPG,BONCAT,B,2.660046161
MOBY,M2,500,HPG,BONCAT,B,7.300006125
MOBY,M2,500,HPG,BONCAT,B,10.07551625
MOBY,M2,500,HPG,BONCAT,B,2.04924022
MOBY,M2,500,HPG,BONCAT,B,3.225985377
MOBY,M2,500,HPG,BONCAT,B,2.104167992
MOBY,M2,500,HPG,BONCAT,B,1.161400347
MOBY,M2,500,HPG,BONCAT,B,2.018587749
MOBY,M2,500,HPG,BONCAT,B,2.593020423
MOBY,M2,500,HPG,BONCAT,B,4.909193971
MOBY,M2,500,HPG,BONCAT,B,1.583076136
MOBY,M2,500,HPG,BONCAT,B,2.145667595
MOBY,M2,500,HPG,BONCAT,B,1.046310244
MOBY,M2,500,HPG,BONCAT,B,1.783110739
MOBY,M2,500,HPG,BONCAT,B,5.059364625
MOBY,M2,500,HPG,BONCAT,B,1.174329966
MOBY,M2,500,HPG,BONCAT,B,1.142007109
MOBY,M2,500,HPG,BONCAT,B,1.501500453
MOBY,M2,500,HPG,BONCAT,B,0.270761277
MOBY,M2,500,HPG,BONCAT,B,5.585030663
MOBY,M2,500,HPG,BONCAT,B,5.262422722
MOBY,M2,500,HPG,BONCAT,B,1.417470426
MOBY,M2,500,HPG,BONCAT,B,1.26154914
MOBY,M2,500,HPG,BONCAT,B,2.91188588
MOBY,M2,500,HPG,BONCAT,B,5.334282681
MOBY,M2,500,HPG,BONCAT,B,2.346823932
MOBY,M2,500,HPG,BONCAT,B,6.239552571
MOBY,M2,500,HPG,BONCAT,B,0.640992003
MOBY,M2,500,HPG,BONCAT,B,4.079921172
MOBY,M2,500,HPG,BONCAT,B,1.15332569
MOBY,M2,500,HPG,BONCAT,B,5.497989751
MOBY,M2,500,HPG,BONCAT,B,0.35798829
MOBY,M2,500,HPG,BONCAT,B,2.145084732
MOBY,M2,500,HPG,BONCAT,B,3.448137912
MOBY,M2,500,HPG,BONCAT,B,7.221556704
MOBY,M2,500,HPG,BONCAT,B,9.219161182
MOBY,M2,500,HPG,BONCAT,B,3.012441041
MOBY,M2,500,HPG,BONCAT,B,1.318457147
MOBY,M2,500,HPG,BONCAT,B,4.783620036
MOBY,M2,500,HPG,BONCAT,B,0.520906049
MOBY,M2,500,HPG,BONCAT,B,2.594480505
MOBY,M2,500,HPG,BONCAT,B,7.954496623
MOBY,M2,500,HPG,BONCAT,B,0.373299038
MOBY,M2,500,HPG,BONCAT,B,4.338889743
MOBY,M2,500,HPG,BONCAT,B,4.41922517
MOBY,M2,500,HPG,BONCAT,B,1.835956305
MOBY,M2,500,HPG,BONCAT,B,3.458591252
MOBY,M2,500,HPG,BONCAT,B,1.160344356
MOBY,M2,500,HPG,BONCAT,B,0.825915405
MOBY,M2,500,HPG,BONCAT,B,13.17746242
MOBY,M2,500,HPG,BONCAT,B,2.14631388
MOBY,M2,500,HPG,BONCAT,B,3.735272303
MOBY,M2,500,HPG,BONCAT,B,8.24449801
MOBY,M2,500,HPG,BONCAT,B,0.361253353
MOBY,M2,500,HPG,BONCAT,B,0.688368531
MOBY,M2,500,HPG,BONCAT,B,1.766556567
MOBY,M2,500,HPG,BONCAT,B,0.512294295
MOBY,M2,500,HPG,BONCAT,B,2.936087195
MOBY,M2,500,HPG,BONCAT,B,1.776818042
MOBY,M2,500,HPG,BONCAT,B,1.69835522
MOBY,M2,500,HPG,BONCAT,B,2.010849386
MOBY,M2,500,HPG,BONCAT,B,2.949582029
MOBY,M2,500,HPG,BONCAT,B,4.470275465
MOBY,M2,500,HPG,BONCAT,B,5.713656908
MOBY,M2,500,HPG,BONCAT,B,1.323557651
MOBY,M2,500,HPG,BONCAT,B,3.089623277
MOBY,M2,500,HPG,BONCAT,B,0.818820571
MOBY,M2,500,HPG,BONCAT,B,4.527924771
MOBY,M2,500,HPG,BONCAT,B,0.33715328
MOBY,M2,500,HPG,BONCAT,B,2.064566456
MOBY,M2,500,HPG,BONCAT,B,3.19774559
MOBY,M2,500,HPG,BONCAT,B,3.659785077
MOBY,M2,500,HPG,BONCAT,B,3.058056193
MOBY,M2,500,HPG,BONCAT,B,0.994202328
MOBY,M2,500,HPG,BONCAT,B,0.861983179
MOBY,M2,500,HPG,BONCAT,B,10.13905719
MOBY,M2,500,HPG,BONCAT,B,5.262662235
MOBY,M2,500,HPG,BONCAT,B,1.246288535
MOBY,M2,500,HPG,BONCAT,B,10.48041607
MOBY,M2,500,HPG,BONCAT,B,13.18710823
MOBY,M2,500,HPG,BONCAT,B,3.379576885
MOBY,M2,500,HPG,BONCAT,B,0.505179808
MOBY,M2,500,HPG,BONCAT,B,0.285235566
MOBY,M2,500,HPG,BONCAT,B,0.677694891
MOBY,M2,500,HPG,BONCAT,B,4.538105899
MOBY,M2,500,HPG,BONCAT,B,10.71173762
MOBY,M2,500,HPG,BONCAT,B,0.559606166
MOBY,M2,500,HPG,BONCAT,B,0.171034838
MOBY,M2,500,HPG,BONCAT,B,2.075422461
MOBY,M2,500,HPG,BONCAT,B,3.995052101
MOBY,M2,500,HPG,BONCAT,B,1.99503462
MOBY,M2,500,HPG,BONCAT,B,1.431484252
MOBY,M2,500,HPG,BONCAT,B,4.542434993
MOBY,M2,500,HPG,BONCAT,B,1.621199302
MOBY,M2,500,HPG,BONCAT,B,1.168027125
MOBY,M2,500,HPG,BONCAT,B,0.911189545
MOBY,M2,500,HPG,BONCAT,B,9.397873512
MOBY,M2,500,HPG,BONCAT,B,3.355253416
MOBY,M2,500,HPG,BONCAT,B,0.423862253
MOBY,M2,500,HPG,BONCAT,B,1.394556651
MOBY,M2,500,HPG,BONCAT,B,1.119569801
MOBY,M2,500,HPG,BONCAT,B,4.296628428
MOBY,M2,500,HPG,BONCAT,B,2.991037244
MOBY,M2,500,HPG,BONCAT,B,1.299799058
MOBY,M2,500,HPG,BONCAT,B,6.736742691
MOBY,M2,500,HPG,BONCAT,B,5.022811691
MOBY,M2,500,HPG,BONCAT,B,5.341896246
MOBY,M2,500,HPG,BONCAT,B,0.280076618
MOBY,M2,500,HPG,BONCAT,B,0.301392701
MOBY,M2,500,HPG,BONCAT,B,5.434771436
MOBY,M2,500,HPG,BONCAT,B,1.76634414
MOBY,M2,500,HPG,BONCAT,B,0.574702298
MOBY,M2,500,HPG,BONCAT,B,7.072414743
MOBY,M2,500,HPG,BONCAT,B,5.516248025
MOBY,M2,500,HPG,BONCAT,B,1.832857563
MOBY,M2,500,HPG,BONCAT,B,0.440461416
MOBY,M2,500,HPG,BONCAT,B,4.726815716
MOBY,M2,500,HPG,BONCAT,B,13.01116624
MOBY,M2,500,HPG,BONCAT,B,0.471142071
MOBY,M2,500,HPG,BONCAT,B,1.140047481
MOBY,M2,500,HPG,BONCAT,B,0.732636358
MOBY,M2,500,HPG,BONCAT,B,0.611854564
MOBY,M2,500,HPG,BONCAT,B,0.428870965
MOBY,M2,500,HPG,BONCAT,B,13.62700001
MOBY,M2,500,HPG,BONCAT,B,7.049511712
MOBY,M2,500,HPG,BONCAT,B,1.344903337
MOBY,M2,500,HPG,BONCAT,B,2.950253406
MOBY,M2,500,HPG,BONCAT,B,0.916556935
MOBY,M2,500,HPG,BONCAT,B,3.932756811
MOBY,M2,500,HPG,BONCAT,B,1.997049945
MOBY,M2,500,HPG,BONCAT,B,1.716926998
MOBY,M2,500,HPG,BONCAT,B,2.771375352
MOBY,M2,500,HPG,BONCAT,B,2.82493645
MOBY,M2,500,HPG,BONCAT,B,2.470994749
MOBY,M2,500,HPG,BONCAT,B,1.818889529
MOBY,M2,500,HPG,BONCAT,B,1.336485934
MOBY,M2,500,HPG,BONCAT,B,1.826560546
MOBY,M2,500,HPG,BONCAT,B,0.566128126
MOBY,M2,500,HPG,BONCAT,B,5.313340668
MOBY,M2,500,HPG,BONCAT,B,2.156141106
MOBY,M2,500,HPG,BONCAT,B,8.238111515
MOBY,M2,500,HPG,BONCAT,B,14.64193856
MOBY,M2,500,HPG,BONCAT,B,4.38704783
MOBY,M2,500,HPG,BONCAT,B,1.427572632
MOBY,M2,500,HPG,BONCAT,B,4.987528515
MOBY,M2,500,HPG,BONCAT,B,10.35146649
MOBY,M2,500,HPG,BONCAT,B,3.473514137
MOBY,M2,500,HPG,BONCAT,B,0.390125615
MOBY,M2,500,HPG,BONCAT,B,1.491311495
MOBY,M2,500,HPG,BONCAT,B,4.052759518
MOBY,M2,500,HPG,BONCAT,B,1.290609597
MOBY,M2,500,HPG,BONCAT,B,1.312449045
MOBY,M2,500,HPG,BONCAT,B,0.307200978
MOBY,M2,500,HPG,BONCAT,B,4.539395691
MOBY,M2,500,HPG,BONCAT,B,0.720020686
MOBY,M2,500,HPG,BONCAT,B,0.880432279
MOBY,M2,500,HPG,BONCAT,B,0.660054046
MOBY,M2,500,HPG,BONCAT,B,1.765956191
MOBY,M2,500,HPG,BONCAT,B,2.674734641
MOBY,M2,500,HPG,BONCAT,B,0.364849631
MOBY,M2,500,HPG,BONCAT,B,5.45096053
MOBY,M2,500,HPG,BONCAT,B,0.666334881
MOBY,M2,500,HPG,BONCAT,B,1.555182994
MOBY,M2,500,HPG,BONCAT,B,0.956189377
MOBY,M2,500,HPG,BONCAT,B,0.995268353
MOBY,M2,500,HPG,BONCAT,B,3.006854783
MOBY,M2,500,HPG,BONCAT,B,1.333752761
MOBY,M2,500,HPG,BONCAT,B,5.65209415
MOBY,M2,500,HPG,BONCAT,B,8.506741633
MOBY,M2,500,HPG,BONCAT,B,0.37780766
MOBY,M2,500,HPG,BONCAT,B,3.071614605
MOBY,M2,500,HPG,BONCAT,B,1.232387617
MOBY,M2,500,HPG,BONCAT,B,1.593723223
MOBY,M2,500,HPG,BONCAT,B,1.539100101
MOBY,M2,500,HPG,BONCAT,B,0.210850618
MOBY,M2,500,HPG,BONCAT,B,8.833263349
MOBY,M2,500,HPG,BONCAT,B,7.355767824
MOBY,M2,500,HPG,BONCAT,B,5.641655736
MOBY,M2,500,HPG,BONCAT,B,0.210581314
MOBY,M2,500,HPG,BONCAT,B,3.106868579
MOBY,M2,500,HPG,BONCAT,B,2.1667797
MOBY,M2,500,HPG,BONCAT,B,2.056501205
MOBY,M2,500,HPG,BONCAT,B,2.9371844
MOBY,M2,500,HPG,BONCAT,B,0.726438837
MOBY,M2,500,HPG,BONCAT,B,1.664169595
MOBY,M2,500,HPG,BONCAT,B,7.070392613
MOBY,M2,500,HPG,BONCAT,B,1.020616285
MOBY,M2,500,HPG,BONCAT,B,9.033907538
MOBY,M2,500,HPG,BONCAT,B,0.483550751
MOBY,M2,500,HPG,BONCAT,B,6.410510252
MOBY,M2,500,HPG,BONCAT,B,1.250709285
MOBY,M2,500,HPG,BONCAT,B,0.985453989
MOBY,M2,500,HPG,BONCAT,B,19.28184101
MOBY,M2,500,HPG,BONCAT,B,2.590594714
MOBY,M2,500,HPG,BONCAT,B,2.989156111
MOBY,M2,500,HPG,BONCAT,B,8.292664306
MOBY,M2,500,HPG,BONCAT,B,5.826635225
MOBY,M2,500,HPG,BONCAT,B,0.236217321
MOBY,M2,500,HPG,BONCAT,B,1.450453531
MOBY,M2,500,HPG,BONCAT,B,3.03063404
MOBY,M2,500,HPG,BONCAT,B,2.595963261
MOBY,M2,500,HPG,BONCAT,B,1.37001466
MOBY,M2,500,HPG,BONCAT,B,1.734646225
MOBY,M2,500,HPG,BONCAT,B,2.763535877
MOBY,M2,500,HPG,BONCAT,B,7.352022342
MOBY,M2,500,HPG,BONCAT,B,3.021564976
MOBY,M2,500,HPG,BONCAT,B,1.326832046
MOBY,M2,500,HPG,BONCAT,B,0.678018034
MOBY,M2,500,HPG,BONCAT,B,1.686932426
MOBY,M2,500,HPG,BONCAT,B,1.742304707
MOBY,M2,500,HPG,BONCAT,B,1.091908482
MOBY,M2,500,HPG,BONCAT,B,1.362711893
MOBY,M2,500,HPG,BONCAT,B,0.167226352
MOBY,M2,500,HPG,BONCAT,B,1.327250952
MOBY,M2,500,HPG,BONCAT,B,4.518928736
MOBY,M2,500,HPG,BONCAT,B,1.694560371
MOBY,M2,500,HPG,BONCAT,B,1.851156864
MOBY,M2,500,HPG,BONCAT,B,2.971338458
MOBY,M2,500,HPG,BONCAT,B,0.78979956
MOBY,M2,500,HPG,BONCAT,B,2.418392774
MOBY,M2,500,HPG,BONCAT,B,2.294046739
MOBY,M2,500,HPG,BONCAT,B,3.60465693
MOBY,M2,500,HPG,BONCAT,B,1.117233606
MOBY,M2,500,HPG,BONCAT,B,0.583580359
MOBY,M2,500,HPG,BONCAT,B,4.953509763
MOBY,M2,500,HPG,BONCAT,B,1.351897822
MOBY,M2,500,HPG,BONCAT,B,0.749893051
MOBY,M2,500,HPG,BONCAT,B,2.182029228
MOBY,M2,500,HPG,BONCAT,B,0.221756685
MOBY,M2,500,HPG,BONCAT,B,0.185437764
MOBY,M2,500,HPG,BONCAT,B,1.397097964
MOBY,M2,500,HPG,BONCAT,B,5.227439227
MOBY,M2,500,HPG,BONCAT,B,2.229684699
MOBY,M2,500,HPG,BONCAT,B,1.804574886
MOBY,M2,500,HPG,BONCAT,B,7.706027346
MOBY,M2,500,HPG,BONCAT,B,1.414291108
MOBY,M2,500,HPG,BONCAT,B,3.011644818
MOBY,M2,500,HPG,BONCAT,B,7.437361811
MOBY,M2,500,HPG,BONCAT,B,6.959644626
MOBY,M2,500,HPG,BONCAT,B,2.315300895
MOBY,M2,500,HPG,BONCAT,B,9.184821323
MOBY,M2,500,HPG,BONCAT,B,0.46794863
MOBY,M2,500,HPG,BONCAT,B,0.568437391
MOBY,M2,500,HPG,BONCAT,B,2.314664459
MOBY,M2,500,HPG,BONCAT,B,1.862779189
MOBY,M2,500,HPG,BONCAT,B,1.398967949
MOBY,M2,500,HPG,BONCAT,B,1.50233893
MOBY,M2,500,HPG,BONCAT,B,4.026562587
MOBY,M2,500,HPG,BONCAT,B,0.974139664
MOBY,M2,500,HPG,BONCAT,B,0.379531113
MOBY,M2,500,HPG,BONCAT,B,3.581627874
MOBY,M2,500,HPG,BONCAT,B,1.160947915
MOBY,M2,500,HPG,BONCAT,B,10.42770894
MOBY,M2,500,HPG,BONCAT,B,5.540730803
MOBY,M2,500,HPG,BONCAT,B,3.935926615
MOBY,M2,500,HPG,BONCAT,B,0.859499679
MOBY,M2,500,HPG,BONCAT,B,3.971400058
MOBY,M2,500,HPG,BONCAT,B,0.583093118
MOBY,M2,500,HPG,BONCAT,B,0.976139568
MOBY,M2,500,HPG,BONCAT,B,1.012417728
MOBY,M2,500,HPG,BONCAT,B,1.243633804
MOBY,M2,500,HPG,BONCAT,B,1.930533429
MOBY,M2,500,HPG,BONCAT,B,0.208139816
MOBY,M2,500,HPG,BONCAT,B,6.226106796
MOBY,M2,500,HPG,BONCAT,B,3.892272329
MOBY,M2,500,HPG,BONCAT,B,0.962694259
MOBY,M2,500,HPG,BONCAT,B,1.569592215
MOBY,M2,500,HPG,BONCAT,B,0.320207472
MOBY,M2,500,HPG,BONCAT,B,5.513976816
MOBY,M2,500,HPG,BONCAT,B,1.571903477
MOBY,M2,500,HPG,BONCAT,B,0.571449314
MOBY,M2,500,HPG,BONCAT,B,0.723909938
MOBY,M2,500,HPG,BONCAT,B,2.560681832
MOBY,M2,500,HPG,BONCAT,B,3.481199053
MOBY,M2,500,HPG,BONCAT,B,0.381249657
MOBY,M2,500,HPG,BONCAT,B,3.627234039
MOBY,M2,500,HPG,BONCAT,B,1.187081352
MOBY,M2,500,HPG,BONCAT,B,2.395526001
MOBY,M2,500,HPG,BONCAT,B,4.562082539
MOBY,M2,500,HPG,BONCAT,B,6.794539996
MOBY,M2,500,HPG,BONCAT,B,1.934363814
MOBY,M2,500,HPG,BONCAT,B,5.896292902
MOBY,M2,500,HPG,BONCAT,B,0.582464735
MOBY,M2,500,HPG,BONCAT,B,2.573448761
MOBY,M2,500,HPG,BONCAT,B,4.341583881
MOBY,M2,500,HPG,BONCAT,B,3.211836574
MOBY,M2,500,HPG,BONCAT,B,5.736077195
MOBY,M2,500,HPG,BONCAT,B,13.49558282
MOBY,M2,500,HPG,BONCAT,B,9.311109501
MOBY,M2,500,HPG,BONCAT,B,3.214393763
MOBY,M2,500,HPG,BONCAT,B,3.643017467
MOBY,M2,500,HPG,BONCAT,B,1.951641175
MOBY,M2,500,HPG,BONCAT,B,0.591060331
MOBY,M2,500,HPG,BONCAT,B,0.527964109
MOBY,M2,500,HPG,BONCAT,B,0.315685546
MOBY,M2,500,HPG,BONCAT,B,0.992740518
MOBY,M2,500,HPG,BONCAT,B,1.481147661
MOBY,M2,500,HPG,BONCAT,B,2.815176247
MOBY,M2,500,HPG,BONCAT,B,0.732021082
MOBY,M2,500,HPG,BONCAT,B,0.626544351
MOBY,M2,500,HPG,BONCAT,B,0.969158781
MOBY,M2,500,HPG,BONCAT,B,3.59068424
MOBY,M2,500,HPG,BONCAT,B,5.569004853
MOBY,M2,500,HPG,BONCAT,B,3.865905758
MOBY,M2,500,HPG,BONCAT,B,0.241710747
MOBY,M2,500,HPG,BONCAT,B,0.51537857
MOBY,M2,500,HPG,BONCAT,B,1.413807286
MOBY,M2,500,HPG,BONCAT,B,1.67051327
MOBY,M2,500,HPG,BONCAT,B,2.687984814
MOBY,M2,500,HPG,BONCAT,B,1.22020707
MOBY,M2,500,HPG,BONCAT,B,1.068130378
MOBY,M2,500,HPG,BONCAT,B,1.059345284
MOBY,M2,500,HPG,BONCAT,B,7.452723305
MOBY,M2,500,HPG,BONCAT,B,4.436702175
MOBY,M2,500,HPG,BONCAT,B,2.113723387
MOBY,M2,500,HPG,BONCAT,B,0.660374442
MOBY,M2,500,HPG,BONCAT,B,4.208467471
MOBY,M2,500,HPG,BONCAT,B,5.274115867
MOBY,M2,500,HPG,BONCAT,B,8.746533559
MOBY,M2,500,HPG,BONCAT,B,4.642332801
MOBY,M2,500,HPG,BONCAT,B,4.344476008
MOBY,M2,500,HPG,BONCAT,B,0.26465388
MOBY,M2,500,HPG,BONCAT,B,0.473323285
MOBY,M2,500,HPG,BONCAT,B,7.699955107
MOBY,M2,500,HPG,BONCAT,B,0.439721151
MOBY,M2,500,HPG,BONCAT,B,0.163833354
MOBY,M2,500,HPG,BONCAT,B,2.475963957
MOBY,M2,500,HPG,BONCAT,B,0.500275994
MOBY,M2,500,HPG,BONCAT,B,5.566395734
MOBY,M2,500,HPG,BONCAT,B,2.687254777
MOBY,M2,500,HPG,BONCAT,B,6.815758161
MOBY,M2,500,HPG,BONCAT,B,0.23011352
MOBY,M2,500,HPG,BONCAT,B,1.416819212
MOBY,M2,500,HPG,BONCAT,B,1.053066308
MOBY,M2,500,HPG,BONCAT,B,2.879524689
MOBY,M2,500,HPG,BONCAT,B,5.477137028
MOBY,M2,500,HPG,BONCAT,B,6.410782435
MOBY,M2,500,HPG,BONCAT,B,0.611854564
MOBY,M2,500,HPG,BONCAT,B,5.220221544
MOBY,M2,500,HPG,BONCAT,B,1.909644159
MOBY,M2,500,HPG,BONCAT,B,1.217060467
MOBY,M2,500,HPG,BONCAT,B,0.514814808
MOBY,M2,500,HPG,BONCAT,B,3.135922272
MOBY,M2,500,HPG,BONCAT,B,3.287847785
MOBY,M2,500,HPG,BONCAT,B,0.205397585
MOBY,M2,500,HPG,BONCAT,B,0.856270452
MOBY,M2,500,HPG,BONCAT,B,0.358802471
MOBY,M2,500,HPG,BONCAT,B,2.656216919
MOBY,M2,500,HPG,BONCAT,B,1.827223567
MOBY,M2,500,HPG,BONCAT,B,2.537108068
MOBY,M2,500,HPG,BONCAT,B,4.510749089
MOBY,M2,500,HPG,BONCAT,B,2.884238957
MOBY,M2,500,HPG,BONCAT,B,0.145829707
MOBY,M2,500,HPG,BONCAT,B,7.041180318
MOBY,M2,500,HPG,BONCAT,B,0.445366732
MOBY,M2,500,HPG,BONCAT,B,0.548730374
MOBY,M2,500,HPG,BONCAT,B,1.496219877
MOBY,M2,500,HPG,BONCAT,B,3.314289358
MOBY,M2,500,HPG,BONCAT,B,3.151077989
MOBY,M2,500,HPG,BONCAT,B,0.184945363
MOBY,M2,500,HPG,BONCAT,B,5.137569394
MOBY,M2,500,HPG,BONCAT,B,5.04373292
MOBY,M2,500,HPG,BONCAT,B,2.138869205
MOBY,M2,500,HPG,BONCAT,B,5.137568328
MOBY,M2,500,HPG,BONCAT,B,1.614225316
MOBY,M2,500,HPG,BONCAT,B,4.56554141
MOBY,M2,500,HPG,BONCAT,B,1.341091106
MOBY,M2,500,HPG,BONCAT,B,2.933718691
MOBY,M2,500,HPG,BONCAT,B,3.031932185
MOBY,M2,500,HPG,BONCAT,B,0.309059049
MOBY,M2,500,HPG,BONCAT,B,0.370472314
MOBY,M2,500,HPG,BONCAT,B,1.404488649
MOBY,M2,500,HPG,BONCAT,B,1.946072922
MOBY,M2,500,HPG,BONCAT,B,1.018535724
MOBY,M2,500,HPG,BONCAT,B,1.406013016
MOBY,M2,500,HPG,BONCAT,B,0.31471793
MOBY,M2,500,HPG,BONCAT,B,0.236217321
MOBY,M2,500,HPG,BONCAT,B,2.509090496
MOBY,M2,500,HPG,BONCAT,B,0.536869298
MOBY,M2,500,HPG,BONCAT,B,7.128301984
MOBY,M2,500,HPG,BONCAT,B,1.226522441
MOBY,M2,500,HPG,BONCAT,B,5.025726536
MOBY,M2,500,HPG,BONCAT,B,0.632159524
MOBY,M2,500,HPG,BONCAT,B,0.588611459
MOBY,M2,500,HPG,BONCAT,B,0.76126212
MOBY,M2,500,HPG,BONCAT,B,3.342927492
MOBY,M2,500,HPG,BONCAT,B,1.435916946
MOBY,M2,500,HPG,BONCAT,B,3.72328417
MOBY,M2,500,HPG,BONCAT,B,4.255169978
MOBY,M2,500,HPG,BONCAT,B,3.523458761
MOBY,M2,500,HPG,BONCAT,B,0.16983457
MOBY,M2,500,HPG,BONCAT,B,0.306364171
MOBY,M2,500,HPG,BONCAT,B,2.099433228
MOBY,M2,500,HPG,BONCAT,B,4.744436526
MOBY,M2,500,HPG,BONCAT,B,3.693886165
MOBY,M2,500,HPG,BONCAT,B,2.088619793
MOBY,M2,500,HPG,BONCAT,B,1.706408842
MOBY,M2,500,HPG,BONCAT,B,3.055664287
MOBY,M2,500,HPG,BONCAT,B,1.779116226
MOBY,M2,500,HPG,BONCAT,B,0.531846775
MOBY,M2,500,HPG,BONCAT,B,0.238048445
MOBY,M2,500,HPG,BONCAT,B,0.440140567
MOBY,M2,500,HPG,BONCAT,B,2.693158659
MOBY,M2,500,HPG,BONCAT,B,2.461245136
MOBY,M2,500,HPG,BONCAT,B,0.400459958
MOBY,M2,500,HPG,BONCAT,B,5.929545289
MOBY,M2,500,HPG,BONCAT,B,5.67457842
MOBY,M2,500,HPG,BONCAT,B,5.078451437
MOBY,M2,500,HPG,BONCAT,B,0.389839365
MOBY,M2,500,HPG,BONCAT,B,0.772041741
MOBY,M2,500,HPG,BONCAT,B,2.761612066
MOBY,M2,500,HPG,BONCAT,B,0.60633318
MOBY,M2,500,HPG,BONCAT,B,3.767208613
MOBY,M2,500,HPG,BONCAT,B,0.508721642
MOBY,M2,500,HPG,BONCAT,B,5.991458301
MOBY,M2,500,HPG,BONCAT,B,1.572879291
MOBY,M2,500,HPG,BONCAT,B,0.154231417
MOBY,M2,500,HPG,BONCAT,B,7.625991359
MOBY,M2,500,HPG,BONCAT,B,2.250708396
MOBY,M2,500,HPG,BONCAT,B,3.034971585
MOBY,M2,500,HPG,BONCAT,B,0.506568704
MOBY,M2,500,HPG,BONCAT,B,7.767522147
MOBY,M2,500,HPG,BONCAT,B,0.300231892
MOBY,M2,500,HPG,BONCAT,B,0.51963138
MOBY,M2,500,HPG,BONCAT,B,0.913921063
MOBY,M2,500,HPG,BONCAT,B,1.753702732
MOBY,M2,500,HPG,BONCAT,B,1.547651617
MOBY,M2,500,HPG,BONCAT,B,0.496176108
MOBY,M2,500,HPG,BONCAT,B,3.26937857
MOBY,M2,500,HPG,BONCAT,B,2.429715976
MOBY,M2,500,HPG,BONCAT,B,1.970144553
MOBY,M2,500,HPG,BONCAT,B,2.103513299
MOBY,M2,500,HPG,BONCAT,B,0.727071098
MOBY,M2,500,HPG,BONCAT,B,8.906077161
MOBY,M2,500,HPG,BONCAT,B,0.456686789
MOBY,M2,500,HPG,BONCAT,B,1.22070954
MOBY,M2,500,HPG,BONCAT,B,1.232697017
MOBY,M2,500,HPG,BONCAT,B,0.429198147
MOBY,M2,500,HPG,BONCAT,B,1.344882006
MOBY,M2,500,HPG,BONCAT,B,7.049934771
MOBY,M2,500,HPG,BONCAT,B,2.570969488
MOBY,M2,500,HPG,BONCAT,B,0.543508136
MOBY,M2,500,HPG,BONCAT,B,0.919686356
MOBY,M2,500,HPG,BONCAT,B,2.633730032
MOBY,M2,500,HPG,BONCAT,B,0.898827407
MOBY,M2,500,HPG,BONCAT,B,3.753764274
MOBY,M2,500,HPG,BONCAT,B,4.026628476
MOBY,M2,500,HPG,BONCAT,B,18.3165555
MOBY,M2,500,HPG,BONCAT,B,0.617062041
MOBY,M2,500,HPG,BONCAT,B,3.115227958
MOBY,M2,500,HPG,BONCAT,B,10.70100391
MOBY,M2,500,HPG,BONCAT,B,0.855537115
MOBY,M2,500,HPG,BONCAT,B,0.190250271
MOBY,M2,500,HPG,BONCAT,B,0.162032993
MOBY,M2,500,HPG,BONCAT,B,0.568238002
MOBY,M2,500,HPG,BONCAT,B,7.341829775
MOBY,M2,500,HPG,BONCAT,B,0.582332527
MOBY,M2,500,HPG,BONCAT,B,1.262169978
MOBY,M2,500,HPG,BONCAT,B,0.927943286
MOBY,M2,500,HPG,BONCAT,B,2.149998822
MOBY,M2,500,HPG,BONCAT,B,0.45728492
MOBY,M2,500,HPG,BONCAT,B,3.601805684
MOBY,M2,500,HPG,BONCAT,B,2.677543999
MOBY,M2,500,HPG,BONCAT,B,1.148317915
MOBY,M2,500,HPG,BONCAT,B,0.318792724
MOBY,M2,500,HPG,BONCAT,B,1.601899199
MOBY,M2,500,HPG,BONCAT,B,7.140060371
MOBY,M2,500,HPG,BONCAT,B,5.568637536
MOBY,M2,500,HPG,BONCAT,B,2.997493364
MOBY,M2,500,HPG,BONCAT,B,2.866757647
MOBY,M2,500,HPG,BONCAT,B,4.969470169
MOBY,M2,500,HPG,BONCAT,B,1.178085918
MOBY,M2,500,HPG,BONCAT,B,0.15663187
MOBY,M2,500,HPG,BONCAT,B,0.789030206
MOBY,M2,500,HPG,BONCAT,B,1.346754563
MOBY,M2,500,HPG,BONCAT,B,3.430022273
MOBY,M2,500,HPG,BONCAT,B,1.302135864
MOBY,M2,500,HPG,BONCAT,B,4.56065525
MOBY,M2,500,HPG,BONCAT,B,4.750682552
MOBY,M2,500,HPG,BONCAT,B,0.968592473
MOBY,M2,500,HPG,BONCAT,B,2.347913692
MOBY,M2,500,HPG,BONCAT,B,1.697136869
MOBY,M2,500,HPG,BONCAT,B,5.213666917
MOBY,M2,500,HPG,BONCAT,B,1.093080404
MOBY,M2,500,HPG,BONCAT,B,1.459105444
MOBY,M2,500,HPG,BONCAT,B,0.663704376
MOBY,M2,500,HPG,BONCAT,B,0.860134047
MOBY,M2,500,HPG,BONCAT,B,2.567501126
MOBY,M2,500,HPG,BONCAT,B,0.486329779
MOBY,M2,500,HPG,BONCAT,B,0.982565597
MOBY,M2,500,HPG,BONCAT,B,1.5916028
MOBY,M2,500,HPG,BONCAT,B,2.191445445
MOBY,M2,500,HPG,BONCAT,B,1.136776841
MOBY,M2,500,HPG,BONCAT,B,0.920379607
MOBY,M2,500,HPG,BONCAT,B,5.816154867
MOBY,M2,500,HPG,BONCAT,B,9.720818524
MOBY,M2,500,HPG,BONCAT,B,2.930496477
MOBY,M2,500,HPG,BONCAT,B,2.54602902
MOBY,M2,500,HPG,BONCAT,B,2.508395287
MOBY,M2,500,HPG,BONCAT,B,0.505179808
MOBY,M2,500,HPG,BONCAT,B,1.114495201
MOBY,M2,500,HPG,BONCAT,B,4.34640307
MOBY,M2,500,HPG,BONCAT,B,1.80938671
MOBY,M2,500,HPG,BONCAT,B,0.757458966
MOBY,M2,500,HPG,BONCAT,B,1.048598094
MOBY,M2,500,HPG,BONCAT,B,1.525718305
MOBY,M2,500,HPG,BONCAT,B,0.895624694
MOBY,M2,500,HPG,BONCAT,B,1.392613804
MOBY,M2,500,HPG,BONCAT,B,5.35227866
MOBY,M2,500,HPG,BONCAT,B,0.840386424
MOBY,M2,500,HPG,BONCAT,B,3.704741919
MOBY,M2,500,HPG,BONCAT,B,8.509761305
MOBY,M2,500,HPG,BONCAT,B,1.227457584
MOBY,M2,500,HPG,BONCAT,B,2.824913571
MOBY,M2,500,HPG,BONCAT,B,0.646755522
MOBY,M2,500,HPG,BONCAT,B,0.265887709
MOBY,M2,500,HPG,BONCAT,B,0.190250271
MOBY,M2,500,HPG,BONCAT,B,0.60124545
MOBY,M2,500,HPG,BONCAT,B,5.030847281
MOBY,M2,500,HPG,BONCAT,B,9.471426739
MOBY,M2,500,HPG,BONCAT,B,0.286862615
MOBY,M2,500,HPG,BONCAT,B,3.197803762
MOBY,M2,500,HPG,BONCAT,B,4.621413027
MOBY,M2,500,HPG,BONCAT,B,5.107682668
MOBY,M2,500,HPG,BONCAT,B,6.307339574
MOBY,M2,500,HPG,BONCAT,B,0.570896226
MOBY,M2,500,HPG,BONCAT,B,0.473594211
MOBY,M2,500,HPG,BONCAT,B,1.302795298
MOBY,M2,500,HPG,BONCAT,B,2.093257886
MOBY,M2,500,HPG,BONCAT,B,4.761863936
MOBY,M2,500,HPG,BONCAT,B,7.200964467
MOBY,M2,500,HPG,BONCAT,B,1.965584664
MOBY,M2,500,HPG,BONCAT,B,4.886653087
MOBY,M2,500,HPG,BONCAT,B,5.426834211
MOBY,M2,500,HPG,BONCAT,B,2.256061223
MOBY,M2,500,HPG,BONCAT,B,5.848657918
MOBY,M2,500,HPG,BONCAT,B,5.803290168
MOBY,M2,500,HPG,BONCAT,B,0.673167766
MOBY,M2,500,HPG,BONCAT,B,3.158485712
MOBY,M2,500,HPG,BONCAT,B,0.215697759
MOBY,M2,500,HPG,BONCAT,B,0.833501381
MOBY,M2,500,HPG,BONCAT,B,3.634938149
MOBY,M2,500,HPG,BONCAT,B,7.032994079
MOBY,M2,500,HPG,BONCAT,B,0.226451218
MOBY,M2,500,HPG,BONCAT,B,1.004203925
MOBY,M2,500,HPG,BONCAT,B,2.274172648
MOBY,M2,500,HPG,BONCAT,B,4.01853737
MOBY,M2,500,HPG,BONCAT,B,5.110968287
MOBY,M2,500,HPG,BONCAT,B,0.578066391
MOBY,M2,500,HPG,BONCAT,B,0.460478362
MOBY,M2,500,HPG,BONCAT,B,5.315155605
MOBY,M2,500,HPG,BONCAT,B,1.228230768
MOBY,M2,500,HPG,BONCAT,B,5.431004367
MOBY,M2,500,HPG,BONCAT,B,1.15091572
MOBY,M2,500,HPG,BONCAT,B,0.803132768
MOBY,M2,500,HPG,BONCAT,B,4.415209168
MOBY,M2,500,HPG,BONCAT,B,0.281995853
MOBY,M2,500,HPG,BONCAT,B,6.492409835
MOBY,M2,500,HPG,BONCAT,B,0.404833187
MOBY,M2,500,HPG,BONCAT,B,2.119690537
MOBY,M2,500,HPG,BONCAT,B,2.966862473
MOBY,M2,500,HPG,BONCAT,B,5.060498178
MOBY,M2,500,HPG,BONCAT,B,5.074963532
MOBY,M2,500,HPG,BONCAT,B,4.028547136
MOBY,M2,500,HPG,BONCAT,B,1.013146747
MOBY,M2,500,HPG,BONCAT,B,1.716926998
MOBY,M2,500,HPG,BONCAT,B,1.348092671
MOBY,M2,500,HPG,BONCAT,B,5.215896021
MOBY,M2,500,HPG,BONCAT,B,2.725141304
MOBY,M2,500,HPG,BONCAT,B,5.73709196
MOBY,M2,500,HPG,BONCAT,B,1.006564634
MOBY,M2,500,HPG,BONCAT,B,1.525024017
MOBY,M2,500,HPG,BONCAT,B,0.787765684
MOBY,M2,500,HPG,BONCAT,B,1.302987992
MOBY,M2,500,HPG,BONCAT,B,1.532728809
MOBY,M2,500,HPG,BONCAT,B,1.021944417
MOBY,M2,500,HPG,BONCAT,B,3.73392219
MOBY,M2,500,HPG,BONCAT,B,8.516823427
MOBY,M2,500,HPG,BONCAT,B,0.312155858
MOBY,M2,500,HPG,BONCAT,B,4.515404994
MOBY,M2,500,HPG,BONCAT,B,0.215091866
MOBY,M2,500,HPG,BONCAT,B,2.820187609
MOBY,M2,500,HPG,BONCAT,B,0.979308891
MOBY,M2,500,HPG,BONCAT,B,2.443055831
MOBY,M2,500,HPG,BONCAT,B,1.348702681
MOBY,M2,500,HPG,BONCAT,B,4.576508631
MOBY,M2,500,HPG,BONCAT,B,10.13527794
MOBY,M2,500,HPG,BONCAT,B,3.907231833
MOBY,M2,500,HPG,BONCAT,B,1.434990667
MOBY,M2,500,HPG,BONCAT,B,2.044131654
MOBY,M2,500,HPG,BONCAT,B,14.3394143
MOBY,M2,500,HPG,BONCAT,B,0.220347417
MOBY,M2,500,HPG,BONCAT,B,1.820727749
MOBY,M2,500,HPG,BONCAT,B,0.810643881
MOBY,M2,500,HPG,BONCAT,B,5.580165782
MOBY,M2,500,HPG,BONCAT,B,0.881061053
MOBY,M2,500,HPG,BONCAT,B,0.920956724
MOBY,M2,500,HPG,BONCAT,B,14.99561991
MOBY,M2,500,HPG,BONCAT,B,0.330736564
MOBY,M2,500,HPG,BONCAT,B,1.084143792
MOBY,M2,500,HPG,BONCAT,B,2.347664788
MOBY,M2,500,HPG,BONCAT,B,6.06214997
MOBY,M2,500,HPG,BONCAT,B,3.759895564
MOBY,M2,500,HPG,BONCAT,B,0.827737739
MOBY,M2,500,HPG,BONCAT,B,0.189644378
MOBY,M2,500,HPG,BONCAT,B,1.985543383
MOBY,M2,500,HPG,BONCAT,B,1.700407089
MOBY,M2,500,HPG,BONCAT,B,3.794258621
MOBY,M2,500,HPG,BONCAT,B,1.020034637
MOBY,M2,500,HPG,BONCAT,B,2.06253447
MOBY,M2,500,HPG,BONCAT,B,4.412118276
MOBY,M2,500,HPG,BONCAT,B,0.168634343
MOBY,M2,500,HPG,BONCAT,B,1.140595838
MOBY,M2,500,HPG,BONCAT,B,8.348113009
MOBY,M2,500,HPG,BONCAT,B,0.452938334
MOBY,M2,400,HPG,BONCAT,B,2.357554907
MOBY,M2,400,HPG,BONCAT,B,6.078316716
MOBY,M2,400,HPG,BONCAT,B,9.701281336
MOBY,M2,400,HPG,BONCAT,B,4.132924739
MOBY,M2,400,HPG,BONCAT,B,1.512824546
MOBY,M2,400,HPG,BONCAT,B,12.96553566
MOBY,M2,400,HPG,BONCAT,B,4.685465683
MOBY,M2,400,HPG,BONCAT,B,11.67094338
MOBY,M2,400,HPG,BONCAT,B,1.258506129
MOBY,M2,400,HPG,BONCAT,B,1.090914407
MOBY,M2,400,HPG,BONCAT,B,9.511761267
MOBY,M2,400,HPG,BONCAT,B,6.342829058
MOBY,M2,400,HPG,BONCAT,B,1.412144363
MOBY,M2,400,HPG,BONCAT,B,7.268340588
MOBY,M2,400,HPG,BONCAT,B,3.690532436
MOBY,M2,400,HPG,BONCAT,B,7.965495414
MOBY,M2,400,HPG,BONCAT,B,3.847313884
MOBY,M2,400,HPG,BONCAT,B,0.487054991
MOBY,M2,400,HPG,BONCAT,B,0.879399515
MOBY,M2,400,HPG,BONCAT,B,12.26081548
MOBY,M2,400,HPG,BONCAT,B,5.134025893
MOBY,M2,400,HPG,BONCAT,B,9.032915953
MOBY,M2,400,HPG,BONCAT,B,3.148209633
MOBY,M2,400,HPG,BONCAT,B,8.865863425
MOBY,M2,400,HPG,BONCAT,B,0.24720093
MOBY,M2,400,HPG,BONCAT,B,8.270935103
MOBY,M2,400,HPG,BONCAT,B,1.532004897
MOBY,M2,400,HPG,BONCAT,B,2.837129917
MOBY,M2,400,HPG,BONCAT,B,7.949681334
MOBY,M2,400,HPG,BONCAT,B,1.965690711
MOBY,M2,400,HPG,BONCAT,B,3.715873197
MOBY,M2,400,HPG,BONCAT,B,8.711750579
MOBY,M2,400,HPG,BONCAT,B,9.836593639
MOBY,M2,400,HPG,BONCAT,B,18.02756191
MOBY,M2,400,HPG,BONCAT,B,1.12342137
MOBY,M2,400,HPG,BONCAT,B,6.863529757
MOBY,M2,400,HPG,BONCAT,B,0.78108051
MOBY,M2,400,HPG,BONCAT,B,4.797419997
MOBY,M2,400,HPG,BONCAT,B,8.016849471
MOBY,M2,400,HPG,BONCAT,B,0.792575533
MOBY,M2,400,HPG,BONCAT,B,9.515753863
MOBY,M2,400,HPG,BONCAT,B,1.058860545
MOBY,M2,400,HPG,BONCAT,B,2.511567468
MOBY,M2,400,HPG,BONCAT,B,6.56819974
MOBY,M2,400,HPG,BONCAT,B,1.417879972
MOBY,M2,400,HPG,BONCAT,B,6.488940744
MOBY,M2,400,HPG,BONCAT,B,0.247749059
MOBY,M2,400,HPG,BONCAT,B,9.353193457
MOBY,M2,400,HPG,BONCAT,B,15.34693104
MOBY,M2,400,HPG,BONCAT,B,9.397234709
MOBY,M2,400,HPG,BONCAT,B,3.35394522
MOBY,M2,400,HPG,BONCAT,B,1.266945047
MOBY,M2,400,HPG,BONCAT,B,1.830179953
MOBY,M2,400,HPG,BONCAT,B,7.111796406
MOBY,M2,400,HPG,BONCAT,B,6.440842939
MOBY,M2,400,HPG,BONCAT,B,7.166940535
MOBY,M2,400,HPG,BONCAT,B,3.723681498
MOBY,M2,400,HPG,BONCAT,B,6.954905494
MOBY,M2,400,HPG,BONCAT,B,0.889525516
MOBY,M2,400,HPG,BONCAT,B,8.599509734
MOBY,M2,400,HPG,BONCAT,B,2.603917117
MOBY,M2,400,HPG,BONCAT,B,10.23385647
MOBY,M2,400,HPG,BONCAT,B,1.694922246
MOBY,M2,400,HPG,BONCAT,B,1.007069474
MOBY,M2,400,HPG,BONCAT,B,0.367301885
MOBY,M2,400,HPG,BONCAT,B,3.262015192
MOBY,M2,400,HPG,BONCAT,B,3.41005505
MOBY,M2,400,HPG,BONCAT,B,2.745405245
MOBY,M2,400,HPG,BONCAT,B,2.033803583
MOBY,M2,400,HPG,BONCAT,B,11.64420731
MOBY,M2,400,HPG,BONCAT,B,4.769041773
MOBY,M2,400,HPG,BONCAT,B,5.721674112
MOBY,M2,400,HPG,BONCAT,B,12.46679634
MOBY,M2,400,HPG,BONCAT,B,8.709420949
MOBY,M2,400,HPG,BONCAT,B,5.557629387
MOBY,M2,400,HPG,BONCAT,B,9.012561172
MOBY,M2,400,HPG,BONCAT,B,8.580305291
MOBY,M2,400,HPG,BONCAT,B,2.665796488
MOBY,M2,400,HPG,BONCAT,B,2.622309169
MOBY,M2,400,HPG,BONCAT,B,4.208686371
MOBY,M2,400,HPG,BONCAT,B,0.814365389
MOBY,M2,400,HPG,BONCAT,B,2.410908795
MOBY,M2,400,HPG,BONCAT,B,3.809781693
MOBY,M2,400,HPG,BONCAT,B,1.389757752
MOBY,M2,400,HPG,BONCAT,B,8.615797514
MOBY,M2,400,HPG,BONCAT,B,2.27418206
MOBY,M2,400,HPG,BONCAT,B,8.184995346
MOBY,M2,400,HPG,BONCAT,B,2.826409403
MOBY,M2,400,HPG,BONCAT,B,3.551924835
MOBY,M2,400,HPG,BONCAT,B,8.966219391
MOBY,M2,400,HPG,BONCAT,B,7.168665274
MOBY,M2,400,HPG,BONCAT,B,10.75854525
MOBY,M2,400,HPG,BONCAT,B,5.736443455
MOBY,M2,400,HPG,BONCAT,B,4.434462545
MOBY,M2,400,HPG,BONCAT,B,5.999990246
MOBY,M2,400,HPG,BONCAT,B,1.038940461
MOBY,M2,400,HPG,BONCAT,B,2.051840954
MOBY,M2,400,HPG,BONCAT,B,7.194474777
MOBY,M2,400,HPG,BONCAT,B,4.438604719
MOBY,M2,400,HPG,BONCAT,B,6.355330102
MOBY,M2,400,HPG,BONCAT,B,3.957242433
MOBY,M2,400,HPG,BONCAT,B,1.752092334
MOBY,M2,400,HPG,BONCAT,B,1.604246124
MOBY,M2,400,HPG,BONCAT,B,0.670296028
MOBY,M2,400,HPG,BONCAT,B,1.11524714
MOBY,M2,400,HPG,BONCAT,B,1.065561303
MOBY,M2,400,HPG,BONCAT,B,3.726475421
MOBY,M2,400,HPG,BONCAT,B,4.936900195
MOBY,M2,400,HPG,BONCAT,B,2.615718593
MOBY,M2,400,HPG,BONCAT,B,1.63103223
MOBY,M2,400,HPG,BONCAT,B,1.335166315
MOBY,M2,400,HPG,BONCAT,B,2.290803862
MOBY,M2,400,HPG,BONCAT,B,7.104520995
MOBY,M2,400,HPG,BONCAT,B,1.940235138
MOBY,M2,400,HPG,BONCAT,B,2.007908856
MOBY,M2,400,HPG,BONCAT,B,9.392959545
MOBY,M2,400,HPG,BONCAT,B,8.938473622
MOBY,M2,400,HPG,BONCAT,B,1.892525238
MOBY,M2,400,HPG,BONCAT,B,9.399218435
MOBY,M2,400,HPG,BONCAT,B,3.924773377
MOBY,M2,400,HPG,BONCAT,B,35.36005942
MOBY,M2,400,HPG,BONCAT,B,0.706363515
MOBY,M2,400,HPG,BONCAT,B,13.13991327
MOBY,M2,400,HPG,BONCAT,B,9.634453201
MOBY,M2,400,HPG,BONCAT,B,0.363376521
MOBY,M2,400,HPG,BONCAT,B,5.91832881
MOBY,M2,400,HPG,BONCAT,B,6.214621664
MOBY,M2,400,HPG,BONCAT,B,7.484430529
MOBY,M2,400,HPG,BONCAT,B,4.026547254
MOBY,M2,400,HPG,BONCAT,B,9.75274858
MOBY,M2,400,HPG,BONCAT,B,4.616827179
MOBY,M2,400,HPG,BONCAT,B,5.169581306
MOBY,M2,400,HPG,BONCAT,B,0.324683651
MOBY,M2,400,HPG,BONCAT,B,2.773719483
MOBY,M2,400,HPG,BONCAT,B,4.239073998
MOBY,M2,400,HPG,BONCAT,B,13.10698221
MOBY,M2,400,HPG,BONCAT,B,7.826053688
MOBY,M2,400,HPG,BONCAT,B,1.166229875
MOBY,M2,400,HPG,BONCAT,B,2.442874811
MOBY,M2,400,HPG,BONCAT,B,8.307484075
MOBY,M2,400,HPG,BONCAT,B,0.27835403
MOBY,M2,400,HPG,BONCAT,B,4.688075363
MOBY,M2,400,HPG,BONCAT,B,3.211234643
MOBY,M2,400,HPG,BONCAT,B,0.73107753
MOBY,M2,400,HPG,BONCAT,B,1.092160128
MOBY,M2,400,HPG,BONCAT,B,0.87568075
MOBY,M2,400,HPG,BONCAT,B,1.39208075
MOBY,M2,400,HPG,BONCAT,B,1.955064309
MOBY,M2,400,HPG,BONCAT,B,0.255665133
MOBY,M2,400,HPG,BONCAT,B,8.395876949
MOBY,M2,400,HPG,BONCAT,B,6.59939425
MOBY,M2,400,HPG,BONCAT,B,6.917179178
MOBY,M2,400,HPG,BONCAT,B,8.554050953
MOBY,M2,400,HPG,BONCAT,B,7.034387851
MOBY,M2,400,HPG,BONCAT,B,4.872090242
MOBY,M2,400,HPG,BONCAT,B,18.75538209
MOBY,M2,400,HPG,BONCAT,B,0.841887205
MOBY,M2,400,HPG,BONCAT,B,3.976468203
MOBY,M2,400,HPG,BONCAT,B,1.538433067
MOBY,M2,400,HPG,BONCAT,B,3.508083334
MOBY,M2,400,HPG,BONCAT,B,6.839097113
MOBY,M2,400,HPG,BONCAT,B,4.048359556
MOBY,M2,400,HPG,BONCAT,B,10.49003438
MOBY,M2,400,HPG,BONCAT,B,4.525145618
MOBY,M2,400,HPG,BONCAT,B,4.02493269
MOBY,M2,400,HPG,BONCAT,B,5.482256886
MOBY,M2,400,HPG,BONCAT,B,8.301890639
MOBY,M2,400,HPG,BONCAT,B,4.227626339
MOBY,M2,400,HPG,BONCAT,B,10.88562435
MOBY,M2,400,HPG,BONCAT,B,8.376093677
MOBY,M2,400,HPG,BONCAT,B,0.753492738
MOBY,M2,400,HPG,BONCAT,B,1.078544237
MOBY,M2,400,HPG,BONCAT,B,3.013535325
MOBY,M2,400,HPG,BONCAT,B,5.815807048
MOBY,M2,400,HPG,BONCAT,B,6.998417707
MOBY,M2,400,HPG,BONCAT,B,2.362500777
MOBY,M2,400,HPG,BONCAT,B,0.924842645
MOBY,M2,400,HPG,BONCAT,B,5.806856274
MOBY,M2,400,HPG,BONCAT,B,9.087253168
MOBY,M2,400,HPG,BONCAT,B,3.754120848
MOBY,M2,400,HPG,BONCAT,B,10.48748867
MOBY,M2,400,HPG,BONCAT,B,1.232275642
MOBY,M2,400,HPG,BONCAT,B,5.413131586
MOBY,M2,400,HPG,BONCAT,B,5.460190085
MOBY,M2,400,HPG,BONCAT,B,6.723221942
MOBY,M2,400,HPG,BONCAT,B,10.30186605
MOBY,M2,400,HPG,BONCAT,B,3.546119606
MOBY,M2,400,HPG,BONCAT,B,2.396760229
MOBY,M2,400,HPG,BONCAT,B,6.12650026
MOBY,M2,400,HPG,BONCAT,B,0.54586166
MOBY,M2,400,HPG,BONCAT,B,6.53802665
MOBY,M2,400,HPG,BONCAT,B,2.51919244
MOBY,M2,400,HPG,BONCAT,B,0.661978229
MOBY,M2,400,HPG,BONCAT,B,9.335371273
MOBY,M2,400,HPG,BONCAT,B,0.249393405
MOBY,M2,400,HPG,BONCAT,B,1.598675803
MOBY,M2,400,HPG,BONCAT,B,4.092092534
MOBY,M2,400,HPG,BONCAT,B,6.133320742
MOBY,M2,400,HPG,BONCAT,B,0.976464698
MOBY,M2,400,HPG,BONCAT,B,2.811586964
MOBY,M2,400,HPG,BONCAT,B,0.297722601
MOBY,M2,400,HPG,BONCAT,B,8.180451221
MOBY,M2,400,HPG,BONCAT,B,8.589824888
MOBY,M2,400,HPG,BONCAT,B,1.821334164
MOBY,M2,400,HPG,BONCAT,B,2.399503244
MOBY,M2,400,HPG,BONCAT,B,0.439490471
MOBY,M2,400,HPG,BONCAT,B,1.319178081
MOBY,M2,400,HPG,BONCAT,B,0.239527287
MOBY,M2,400,HPG,BONCAT,B,2.486920018
MOBY,M2,400,HPG,BONCAT,B,18.40691773
MOBY,M2,400,HPG,BONCAT,B,3.442101188
MOBY,M2,400,HPG,BONCAT,B,2.101844193
MOBY,M2,400,HPG,BONCAT,B,5.394742703
MOBY,M2,400,HPG,BONCAT,B,10.26614745
MOBY,M2,400,HPG,BONCAT,B,18.48617814
MOBY,M2,400,HPG,BONCAT,B,8.823252098
MOBY,M2,400,HPG,BONCAT,B,9.142411818
MOBY,M2,400,HPG,BONCAT,B,11.82404224
MOBY,M2,400,HPG,BONCAT,B,0.422023553
MOBY,M2,400,HPG,BONCAT,B,3.901431423
MOBY,M2,400,HPG,BONCAT,B,0.5913976
MOBY,M2,400,HPG,BONCAT,B,7.849363088
MOBY,M2,400,HPG,BONCAT,B,0.305470029
MOBY,M2,400,HPG,BONCAT,B,12.18297891
MOBY,M2,400,HPG,BONCAT,B,1.812141269
MOBY,M2,400,HPG,BONCAT,B,6.905457304
MOBY,M2,400,HPG,BONCAT,B,18.80794687
MOBY,M2,400,HPG,BONCAT,B,9.676131768
MOBY,M2,400,HPG,BONCAT,B,6.287720701
MOBY,M2,400,HPG,BONCAT,B,0.259259523
MOBY,M2,400,HPG,BONCAT,B,8.487187548
MOBY,M2,400,HPG,BONCAT,B,9.818954265
MOBY,M2,400,HPG,BONCAT,B,3.08088279
MOBY,M2,400,HPG,BONCAT,B,20.43857753
MOBY,M2,400,HPG,BONCAT,B,9.663623434
MOBY,M2,400,HPG,BONCAT,B,5.162670393
MOBY,M2,400,HPG,BONCAT,B,2.84447555
MOBY,M2,400,HPG,BONCAT,B,7.911968359
MOBY,M2,400,HPG,BONCAT,B,1.668306123
MOBY,M2,400,HPG,BONCAT,B,0.309343743
MOBY,M2,400,HPG,BONCAT,B,4.99476249
MOBY,M2,400,HPG,BONCAT,B,2.897299721
MOBY,M2,400,HPG,BONCAT,B,2.452767967
MOBY,M2,400,HPG,BONCAT,B,2.185135965
MOBY,M2,400,HPG,BONCAT,B,0.340067021
MOBY,M2,400,HPG,BONCAT,B,2.765274078
MOBY,M2,400,HPG,BONCAT,B,1.630772864
MOBY,M2,400,HPG,BONCAT,B,2.150639603
MOBY,M2,400,HPG,BONCAT,B,6.23854283
MOBY,M2,400,HPG,BONCAT,B,1.726454975
MOBY,M2,400,HPG,BONCAT,B,1.693366465
MOBY,M2,400,HPG,BONCAT,B,1.513459407
MOBY,M2,400,HPG,BONCAT,B,10.61254117
MOBY,M2,400,HPG,BONCAT,B,3.669692739
MOBY,M2,400,HPG,BONCAT,B,0.479602702
MOBY,M2,400,HPG,BONCAT,B,8.477964508
MOBY,M2,400,HPG,BONCAT,B,3.293357737
MOBY,M2,400,HPG,BONCAT,B,0.958295482
MOBY,M2,400,HPG,BONCAT,B,6.040587921
MOBY,M2,400,HPG,BONCAT,B,0.683492439
MOBY,M2,400,HPG,BONCAT,B,4.080041579
MOBY,M2,400,HPG,BONCAT,B,8.721296237
MOBY,M2,400,HPG,BONCAT,B,4.975604797
MOBY,M2,400,HPG,BONCAT,B,2.83791246
MOBY,M2,400,HPG,BONCAT,B,3.401804732
MOBY,M2,400,HPG,BONCAT,B,6.212217039
MOBY,M2,400,HPG,BONCAT,B,1.854946917
MOBY,M2,400,HPG,BONCAT,B,0.352721963
MOBY,M2,400,HPG,BONCAT,B,0.24720093
MOBY,M2,400,HPG,BONCAT,B,1.453223858
MOBY,M2,400,HPG,BONCAT,B,3.791384797
MOBY,M2,400,HPG,BONCAT,B,0.55976276
MOBY,M2,400,HPG,BONCAT,B,5.156896065
MOBY,M2,400,HPG,BONCAT,B,8.511511669
MOBY,M2,400,HPG,BONCAT,B,7.657786718
MOBY,M2,400,HPG,BONCAT,B,6.588760765
MOBY,M2,400,HPG,BONCAT,B,0.429546937
MOBY,M2,400,HPG,BONCAT,B,7.523634641
MOBY,M2,400,HPG,BONCAT,B,1.1398848
MOBY,M2,400,HPG,BONCAT,B,7.893907524
MOBY,M2,400,HPG,BONCAT,B,6.432762829
MOBY,M2,400,HPG,BONCAT,B,0.760395726
MOBY,M2,400,HPG,BONCAT,B,2.597873226
MOBY,M2,400,HPG,BONCAT,B,0.707555057
MOBY,M2,400,HPG,BONCAT,B,5.060201992
MOBY,M2,400,HPG,BONCAT,B,0.49861817
MOBY,M2,400,HPG,BONCAT,B,9.735810163
MOBY,M2,400,HPG,BONCAT,B,1.083292614
MOBY,M2,400,HPG,BONCAT,B,7.176778853
MOBY,M2,400,HPG,BONCAT,B,2.708801819
MOBY,M2,400,HPG,BONCAT,B,12.3142748
MOBY,M2,400,HPG,BONCAT,B,3.163072054
MOBY,M2,400,HPG,BONCAT,B,9.32509594
MOBY,M2,400,HPG,BONCAT,B,1.63448601
MOBY,M2,400,HPG,BONCAT,B,2.267833528
MOBY,M2,400,HPG,BONCAT,B,2.111167675
MOBY,M2,400,HPG,BONCAT,B,1.681716325
MOBY,M2,400,HPG,BONCAT,B,0.520391068
MOBY,M2,400,HPG,BONCAT,B,2.434713709
MOBY,M2,400,HPG,BONCAT,B,5.71254041
MOBY,M2,400,HPG,BONCAT,B,2.419205488
MOBY,M2,400,HPG,BONCAT,B,8.392572708
MOBY,M2,400,HPG,BONCAT,B,2.760509513
MOBY,M2,400,HPG,BONCAT,B,11.03859902
MOBY,M2,400,HPG,BONCAT,B,7.888556044
MOBY,M2,400,HPG,BONCAT,B,7.035965552
MOBY,M2,400,HPG,BONCAT,B,3.384799467
MOBY,M2,400,HPG,BONCAT,B,6.85519016
MOBY,M2,400,HPG,BONCAT,B,1.069860202
MOBY,M2,400,HPG,BONCAT,B,1.813770325
MOBY,M2,400,HPG,BONCAT,B,11.75800021
MOBY,M2,400,HPG,BONCAT,B,8.061349784
MOBY,M2,400,HPG,BONCAT,B,5.323003583
MOBY,M2,400,HPG,BONCAT,B,9.25037806
MOBY,M2,400,HPG,BONCAT,B,5.82326999
MOBY,M2,400,HPG,BONCAT,B,1.036901043
MOBY,M2,400,HPG,BONCAT,B,3.038428152
MOBY,M2,400,HPG,BONCAT,B,0.789127048
MOBY,M2,400,HPG,BONCAT,B,3.149052898
MOBY,M2,400,HPG,BONCAT,B,0.514685082
MOBY,M2,400,HPG,BONCAT,B,8.035713441
MOBY,M2,400,HPG,BONCAT,B,3.034665918
MOBY,M2,400,HPG,BONCAT,B,8.718137204
MOBY,M2,400,HPG,BONCAT,B,1.411665826
MOBY,M2,400,HPG,BONCAT,B,8.038062815
MOBY,M2,400,HPG,BONCAT,B,0.449632598
MOBY,M2,400,HPG,BONCAT,B,4.861601582
MOBY,M2,400,HPG,BONCAT,B,12.9865963
MOBY,M2,400,HPG,BONCAT,B,9.82338783
MOBY,M2,400,HPG,BONCAT,B,2.536406369
MOBY,M2,400,HPG,BONCAT,B,0.725330128
MOBY,M2,400,HPG,BONCAT,B,0.767748006
MOBY,M2,400,HPG,BONCAT,B,7.099051577
MOBY,M2,400,HPG,BONCAT,B,4.931632903
MOBY,M2,400,HPG,BONCAT,B,15.23037675
MOBY,M2,400,HPG,BONCAT,B,0.863284864
MOBY,M2,400,HPG,BONCAT,B,2.285834971
MOBY,M2,400,HPG,BONCAT,B,15.79806072
MOBY,M2,400,HPG,BONCAT,B,4.996945583
MOBY,M2,400,HPG,BONCAT,B,0.681773688
MOBY,M2,400,HPG,BONCAT,B,5.838391908
MOBY,M2,400,HPG,BONCAT,B,8.240330813
MOBY,M2,400,HPG,BONCAT,B,3.910761304
MOBY,M2,400,HPG,BONCAT,B,3.10591023
MOBY,M2,400,HPG,BONCAT,B,4.480266286
MOBY,M2,400,HPG,BONCAT,B,4.016163516
MOBY,M2,400,HPG,BONCAT,B,8.612410191
MOBY,M2,400,HPG,BONCAT,B,6.368349146
MOBY,M2,400,HPG,BONCAT,B,4.586926179
MOBY,M2,400,HPG,BONCAT,B,7.758691378
MOBY,M2,400,HPG,BONCAT,B,2.519069337
MOBY,M2,400,HPG,BONCAT,B,3.353313505
MOBY,M2,400,HPG,BONCAT,B,6.734348725
MOBY,M2,400,HPG,BONCAT,B,7.483598411
MOBY,M2,400,HPG,BONCAT,B,3.022788588
MOBY,M2,400,HPG,BONCAT,B,1.273687818
MOBY,M2,400,HPG,BONCAT,B,1.214341653
MOBY,M2,400,HPG,BONCAT,B,3.650713636
MOBY,M2,400,HPG,BONCAT,B,0.519900692
MOBY,M2,400,HPG,BONCAT,B,5.626689844
MOBY,M2,400,HPG,BONCAT,B,0.419206278
MOBY,M2,400,HPG,BONCAT,B,0.671461179
MOBY,M2,400,HPG,BONCAT,B,11.09816683
MOBY,M2,400,HPG,BONCAT,B,2.261641037
MOBY,M2,400,HPG,BONCAT,B,0.291635336
MOBY,M2,400,HPG,BONCAT,B,1.714983017
MOBY,M2,400,HPG,BONCAT,B,3.972531033
MOBY,M2,400,HPG,BONCAT,B,1.101122457
MOBY,M2,400,HPG,BONCAT,B,10.33405108
MOBY,M2,400,HPG,BONCAT,B,2.155164367
MOBY,M2,400,HPG,BONCAT,B,0.842442379
MOBY,M2,400,HPG,BONCAT,B,7.038312359
MOBY,M2,400,HPG,BONCAT,B,2.011276222
MOBY,M2,400,HPG,BONCAT,B,5.758002821
MOBY,M2,400,HPG,BONCAT,B,11.90865788
MOBY,M2,400,HPG,BONCAT,B,6.724978026
MOBY,M2,400,HPG,BONCAT,B,0.656465422
MOBY,M2,400,HPG,BONCAT,B,3.112579718
MOBY,M2,400,HPG,BONCAT,B,11.43859853
MOBY,M2,400,HPG,BONCAT,B,1.932196879
MOBY,M2,400,HPG,BONCAT,B,0.885083105
MOBY,M2,400,HPG,BONCAT,B,0.404312457
MOBY,M2,400,HPG,BONCAT,B,1.652906121
MOBY,M2,400,HPG,BONCAT,B,9.139589924
MOBY,M2,400,HPG,BONCAT,B,1.464179934
MOBY,M2,400,HPG,BONCAT,B,10.05937736
MOBY,M2,400,HPG,BONCAT,B,2.480766872
MOBY,M2,400,HPG,BONCAT,B,1.361228371
MOBY,M2,400,HPG,BONCAT,B,6.586514217
MOBY,M2,400,HPG,BONCAT,B,7.935007528
MOBY,M2,400,HPG,BONCAT,B,4.898251758
MOBY,M2,400,HPG,BONCAT,B,6.176765014
MOBY,M2,400,HPG,BONCAT,B,4.551116945
MOBY,M2,400,HPG,BONCAT,B,4.631962378
MOBY,M2,400,HPG,BONCAT,B,4.160183043
MOBY,M2,400,HPG,BONCAT,B,15.51253747
MOBY,M2,400,HPG,BONCAT,B,7.549266587
MOBY,M2,400,HPG,BONCAT,B,3.58632439
MOBY,M2,400,HPG,BONCAT,B,16.84657045
MOBY,M2,400,HPG,BONCAT,B,9.850636849
MOBY,M2,400,HPG,BONCAT,B,15.43024148
MOBY,M2,400,HPG,BONCAT,B,1.524510699
MOBY,M2,400,HPG,BONCAT,B,6.530605941
MOBY,M2,400,HPG,BONCAT,B,10.79508557
MOBY,M2,400,HPG,BONCAT,B,1.76224702
MOBY,M2,400,HPG,BONCAT,B,4.351552018
MOBY,M2,400,HPG,BONCAT,B,10.02697811
MOBY,M2,400,HPG,BONCAT,B,1.395963483
MOBY,M2,400,HPG,BONCAT,B,22.86395289
MOBY,M2,400,HPG,BONCAT,B,5.900459817
MOBY,M2,400,HPG,BONCAT,B,2.750220485
MOBY,M2,400,HPG,BONCAT,B,2.490410198
MOBY,M2,400,HPG,BONCAT,B,12.24518719
MOBY,M2,400,HPG,BONCAT,B,1.857707865
MOBY,M2,400,HPG,BONCAT,B,2.332708418
MOBY,M2,400,HPG,BONCAT,B,0.831055563
MOBY,M2,400,HPG,BONCAT,B,16.09023442
MOBY,M2,400,HPG,BONCAT,B,7.012125491
MOBY,M2,400,HPG,BONCAT,B,1.639951214
MOBY,M2,400,HPG,BONCAT,B,1.49545586
MOBY,M2,400,HPG,BONCAT,B,1.251240655
MOBY,M2,400,HPG,BONCAT,B,0.484792204
MOBY,M2,400,HPG,BONCAT,B,10.93238638
MOBY,M2,400,HPG,BONCAT,B,0.921893451
MOBY,M2,400,HPG,BONCAT,B,14.50128496
MOBY,M2,400,HPG,BONCAT,B,10.1033942
MOBY,M2,400,HPG,BONCAT,B,9.837717621
MOBY,M2,400,HPG,BONCAT,B,1.44276483
MOBY,M2,400,HPG,BONCAT,B,0.825910816
MOBY,M2,400,HPG,BONCAT,B,2.137626137
MOBY,M2,400,HPG,BONCAT,B,4.836096812
MOBY,M2,400,HPG,BONCAT,B,2.105203371
MOBY,M2,400,HPG,BONCAT,B,2.69198804
MOBY,M2,400,HPG,BONCAT,B,8.11333187
MOBY,M2,400,HPG,BONCAT,B,2.639098868
MOBY,M2,400,HPG,BONCAT,B,6.707662509
MOBY,M2,400,HPG,BONCAT,B,1.829717407
MOBY,M2,400,HPG,BONCAT,B,4.531030978
MOBY,M2,400,HPG,BONCAT,B,1.738814249
MOBY,M2,400,HPG,BONCAT,B,6.619886862
MOBY,M2,400,HPG,BONCAT,B,12.22462796
MOBY,M2,400,HPG,BONCAT,B,1.209681095
MOBY,M2,400,HPG,BONCAT,B,9.0431886
MOBY,M2,400,HPG,BONCAT,B,3.495024328
MOBY,M2,400,HPG,BONCAT,B,4.474214202
MOBY,M2,400,HPG,BONCAT,B,7.193769303
MOBY,M2,400,HPG,BONCAT,B,6.873087162
MOBY,M2,400,HPG,BONCAT,B,5.905553257
MOBY,M2,400,HPG,BONCAT,B,1.447609584
MOBY,M2,400,HPG,BONCAT,B,8.687468515
MOBY,M2,400,HPG,BONCAT,B,0.986839829
MOBY,M2,400,HPG,BONCAT,B,6.214706723
MOBY,M2,400,HPG,BONCAT,B,20.40563245
MOBY,M2,400,HPG,BONCAT,B,2.396309078
MOBY,M2,400,HPG,BONCAT,B,1.41705347
MOBY,M2,400,HPG,BONCAT,B,0.725904966
MOBY,M2,400,HPG,BONCAT,B,2.224796623
MOBY,M2,400,HPG,BONCAT,B,4.180295455
MOBY,M2,400,HPG,BONCAT,B,0.630161059
MOBY,M2,400,HPG,BONCAT,B,2.012839346
MOBY,M2,400,HPG,BONCAT,B,7.639434285
MOBY,M2,400,HPG,BONCAT,B,8.942735534
MOBY,M2,400,HPG,BONCAT,B,1.13804793
MOBY,M2,400,HPG,BONCAT,B,5.90377852
MOBY,M2,400,HPG,BONCAT,B,2.033819364
MOBY,M2,400,HPG,BONCAT,B,1.980640057
MOBY,M2,400,HPG,BONCAT,B,9.671089062
MOBY,M2,400,HPG,BONCAT,B,2.418167471
MOBY,M2,400,HPG,BONCAT,B,7.075984487
MOBY,M2,400,HPG,BONCAT,B,2.296746804
MOBY,M2,400,HPG,BONCAT,B,1.729441357
MOBY,M2,400,HPG,BONCAT,B,0.42143548
MOBY,M2,400,HPG,BONCAT,B,16.37744268
MOBY,M2,400,HPG,BONCAT,B,1.794485403
MOBY,M2,400,HPG,BONCAT,B,4.150550791
MOBY,M2,400,HPG,BONCAT,B,10.97663828
MOBY,M2,400,HPG,BONCAT,B,7.670178973
MOBY,M2,400,HPG,BONCAT,B,4.522224321
MOBY,M2,400,HPG,BONCAT,B,6.517678981
MOBY,M2,400,HPG,BONCAT,B,1.206698108
MOBY,M2,400,HPG,BONCAT,B,25.44500484
MOBY,M2,400,HPG,BONCAT,B,0.586010584
MOBY,M2,400,HPG,BONCAT,B,0.68164939
MOBY,M2,400,HPG,BONCAT,B,8.061162223
MOBY,M2,400,HPG,BONCAT,B,14.2262035
MOBY,M2,400,HPG,BONCAT,B,2.099513209
MOBY,M2,400,HPG,BONCAT,B,7.423858036
MOBY,M2,400,HPG,BONCAT,B,5.624058109
MOBY,M2,400,HPG,BONCAT,B,2.257746622
MOBY,M2,400,HPG,BONCAT,B,1.952720849
MOBY,M2,400,HPG,BONCAT,B,9.59510385
MOBY,M2,400,HPG,BONCAT,B,4.80974865
MOBY,M2,400,HPG,BONCAT,B,4.760113282
MOBY,M2,400,HPG,BONCAT,B,0.60328381
MOBY,M2,400,HPG,BONCAT,B,1.636155718
MOBY,M2,400,HPG,BONCAT,B,3.835286891
MOBY,M2,400,HPG,BONCAT,B,3.974725843
MOBY,M2,400,HPG,BONCAT,B,0.519109339
MOBY,M2,400,HPG,BONCAT,B,2.110267932
MOBY,M2,400,HPG,BONCAT,B,1.411970803
MOBY,M2,400,HPG,BONCAT,B,9.092865258
MOBY,M2,400,HPG,BONCAT,B,0.837256362
MOBY,M2,400,HPG,BONCAT,B,2.01734178
MOBY,M2,400,HPG,BONCAT,B,12.01969783
MOBY,M2,400,HPG,BONCAT,B,4.307005132
MOBY,M2,400,HPG,BONCAT,B,2.369650546
MOBY,M2,400,HPG,BONCAT,B,7.016629299
MOBY,M2,400,HPG,BONCAT,B,15.61815112
MOBY,M2,400,HPG,BONCAT,B,5.825270155
MOBY,M2,400,HPG,BONCAT,B,2.880292132
MOBY,M2,400,HPG,BONCAT,B,7.786829477
MOBY,M2,400,HPG,BONCAT,B,5.657634165
MOBY,M2,400,HPG,BONCAT,B,2.314348302
MOBY,M2,400,HPG,BONCAT,B,5.12635706
MOBY,M2,400,HPG,BONCAT,B,3.625025466
MOBY,M2,400,HPG,BONCAT,B,5.636290959
MOBY,M2,400,HPG,BONCAT,B,0.238979159
MOBY,M2,400,HPG,BONCAT,B,8.590280997
MOBY,M2,400,HPG,BONCAT,B,5.300189134
MOBY,M2,400,HPG,BONCAT,B,4.048875608
MOBY,M2,400,HPG,BONCAT,B,2.485486428
MOBY,M2,400,HPG,BONCAT,B,1.974897844
MOBY,M2,400,HPG,BONCAT,B,3.781221293
MOBY,M2,400,HPG,BONCAT,B,0.742031532
MOBY,M2,400,HPG,BONCAT,B,0.750639648
MOBY,M2,400,HPG,BONCAT,B,1.294845348
MOBY,M2,400,HPG,BONCAT,B,10.96606591
MOBY,M2,400,HPG,BONCAT,B,3.935801937
MOBY,M2,400,HPG,BONCAT,B,1.410084297
MOBY,M2,400,HPG,BONCAT,B,5.722176736
MOBY,M2,400,HPG,BONCAT,B,1.43311605
MOBY,M2,400,HPG,BONCAT,B,6.315748535
MOBY,M2,400,HPG,BONCAT,B,3.977323312
MOBY,M2,400,HPG,BONCAT,B,6.064428603
MOBY,M2,400,HPG,BONCAT,B,5.782676831
MOBY,M2,400,HPG,BONCAT,B,3.043099954
MOBY,M2,400,HPG,BONCAT,B,3.338118924
MOBY,M2,400,HPG,BONCAT,B,2.463314811
MOBY,M2,400,HPG,BONCAT,B,2.844719454
MOBY,M2,400,HPG,BONCAT,B,0.866643869
MOBY,M2,400,HPG,BONCAT,B,2.571845143
MOBY,M2,400,HPG,BONCAT,B,5.110909308
MOBY,M2,400,HPG,BONCAT,B,1.935771167
MOBY,M2,400,HPG,BONCAT,B,0.66046826
MOBY,M2,400,HPG,BONCAT,B,8.845792244
MOBY,M2,400,HPG,BONCAT,B,11.39240881
MOBY,M2,400,HPG,BONCAT,B,1.603717652
MOBY,M2,400,HPG,BONCAT,B,3.241458025
MOBY,M2,400,HPG,BONCAT,B,1.39730754
MOBY,M2,400,HPG,BONCAT,B,1.319378579
MOBY,M2,400,HPG,BONCAT,B,4.123598447
MOBY,M2,400,HPG,BONCAT,B,6.005421503
MOBY,M2,400,HPG,BONCAT,B,1.555489911
MOBY,M2,400,HPG,BONCAT,B,0.586843998
MOBY,M2,400,HPG,BONCAT,B,1.819006069
MOBY,M2,400,HPG,BONCAT,B,8.584415176
MOBY,M2,400,HPG,BONCAT,B,1.179458584
MOBY,M2,400,HPG,BONCAT,B,2.247274324
MOBY,M2,400,HPG,BONCAT,B,7.648763842
MOBY,M2,400,HPG,BONCAT,B,8.180098292
MOBY,M2,400,HPG,BONCAT,B,9.036434318
MOBY,M2,400,HPG,BONCAT,B,5.159133345
MOBY,M2,400,HPG,BONCAT,B,1.127992745
MOBY,M2,400,HPG,BONCAT,B,3.274093173
MOBY,M2,400,HPG,BONCAT,B,0.538462087
MOBY,M2,400,HPG,BONCAT,B,2.973823336
MOBY,M2,400,HPG,BONCAT,B,9.523004718
MOBY,M2,400,HPG,BONCAT,B,1.178119905
MOBY,M2,400,HPG,BONCAT,B,2.65716572
MOBY,M2,400,HPG,BONCAT,B,2.1215137
MOBY,M2,400,HPG,BONCAT,B,0.956254004
MOBY,M2,400,HPG,BONCAT,B,2.92574377
MOBY,M2,400,HPG,BONCAT,B,9.677431742
MOBY,M2,400,HPG,BONCAT,B,3.231066465
MOBY,M2,400,HPG,BONCAT,B,12.42087802
MOBY,M2,400,HPG,BONCAT,B,3.935294827
MOBY,M2,400,HPG,BONCAT,B,7.982364384
MOBY,M2,400,HPG,BONCAT,B,8.339414843
MOBY,M2,400,HPG,BONCAT,B,1.792224178
MOBY,M2,400,HPG,BONCAT,B,12.48954795
MOBY,M2,400,HPG,BONCAT,B,0.307130192
MOBY,M2,400,HPG,BONCAT,B,4.303500018
MOBY,M2,400,HPG,BONCAT,B,0.448953507
MOBY,M2,400,HPG,BONCAT,B,0.663899264
MOBY,M2,400,HPG,BONCAT,B,5.879954898
MOBY,M2,400,HPG,BONCAT,B,8.282711607
MOBY,M2,400,HPG,BONCAT,B,3.437241204
MOBY,M2,400,HPG,BONCAT,B,7.341935519
MOBY,M2,400,HPG,BONCAT,B,7.79406404
MOBY,M2,400,HPG,BONCAT,B,2.503752686
MOBY,M2,400,HPG,BONCAT,B,8.118211924
MOBY,M2,400,HPG,BONCAT,B,7.715530883
MOBY,M2,400,HPG,BONCAT,B,3.016517451
MOBY,M2,400,HPG,BONCAT,B,1.404129143
MOBY,M2,400,HPG,BONCAT,B,2.452079759
MOBY,M2,400,HPG,BONCAT,B,5.96749461
MOBY,M2,400,HPG,BONCAT,B,4.574477965
MOBY,M2,400,HPG,BONCAT,B,9.593050737
MOBY,M2,400,HPG,BONCAT,B,5.173528067
MOBY,M2,400,HPG,BONCAT,B,2.127121855
MOBY,M2,400,HPG,BONCAT,B,3.020066614
MOBY,M2,400,HPG,BONCAT,B,0.802346259
MOBY,M2,400,HPG,BONCAT,B,2.437034694
MOBY,M2,400,HPG,BONCAT,B,7.871826203
MOBY,M2,400,HPG,BONCAT,B,13.92705629
MOBY,M2,400,HPG,BONCAT,B,2.766561922
MOBY,M2,400,HPG,BONCAT,B,1.378142583
MOBY,M2,400,HPG,BONCAT,B,4.618635561
MOBY,M2,400,HPG,BONCAT,B,3.642260468
MOBY,M2,400,HPG,BONCAT,B,4.94341593
MOBY,M2,400,HPG,BONCAT,B,10.50011536
MOBY,M2,400,HPG,BONCAT,B,0.968030095
MOBY,M2,400,HPG,BONCAT,B,16.71585124
MOBY,M2,400,HPG,BONCAT,B,1.791643383
MOBY,M2,400,HPG,BONCAT,B,6.113496298
MOBY,M2,400,HPG,BONCAT,B,9.1442269
MOBY,M2,400,HPG,BONCAT,B,3.549717452
MOBY,M2,400,HPG,BONCAT,B,1.949756164
MOBY,M2,400,HPG,BONCAT,B,1.362387873
MOBY,M2,400,HPG,BONCAT,B,7.532482529
MOBY,M2,400,HPG,BONCAT,B,8.530462262
MOBY,M2,400,HPG,BONCAT,B,7.83681919
MOBY,M2,400,HPG,BONCAT,B,8.129523995
MOBY,M2,400,HPG,BONCAT,B,1.384125732
MOBY,M2,400,HPG,BONCAT,B,6.29030967
MOBY,M2,400,HPG,BONCAT,B,0.91433076
MOBY,M2,400,HPG,BONCAT,B,3.578434852
MOBY,M2,400,HPG,BONCAT,B,3.817147727
MOBY,M2,400,HPG,BONCAT,B,0.924137369
MOBY,M2,400,HPG,BONCAT,B,2.302370374
MOBY,M2,400,HPG,BONCAT,B,8.867496111
MOBY,M2,400,HPG,BONCAT,B,0.508614977
MOBY,M2,400,HPG,BONCAT,B,1.027410859
MOBY,M2,400,HPG,BONCAT,B,9.710988023
MOBY,M2,400,HPG,BONCAT,B,0.457639313
MOBY,M2,400,HPG,BONCAT,B,10.50979861
MOBY,M2,400,HPG,BONCAT,B,2.420075237
MOBY,M2,400,HPG,BONCAT,B,1.138154252
MOBY,M2,400,HPG,BONCAT,B,1.921785944
MOBY,M2,400,HPG,BONCAT,B,14.94401961
MOBY,M2,400,HPG,BONCAT,B,6.438892505
MOBY,M2,400,HPG,BONCAT,B,5.592994906
MOBY,M2,400,HPG,BONCAT,B,2.637938025
MOBY,M2,400,HPG,BONCAT,B,4.075680913
MOBY,M2,400,HPG,BONCAT,B,8.787912668
MOBY,M2,400,HPG,BONCAT,B,6.351295949
MOBY,M2,400,HPG,BONCAT,B,0.586581131
MOBY,M2,400,HPG,BONCAT,B,5.349225869
MOBY,M2,400,HPG,BONCAT,B,3.616599274
MOBY,M2,400,HPG,BONCAT,B,0.77940973
MOBY,M2,400,HPG,BONCAT,B,5.500264388
MOBY,M2,400,HPG,BONCAT,B,1.458070259
MOBY,M2,400,HPG,BONCAT,B,10.86973088
MOBY,M2,400,HPG,BONCAT,B,1.726187829
MOBY,M2,400,HPG,BONCAT,B,5.324430645
MOBY,M2,400,HPG,BONCAT,B,1.46909938
MOBY,M2,400,HPG,BONCAT,B,0.341739465
MOBY,M2,400,HPG,BONCAT,B,17.35024611
MOBY,M2,400,HPG,BONCAT,B,4.251954651
MOBY,M2,400,HPG,BONCAT,B,0.661721555
MOBY,M2,400,HPG,BONCAT,B,3.24451897
MOBY,M2,400,HPG,BONCAT,B,0.661148573
MOBY,M2,400,HPG,BONCAT,B,10.32931556
MOBY,M2,400,HPG,BONCAT,B,1.702007465
MOBY,M2,400,HPG,BONCAT,B,5.694654801
MOBY,M2,400,HPG,BONCAT,B,5.418363003
MOBY,M2,400,HPG,BONCAT,B,11.49777383
MOBY,M2,400,HPG,BONCAT,B,3.014506632
MOBY,M2,400,HPG,BONCAT,B,8.981667054
MOBY,M2,400,HPG,BONCAT,B,10.80140618
MOBY,M2,400,HPG,BONCAT,B,8.965253987
MOBY,M2,400,HPG,BONCAT,B,3.220975093
MOBY,M2,400,HPG,BONCAT,B,6.92871352
MOBY,M2,400,HPG,BONCAT,B,2.866909564
MOBY,M2,400,HPG,BONCAT,B,1.649621164
MOBY,M2,400,HPG,BONCAT,B,7.149640247
MOBY,M2,400,HPG,BONCAT,B,4.372471107
MOBY,M2,400,HPG,BONCAT,B,0.589560845
MOBY,M2,400,HPG,BONCAT,B,3.516749418
MOBY,M2,400,HPG,BONCAT,B,0.326129838
MOBY,M2,400,HPG,BONCAT,B,2.55838183
MOBY,M2,400,HPG,BONCAT,B,4.174757062
MOBY,M2,400,HPG,BONCAT,B,1.956079987
MOBY,M2,400,HPG,BONCAT,B,6.977982028
MOBY,M2,400,HPG,BONCAT,B,0.471656645
MOBY,M2,400,HPG,BONCAT,B,2.000794899
MOBY,M2,400,HPG,BONCAT,B,7.36607137
MOBY,M2,400,HPG,BONCAT,B,5.830714516
MOBY,M2,400,HPG,BONCAT,B,6.770366888
MOBY,M2,400,HPG,BONCAT,B,2.343190172
MOBY,M2,400,HPG,BONCAT,B,3.360479478
MOBY,M2,400,HPG,BONCAT,B,6.626393994
MOBY,M2,400,HPG,BONCAT,B,3.7118314
MOBY,M2,400,HPG,BONCAT,B,9.39967664
MOBY,M2,400,HPG,BONCAT,B,8.866204903
MOBY,M2,400,HPG,BONCAT,B,7.279007689
MOBY,M2,400,HPG,BONCAT,B,2.471497011
MOBY,M2,400,HPG,BONCAT,B,0.621583549
MOBY,M2,400,HPG,BONCAT,B,0.396668327
MOBY,M2,400,HPG,BONCAT,B,2.052619793
MOBY,M2,400,HPG,BONCAT,B,1.923198685
MOBY,M2,400,HPG,BONCAT,B,5.339230122
MOBY,M2,400,HPG,BONCAT,B,4.851954455
MOBY,M2,400,HPG,BONCAT,B,0.40512009
MOBY,M2,400,HPG,BONCAT,B,8.101981312
MOBY,M2,400,HPG,BONCAT,B,1.033734189
MOBY,M2,400,HPG,BONCAT,B,6.771209366
MOBY,M2,400,HPG,BONCAT,B,1.635650267
MOBY,M2,400,HPG,BONCAT,B,5.259337992
MOBY,M2,400,HPG,BONCAT,B,4.379211594
MOBY,M2,400,HPG,BONCAT,B,10.21621296
MOBY,M2,400,HPG,BONCAT,B,7.380515646
MOBY,M2,400,HPG,BONCAT,B,1.312773051
MOBY,M2,400,HPG,BONCAT,B,1.771423133
MOBY,M2,400,HPG,BONCAT,B,8.430041012
MOBY,M2,400,HPG,BONCAT,B,2.160233871
MOBY,M2,400,HPG,BONCAT,B,4.150105395
MOBY,M2,400,HPG,BONCAT,B,7.651838641
MOBY,M2,400,HPG,BONCAT,B,1.04518111
MOBY,M2,400,HPG,BONCAT,B,5.449950729
MOBY,M2,400,HPG,BONCAT,B,2.46493472
MOBY,M2,400,HPG,BONCAT,B,1.594844562
MOBY,M2,400,HPG,BONCAT,B,4.349787405
MOBY,M2,400,HPG,BONCAT,B,5.874100115
MOBY,M2,400,HPG,BONCAT,B,5.89022421
MOBY,M2,400,HPG,BONCAT,B,6.322444497
MOBY,M2,400,HPG,BONCAT,B,9.228666519
MOBY,M2,400,HPG,BONCAT,B,1.800399577
MOBY,M2,400,HPG,BONCAT,B,0.33950949
MOBY,M2,400,HPG,BONCAT,B,8.839339743
MOBY,M2,400,HPG,BONCAT,B,0.523662941
MOBY,M2,400,HPG,BONCAT,B,7.271053988
MOBY,M2,400,HPG,BONCAT,B,0.987414559
MOBY,M2,400,HPG,BONCAT,B,4.669380626
MOBY,M2,400,HPG,BONCAT,B,0.624811644
MOBY,M2,400,HPG,BONCAT,B,0.786044935
MOBY,M2,400,HPG,BONCAT,B,7.265780306
MOBY,M2,400,HPG,BONCAT,B,1.603404789
MOBY,M2,400,HPG,BONCAT,B,4.244333868
MOBY,M2,400,HPG,BONCAT,B,3.973979935
MOBY,M2,400,HPG,BONCAT,B,9.010177177
MOBY,M2,400,HPG,BONCAT,B,1.699883442
MOBY,M2,400,HPG,BONCAT,B,7.510557218
MOBY,M2,400,HPG,BONCAT,B,6.539345956
MOBY,M2,400,HPG,BONCAT,B,0.714484983
MOBY,M2,400,HPG,BONCAT,B,1.143383066
MOBY,M2,400,HPG,BONCAT,B,3.040987637
MOBY,M2,400,HPG,BONCAT,B,20.45461541
MOBY,M2,400,HPG,BONCAT,B,3.839944202
MOBY,M2,400,HPG,BONCAT,B,0.878212713
MOBY,M2,400,HPG,BONCAT,B,9.810343434
MOBY,M2,400,HPG,BONCAT,B,3.476775961
MOBY,M2,400,HPG,BONCAT,B,5.066833082
MOBY,M2,400,HPG,BONCAT,B,9.329143226
MOBY,M2,400,HPG,BONCAT,B,5.122936121
MOBY,M2,400,HPG,BONCAT,B,2.492674483
MOBY,M2,400,HPG,BONCAT,B,1.61146508
MOBY,M2,400,HPG,BONCAT,B,0.341739465
MOBY,M2,400,HPG,BONCAT,B,4.654890427
MOBY,M2,400,HPG,BONCAT,B,2.780441329
MOBY,M2,400,HPG,BONCAT,B,0.303809866
MOBY,M2,400,HPG,BONCAT,B,7.448524401
MOBY,M2,400,HPG,BONCAT,B,5.602054705
MOBY,M2,400,HPG,BONCAT,B,0.823573761
MOBY,M2,400,HPG,BONCAT,B,10.53591364
MOBY,M2,400,HPG,BONCAT,B,5.101258905
MOBY,M2,400,HPG,BONCAT,B,4.100477642
MOBY,M2,400,HPG,BONCAT,B,3.405891744
MOBY,M2,400,HPG,BONCAT,B,7.851621884
MOBY,M2,400,HPG,BONCAT,B,5.297200397
MOBY,M2,400,HPG,BONCAT,B,4.60487244
MOBY,M2,400,HPG,BONCAT,B,0.262000088
MOBY,M2,400,HPG,BONCAT,B,8.671797401
MOBY,M2,400,HPG,BONCAT,B,4.748450437
MOBY,M2,400,HPG,BONCAT,B,8.569827078
MOBY,M2,400,HPG,BONCAT,B,7.244344987
MOBY,M2,400,HPG,BONCAT,B,3.957063005
MOBY,M2,400,HPG,BONCAT,B,2.524634812
MOBY,M2,400,HPG,BONCAT,B,7.123857248
MOBY,M2,400,HPG,BONCAT,B,5.118071267
MOBY,M2,400,HPG,BONCAT,B,1.545105775
MOBY,M2,400,HPG,BONCAT,B,10.64166037
MOBY,M2,400,HPG,BONCAT,B,14.66701497
MOBY,M2,400,HPG,BONCAT,B,1.134685423
MOBY,M2,400,HPG,BONCAT,B,0.844877429
MOBY,M2,400,HPG,BONCAT,B,4.43991337
MOBY,M2,400,HPG,BONCAT,B,8.000946377
MOBY,M2,400,HPG,BONCAT,B,11.00694518
MOBY,M2,400,HPG,BONCAT,B,1.990026561
MOBY,M2,400,HPG,BONCAT,B,8.316994228
MOBY,M2,400,HPG,BONCAT,B,1.349482871
MOBY,M2,400,HPG,BONCAT,B,9.792062956
MOBY,M2,400,HPG,BONCAT,B,7.903074282
MOBY,M2,400,HPG,BONCAT,B,7.770036004
MOBY,M2,400,HPG,BONCAT,B,1.697848905
MOBY,M2,400,HPG,BONCAT,B,8.10864289
MOBY,M2,400,HPG,BONCAT,B,2.605651998
MOBY,M2,400,HPG,BONCAT,B,3.11984412
MOBY,M2,400,HPG,BONCAT,B,3.413271044
MOBY,M2,400,HPG,BONCAT,B,8.087328756
MOBY,M2,400,HPG,BONCAT,B,5.477952857
MOBY,M2,400,HPG,BONCAT,B,2.880103124
MOBY,M2,400,HPG,BONCAT,B,0.436109803
MOBY,M2,400,HPG,BONCAT,B,1.72834057
MOBY,M2,400,HPG,BONCAT,B,2.84447555
MOBY,M2,400,HPG,BONCAT,B,8.586176277
MOBY,M2,400,HPG,BONCAT,B,1.436785822
MOBY,M2,400,HPG,BONCAT,B,6.981755454
MOBY,M2,400,HPG,BONCAT,B,0.288868397
MOBY,M2,400,HPG,BONCAT,B,7.131475405
MOBY,M2,400,HPG,BONCAT,B,13.70567818
MOBY,M2,400,HPG,BONCAT,B,2.670272899
MOBY,M2,400,HPG,BONCAT,B,6.155860268
MOBY,M2,400,HPG,BONCAT,B,7.69784473
MOBY,M2,400,HPG,BONCAT,B,1.036626049
MOBY,M2,400,HPG,BONCAT,B,2.524644882
MOBY,M2,400,HPG,BONCAT,B,4.113447457
MOBY,M2,400,HPG,BONCAT,B,1.370740056
MOBY,M2,400,HPG,BONCAT,B,5.323803856
MOBY,M2,400,HPG,BONCAT,B,11.45503887
MOBY,M2,400,HPG,BONCAT,B,2.002654137
MOBY,M2,400,HPG,BONCAT,B,7.270470171
MOBY,M2,400,HPG,BONCAT,B,10.68818054
MOBY,M2,400,HPG,BONCAT,B,7.805164172
MOBY,M2,400,HPG,BONCAT,B,1.008224284
MOBY,M2,400,HPG,BONCAT,B,1.383112799
MOBY,M2,400,HPG,BONCAT,B,6.880079179
MOBY,M2,400,HPG,BONCAT,B,8.081091442
MOBY,M2,400,HPG,BONCAT,B,0.711933319
MOBY,M2,400,HPG,BONCAT,B,5.433983295
MOBY,M2,400,HPG,BONCAT,B,9.32429248
MOBY,M2,400,HPG,BONCAT,B,3.196820088
MOBY,M2,400,HPG,BONCAT,B,6.345018053
MOBY,M2,400,HPG,BONCAT,B,3.455916225
MOBY,M2,400,HPG,BONCAT,B,4.822867068
MOBY,M2,400,HPG,BONCAT,B,6.274765495
MOBY,M2,400,HPG,BONCAT,B,0.837386318
MOBY,M2,400,HPG,BONCAT,B,5.045722181
MOBY,M2,400,HPG,BONCAT,B,4.091257937
MOBY,M2,400,HPG,BONCAT,B,2.268624082
MOBY,M2,400,HPG,BONCAT,B,7.46729428
MOBY,M2,400,HPG,BONCAT,B,0.726536676
MOBY,M2,400,HPG,BONCAT,B,0.41695252
MOBY,M2,400,HPG,BONCAT,B,1.268432783
MOBY,M2,400,HPG,BONCAT,B,3.496865456
MOBY,M2,400,HPG,BONCAT,B,16.77935606
MOBY,M2,400,HPG,BONCAT,B,0.973170922
MOBY,M2,400,HPG,BONCAT,B,3.823899057
MOBY,M2,400,HPG,BONCAT,B,0.610718703
MOBY,M2,400,HPG,BONCAT,B,2.318332883
MOBY,M2,400,HPG,BONCAT,B,1.586603784
MOBY,M2,400,HPG,BONCAT,B,2.703377084
MOBY,M2,400,HPG,BONCAT,B,3.64793194
MOBY,M2,400,HPG,BONCAT,B,3.639935118
MOBY,M2,400,HPG,BONCAT,B,6.996142295
MOBY,M2,400,HPG,BONCAT,B,3.706445536
MOBY,M2,400,HPG,BONCAT,B,0.838537365
MOBY,M2,400,HPG,BONCAT,B,2.118335944
MOBY,M2,400,HPG,BONCAT,B,3.609461015
MOBY,M2,400,HPG,BONCAT,B,8.083351359
MOBY,M2,400,HPG,BONCAT,B,10.01431348
MOBY,M2,400,HPG,BONCAT,B,5.642656099
MOBY,M2,400,HPG,BONCAT,B,1.896729397
MOBY,M2,400,HPG,BONCAT,B,10.37532566
MOBY,M2,400,HPG,BONCAT,B,1.375374907
MOBY,M2,400,HPG,BONCAT,B,1.015731143
MOBY,M2,400,HPG,BONCAT,B,12.4689392
MOBY,M2,400,HPG,BONCAT,B,0.303809866
MOBY,M2,400,HPG,BONCAT,B,1.339336662
MOBY,M2,400,HPG,BONCAT,B,1.272165892
MOBY,M2,400,HPG,BONCAT,B,0.2329499
MOBY,M2,400,HPG,BONCAT,B,7.159209428
MOBY,M2,400,HPG,BONCAT,B,0.235142337
MOBY,M2,400,HPG,BONCAT,B,0.347675067
MOBY,M2,400,HPG,BONCAT,B,3.951329731
MOBY,M2,400,HPG,BONCAT,B,1.247918068
MOBY,M2,400,HPG,BONCAT,B,0.751768441
MOBY,M2,400,HPG,BONCAT,B,4.829895505
MOBY,M2,400,HPG,BONCAT,B,4.694958325
MOBY,M2,400,HPG,BONCAT,B,11.07504806
MOBY,M2,400,HPG,BONCAT,B,7.100596783
MOBY,M2,400,HPG,BONCAT,B,5.956959081
MOBY,M2,400,HPG,BONCAT,B,5.788638543
MOBY,M2,400,HPG,BONCAT,B,0.500894932
MOBY,M2,400,HPG,BONCAT,B,8.697867217
MOBY,M2,400,HPG,BONCAT,B,1.868894759
MOBY,M2,400,HPG,BONCAT,B,2.047801693
MOBY,M2,400,HPG,BONCAT,B,4.72210918
MOBY,M2,400,HPG,BONCAT,B,2.235082888
MOBY,M2,400,HPG,BONCAT,B,11.39175593
MOBY,M2,400,HPG,BONCAT,B,5.057996911
MOBY,M2,400,HPG,BONCAT,B,4.732322003
MOBY,M2,400,HPG,BONCAT,B,0.296583026
MOBY,M2,400,HPG,BONCAT,B,2.843941199
MOBY,M2,400,HPG,BONCAT,B,4.281057888
MOBY,M2,400,HPG,BONCAT,B,4.91157822
MOBY,M2,400,HPG,BONCAT,B,2.61799111
MOBY,M2,400,HPG,BONCAT,B,2.792837214
MOBY,M2,400,HPG,BONCAT,B,2.411464523
MOBY,M2,400,HPG,BONCAT,B,1.468820892
MOBY,M2,400,HPG,BONCAT,B,1.389307575
MOBY,M2,400,HPG,BONCAT,B,7.35199236
MOBY,M2,400,HPG,BONCAT,B,3.598249084
MOBY,M2,400,HPG,BONCAT,B,17.52519874
MOBY,M2,400,HPG,BONCAT,B,7.239337286
MOBY,M2,400,HPG,BONCAT,B,0.614721541
MOBY,M2,400,HPG,BONCAT,B,4.861987212
MOBY,M2,400,HPG,BONCAT,B,1.1788782
MOBY,M2,400,HPG,BONCAT,B,0.818817005
MOBY,M2,400,HPG,BONCAT,B,9.515753863
MOBY,M2,400,HPG,BONCAT,B,5.078688359
MOBY,M2,400,HPG,BONCAT,B,0.413008335
MOBY,M2,400,HPG,BONCAT,B,8.352483736
MOBY,M2,400,HPG,BONCAT,B,1.535891397
MOBY,M2,400,HPG,BONCAT,B,4.787084279
MOBY,M2,400,HPG,BONCAT,B,3.037273092
MOBY,M2,400,HPG,BONCAT,B,3.166188025
MOBY,M2,400,HPG,BONCAT,B,11.23442464
MOBY,M2,400,HPG,BONCAT,B,5.709969829
MOBY,M2,400,HPG,BONCAT,B,7.224873531
MOBY,M2,400,HPG,BONCAT,B,8.644707433
MOBY,M2,400,HPG,BONCAT,B,1.747870588
MOBY,M2,400,HPG,BONCAT,B,5.972599501
MOBY,M2,400,HPG,BONCAT,B,2.962796063
MOBY,M2,400,HPG,BONCAT,B,1.61181604
MOBY,M2,400,HPG,BONCAT,B,1.878786082
MOBY,M2,400,HPG,BONCAT,B,4.737711173
MOBY,M2,400,HPG,BONCAT,B,2.346179528
MOBY,M2,400,HPG,BONCAT,B,7.416362096
MOBY,M2,400,HPG,BONCAT,B,2.183144492
MOBY,M2,400,HPG,BONCAT,B,4.705392473
MOBY,M2,400,HPG,BONCAT,B,5.434757447
MOBY,M2,400,HPG,BONCAT,B,3.341652371
MOBY,M2,400,HPG,BONCAT,B,0.708172378
MOBY,M2,400,HPG,BONCAT,B,35.23963428
MOBY,M2,400,HPG,BONCAT,B,2.950430973
MOBY,M2,400,HPG,BONCAT,B,5.662783534
MOBY,M2,400,HPG,BONCAT,B,6.557497073
MOBY,M2,400,HPG,BONCAT,B,7.216812486
MOBY,M2,400,HPG,BONCAT,B,5.213624506
MOBY,M2,400,HPG,BONCAT,B,1.410474655
MOBY,M2,400,HPG,BONCAT,B,0.742605358
MOBY,M2,400,HPG,BONCAT,B,4.580497495
MOBY,M2,400,HPG,BONCAT,B,8.532509531
MOBY,M2,400,HPG,BONCAT,B,7.034145482
MOBY,M2,400,HPG,BONCAT,B,8.751894535
MOBY,M2,400,HPG,BONCAT,B,7.653198824
MOBY,M2,400,HPG,BONCAT,B,1.098350627
MOBY,M2,400,HPG,BONCAT,B,11.68955131
MOBY,M2,400,HPG,BONCAT,B,8.274922151
MOBY,M2,400,HPG,BONCAT,B,3.889055666
MOBY,M2,400,HPG,BONCAT,B,3.11783578
MOBY,M2,400,HPG,BONCAT,B,10.06973371
MOBY,M2,400,HPG,BONCAT,B,4.908587713
MOBY,M2,400,HPG,BONCAT,B,1.273222692
MOBY,M2,400,HPG,BONCAT,B,1.913462954
MOBY,M2,400,HPG,BONCAT,B,1.946614123
MOBY,M2,400,HPG,BONCAT,B,1.49340903
MOBY,M2,400,HPG,BONCAT,B,9.272589656
MOBY,M2,400,HPG,BONCAT,B,3.097763338
MOBY,M2,400,HPG,BONCAT,B,8.257304233
MOBY,M2,400,HPG,BONCAT,B,1.559557311
MOBY,M2,400,HPG,BONCAT,B,3.998894868
MOBY,M2,400,HPG,BONCAT,B,1.639766666
MOBY,M2,400,HPG,BONCAT,B,2.96788491
MOBY,M2,400,HPG,BONCAT,B,0.37851721
MOBY,M2,400,HPG,BONCAT,B,7.282990369
MOBY,M2,400,HPG,BONCAT,B,3.325840682
MOBY,M2,400,HPG,BONCAT,B,8.569646836
MOBY,M2,400,HPG,BONCAT,B,8.178185282
MOBY,M2,400,HPG,BONCAT,B,7.931791239
MOBY,M2,400,HPG,BONCAT,B,5.417338395
MOBY,M2,400,HPG,BONCAT,B,0.569768011
MOBY,M2,400,HPG,BONCAT,B,2.000933612
MOBY,M2,400,HPG,BONCAT,B,4.859441629
MOBY,M2,400,HPG,BONCAT,B,1.720756369
MOBY,M2,400,HPG,BONCAT,B,2.068629542
MOBY,M2,400,HPG,BONCAT,B,8.705120846
MOBY,M2,400,HPG,BONCAT,B,3.61671733
MOBY,M2,400,HPG,BONCAT,B,1.24238098
MOBY,M2,400,HPG,BONCAT,B,7.316239174
MOBY,M2,400,HPG,BONCAT,B,4.66512323
MOBY,M2,400,HPG,BONCAT,B,5.430003005
MOBY,M2,400,HPG,BONCAT,B,6.732163065
MOBY,M2,400,HPG,BONCAT,B,12.66877829
MOBY,M2,400,HPG,BONCAT,B,1.330764896
MOBY,M2,400,HPG,BONCAT,B,5.361312535
MOBY,M2,400,HPG,BONCAT,B,17.01532299
MOBY,M2,400,HPG,BONCAT,B,9.145184984
MOBY,M2,400,HPG,BONCAT,B,6.801149206
MOBY,M2,400,HPG,BONCAT,B,6.839145015
MOBY,M2,400,HPG,BONCAT,B,2.036161832
MOBY,M2,400,HPG,BONCAT,B,6.218579552
MOBY,M2,400,HPG,BONCAT,B,11.8169811
MOBY,M2,400,HPG,BONCAT,B,0.541468573
MOBY,M2,400,HPG,BONCAT,B,3.480643713
MOBY,M2,400,HPG,BONCAT,B,5.516828832
MOBY,M2,400,HPG,BONCAT,B,2.430700281
MOBY,M2,400,HPG,BONCAT,B,8.940107783
MOBY,M2,400,HPG,BONCAT,B,5.610232005
MOBY,M2,400,HPG,BONCAT,B,1.672903556
MOBY,M2,400,HPG,BONCAT,B,4.397440286
MOBY,M2,400,HPG,BONCAT,B,6.399602655
MOBY,M2,400,HPG,BONCAT,B,0.745474696
MOBY,M2,400,HPG,BONCAT,B,6.403813921
MOBY,M2,400,HPG,BONCAT,B,2.74477997
MOBY,M2,400,HPG,BONCAT,B,5.525286397
MOBY,M2,400,HPG,BONCAT,B,7.75957066
MOBY,M2,400,HPG,BONCAT,B,1.106911663
MOBY,M2,400,HPG,BONCAT,B,3.114276537
MOBY,M2,400,HPG,BONCAT,B,1.313933332
MOBY,M2,400,HPG,BONCAT,B,1.081983697
MOBY,M2,400,HPG,BONCAT,B,2.216638519
MOBY,M2,400,HPG,BONCAT,B,7.709586732
MOBY,M2,400,HPG,BONCAT,B,2.167314796
MOBY,M2,400,HPG,BONCAT,B,2.126499006
MOBY,M2,400,HPG,BONCAT,B,1.87045054
MOBY,M2,400,HPG,BONCAT,B,7.293718683
MOBY,M2,400,HPG,BONCAT,B,1.819006069
MOBY,M2,400,HPG,BONCAT,B,3.625295696
MOBY,M2,400,HPG,BONCAT,B,1.023815474
MOBY,M2,400,HPG,BONCAT,B,9.048284283
MOBY,M2,400,HPG,BONCAT,B,0.640217958
MOBY,M2,400,HPG,BONCAT,B,4.194690531
MOBY,M2,400,HPG,BONCAT,B,5.685380512
MOBY,M2,400,HPG,BONCAT,B,7.813402979
MOBY,M2,400,HPG,BONCAT,B,6.534986824
MOBY,M2,400,HPG,BONCAT,B,10.42760238
MOBY,M2,400,HPG,BONCAT,B,1.154231632
MOBY,M2,400,HPG,BONCAT,B,10.6048564
MOBY,M2,400,HPG,BONCAT,B,3.811330161
MOBY,M2,400,HPG,BONCAT,B,4.181463974
MOBY,M2,400,HPG,BONCAT,B,1.519786096
MOBY,M2,400,HPG,BONCAT,B,6.128637753
MOBY,M2,400,HPG,BONCAT,B,0.723093305
MOBY,M2,400,HPG,BONCAT,B,2.568883412
MOBY,M2,400,HPG,BONCAT,B,2.678698913
MOBY,M2,400,HPG,BONCAT,B,8.912184487
MOBY,M2,400,HPG,BONCAT,B,2.053584987
MOBY,M2,400,HPG,BONCAT,B,0.449154034
MOBY,M2,400,HPG,BONCAT,B,0.639882236
MOBY,M2,400,HPG,BONCAT,B,2.830403741
MOBY,M2,400,HPG,BONCAT,B,4.136578857
MOBY,M2,400,HPG,BONCAT,B,1.604799972
MOBY,M2,400,HPG,BONCAT,B,4.401332388
MOBY,M2,400,HPG,BONCAT,B,0.747196484
MOBY,M2,400,HPG,BONCAT,B,0.705876867
MOBY,M2,400,HPG,BONCAT,B,2.509229238
MOBY,M2,400,HPG,BONCAT,B,5.34872416
MOBY,M2,400,HPG,BONCAT,B,0.591716569
MOBY,M2,400,HPG,BONCAT,B,5.961071062
MOBY,M2,400,HPG,BONCAT,B,0.461033424
MOBY,M2,400,HPG,BONCAT,B,4.422563086
MOBY,M2,400,HPG,BONCAT,B,9.419444269
MOBY,M2,400,HPG,BONCAT,B,1.801722395
MOBY,M2,400,HPG,BONCAT,B,3.336947513
MOBY,M2,400,HPG,BONCAT,B,9.392601481
MOBY,M2,400,HPG,BONCAT,B,13.54360608
MOBY,M2,400,HPG,BONCAT,B,1.046148674
MOBY,M2,400,HPG,BONCAT,B,3.420780501
MOBY,M2,400,HPG,BONCAT,B,0.95759548
MOBY,M2,400,HPG,BONCAT,B,1.664538208
MOBY,M2,400,HPG,BONCAT,B,4.243867871
MOBY,M2,400,HPG,BONCAT,B,1.579716465
MOBY,M2,400,HPG,BONCAT,B,6.573519965
MOBY,M2,400,HPG,BONCAT,B,7.000303918
MOBY,M2,400,HPG,BONCAT,B,4.485600619
MOBY,M2,400,HPG,BONCAT,B,2.472575633
MOBY,M2,400,HPG,BONCAT,B,9.343280173
MOBY,M2,400,HPG,BONCAT,B,3.74565555
MOBY,M2,400,HPG,BONCAT,B,6.049722242
MOBY,M2,400,HPG,BONCAT,B,6.987505757
MOBY,M2,400,HPG,BONCAT,B,13.14366958
MOBY,M2,400,HPG,BONCAT,B,9.050398637
MOBY,M2,400,HPG,BONCAT,B,2.174100386
MOBY,M2,400,HPG,BONCAT,B,1.526589982
MOBY,M2,400,HPG,BONCAT,B,1.803461626
MOBY,M2,400,HPG,BONCAT,B,10.21486538
MOBY,M2,400,HPG,BONCAT,B,1.940495889
MOBY,M2,400,HPG,BONCAT,B,7.226757056
MOBY,M2,400,HPG,BONCAT,B,2.961359834
MOBY,M2,400,HPG,BONCAT,B,1.652235722
MOBY,M2,400,HPG,BONCAT,B,1.126834111
MOBY,M2,400,HPG,BONCAT,B,4.571584765
MOBY,M2,400,HPG,BONCAT,B,5.430003005
MOBY,M2,400,HPG,BONCAT,B,9.126628107
MOBY,M2,400,HPG,BONCAT,B,7.224052746
MOBY,M2,400,HPG,BONCAT,B,2.943362219
MOBY,M2,400,HPG,BONCAT,B,0.648488463
MOBY,M2,400,HPG,BONCAT,B,4.246176398
MOBY,M2,400,HPG,BONCAT,B,4.148305129
MOBY,M2,400,HPG,BONCAT,B,1.845781884
MOBY,M2,400,HPG,BONCAT,B,3.10712049
MOBY,M2,400,HPG,BONCAT,B,6.874238563
MOBY,M2,400,HPG,BONCAT,B,0.255111745
MOBY,M2,400,HPG,BONCAT,B,9.810495903
MOBY,M2,400,HPG,BONCAT,B,1.72576026
MOBY,M2,400,HPG,BONCAT,B,6.328925804
MOBY,M2,400,HPG,BONCAT,B,5.21439916
MOBY,M2,400,HPG,BONCAT,B,9.080428643
MOBY,M2,400,HPG,BONCAT,B,6.863850516
MOBY,M2,400,HPG,BONCAT,B,4.213925551
MOBY,M2,400,HPG,BONCAT,B,1.036626049
MOBY,M2,400,HPG,BONCAT,B,5.700771698
MOBY,M2,400,HPG,BONCAT,B,2.5024145
MOBY,M2,400,HPG,BONCAT,B,7.975241709
MOBY,M2,400,HPG,BONCAT,B,2.547361032
MOBY,M2,400,HPG,BONCAT,B,1.790003809
MOBY,M2,400,HPG,BONCAT,B,12.08837658
MOBY,M2,400,HPG,BONCAT,B,9.126628107
MOBY,M2,400,HPG,BONCAT,B,3.767871987
MOBY,M2,400,HPG,BONCAT,B,0.749906786
MOBY,M2,400,HPG,BONCAT,B,7.016210614
MOBY,M2,400,HPG,BONCAT,B,1.021809085
MOBY,M2,400,HPG,BONCAT,B,9.593852397
MOBY,M2,400,HPG,BONCAT,B,6.231104443
MOBY,M2,400,HPG,BONCAT,B,1.019493463
MOBY,M2,400,HPG,BONCAT,B,0.530091311
MOBY,M2,400,HPG,BONCAT,B,4.007028782
MOBY,M2,400,HPG,BONCAT,B,7.938292585
MOBY,M2,400,HPG,BONCAT,B,2.464426678
MOBY,M2,400,HPG,BONCAT,B,7.359610162
MOBY,M2,400,HPG,BONCAT,B,0.962919159
MOBY,M2,400,HPG,BONCAT,B,3.065269257
MOBY,M2,400,HPG,BONCAT,B,0.463142959
MOBY,M2,400,HPG,BONCAT,B,1.0027046
MOBY,M2,400,HPG,BONCAT,B,7.928273463
MOBY,M2,400,HPG,BONCAT,B,4.101890596
MOBY,M2,400,HPG,BONCAT,B,4.260780817
MOBY,M2,400,HPG,BONCAT,B,6.81018318
MOBY,M2,400,HPG,BONCAT,B,2.3506625
MOBY,M2,400,HPG,BONCAT,B,3.585509804
MOBY,M2,400,HPG,BONCAT,B,6.07151167
MOBY,M2,400,HPG,BONCAT,B,1.756469578
MOBY,M2,400,HPG,BONCAT,B,4.487093792
MOBY,M2,400,HPG,BONCAT,B,9.392175447
MOBY,M2,400,HPG,BONCAT,B,1.172726895
MOBY,M2,400,HPG,BONCAT,B,1.455383563
MOBY,M2,400,HPG,BONCAT,B,3.607114179
MOBY,M2,400,HPG,BONCAT,B,8.595230586
MOBY,M2,400,HPG,BONCAT,B,7.47231727
MOBY,M2,400,HPG,BONCAT,B,3.151875176
MOBY,M2,400,HPG,BONCAT,B,2.649592991
MOBY,M2,400,HPG,BONCAT,B,7.839751348
MOBY,M2,400,HPG,BONCAT,B,0.624411074
MOBY,M2,400,HPG,BONCAT,B,5.529906668
MOBY,M2,400,HPG,BONCAT,B,7.801099738
MOBY,M2,400,HPG,BONCAT,B,2.361008504
MOBY,M2,400,HPG,BONCAT,B,0.872406123
MOBY,M2,400,HPG,BONCAT,B,1.686639053
MOBY,M2,400,HPG,BONCAT,B,3.082661865
MOBY,M2,400,HPG,BONCAT,B,8.81562612
MOBY,M2,400,HPG,BONCAT,B,10.04791565
MOBY,M2,400,HPG,BONCAT,B,3.010524808
MOBY,M2,400,HPG,BONCAT,B,5.433261087
MOBY,M2,400,HPG,BONCAT,B,3.813491737
MOBY,M2,400,HPG,BONCAT,B,0.408424765
MOBY,M2,400,HPG,BONCAT,B,2.192367606
MOBY,M2,400,HPG,BONCAT,B,24.40334638
MOBY,M2,400,HPG,BONCAT,B,5.314971581
MOBY,M2,400,HPG,BONCAT,B,5.481229119
MOBY,M2,400,HPG,BONCAT,B,7.846433409
MOBY,M2,400,HPG,BONCAT,B,8.376156424
MOBY,M2,400,HPG,BONCAT,B,2.515418867
MOBY,M2,400,HPG,BONCAT,B,0.341181984
MOBY,M2,400,HPG,BONCAT,B,1.968985818
MOBY,M2,400,HPG,BONCAT,B,2.667962837
MOBY,M2,400,HPG,BONCAT,B,5.596115659
MOBY,M2,400,HPG,BONCAT,B,15.63313105
MOBY,M2,400,HPG,BONCAT,B,8.937763131
MOBY,M2,400,HPG,BONCAT,B,0.681773688
MOBY,M2,400,HPG,BONCAT,B,7.491902945
MOBY,M2,400,HPG,BONCAT,B,8.200463787
MOBY,M2,400,HPG,BONCAT,B,5.656537985
MOBY,M2,400,HPG,BONCAT,B,5.745968542
MOBY,M2,400,HPG,BONCAT,B,4.753595437
MOBY,M2,400,HPG,BONCAT,B,7.275614759
MOBY,M2,400,HPG,BONCAT,B,6.483354214
MOBY,M2,400,HPG,BONCAT,B,21.91769313
MOBY,M2,400,HPG,BONCAT,B,1.857951901
MOBY,M2,400,HPG,BONCAT,B,1.601725456
MOBY,M2,400,HPG,BONCAT,B,7.564079729
MOBY,M2,400,HPG,BONCAT,B,0.627826255
MOBY,M2,400,HPG,BONCAT,B,7.138688039
MOBY,M2,400,HPG,BONCAT,B,8.054265034
MOBY,M2,400,HPG,BONCAT,B,8.38377827
MOBY,M2,400,HPG,BONCAT,B,3.686323398
MOBY,M2,400,HPG,BONCAT,B,3.219731875
MOBY,M2,400,HPG,BONCAT,B,3.496178237
MOBY,M2,400,HPG,BONCAT,B,2.946946312
MOBY,M2,400,HPG,BONCAT,B,0.556107205
MOBY,M2,400,HPG,BONCAT,B,2.63090921
MOBY,M2,400,HPG,BONCAT,B,1.36644605
MOBY,M2,400,HPG,BONCAT,B,2.212968549
MOBY,M2,400,HPG,BONCAT,B,1.539568946
MOBY,M2,400,HPG,BONCAT,B,7.940996039
MOBY,M2,400,HPG,BONCAT,B,0.494408944
MOBY,M2,400,HPG,BONCAT,B,0.600275633
MOBY,M2,400,HPG,BONCAT,B,8.995828025
MOBY,M2,400,HPG,BONCAT,B,5.745008776
MOBY,M2,400,HPG,BONCAT,B,7.901698161
MOBY,M2,400,HPG,BONCAT,B,15.44295878
MOBY,M2,400,HPG,BONCAT,B,7.284528167
MOBY,M2,400,HPG,BONCAT,B,11.43507677
MOBY,M2,400,HPG,BONCAT,B,1.896901204
MOBY,M2,400,HPG,BONCAT,B,1.697414589
MOBY,M2,400,HPG,BONCAT,B,0.925867917
MOBY,M2,400,HPG,BONCAT,B,2.480250796
MOBY,M2,400,HPG,BONCAT,B,1.110882926
MOBY,M2,400,HPG,BONCAT,B,14.0731111
MOBY,M2,400,HPG,BONCAT,B,5.691243453
MOBY,M2,400,HPG,BONCAT,B,16.03262186
MOBY,M2,400,HPG,BONCAT,B,3.357370354
MOBY,M2,400,HPG,BONCAT,B,3.729980895
MOBY,M2,400,HPG,BONCAT,B,3.234245638
MOBY,M2,400,HPG,BONCAT,B,7.406282884
MOBY,M2,400,HPG,BONCAT,B,7.888239742
MOBY,M2,400,HPG,BONCAT,B,3.390444081
MOBY,M2,400,HPG,BONCAT,B,4.366468282
MOBY,M2,400,HPG,BONCAT,B,2.657102359
MOBY,M2,400,HPG,BONCAT,B,7.865377273
MOBY,M2,400,HPG,BONCAT,B,2.276734532
MOBY,M2,400,HPG,BONCAT,B,4.554053442
MOBY,M2,400,HPG,BONCAT,B,1.849693931
MOBY,M2,400,HPG,BONCAT,B,1.443926944
MOBY,M2,400,HPG,BONCAT,B,5.266140382
MOBY,M2,400,HPG,BONCAT,B,1.686376292
MOBY,M2,400,HPG,BONCAT,B,0.690203628
MOBY,M2,400,HPG,BONCAT,B,6.869971279
MOBY,M2,400,HPG,BONCAT,B,11.37885739
MOBY,M2,400,HPG,BONCAT,B,2.290803862
MOBY,M2,400,HPG,BONCAT,B,0.848568151
MOBY,M2,400,HPG,BONCAT,B,9.733969256
MOBY,M2,400,HPG,BONCAT,B,17.66134682
MOBY,M2,400,HPG,BONCAT,B,10.08574158
MOBY,M2,400,HPG,BONCAT,B,8.021685638
MOBY,M2,400,HPG,BONCAT,B,0.637364966
MOBY,M2,400,HPG,BONCAT,B,0.798897774
MOBY,M2,400,HPG,BONCAT,B,0.559192213
MOBY,M2,400,HPG,BONCAT,B,7.973037986
MOBY,M2,400,HPG,BONCAT,B,1.668881811
MOBY,M2,400,HPG,BONCAT,B,8.284028906
MOBY,M2,400,HPG,BONCAT,B,6.379874899
MOBY,M2,400,HPG,BONCAT,B,5.796223704
MOBY,M2,400,HPG,BONCAT,B,6.378893027
MOBY,M2,400,HPG,BONCAT,B,3.039724024
MOBY,M2,400,HPG,BONCAT,B,8.705263901
MOBY,M2,400,HPG,BONCAT,B,3.192399016
MOBY,M2,400,HPG,BONCAT,B,1.077386275
MOBY,M2,400,HPG,BONCAT,B,1.921842897
MOBY,M2,400,HPG,BONCAT,B,10.77047434
MOBY,M2,400,HPG,BONCAT,B,3.739431281
MOBY,M2,400,HPG,BONCAT,B,8.217179668
MOBY,M2,400,HPG,BONCAT,B,2.348895841
MOBY,M2,400,HPG,BONCAT,B,7.942043669
MOBY,M2,400,HPG,BONCAT,B,3.431188411
MOBY,M2,400,HPG,BONCAT,B,9.73001246
MOBY,M2,400,HPG,BONCAT,B,0.803430447
MOBY,M2,400,HPG,BONCAT,B,4.748422133
MOBY,M2,400,HPG,BONCAT,B,2.438969904
MOBY,M2,400,HPG,BONCAT,B,10.23356381
MOBY,M2,400,HPG,BONCAT,B,2.989641548
MOBY,M2,400,HPG,BONCAT,B,7.561781148
MOBY,M2,400,HPG,BONCAT,B,2.219278105
MOBY,M2,400,HPG,BONCAT,B,0.817818528
MOBY,M2,400,HPG,BONCAT,B,2.429616302
MOBY,M2,400,HPG,BONCAT,B,0.628805902
MOBY,M2,400,HPG,BONCAT,B,0.763719343
MOBY,M2,400,HPG,BONCAT,B,9.064373493
MOBY,M2,400,HPG,BONCAT,B,3.558315634
MOBY,M2,400,HPG,BONCAT,B,1.308509645
MOBY,M2,400,HPG,BONCAT,B,6.355530797
MOBY,M2,400,HPG,BONCAT,B,6.460288984
MOBY,M2,400,HPG,BONCAT,B,2.652795291
MOBY,M2,400,HPG,BONCAT,B,2.162675624
MOBY,M2,400,HPG,BONCAT,B,1.198093967
MOBY,M2,400,HPG,BONCAT,B,1.741684504
MOBY,M2,400,HPG,BONCAT,B,5.667786277
MOBY,M2,400,HPG,BONCAT,B,10.08691919
MOBY,M2,400,HPG,BONCAT,B,1.61994087
MOBY,M2,400,HPG,BONCAT,B,0.891002418
MOBY,M2,400,HPG,BONCAT,B,5.501133369
MOBY,M2,400,HPG,BONCAT,B,7.286685789
MOBY,M2,400,HPG,BONCAT,B,7.591666063
MOBY,M2,400,HPG,BONCAT,B,2.408989301
MOBY,M2,400,HPG,BONCAT,B,7.65612626
MOBY,M2,400,HPG,BONCAT,B,5.341139826
MOBY,M2,400,HPG,BONCAT,B,12.67522175
MOBY,M2,400,HPG,BONCAT,B,0.852029247
MOBY,M2,400,HPG,BONCAT,B,0.47846752
MOBY,M2,400,HPG,BONCAT,B,2.674513088
MOBY,M2,400,HPG,BONCAT,B,10.82561239
MOBY,M2,400,HPG,BONCAT,B,0.781560564
MOBY,M2,400,HPG,BONCAT,B,7.820860432
MOBY,M2,400,HPG,BONCAT,B,4.591653556
MOBY,M2,400,HPG,BONCAT,B,2.306376754
MOBY,M2,400,HPG,BONCAT,B,19.12533463
MOBY,M2,400,HPG,BONCAT,B,1.472992712
MOBY,M2,400,HPG,BONCAT,B,0.539811288
MOBY,M2,400,HPG,BONCAT,B,1.693036661
MOBY,M2,400,HPG,BONCAT,B,4.299402411
MOBY,M2,400,HPG,BONCAT,B,0.691420116
MOBY,M2,400,HPG,BONCAT,B,5.99550872
MOBY,M2,400,HPG,BONCAT,B,1.174708478
MOBY,M2,400,HPG,BONCAT,B,3.601162413
MOBY,M2,400,HPG,BONCAT,B,3.025014801
MOBY,M2,400,HPG,BONCAT,B,0.256771908
MOBY,M2,400,HPG,BONCAT,B,7.796778621
MOBY,M2,400,HPG,BONCAT,B,9.710870793
MOBY,M2,400,HPG,BONCAT,B,13.71481858
MOBY,M2,400,HPG,BONCAT,B,3.667982284
MOBY,M2,400,HPG,BONCAT,B,7.523467828
MOBY,M2,400,HPG,BONCAT,B,4.553733805
MOBY,M2,400,HPG,BONCAT,B,7.399642408
MOBY,M2,400,HPG,BONCAT,B,12.30221891
MOBY,M2,400,HPG,BONCAT,B,1.928119297
MOBY,M2,400,HPG,BONCAT,B,5.164900826
MOBY,M2,400,HPG,BONCAT,B,3.859096288
MOBY,M2,400,HPG,BONCAT,B,1.77422063
MOBY,M2,400,HPG,BONCAT,B,11.2966647
MOBY,M2,400,HPG,BONCAT,B,7.078393982
MOBY,M2,400,HPG,BONCAT,B,4.28016261
MOBY,M2,400,HPG,BONCAT,B,3.163727814
MOBY,M2,400,HPG,BONCAT,B,3.769756613
MOBY,M2,400,HPG,BONCAT,B,2.802060343
MOBY,M2,400,HPG,BONCAT,B,6.297928594
MOBY,M2,400,HPG,BONCAT,B,1.814293107
MOBY,M2,400,HPG,BONCAT,B,1.10614307
MOBY,M2,400,HPG,BONCAT,B,1.4689124
MOBY,M2,400,HPG,BONCAT,B,7.790548243
MOBY,M2,400,HPG,BONCAT,B,2.03783533
MOBY,M2,400,HPG,BONCAT,B,5.339970274
MOBY,M2,400,HPG,BONCAT,B,7.31933906
MOBY,M2,400,HPG,BONCAT,B,3.822696258
MOBY,M2,400,HPG,BONCAT,B,1.330373626
MOBY,M2,400,HPG,BONCAT,B,5.196330298
MOBY,M2,400,HPG,BONCAT,B,7.528754673
MOBY,M2,400,HPG,BONCAT,B,0.770414146
MOBY,M2,400,HPG,BONCAT,B,6.344339497
MOBY,M2,400,HPG,BONCAT,B,2.077461823
MOBY,M2,400,HPG,BONCAT,B,7.715899691
MOBY,M2,400,HPG,BONCAT,B,4.946566551
MOBY,M2,400,HPG,BONCAT,B,3.154792104
MOBY,M2,400,HPG,BONCAT,B,11.28371277
MOBY,M2,400,HPG,BONCAT,B,7.675454603
MOBY,M2,400,HPG,BONCAT,B,3.169583583
MOBY,M2,400,HPG,BONCAT,B,9.663696717
MOBY,M2,400,HPG,BONCAT,B,3.701057162
MOBY,M2,400,HPG,BONCAT,B,5.146463747
MOBY,M2,400,HPG,BONCAT,B,1.103438079
MOBY,M2,400,HPG,BONCAT,B,11.83056371
MOBY,M2,400,HPG,BONCAT,B,1.182360853
MOBY,M2,400,HPG,BONCAT,B,6.60924045
MOBY,M2,400,HPG,BONCAT,B,6.987523997
MOBY,M2,400,HPG,BONCAT,B,0.975478404
MOBY,M2,400,HPG,BONCAT,B,1.777096172
MOBY,M2,400,HPG,BONCAT,B,1.863239195
MOBY,M2,400,HPG,BONCAT,B,1.249111653
MOBY,M2,400,HPG,BONCAT,B,9.489190219
MOBY,M2,400,HPG,BONCAT,B,11.4640212
MOBY,M2,400,HPG,BONCAT,B,0.992974447
MOBY,M2,400,HPG,BONCAT,B,2.108616844
MOBY,M2,400,HPG,BONCAT,B,0.913847022
MOBY,M2,400,HPG,BONCAT,B,2.411338944
MOBY,M2,400,HPG,BONCAT,B,14.66369384
MOBY,M2,400,HPG,BONCAT,B,6.658221019
MOBY,M2,400,HPG,BONCAT,B,5.732613481
MOBY,M2,400,HPG,BONCAT,B,2.952274861
MOBY,M2,400,HPG,BONCAT,B,1.802143412
MOBY,M2,400,HPG,BONCAT,B,6.796923567
MOBY,M2,400,HPG,BONCAT,B,8.207500931
MOBY,M2,400,HPG,BONCAT,B,1.801214034
MOBY,M2,400,HPG,BONCAT,B,17.19081915
MOBY,M2,400,HPG,BONCAT,B,1.993459675
MOBY,M2,400,HPG,BONCAT,B,6.843414069
MOBY,M2,400,HPG,BONCAT,B,3.510644929
MOBY,M2,400,HPG,BONCAT,B,8.886732193
MOBY,M2,400,HPG,BONCAT,B,2.316282925
MOBY,M2,400,HPG,BONCAT,B,1.289853192
MOBY,M2,400,HPG,BONCAT,B,17.74251608
MOBY,M2,400,HPG,BONCAT,B,0.553486057
MOBY,M2,400,HPG,BONCAT,B,1.989334457
MOBY,M2,400,HPG,BONCAT,B,14.13798869
MOBY,M2,400,HPG,BONCAT,B,1.172968308
MOBY,M2,400,HPG,BONCAT,B,2.255943047
MOBY,M2,400,HPG,BONCAT,B,5.271773013
MOBY,M2,400,HPG,BONCAT,B,1.654840783
MOBY,M2,400,HPG,BONCAT,B,4.596253846
MOBY,M2,400,HPG,BONCAT,B,0.608834696
MOBY,M2,400,HPG,BONCAT,B,5.327371539
MOBY,M2,400,HPG,BONCAT,B,5.582789551
MOBY,M2,400,HPG,BONCAT,B,1.844177166
MOBY,M2,400,HPG,BONCAT,B,6.595802602
MOBY,M2,400,HPG,BONCAT,B,1.843999875
MOBY,M2,400,HPG,BONCAT,B,2.366145583
MOBY,M2,400,HPG,BONCAT,B,0.562322413
MOBY,M2,400,HPG,BONCAT,B,1.405693385
MOBY,M2,400,HPG,BONCAT,B,6.906789862
MOBY,M2,400,HPG,BONCAT,B,2.585752146
MOBY,M2,400,HPG,BONCAT,B,4.318234328
MOBY,M2,400,HPG,BONCAT,B,2.003263596
MOBY,M2,400,HPG,BONCAT,B,1.138162052
MOBY,M2,400,HPG,BONCAT,B,11.44819744
MOBY,M2,400,HPG,BONCAT,B,0.653606252
MOBY,M2,400,HPG,BONCAT,B,4.981610338
MOBY,M2,400,HPG,BONCAT,B,0.289975172
MOBY,M2,400,HPG,BONCAT,B,9.229862309
MOBY,M2,400,HPG,BONCAT,B,2.667075941
MOBY,M2,400,HPG,BONCAT,B,1.646912398
MOBY,M2,400,HPG,BONCAT,B,4.122429928
MOBY,M2,400,HPG,BONCAT,B,3.664021268
MOBY,M2,400,HPG,BONCAT,B,7.020347357
MOBY,M2,400,HPG,BONCAT,B,24.52375637
MOBY,M2,400,HPG,BONCAT,B,7.126584077
MOBY,M2,400,HPG,BONCAT,B,4.392937481
MOBY,M2,400,HPG,BONCAT,B,6.758071321
MOBY,M2,400,HPG,BONCAT,B,0.618724379
MOBY,M2,400,HPG,BONCAT,B,0.913355387
MOBY,M2,400,HPG,BONCAT,B,1.577971009
MOBY,M2,400,HPG,BONCAT,B,5.083921164
MOBY,M2,400,HPG,BONCAT,B,0.645600576
MOBY,M2,400,HPG,BONCAT,B,7.094892078
MOBY,M2,400,HPG,BONCAT,B,6.461853728
MOBY,M2,400,HPG,BONCAT,B,0.633592062
MOBY,M2,400,HPG,BONCAT,B,1.027075244
MOBY,M2,400,HPG,BONCAT,B,2.159713433
MOBY,M2,400,HPG,BONCAT,B,5.469842938
MOBY,M2,400,HPG,BONCAT,B,1.607541499
MOBY,M2,400,HPG,BONCAT,B,1.914210756
MOBY,M2,400,HPG,BONCAT,B,1.842289113
MOBY,M2,400,HPG,BONCAT,B,7.074660872
MOBY,M2,400,HPG,BONCAT,B,1.245854564
MOBY,M2,400,HPG,BONCAT,B,20.52710209
MOBY,M2,400,HPG,BONCAT,B,1.519229727
MOBY,M2,400,HPG,BONCAT,B,4.432471383
MOBY,M2,400,HPG,BONCAT,B,3.414674052
MOBY,M2,400,HPG,BONCAT,B,1.02505707
MOBY,M2,400,HPG,BONCAT,B,0.846601617
MOBY,M2,400,HPG,BONCAT,B,4.051211436
MOBY,M2,400,HPG,BONCAT,B,4.230550647
MOBY,M2,400,HPG,BONCAT,B,1.670761432
MOBY,M2,400,HPG,BONCAT,B,13.66859586
MOBY,M2,400,HPG,BONCAT,B,7.411530062
MOBY,M2,400,HPG,BONCAT,B,15.03071245
MOBY,M2,400,HPG,BONCAT,B,3.215829089
MOBY,M2,400,HPG,BONCAT,B,3.226932261
MOBY,M2,400,HPG,BONCAT,B,2.797645489
MOBY,M2,400,HPG,BONCAT,B,6.509477775
MOBY,M2,400,HPG,BONCAT,B,3.262491451
MOBY,M2,400,HPG,BONCAT,B,2.339113814
MOBY,M2,400,HPG,BONCAT,B,5.160697381
MOBY,M2,400,HPG,BONCAT,B,9.957297686
MOBY,M2,400,HPG,BONCAT,B,1.043987127
MOBY,M2,400,HPG,BONCAT,B,13.26881212
MOBY,M2,400,HPG,BONCAT,B,2.045944166
MOBY,M2,400,HPG,BONCAT,B,3.739939778
MOBY,M2,400,HPG,BONCAT,B,0.500035475
MOBY,M2,400,HPG,BONCAT,B,1.987143381
MOBY,M2,400,HPG,BONCAT,B,7.579361937
MOBY,M2,400,HPG,BONCAT,B,2.710040787
MOBY,M2,400,HPG,BONCAT,B,8.151030768
MOBY,M2,400,HPG,BONCAT,B,7.372881728
MOBY,M2,400,HPG,BONCAT,B,10.50678635
MOBY,M2,400,HPG,BONCAT,B,1.388186464
MOBY,M2,400,HPG,BONCAT,B,5.601109607
MOBY,M2,400,HPG,BONCAT,B,2.382666226
MOBY,M2,400,HPG,BONCAT,B,2.715412338
MOBY,M2,400,HPG,BONCAT,B,1.740562316
MOBY,M2,400,HPG,BONCAT,B,1.856094139
MOBY,M2,400,HPG,BONCAT,B,7.929013114
MOBY,M2,400,HPG,BONCAT,B,1.864608548
MOBY,M2,400,HPG,BONCAT,B,11.17739274
MOBY,M2,400,HPG,BONCAT,B,2.265355042
MOBY,M2,400,HPG,BONCAT,B,1.403695918
MOBY,M2,400,HPG,BONCAT,B,3.843190537
MOBY,M2,400,HPG,BONCAT,B,9.714606352
MOBY,M2,400,HPG,BONCAT,B,4.123115509
MOBY,M2,400,HPG,BONCAT,B,2.650332642
MOBY,M2,400,HPG,BONCAT,B,2.881966822
MOBY,M2,400,HPG,BONCAT,B,7.435181086
MOBY,M2,400,HPG,BONCAT,B,1.977202723
MOBY,M2,400,HPG,BONCAT,B,2.321347235
MOBY,M2,400,HPG,BONCAT,B,3.976698323
MOBY,M2,400,HPG,BONCAT,B,0.84417097
MOBY,M2,400,HPG,BONCAT,B,1.750990113
MOBY,M2,400,HPG,BONCAT,B,4.966890136
MOBY,M2,400,HPG,BONCAT,B,2.669985137
MOBY,M2,400,HPG,BONCAT,B,0.654061618
MOBY,M2,400,HPG,BONCAT,B,17.76528375
MOBY,M2,400,HPG,BONCAT,B,4.877597114
MOBY,M2,400,HPG,BONCAT,B,6.348792659
MOBY,M2,400,HPG,BONCAT,B,0.678200904
MOBY,M2,400,HPG,BONCAT,B,3.562102535
MOBY,M2,400,HPG,BONCAT,B,1.478924391
MOBY,M2,400,HPG,BONCAT,B,0.388790373
MOBY,M2,400,HPG,BONCAT,B,5.424493625
MOBY,M2,400,HPG,BONCAT,B,0.56154098
MOBY,M2,400,HPG,BONCAT,B,5.462822351
MOBY,M2,400,HPG,BONCAT,B,2.241869423
MOBY,M2,400,HPG,BONCAT,B,4.682403891
MOBY,M2,400,HPG,BONCAT,B,0.363376521
MOBY,M2,400,HPG,BONCAT,B,3.86806595
MOBY,M2,400,HPG,BONCAT,B,2.745125363
MOBY,M2,400,HPG,BONCAT,B,24.02257152
MOBY,M2,400,HPG,BONCAT,B,9.092629382
MOBY,M2,400,HPG,BONCAT,B,1.67647353
MOBY,M2,400,HPG,BONCAT,B,1.319052847
MOBY,M2,400,HPG,BONCAT,B,2.818433536
MOBY,M2,400,HPG,BONCAT,B,2.753894389
MOBY,M2,400,HPG,BONCAT,B,0.521929217
MOBY,M2,400,HPG,BONCAT,B,7.280890093
MOBY,M2,400,HPG,BONCAT,B,6.317990862
MOBY,M2,400,HPG,BONCAT,B,2.43378358
MOBY,M2,400,HPG,BONCAT,B,11.70066422
MOBY,M2,400,HPG,BONCAT,B,6.989866996
MOBY,M2,400,HPG,BONCAT,B,5.157708025
MOBY,M2,400,HPG,BONCAT,B,11.35718682
MOBY,M2,400,HPG,BONCAT,B,7.129718288
MOBY,M2,400,HPG,BONCAT,B,2.073375679
MOBY,M2,400,HPG,BONCAT,B,7.546656869
MOBY,M2,400,HPG,BONCAT,B,2.071417722
MOBY,M2,400,HPG,BONCAT,B,3.286584811
MOBY,M2,400,HPG,BONCAT,B,2.555776386
MOBY,M2,400,HPG,BONCAT,B,0.973747729
MOBY,M2,400,HPG,BONCAT,B,1.574783274
MOBY,M2,400,HPG,BONCAT,B,8.022841082
MOBY,M2,400,HPG,BONCAT,B,1.683862953
MOBY,M2,400,HPG,BONCAT,B,10.45521183
MOBY,M2,400,HPG,BONCAT,B,2.14830962
MOBY,M2,400,HPG,BONCAT,B,6.475350752
MOBY,M2,400,HPG,BONCAT,B,0.297206105
MOBY,M2,400,HPG,BONCAT,B,0.357790307
MOBY,M2,400,HPG,BONCAT,B,3.449741214
MOBY,M2,400,HPG,BONCAT,B,2.640257304
MOBY,M2,400,HPG,BONCAT,B,1.113349008
MOBY,M2,400,HPG,BONCAT,B,1.983907964
MOBY,M2,400,HPG,BONCAT,B,6.588165497
MOBY,M2,400,HPG,BONCAT,B,0.759115157
MOBY,M2,400,HPG,BONCAT,B,13.12544949
MOBY,M2,400,HPG,BONCAT,B,12.29250984
MOBY,M2,400,HPG,BONCAT,B,1.725290928
MOBY,M2,400,HPG,BONCAT,B,1.952302594
MOBY,M2,400,HPG,BONCAT,B,2.12267729
MOBY,M2,400,HPG,BONCAT,B,8.657970972
MOBY,M2,400,HPG,BONCAT,B,1.973056742
MOBY,M2,400,HPG,BONCAT,B,4.08179539
MOBY,M2,400,HPG,BONCAT,B,12.45846161
MOBY,M2,400,HPG,BONCAT,B,0.260092235
MOBY,M2,400,HPG,BONCAT,B,6.287330673
MOBY,M2,400,HPG,BONCAT,B,4.355302422
MOBY,M2,400,HPG,BONCAT,B,9.694066311
MOBY,M2,400,HPG,BONCAT,B,9.981987751
MOBY,M2,400,HPG,BONCAT,B,0.864439807
MOBY,M2,400,HPG,BONCAT,B,3.222930161
MOBY,M2,400,HPG,BONCAT,B,7.881388743
MOBY,M2,400,HPG,BONCAT,B,3.467889322
MOBY,M2,400,HPG,BONCAT,B,1.154985039
MOBY,M2,400,HPG,BONCAT,B,11.64670848
MOBY,M2,400,HPG,BONCAT,B,2.783974156
MOBY,M2,400,HPG,BONCAT,B,8.166458155
MOBY,M2,400,HPG,BONCAT,B,17.01538054
MOBY,M2,400,HPG,BONCAT,B,8.989377915
MOBY,M2,400,HPG,BONCAT,B,3.104406904
MOBY,M2,400,HPG,BONCAT,B,1.926691037
MOBY,M2,400,HPG,BONCAT,B,3.081465928
MOBY,M2,400,HPG,BONCAT,B,8.604025761
MOBY,M2,400,HPG,BONCAT,B,1.293107162
MOBY,M2,400,HPG,BONCAT,B,3.028626785
MOBY,M2,400,HPG,BONCAT,B,2.403613324
MOBY,M2,400,HPG,BONCAT,B,0.509432925
MOBY,M2,400,HPG,BONCAT,B,2.846881001
MOBY,M2,400,HPG,BONCAT,B,9.902085823
MOBY,M2,400,HPG,BONCAT,B,3.542821297
MOBY,M2,400,HPG,BONCAT,B,5.5397503
MOBY,M2,400,HPG,BONCAT,B,3.757133786
MOBY,M2,400,HPG,BONCAT,B,5.881177132
MOBY,M2,400,HPG,BONCAT,B,5.401982727
MOBY,M2,400,HPG,BONCAT,B,8.127571997
MOBY,M2,400,HPG,BONCAT,B,10.44552698
MOBY,M2,400,HPG,BONCAT,B,7.848377084
MOBY,M2,400,HPG,BONCAT,B,3.31166699
MOBY,M2,400,HPG,BONCAT,B,3.485668799
MOBY,M2,400,HPG,BONCAT,B,8.523074787
MOBY,M2,400,HPG,BONCAT,B,0.812972171
MOBY,M2,400,HPG,BONCAT,B,2.680997553
MOBY,M2,400,HPG,BONCAT,B,1.739396938
MOBY,M2,400,HPG,BONCAT,B,1.045279044
MOBY,M2,400,HPG,BONCAT,B,6.467217575
MOBY,M2,400,HPG,BONCAT,B,0.517970919
MOBY,M2,400,HPG,BONCAT,B,7.515263965
MOBY,M2,400,HPG,BONCAT,B,1.237164228
MOBY,M2,400,HPG,BONCAT,B,6.629840935
MOBY,M2,400,HPG,BONCAT,B,4.993372469
MOBY,M2,400,HPG,BONCAT,B,4.260985172
MOBY,M2,400,HPG,BONCAT,B,3.177869347
MOBY,M2,400,HPG,BONCAT,B,14.27570181
MOBY,M2,400,HPG,BONCAT,B,1.648776411
MOBY,M2,400,HPG,BONCAT,B,5.466611921
MOBY,M2,400,HPG,BONCAT,B,3.220153394
MOBY,M2,400,HPG,BONCAT,B,11.94390735
MOBY,M2,400,HPG,BONCAT,B,2.054503847
MOBY,M2,400,HPG,BONCAT,B,0.280014193
MOBY,M2,400,HPG,BONCAT,B,0.701252936
MOBY,M2,400,HPG,BONCAT,B,0.287761621
MOBY,M2,400,HPG,BONCAT,B,1.396146131
MOBY,M2,400,HPG,BONCAT,B,3.440048624
MOBY,M2,400,HPG,BONCAT,B,1.320646604
MOBY,M2,400,HPG,BONCAT,B,4.551131555
MOBY,M2,400,HPG,BONCAT,B,8.210365
MOBY,M2,400,HPG,BONCAT,B,6.165901644
MOBY,M2,400,HPG,BONCAT,B,0.868181496
MOBY,M2,400,HPG,BONCAT,B,0.693251348
MOBY,M2,400,HPG,BONCAT,B,1.675156319
MOBY,M2,400,HPG,BONCAT,B,7.287120472
MOBY,M2,400,HPG,BONCAT,B,6.363725097
MOBY,M2,400,HPG,BONCAT,B,13.51825933
MOBY,M2,400,HPG,BONCAT,B,3.542547259
MOBY,M2,400,HPG,BONCAT,B,0.351039664
MOBY,M2,400,HPG,BONCAT,B,0.847052158
MOBY,M2,400,HPG,BONCAT,B,0.765228008
MOBY,M2,400,HPG,BONCAT,B,2.013389806
MOBY,M2,400,HPG,BONCAT,B,1.027370968
MOBY,M2,400,HPG,BONCAT,B,1.072736065
MOBY,M2,400,HPG,BONCAT,B,2.331218875
MOBY,M2,400,HPG,BONCAT,B,3.665556232
MOBY,M2,400,HPG,BONCAT,B,5.920268796
MOBY,M2,400,HPG,BONCAT,B,0.880608203
MOBY,M2,400,HPG,BONCAT,B,23.55892262
MOBY,M2,400,HPG,BONCAT,B,3.035188213
MOBY,M2,400,HPG,BONCAT,B,3.913680093
MOBY,M2,400,HPG,BONCAT,B,5.583006214
MOBY,M2,400,HPG,BONCAT,B,2.007374505
MOBY,M2,400,HPG,BONCAT,B,5.309640465
MOBY,M2,400,HPG,BONCAT,B,6.568040954
MOBY,M2,400,HPG,BONCAT,B,2.020264517
MOBY,M2,400,HPG,BONCAT,B,7.951547299
MOBY,M2,400,HPG,BONCAT,B,9.62189186
MOBY,M2,400,HPG,BONCAT,B,4.881912801
MOBY,M2,400,HPG,BONCAT,B,1.191531465
MOBY,M2,400,HPG,BONCAT,B,2.389314257
MOBY,M2,400,HPG,BONCAT,B,10.93965887
MOBY,M2,400,HPG,BONCAT,B,0.229661169
MOBY,M2,400,HPG,BONCAT,B,2.263648019
MOBY,M2,400,HPG,BONCAT,B,3.321143231
MOBY,M2,400,HPG,BONCAT,B,6.018696345
MOBY,M2,400,HPG,BONCAT,B,1.766708786
MOBY,M2,400,HPG,BONCAT,B,0.736094228
MOBY,M2,400,HPG,BONCAT,B,1.794589139
MOBY,M2,400,HPG,BONCAT,B,2.641709385
MOBY,M2,400,HPG,BONCAT,B,2.204039572
MOBY,M2,400,HPG,BONCAT,B,2.097895445
MOBY,M2,400,HPG,BONCAT,B,9.383485016
MOBY,M2,400,HPG,BONCAT,B,15.61365915
MOBY,M2,400,HPG,BONCAT,B,3.244520576
MOBY,M2,400,HPG,BONCAT,B,1.03882906
MOBY,M2,400,HPG,BONCAT,B,11.61149132
MOBY,M2,400,HPG,BONCAT,B,2.214012823
MOBY,M2,400,HPG,BONCAT,B,6.570826605
MOBY,M2,400,HPG,BONCAT,B,6.28285443
MOBY,M2,400,HPG,BONCAT,B,6.155366115
MOBY,M2,400,HPG,BONCAT,B,7.652425409
MOBY,M2,400,HPG,BONCAT,B,3.417752452
MOBY,M2,400,HPG,BONCAT,B,17.73799206
MOBY,M2,400,HPG,BONCAT,B,2.307445834
MOBY,M2,400,HPG,BONCAT,B,0.722226331
MOBY,M2,400,HPG,BONCAT,B,3.186536933
MOBY,M2,400,HPG,BONCAT,B,6.068494453
MOBY,M2,400,HPG,BONCAT,B,8.284116533
MOBY,M2,400,HPG,BONCAT,B,3.722760144
MOBY,M2,400,HPG,BONCAT,B,8.369302827
MOBY,M2,400,HPG,BONCAT,B,7.3389876
MOBY,M2,400,HPG,BONCAT,B,7.569506411
MOBY,M2,400,HPG,BONCAT,B,8.479300312
MOBY,M2,400,HPG,BONCAT,B,14.5409242
MOBY,M2,400,HPG,BONCAT,B,8.722815146
MOBY,M2,400,HPG,BONCAT,B,6.61174737
MOBY,M2,400,HPG,BONCAT,B,5.050603622
MOBY,M2,400,HPG,BONCAT,B,14.12280659
MOBY,M2,400,HPG,BONCAT,B,2.504760893
MOBY,M2,400,HPG,BONCAT,B,4.560481594
MOBY,M2,400,HPG,BONCAT,B,4.238676002
MOBY,M2,400,HPG,BONCAT,B,8.510964243
MOBY,M2,400,HPG,BONCAT,B,6.249671472
MOBY,M2,400,HPG,BONCAT,B,2.276516374
MOBY,M2,400,HPG,BONCAT,B,7.242217588
MOBY,M2,400,HPG,BONCAT,B,3.009171472
MOBY,M2,400,HPG,BONCAT,B,8.407087079
MOBY,M2,400,HPG,BONCAT,B,2.158641103
MOBY,M2,400,HPG,BONCAT,B,1.327134463
MOBY,M2,400,HPG,BONCAT,B,1.335877989
MOBY,M2,400,HPG,BONCAT,B,1.491971273
MOBY,M2,400,HPG,BONCAT,B,2.523428477
MOBY,M2,400,HPG,BONCAT,B,5.236423992
MOBY,M2,400,HPG,BONCAT,B,8.201279259
MOBY,M2,400,HPG,BONCAT,B,0.451223873
MOBY,M2,400,HPG,BONCAT,B,7.599838434
MOBY,M2,400,HPG,BONCAT,B,1.721891758
MOBY,M2,400,HPG,BONCAT,B,8.349913715
MOBY,M2,400,HPG,BONCAT,B,10.54557801
MOBY,M2,400,HPG,BONCAT,B,3.391631176
MOBY,M2,400,HPG,BONCAT,B,2.081962565
MOBY,M2,400,HPG,BONCAT,B,6.982460425
MOBY,M2,400,HPG,BONCAT,B,6.572371663
MOBY,M2,400,HPG,BONCAT,B,5.810294568
MOBY,M2,400,HPG,BONCAT,B,3.302449764
MOBY,M2,400,HPG,BONCAT,B,4.80103446
MOBY,M2,400,HPG,BONCAT,B,8.03219053
MOBY,M2,400,HPG,BONCAT,B,2.027257015
MOBY,M2,400,HPG,BONCAT,B,6.260438538
MOBY,M2,400,HPG,BONCAT,B,1.527382961
MOBY,M2,400,HPG,BONCAT,B,0.730338995
MOBY,M2,400,HPG,BONCAT,B,4.125520311
MOBY,M2,400,HPG,BONCAT,B,1.496512334
MOBY,M2,400,HPG,BONCAT,B,1.110671317
MOBY,M2,400,HPG,BONCAT,B,5.112319458
MOBY,M2,400,HPG,BONCAT,B,0.712763401
MOBY,M2,400,HPG,BONCAT,B,12.05903591
MOBY,M2,400,HPG,BONCAT,B,5.986220985
MOBY,M2,400,HPG,BONCAT,B,2.944845269
MOBY,M2,400,HPG,BONCAT,B,8.200463787
MOBY,M2,400,HPG,BONCAT,B,3.265501172
MOBY,M2,400,HPG,BONCAT,B,6.839129697
MOBY,M2,400,HPG,BONCAT,B,3.967816022
MOBY,M2,400,HPG,BONCAT,B,1.913674159
MOBY,M2,400,HPG,BONCAT,B,4.640292412
MOBY,M2,400,HPG,BONCAT,B,6.227929266
MOBY,M2,400,HPG,BONCAT,B,1.337489312
MOBY,M2,400,HPG,BONCAT,B,10.07002483
MOBY,M2,400,HPG,BONCAT,B,2.456156117
MOBY,M2,400,HPG,BONCAT,B,8.68601194
MOBY,M2,400,HPG,BONCAT,B,3.287754177
MOBY,M2,400,HPG,BONCAT,B,9.54324894
MOBY,M2,400,HPG,BONCAT,B,1.211075833
MOBY,M2,400,HPG,BONCAT,B,6.459456394
MOBY,M2,400,HPG,BONCAT,B,8.67414102
MOBY,M2,400,HPG,BONCAT,B,1.430209634
MOBY,M2,400,HPG,BONCAT,B,1.088341599
MOBY,M2,400,HPG,BONCAT,B,11.28242897
MOBY,M2,400,HPG,BONCAT,B,7.160964154
MOBY,M2,400,HPG,BONCAT,B,8.793338347
MOBY,M2,400,HPG,BONCAT,B,10.99880035
MOBY,M2,400,HPG,BONCAT,B,8.855764291
MOBY,M2,400,HPG,BONCAT,B,7.284548975
MOBY,M2,400,HPG,BONCAT,B,2.332551433
MOBY,M2,400,HPG,BONCAT,B,0.415778651
MOBY,M2,400,HPG,BONCAT,B,0.38878002
MOBY,M2,400,HPG,BONCAT,B,4.677307736
MOBY,M2,400,HPG,BONCAT,B,22.55516469
MOBY,M2,400,HPG,BONCAT,B,5.789093856
MOBY,M2,400,HPG,BONCAT,B,9.055658359
MOBY,M2,400,HPG,BONCAT,B,0.998073054
MOBY,M2,400,HPG,BONCAT,B,1.245729371
MOBY,M2,400,HPG,BONCAT,B,1.132653353
MOBY,M2,400,HPG,BONCAT,B,0.744483943
MOBY,M2,400,HPG,BONCAT,B,10.27671196
MOBY,M2,400,HPG,BONCAT,B,3.227600723
MOBY,M2,400,HPG,BONCAT,B,3.203540782
MOBY,M2,400,HPG,BONCAT,B,7.614048841
MOBY,M2,400,HPG,BONCAT,B,2.949913031
MOBY,M2,400,HPG,BONCAT,B,0.475062045
MOBY,M2,400,HPG,BONCAT,B,8.645246536
MOBY,M2,400,HPG,BONCAT,B,6.771944855
MOBY,M2,400,HPG,BONCAT,B,0.915524666
MOBY,M2,400,HPG,BONCAT,B,0.442365811
MOBY,M2,400,HPG,BONCAT,B,0.410687483
MOBY,M2,400,HPG,BONCAT,B,0.907748285
MOBY,M2,400,HPG,BONCAT,B,3.913130217
MOBY,M2,400,HPG,BONCAT,B,1.839637911
MOBY,M2,400,HPG,BONCAT,B,1.459233587
MOBY,M2,400,HPG,BONCAT,B,2.825978091
MOBY,M2,400,HPG,BONCAT,B,1.281036093
MOBY,M2,400,HPG,BONCAT,B,21.82065353
MOBY,M2,400,HPG,BONCAT,B,6.832651342
MOBY,M2,400,HPG,BONCAT,B,6.500110765
MOBY,M2,400,HPG,BONCAT,B,7.141436384
MOBY,M2,400,HPG,BONCAT,B,1.269049809
MOBY,M2,400,HPG,BONCAT,B,4.984868803
MOBY,M2,400,HPG,BONCAT,B,10.94137998
MOBY,M2,400,HPG,BONCAT,B,1.202959479
MOBY,M2,400,HPG,BONCAT,B,0.488372546
MOBY,M2,400,HPG,BONCAT,B,5.81906386
MOBY,M2,400,HPG,BONCAT,B,9.956086106
MOBY,M2,400,HPG,BONCAT,B,1.520776622
MOBY,M2,400,HPG,BONCAT,B,0.331412846
MOBY,M2,400,HPG,BONCAT,B,1.38246249
MOBY,M2,400,HPG,BONCAT,B,3.836405974
MOBY,M2,400,HPG,BONCAT,B,1.350167782
MOBY,M2,400,HPG,BONCAT,B,1.388766689
MOBY,M2,400,HPG,BONCAT,B,10.90322727
MOBY,M2,400,HPG,BONCAT,B,7.284990032
MOBY,M2,400,HPG,BONCAT,B,7.026985825
MOBY,M2,400,HPG,BONCAT,B,3.140016023
MOBY,M2,400,HPG,BONCAT,B,8.761909731
MOBY,M2,400,HPG,BONCAT,B,3.977529674
MOBY,M2,400,HPG,BONCAT,B,4.868638136
MOBY,M2,400,HPG,BONCAT,B,10.72698355
MOBY,M2,400,HPG,BONCAT,B,3.075629296
MOBY,M2,400,HPG,BONCAT,B,1.188050957
MOBY,M2,400,HPG,BONCAT,B,7.162598167
MOBY,M2,400,HPG,BONCAT,B,3.732215105
MOBY,M2,400,HPG,BONCAT,B,9.619462384
MOBY,M2,400,HPG,BONCAT,B,2.538593181
MOBY,M2,400,HPG,BONCAT,B,9.452327336
MOBY,M2,400,HPG,BONCAT,B,1.098026717
MOBY,M2,400,HPG,BONCAT,B,4.875543352
MOBY,M2,400,HPG,BONCAT,B,3.925358876
MOBY,M2,400,HPG,BONCAT,B,0.293295499
MOBY,M2,400,HPG,BONCAT,B,1.467375889
MOBY,M2,400,HPG,BONCAT,B,1.774942345
MOBY,M2,400,HPG,BONCAT,B,5.117127379
MOBY,M2,400,HPG,BONCAT,B,1.409503503
MOBY,M2,400,HPG,BONCAT,B,16.08345169
MOBY,M2,400,HPG,BONCAT,B,0.352721963
MOBY,M2,400,HPG,BONCAT,B,0.481398093
MOBY,M2,400,HPG,BONCAT,B,1.931614494
MOBY,M2,400,HPG,BONCAT,B,0.672017713
MOBY,M2,400,HPG,BONCAT,B,10.44343255
MOBY,M2,400,HPG,BONCAT,B,14.71903388
MOBY,M2,400,HPG,BONCAT,B,9.805337355
MOBY,M2,400,HPG,BONCAT,B,6.647559082
MOBY,M2,400,HPG,BONCAT,B,3.945307633
MOBY,M2,400,HPG,BONCAT,B,1.895659839
MOBY,M2,400,HPG,BONCAT,B,3.233360413
MOBY,M2,400,HPG,BONCAT,B,27.63740842
MOBY,M2,400,HPG,BONCAT,B,6.282207719
MOBY,M2,400,HPG,BONCAT,B,5.346990861
MOBY,M2,400,HPG,BONCAT,B,4.557996662
MOBY,M2,400,HPG,BONCAT,B,3.509770945
MOBY,M2,400,HPG,BONCAT,B,0.870264049
MOBY,M2,400,HPG,BONCAT,B,9.393812973
MOBY,M2,400,HPG,BONCAT,B,0.811648689
MOBY,M2,400,HPG,BONCAT,B,8.352294197
MOBY,M2,400,HPG,BONCAT,B,8.615045054
MOBY,M2,400,HPG,BONCAT,B,5.643591811
MOBY,M2,400,HPG,BONCAT,B,6.33096897
MOBY,M2,400,HPG,BONCAT,B,0.520468247
MOBY,M2,400,HPG,BONCAT,B,0.552391636
MOBY,M2,400,HPG,BONCAT,B,0.514555737
MOBY,M2,400,HPG,BONCAT,B,1.678318819
MOBY,M2,400,HPG,BONCAT,B,3.008702613
MOBY,M2,400,HPG,BONCAT,B,2.522397248
MOBY,M2,400,HPG,BONCAT,B,5.255387748
MOBY,M2,400,HPG,BONCAT,B,4.220154395
MOBY,M2,400,HPG,BONCAT,B,3.795701251
MOBY,M2,400,HPG,BONCAT,B,4.749503378
MOBY,M2,400,HPG,BONCAT,B,7.737613297
MOBY,M2,400,HPG,BONCAT,B,1.542940922
MOBY,M2,400,HPG,BONCAT,B,14.89485567
MOBY,M2,400,HPG,BONCAT,B,3.546916366
MOBY,M2,400,HPG,BONCAT,B,1.338877616
MOBY,M2,400,HPG,BONCAT,B,0.65193173
MOBY,M2,400,HPG,BONCAT,B,2.152776022
MOBY,M2,400,HPG,BONCAT,B,0.27316856
MOBY,M2,400,HPG,BONCAT,B,1.088964838
MOBY,M2,400,HPG,BONCAT,B,1.994389502
MOBY,M2,400,HPG,BONCAT,B,5.609303907
MOBY,M2,400,HPG,BONCAT,B,4.53558074
MOBY,M2,400,HPG,BONCAT,B,4.778454382
MOBY,M2,400,HPG,BONCAT,B,2.88031322
MOBY,M2,400,HPG,BONCAT,B,3.901781518
MOBY,M2,400,HPG,BONCAT,B,2.87689017
MOBY,M2,400,HPG,BONCAT,B,3.297423233
MOBY,M2,400,HPG,BONCAT,B,1.138173917
MOBY,M2,400,HPG,BONCAT,B,4.302257596
MOBY,M2,400,HPG,BONCAT,B,6.96620027
MOBY,M2,400,HPG,BONCAT,B,4.105140531
MOBY,M2,400,HPG,BONCAT,B,0.337506114
MOBY,M2,400,HPG,BONCAT,B,0.547209438
MOBY,M2,400,HPG,BONCAT,B,7.8679081
MOBY,M2,400,HPG,BONCAT,B,3.931901601
MOBY,M2,400,HPG,BONCAT,B,4.158909041
MOBY,M2,400,HPG,BONCAT,B,3.744262076
MOBY,M2,400,HPG,BONCAT,B,2.211112398
MOBY,M2,400,HPG,BONCAT,B,3.270550651
MOBY,M2,400,HPG,BONCAT,B,0.644586032
MOBY,M2,400,HPG,BONCAT,B,13.18105468
MOBY,M2,400,HPG,BONCAT,B,2.494032234
MOBY,M2,400,HPG,BONCAT,B,9.592459277
MOBY,M2,400,HPG,BONCAT,B,2.650880926
MOBY,M2,400,HPG,BONCAT,B,1.241420538
MOBY,M2,400,HPG,BONCAT,B,1.683903535
MOBY,M2,400,HPG,BONCAT,B,2.171309004
MOBY,M2,400,HPG,BONCAT,B,7.649808608
MOBY,M2,400,HPG,BONCAT,B,5.310936455
MOBY,M2,400,HPG,BONCAT,B,6.965490606
MOBY,M2,400,HPG,BONCAT,B,4.838645259
MOBY,M2,400,HPG,BONCAT,B,3.893488524
MOBY,M2,400,HPG,BONCAT,B,15.81611657
MOBY,M2,400,HPG,BONCAT,B,1.496085739
MOBY,M2,400,HPG,BONCAT,B,5.117714767
MOBY,M2,400,HPG,BONCAT,B,5.678343852
MOBY,M2,400,HPG,BONCAT,B,7.476282153
MOBY,M2,400,HPG,BONCAT,B,2.05647736
MOBY,M2,400,HPG,BONCAT,B,0.343188937
MOBY,M2,400,HPG,BONCAT,B,5.722298304
MOBY,M2,400,HPG,BONCAT,B,1.86382619
MOBY,M2,400,HPG,BONCAT,B,7.063572664
MOBY,M2,400,HPG,BONCAT,B,8.62722348
MOBY,M2,400,HPG,BONCAT,B,3.656752881
MOBY,M2,400,HPG,BONCAT,B,1.509005341
MOBY,M2,400,HPG,BONCAT,B,6.378066782
MOBY,M2,400,HPG,BONCAT,B,1.97297891
MOBY,M2,400,HPG,BONCAT,B,8.671210367
MOBY,M2,400,HPG,BONCAT,B,2.62072625
MOBY,M2,400,HPG,BONCAT,B,0.977208953
MOBY,M2,400,HPG,BONCAT,B,10.26534246
MOBY,M2,400,HPG,BONCAT,B,1.119673091
MOBY,M2,400,HPG,BONCAT,B,1.853930844
MOBY,M2,400,HPG,BONCAT,B,0.251037752
MOBY,M2,400,HPG,BONCAT,B,2.038407406
MOBY,M2,400,HPG,BONCAT,B,8.396754046
MOBY,M2,400,HPG,BONCAT,B,1.324569261
MOBY,M2,400,HPG,BONCAT,B,1.478614081
MOBY,M2,400,HPG,BONCAT,B,1.92219522
MOBY,M2,400,HPG,BONCAT,B,2.959139968
MOBY,M2,400,HPG,BONCAT,B,16.8923064
MOBY,M2,400,HPG,BONCAT,B,0.427092378
MOBY,M2,400,HPG,BONCAT,B,4.107276785
MOBY,M2,400,HPG,BONCAT,B,2.331262491
MOBY,M2,400,HPG,BONCAT,B,4.063535661
MOBY,M2,400,HPG,BONCAT,B,0.795948645
MOBY,M2,400,HPG,BONCAT,B,1.266945047
MOBY,M2,400,HPG,BONCAT,B,3.047771964
MOBY,M2,400,HPG,BONCAT,B,8.629540714
MOBY,M2,400,HPG,BONCAT,B,5.43098048
MOBY,M2,400,HPG,BONCAT,B,6.590528772
MOBY,M2,400,HPG,BONCAT,B,0.72360594
MOBY,M2,400,HPG,BONCAT,B,3.65233
MOBY,M2,400,HPG,BONCAT,B,1.148849262
MOBY,M2,400,HPG,BONCAT,B,0.269499826
MOBY,M2,400,HPG,BONCAT,B,4.568160343
MOBY,M2,400,HPG,BONCAT,B,4.071762751
MOBY,M2,400,HPG,BONCAT,B,2.822739808
MOBY,M2,400,HPG,BONCAT,B,1.840966041
MOBY,M2,400,HPG,BONCAT,B,2.240918543
MOBY,M2,400,HPG,BONCAT,B,2.410460545
MOBY,M2,400,HPG,BONCAT,B,0.423713918
MOBY,M2,400,HPG,BONCAT,B,3.289583691
MOBY,M2,400,HPG,BONCAT,B,0.567751277
MOBY,M2,400,HPG,BONCAT,B,4.414675879
MOBY,M2,400,HPG,BONCAT,B,4.239951745
MOBY,M2,400,HPG,BONCAT,B,9.680676483
MOBY,M2,400,HPG,BONCAT,B,13.95179054
MOBY,M2,400,HPG,BONCAT,B,4.133333674
MOBY,M2,400,HPG,BONCAT,B,12.7685687
MOBY,M2,400,HPG,BONCAT,B,4.004154265
MOBY,M2,400,HPG,BONCAT,B,8.777942127
MOBY,M2,400,HPG,BONCAT,B,4.159909064
MOBY,M2,400,HPG,BONCAT,B,1.730388104
MOBY,M2,400,HPG,BONCAT,B,6.93696611
MOBY,M2,400,HPG,BONCAT,B,1.204466848
MOBY,M2,400,HPG,BONCAT,B,2.467204894
MOBY,M2,400,HPG,BONCAT,B,2.164619727
MOBY,M2,400,HPG,BONCAT,B,0.320554974
MOBY,M2,400,HPG,BONCAT,B,0.306023417
MOBY,M2,400,HPG,BONCAT,B,8.894246697
MOBY,M2,400,HPG,BONCAT,B,1.132074879
MOBY,M2,400,HPG,BONCAT,B,10.77439944
MOBY,M2,400,HPG,BONCAT,B,2.43290787
MOBY,M2,400,HPG,BONCAT,B,1.589831309
MOBY,M2,400,HPG,BONCAT,B,0.778597044
MOBY,M2,400,HPG,BONCAT,B,1.221855613
MOBY,M2,400,HPG,BONCAT,B,2.671680451
MOBY,M2,400,HPG,BONCAT,B,2.511024142
MOBY,M2,400,HPG,BONCAT,B,5.452071134
MOBY,M2,400,HPG,BONCAT,B,6.396502297
MOBY,M2,400,HPG,BONCAT,B,0.374591846
MOBY,M2,400,HPG,BONCAT,B,12.0396545
MOBY,M2,400,HPG,BONCAT,B,0.667330268
MOBY,M2,400,HPG,BONCAT,B,8.658148439
MOBY,M2,400,HPG,BONCAT,B,7.644615972
MOBY,M2,400,HPG,BONCAT,B,8.816284134
MOBY,M2,400,HPG,BONCAT,B,7.209173965
MOBY,M2,400,HPG,BONCAT,B,4.210061429
MOBY,M2,400,HPG,BONCAT,B,13.99292658
MOBY,M2,400,HPG,BONCAT,B,6.845612863
MOBY,M2,400,HPG,BONCAT,B,10.19483027
MOBY,M2,400,HPG,BONCAT,B,2.36441603
MOBY,M2,400,HPG,BONCAT,B,6.024000456
MOBY,M2,400,HPG,BONCAT,B,3.158492365
MOBY,M2,400,HPG,BONCAT,B,2.811485052
MOBY,M2,400,HPG,BONCAT,B,12.15591503
MOBY,M2,400,HPG,BONCAT,B,2.194136526
MOBY,M2,400,HPG,BONCAT,B,0.638506146
MOBY,M2,400,HPG,BONCAT,B,5.34017215
MOBY,M2,400,HPG,BONCAT,B,6.793172011
MOBY,M2,400,HPG,BONCAT,B,3.03418448
MOBY,M2,400,HPG,BONCAT,B,0.400049057
MOBY,M2,400,HPG,BONCAT,B,3.68257776
MOBY,M2,400,HPG,BONCAT,B,3.09780698
MOBY,M2,400,HPG,BONCAT,B,5.169531722
MOBY,M2,400,HPG,BONCAT,B,9.382202691
MOBY,M2,400,HPG,BONCAT,B,2.59423524
MOBY,M2,400,HPG,BONCAT,B,4.706924811
MOBY,M2,400,HPG,BONCAT,B,1.583731394
MOBY,M2,400,HPG,BONCAT,B,1.972562007
MOBY,M2,400,HPG,BONCAT,B,2.218221674
MOBY,M2,400,HPG,BONCAT,B,7.183224065
MOBY,M2,400,HPG,BONCAT,B,8.758422297
MOBY,M2,400,HPG,BONCAT,B,10.37063213
MOBY,M2,400,HPG,BONCAT,B,13.50066836
MOBY,M2,400,HPG,BONCAT,B,3.967688109
MOBY,M2,400,HPG,BONCAT,B,1.851810227
MOBY,M2,400,HPG,BONCAT,B,6.266876341
MOBY,M2,400,HPG,BONCAT,B,5.372107404
MOBY,M2,400,HPG,BONCAT,B,8.315693162
MOBY,M2,400,HPG,BONCAT,B,1.336299641
MOBY,M2,400,HPG,BONCAT,B,1.949029856
MOBY,M2,400,HPG,BONCAT,B,4.012503307
MOBY,M2,400,HPG,BONCAT,B,3.599838621
MOBY,M2,400,HPG,BONCAT,B,20.03937043
MOBY,M2,400,HPG,BONCAT,B,0.390293301
MOBY,M2,400,HPG,BONCAT,B,3.286680427
MOBY,M2,400,HPG,BONCAT,B,7.466048759
MOBY,M2,400,HPG,BONCAT,B,2.281768643
MOBY,M2,400,HPG,BONCAT,B,9.225558753
MOBY,M2,400,HPG,BONCAT,B,2.843248623
MOBY,M2,400,HPG,BONCAT,B,2.6123917
MOBY,M2,400,HPG,BONCAT,B,1.386157264
MOBY,M2,400,HPG,BONCAT,B,6.365231994
MOBY,M2,400,HPG,BONCAT,B,8.99213718
MOBY,M2,400,HPG,BONCAT,B,6.77446541
MOBY,M2,400,HPG,BONCAT,B,1.972204356
MOBY,M2,400,HPG,BONCAT,B,2.799670726
MOBY,M2,400,HPG,BONCAT,B,1.797159337
MOBY,M2,400,HPG,BONCAT,B,4.47801354
MOBY,M2,400,HPG,BONCAT,B,2.258275589
MOBY,M2,400,HPG,BONCAT,B,0.784498802
MOBY,M2,400,HPG,BONCAT,B,8.794191096
MOBY,M2,400,HPG,BONCAT,B,0.278907418
MOBY,M2,400,HPG,BONCAT,B,0.458205043
MOBY,M2,400,HPG,BONCAT,B,1.358815238
MOBY,M2,400,HPG,BONCAT,B,3.185297141
MOBY,M2,400,HPG,BONCAT,B,9.115037512
MOBY,M2,400,HPG,BONCAT,B,16.5828129
MOBY,M2,400,HPG,BONCAT,B,1.050176661
MOBY,M2,400,HPG,BONCAT,B,5.356844616
MOBY,M2,400,HPG,BONCAT,B,0.379091116
MOBY,M2,400,HPG,BONCAT,B,2.813368607
MOBY,M2,400,HPG,BONCAT,B,5.883203859
MOBY,M2,400,HPG,BONCAT,B,2.316583655
MOBY,M2,400,HPG,BONCAT,B,0.556280107
MOBY,M2,400,HPG,BONCAT,B,5.354786899
MOBY,M2,400,HPG,BONCAT,B,4.537179573
MOBY,M2,400,HPG,BONCAT,B,5.727565522
MOBY,M2,400,HPG,BONCAT,B,0.298175868
MOBY,M2,400,HPG,BONCAT,B,8.576792769
MOBY,M2,400,HPG,BONCAT,B,7.637001829
MOBY,M2,400,HPG,BONCAT,B,3.356244807
MOBY,M2,400,HPG,BONCAT,B,4.703728562
MOBY,M2,400,HPG,BONCAT,B,3.160648334
MOBY,M2,400,HPG,BONCAT,B,2.247669133
MOBY,M2,400,HPG,BONCAT,B,0.491580427
MOBY,M2,400,HPG,BONCAT,B,6.377133254
MOBY,M2,400,HPG,BONCAT,B,2.094993146
MOBY,M2,400,HPG,BONCAT,B,7.919564173
MOBY,M2,400,HPG,BONCAT,B,13.46717774
MOBY,M2,400,HPG,BONCAT,B,6.689258693
MOBY,M2,400,HPG,BONCAT,B,3.811299171
MOBY,M2,400,HPG,BONCAT,B,11.905449
MOBY,M2,400,HPG,BONCAT,B,1.570771366
MOBY,M2,400,HPG,BONCAT,B,5.746355972
MOBY,M2,400,HPG,BONCAT,B,2.855264043
MOBY,M2,400,HPG,BONCAT,B,2.34830158
MOBY,M2,400,HPG,BONCAT,B,3.816018107
MOBY,M2,400,HPG,BONCAT,B,4.600775747
MOBY,M2,400,HPG,BONCAT,B,1.135545727
MOBY,M2,400,HPG,BONCAT,B,8.701259321
MOBY,M2,400,HPG,BONCAT,B,8.999479086
MOBY,M2,400,HPG,BONCAT,B,1.074113189
MOBY,M2,400,HPG,BONCAT,B,9.49857966
MOBY,M2,400,HPG,BONCAT,B,2.879362706
MOBY,M2,400,HPG,BONCAT,B,1.262092958
MOBY,M2,400,HPG,BONCAT,B,0.859152903
MOBY,M2,400,HPG,BONCAT,B,5.241924725
MOBY,M2,400,HPG,BONCAT,B,2.065592542
MOBY,M2,400,HPG,BONCAT,B,1.879675593
MOBY,M2,400,HPG,BONCAT,B,0.679478176
MOBY,M2,400,HPG,BONCAT,B,1.299159219
MOBY,M2,400,HPG,BONCAT,B,13.30616983
MOBY,M2,400,HPG,BONCAT,B,1.644963484
MOBY,M2,400,HPG,BONCAT,B,8.264186754
MOBY,M2,400,HPG,BONCAT,B,0.862928191
MOBY,M2,400,HPG,BONCAT,B,1.814206757
MOBY,M2,400,HPG,BONCAT,B,4.024607475
MOBY,M2,400,HPG,BONCAT,B,2.255439786
MOBY,M2,400,HPG,BONCAT,B,1.693945359
MOBY,M2,400,HPG,BONCAT,B,10.65539743
MOBY,M2,400,HPG,BONCAT,B,8.388991123
MOBY,M2,400,HPG,BONCAT,B,6.931871962
MOBY,M2,400,HPG,BONCAT,B,7.3699532
MOBY,M2,400,HPG,BONCAT,B,8.193052966
MOBY,M2,400,HPG,BONCAT,B,0.740694435
MOBY,M2,400,HPG,BONCAT,B,1.680527869
MOBY,M2,400,HPG,BONCAT,B,3.873092924
MOBY,M2,400,HPG,BONCAT,B,13.92887093
MOBY,M2,400,HPG,BONCAT,B,2.759560165
MOBY,M2,400,HPG,BONCAT,B,1.811508253
MOBY,M2,400,HPG,BONCAT,B,2.051884301
MOBY,M2,400,HPG,BONCAT,B,5.998183988
MOBY,M2,400,HPG,BONCAT,B,7.485142495
MOBY,M2,400,HPG,BONCAT,B,3.751876603
MOBY,M2,400,HPG,BONCAT,B,0.904674696
MOBY,M2,400,HPG,BONCAT,B,17.87196118
MOBY,M2,400,HPG,BONCAT,B,0.760841727
MOBY,M2,400,HPG,BONCAT,B,1.223660442
MOBY,M2,400,HPG,BONCAT,B,3.689593182
MOBY,M2,400,HPG,BONCAT,B,2.748831762
MOBY,M2,400,HPG,BONCAT,B,9.580782264
MOBY,M2,400,HPG,BONCAT,B,7.616037288
MOBY,M2,400,HPG,BONCAT,B,0.215958229
MOBY,M2,400,HPG,BONCAT,B,4.328365544
MOBY,M2,400,HPG,BONCAT,B,12.09582663
MOBY,M2,400,HPG,BONCAT,B,12.0489028
MOBY,M2,400,HPG,BONCAT,B,4.06649509
MOBY,M2,400,HPG,BONCAT,B,28.36791465
MOBY,M2,400,HPG,BONCAT,B,1.010667064
MOBY,M2,400,HPG,BONCAT,B,9.239733034
MOBY,M2,400,HPG,BONCAT,B,3.729921867
MOBY,M2,400,HPG,BONCAT,B,18.51279925
MOBY,M2,400,HPG,BONCAT,B,5.408219421
MOBY,M2,400,HPG,BONCAT,B,1.306391923
MOBY,M2,400,HPG,BONCAT,B,4.06395594
MOBY,M2,400,HPG,BONCAT,B,5.061302658
MOBY,M2,400,HPG,BONCAT,B,8.728474045
MOBY,M2,400,HPG,BONCAT,B,1.019272323
MOBY,M2,400,HPG,BONCAT,B,1.441714692
MOBY,M2,400,HPG,BONCAT,B,2.049982805
MOBY,M2,400,HPG,BONCAT,B,0.488372546
MOBY,M2,400,HPG,BONCAT,B,6.426394885
MOBY,M2,400,HPG,BONCAT,B,7.776418291
MOBY,M2,400,HPG,BONCAT,B,0.554107138
MOBY,M2,400,HPG,BONCAT,B,12.61959112
MOBY,M2,400,HPG,BONCAT,B,4.111464263
MOBY,M2,400,HPG,BONCAT,B,7.739992658
MOBY,M2,400,HPG,BONCAT,B,2.9025932
MOBY,M2,400,HPG,BONCAT,B,5.437409311
MOBY,M2,400,HPG,BONCAT,B,1.326553406
MOBY,M2,400,HPG,BONCAT,B,3.001324582
MOBY,M2,400,HPG,BONCAT,B,1.686350898
MOBY,M2,400,HPG,BONCAT,B,8.021578708
MOBY,M2,400,HPG,BONCAT,B,3.511666718
MOBY,M2,400,HPG,BONCAT,B,5.638312669
MOBY,M2,400,HPG,BONCAT,B,10.78991073
MOBY,M2,400,HPG,BONCAT,B,1.902714756
MOBY,M2,400,HPG,BONCAT,B,3.837100675
MOBY,M2,400,HPG,BONCAT,B,2.39492493
MOBY,M2,400,HPG,BONCAT,B,6.637635025
MOBY,M2,400,HPG,BONCAT,B,7.972806124
MOBY,M2,400,HPG,BONCAT,B,3.041362279
MOBY,M2,400,HPG,BONCAT,B,5.487566929
MOBY,M2,400,HPG,BONCAT,B,10.14719772
MOBY,M2,400,HPG,BONCAT,B,15.38432438
MOBY,M2,400,HPG,BONCAT,B,2.059266434
MOBY,M2,400,HPG,BONCAT,B,2.578105676
MOBY,M2,400,HPG,BONCAT,B,2.112803436
MOBY,M2,400,HPG,BONCAT,B,2.195302677
MOBY,M2,400,HPG,BONCAT,B,8.217627307
MOBY,M2,400,HPG,BONCAT,B,4.836457237
MOBY,M2,400,HPG,BONCAT,B,7.92241322
MOBY,M2,400,HPG,BONCAT,B,2.958277347
MOBY,M2,400,HPG,BONCAT,B,9.165544605
MOBY,M2,400,HPG,BONCAT,B,6.040731359
MOBY,M2,400,HPG,BONCAT,B,11.06268874
MOBY,M2,400,HPG,BONCAT,B,2.541946268
MOBY,M2,400,HPG,BONCAT,B,1.886663357
MOBY,M2,400,HPG,BONCAT,B,5.526395534
MOBY,M2,400,HPG,BONCAT,B,0.733336427
MOBY,M2,400,HPG,BONCAT,B,19.10570017
MOBY,M2,400,HPG,BONCAT,B,6.826795702
MOBY,M2,400,HPG,BONCAT,B,3.740973713
MOBY,M2,400,HPG,BONCAT,B,4.387863225
MOBY,M2,400,HPG,BONCAT,B,3.386620481
MOBY,M2,400,HPG,BONCAT,B,8.655355587
MOBY,M2,400,HPG,BONCAT,B,15.42855803
MOBY,M2,400,HPG,BONCAT,B,5.375332016
MOBY,M2,400,HPG,BONCAT,B,1.000717424
MOBY,M2,400,HPG,BONCAT,B,8.010504283
MOBY,M2,400,HPG,BONCAT,B,25.85240296
MOBY,M2,400,HPG,BONCAT,B,2.166509111
MOBY,M2,400,HPG,BONCAT,B,2.208231403
MOBY,M2,400,HPG,BONCAT,B,3.599459336
MOBY,M2,400,HPG,BONCAT,B,11.29082285
MOBY,M2,400,HPG,BONCAT,B,8.078019889
MOBY,M2,400,HPG,BONCAT,B,2.566640884
MOBY,M2,400,HPG,BONCAT,B,8.963542086
MOBY,M2,400,HPG,BONCAT,B,1.611136297
MOBY,M2,400,HPG,BONCAT,B,2.16869753
MOBY,M2,400,HPG,BONCAT,B,10.11207855
MOBY,M2,400,HPG,BONCAT,B,9.828671576
MOBY,M2,400,HPG,BONCAT,B,3.05877765
MOBY,M2,400,HPG,BONCAT,B,29.96547417
MOBY,M2,400,HPG,BONCAT,B,6.337118835
MOBY,M2,400,HPG,BONCAT,B,9.347464345
MOBY,M2,400,HPG,BONCAT,B,9.741502472
MOBY,M2,400,HPG,BONCAT,B,1.921153163
MOBY,M2,400,HPG,BONCAT,B,0.931708091
MOBY,M2,400,HPG,BONCAT,B,0.720223864
MOBY,M2,400,HPG,BONCAT,B,0.324457344
MOBY,M2,400,HPG,BONCAT,B,3.188058676
MOBY,M2,400,HPG,BONCAT,B,1.047882622
MOBY,M2,400,HPG,BONCAT,B,0.584986173
MOBY,M2,400,HPG,BONCAT,B,4.519577917
MOBY,M2,400,HPG,BONCAT,B,3.812907271
MOBY,M2,400,HPG,BONCAT,B,2.517903297
MOBY,M2,400,HPG,BONCAT,B,1.280644669
MOBY,M2,400,HPG,BONCAT,B,1.817841812
MOBY,M2,400,HPG,BONCAT,B,11.14929481
MOBY,M2,400,HPG,BONCAT,B,8.123488586
MOBY,M2,400,HPG,BONCAT,B,6.414010599
MOBY,M2,400,HPG,BONCAT,B,9.638910466
MOBY,M2,400,HPG,BONCAT,B,1.746706747
MOBY,M2,400,HPG,BONCAT,B,4.953381956
MOBY,M2,400,HPG,BONCAT,B,18.32632919
MOBY,M2,400,HPG,BONCAT,B,9.27693828
MOBY,M2,400,HPG,BONCAT,B,6.04533528
MOBY,M2,400,HPG,BONCAT,B,0.542074
MOBY,M2,400,HPG,BONCAT,B,5.772878061
MOBY,M2,400,HPG,BONCAT,B,1.71655942
MOBY,M2,400,HPG,BONCAT,B,3.457761352
MOBY,M2,400,HPG,BONCAT,B,3.416586058
MOBY,M2,400,HPG,BONCAT,B,1.199301896
MOBY,M2,400,HPG,BONCAT,B,1.283484929
MOBY,M2,400,HPG,BONCAT,B,12.4132529
MOBY,M2,400,HPG,BONCAT,B,4.111733932
MOBY,M2,400,HPG,BONCAT,B,0.570033637
MOBY,M2,400,HPG,BONCAT,B,5.538840265
MOBY,M2,400,HPG,BONCAT,B,4.13740339
MOBY,M2,400,HPG,BONCAT,B,9.25616378
MOBY,M2,400,HPG,BONCAT,B,4.599932296
MOBY,M2,400,HPG,BONCAT,B,19.59359917
MOBY,M2,400,HPG,BONCAT,B,5.975101876
MOBY,M2,400,HPG,BONCAT,B,1.90605288
MOBY,M2,400,HPG,BONCAT,B,1.348739588
MOBY,M2,400,HPG,BONCAT,B,0.354965028
MOBY,M2,400,HPG,BONCAT,B,9.718617867
MOBY,M2,400,HPG,BONCAT,B,7.432274458
MOBY,M2,400,HPG,BONCAT,B,9.975402703
MOBY,M2,400,HPG,BONCAT,B,8.320350296
MOBY,M2,400,HPG,BONCAT,B,2.845206464
MOBY,M2,400,HPG,BONCAT,B,6.500110765
MOBY,M2,400,HPG,BONCAT,B,3.064180919
MOBY,M2,400,HPG,BONCAT,B,3.368311169
MOBY,M2,400,HPG,BONCAT,B,4.284941577
MOBY,M2,400,HPG,BONCAT,B,3.036425213
MOBY,M2,400,HPG,BONCAT,B,1.680375967
MOBY,M2,400,HPG,BONCAT,B,5.316818715
MOBY,M2,400,HPG,BONCAT,B,1.411245886
MOBY,M2,400,HPG,BONCAT,B,1.079702048
MOBY,M2,400,HPG,BONCAT,B,0.375152612
MOBY,M2,400,HPG,BONCAT,B,2.063455901
MOBY,M2,400,HPG,BONCAT,B,2.37011976
MOBY,M2,400,HPG,BONCAT,B,0.6565653
MOBY,M2,400,HPG,BONCAT,B,3.713718674
MOBY,M2,400,HPG,BONCAT,B,4.571940439
MOBY,M2,400,HPG,BONCAT,B,4.08569853
MOBY,M2,400,HPG,BONCAT,B,14.87598202
MOBY,M2,400,HPG,BONCAT,B,2.544439124
MOBY,M2,400,HPG,BONCAT,B,3.110044482
MOBY,M2,400,HPG,BONCAT,B,2.1152465
MOBY,M2,400,HPG,BONCAT,B,13.65729594
MOBY,M2,400,HPG,BONCAT,B,7.190683318
MOBY,M2,400,HPG,BONCAT,B,3.096762208
MOBY,M2,400,HPG,BONCAT,B,7.879254968
MOBY,M2,400,HPG,BONCAT,B,4.132924816
MOBY,M2,400,HPG,BONCAT,B,3.634069917
MOBY,M2,400,HPG,BONCAT,B,8.302645873
MOBY,M2,400,HPG,BONCAT,B,1.206827969
MOBY,M2,400,HPG,BONCAT,B,1.884964501
MOBY,M2,400,HPG,BONCAT,B,2.142612323
MOBY,M2,400,HPG,BONCAT,B,2.897601068
MOBY,M2,400,HPG,BONCAT,B,7.627761257
MOBY,M2,400,HPG,BONCAT,B,7.588152331
MOBY,M2,400,HPG,BONCAT,B,4.531271104
MOBY,M2,400,HPG,BONCAT,B,11.20557487
MOBY,M2,400,HPG,BONCAT,B,3.8809832
MOBY,M2,400,HPG,BONCAT,B,0.309405247
MOBY,M2,400,HPG,BONCAT,B,13.08881852
MOBY,M2,400,HPG,BONCAT,B,12.55012006
MOBY,M2,400,HPG,BONCAT,B,6.851981042
MOBY,M2,400,HPG,BONCAT,B,2.814285861
MOBY,M2,400,HPG,BONCAT,B,0.58781495
MOBY,M2,400,HPG,BONCAT,B,2.281319298
MOBY,M2,400,HPG,BONCAT,B,3.003330655
MOBY,M2,400,HPG,BONCAT,B,1.103729621
MOBY,M2,400,HPG,BONCAT,B,1.969477946
MOBY,M2,400,HPG,BONCAT,B,3.527602101
MOBY,M2,400,HPG,BONCAT,B,9.992558608
MOBY,M2,400,HPG,BONCAT,B,5.030922321
MOBY,M2,400,HPG,BONCAT,B,2.089797854
MOBY,M2,400,HPG,BONCAT,B,10.48036998
MOBY,M2,400,HPG,BONCAT,B,1.15976643
MOBY,M2,400,HPG,BONCAT,B,0.208627176
MOBY,M2,400,HPG,BONCAT,B,0.829215394
MOBY,M2,400,HPG,BONCAT,B,26.76007046
MOBY,M2,400,HPG,BONCAT,B,8.917034938
MOBY,M2,400,HPG,BONCAT,B,9.183019085
MOBY,M2,400,HPG,BONCAT,B,6.090777237
MOBY,M2,400,HPG,BONCAT,B,3.434970632
MOBY,M2,400,HPG,BONCAT,B,5.079763732
MOBY,M2,400,HPG,BONCAT,B,5.526136814
MOBY,M2,400,HPG,BONCAT,B,1.121040469
MOBY,M2,400,HPG,BONCAT,B,7.82392136
MOBY,M2,400,HPG,BONCAT,B,12.9371907
MOBY,M2,400,HPG,BONCAT,B,11.56274418
MOBY,M2,400,HPG,BONCAT,B,8.899363541
MOBY,M2,400,HPG,BONCAT,B,1.88915686
MOBY,M2,400,HPG,BONCAT,B,2.262447516
MOBY,M2,400,HPG,BONCAT,B,1.406834722
MOBY,M2,400,HPG,BONCAT,B,6.250256203
MOBY,M2,400,HPG,BONCAT,B,0.447353753
MOBY,M2,400,HPG,BONCAT,B,1.098144773
MOBY,M2,400,HPG,BONCAT,B,2.236237284
MOBY,M2,400,HPG,BONCAT,B,5.649321396
MOBY,M2,400,HPG,BONCAT,B,1.596590018
MOBY,M2,400,HPG,BONCAT,B,1.616954687
MOBY,M2,400,HPG,BONCAT,B,9.311314402
MOBY,M2,400,HPG,BONCAT,B,5.407958429
MOBY,M2,400,HPG,BONCAT,B,3.072530737
MOBY,M2,400,HPG,BONCAT,B,14.38279807
MOBY,M2,400,HPG,BONCAT,B,7.069171709
MOBY,M2,400,HPG,BONCAT,B,9.359717618
MOBY,M2,400,HPG,BONCAT,B,17.68487572
MOBY,M2,400,HPG,BONCAT,B,8.359087231
MOBY,M2,400,HPG,BONCAT,B,2.500551094
MOBY,M2,400,HPG,BONCAT,B,3.032242576
MOBY,M2,400,HPG,BONCAT,B,2.084546638
MOBY,M2,400,HPG,BONCAT,B,4.095775617
MOBY,M2,400,HPG,BONCAT,B,1.957397368
MOBY,M2,400,HPG,BONCAT,B,6.944704241
MOBY,M2,400,HPG,BONCAT,B,2.865963357
MOBY,M2,400,HPG,BONCAT,B,0.417222706
MOBY,M2,400,HPG,BONCAT,B,9.227206904
MOBY,M2,400,HPG,BONCAT,B,1.860904279
MOBY,M2,400,HPG,BONCAT,B,4.598002522
MOBY,M2,400,HPG,BONCAT,B,6.270034399
MOBY,M2,400,HPG,BONCAT,B,2.474395777
MOBY,M2,400,HPG,BONCAT,B,9.221549156
MOBY,M2,400,HPG,BONCAT,B,3.265501172
MOBY,M2,400,HPG,BONCAT,B,1.502173792
MOBY,M2,400,HPG,BONCAT,B,0.935465839
MOBY,M2,400,HPG,BONCAT,B,3.081429891
MOBY,M2,400,HPG,BONCAT,B,0.385384899
MOBY,M2,400,HPG,BONCAT,B,4.916781098
MOBY,M2,400,HPG,BONCAT,B,4.671270084
MOBY,M2,400,HPG,BONCAT,B,2.302461897
MOBY,M2,400,HPG,BONCAT,B,6.511082334
MOBY,M2,400,HPG,BONCAT,B,7.915010368
MOBY,M2,400,HPG,BONCAT,B,7.210025887
MOBY,M2,400,HPG,BONCAT,B,7.829034515
MOBY,M2,400,HPG,BONCAT,B,0.240723664
MOBY,M2,400,HPG,BONCAT,B,6.934658586
MOBY,M2,400,HPG,BONCAT,B,3.113072956
MOBY,M2,400,HPG,BONCAT,B,1.296255427
MOBY,M2,400,HPG,BONCAT,B,0.852029247
MOBY,M2,400,HPG,BONCAT,B,1.328632299
MOBY,M2,400,HPG,BONCAT,B,1.867537949
MOBY,M2,400,HPG,BONCAT,B,4.973990705
MOBY,M2,400,HPG,BONCAT,B,1.435211087
MOBY,M2,400,HPG,BONCAT,B,1.196291467
MOBY,M2,400,HPG,BONCAT,B,8.195929608
MOBY,M2,400,HPG,BONCAT,B,1.655431736
MOBY,M2,400,HPG,BONCAT,B,2.438652212
MOBY,M2,400,HPG,BONCAT,B,4.431724678
MOBY,M2,400,HPG,BONCAT,B,1.040632411
MOBY,M2,400,HPG,BONCAT,B,4.629184194
MOBY,M2,400,HPG,BONCAT,B,1.212995409
MOBY,M2,400,HPG,BONCAT,B,5.218018375
MOBY,M2,400,HPG,BONCAT,B,16.02974209
MOBY,M2,400,HPG,BONCAT,B,2.215806971
MOBY,M2,400,HPG,BONCAT,B,0.560397312
MOBY,M2,400,HPG,BONCAT,B,2.686997775
MOBY,M2,400,HPG,BONCAT,B,7.226170406
MOBY,M2,400,HPG,BONCAT,B,1.56458857
MOBY,M2,400,HPG,BONCAT,B,4.059085745
MOBY,M2,400,HPG,BONCAT,B,5.416171765
MOBY,M2,400,HPG,BONCAT,B,8.352050234
MOBY,M2,400,HPG,BONCAT,B,9.384818489
MOBY,M2,400,HPG,BONCAT,B,0.506017744
MOBY,M2,400,HPG,BONCAT,B,1.190856429
MOBY,M2,400,HPG,BONCAT,B,3.636584274
MOBY,M2,400,HPG,BONCAT,B,15.33831139
MOBY,M2,400,HPG,BONCAT,B,1.298616548
MOBY,M2,400,HPG,BONCAT,B,7.854053071
MOBY,M2,400,HPG,BONCAT,B,8.965565714
MOBY,M2,400,HPG,BONCAT,B,2.118335944
MOBY,M2,400,HPG,BONCAT,B,2.043689641
MOBY,M2,400,HPG,BONCAT,B,20.13565361
MOBY,M2,400,HPG,BONCAT,B,18.18352936
MOBY,M2,400,HPG,BONCAT,B,6.696537615
MOBY,M2,400,HPG,BONCAT,B,5.771538921
MOBY,M2,400,HPG,BONCAT,B,3.306612214
MOBY,M2,400,HPG,BONCAT,B,4.204843292
MOBY,M2,400,HPG,BONCAT,B,10.24765105
MOBY,M2,400,HPG,BONCAT,B,5.757115571
MOBY,M2,400,HPG,BONCAT,B,2.897915805
MOBY,M2,400,HPG,BONCAT,B,14.66685081
MOBY,M2,400,HPG,BONCAT,B,5.204564766
MOBY,M2,400,HPG,BONCAT,B,10.55945116
MOBY,M2,400,HPG,BONCAT,B,2.546030417
MOBY,M2,400,HPG,BONCAT,B,5.391152353
MOBY,M2,400,HPG,BONCAT,B,0.393151264
MOBY,M2,400,HPG,BONCAT,B,1.016019879
MOBY,M2,400,HPG,BONCAT,B,9.034755827
MOBY,M2,400,HPG,BONCAT,B,7.884305554
MOBY,M2,400,HPG,BONCAT,B,2.512889427
MOBY,M2,400,HPG,BONCAT,B,13.83261738
MOBY,M2,400,HPG,BONCAT,B,1.325864283
MOBY,M2,400,HPG,BONCAT,B,2.404801735
MOBY,M2,400,HPG,BONCAT,B,1.697932985
MOBY,M2,400,HPG,BONCAT,B,2.305210921
MOBY,M2,400,HPG,BONCAT,B,4.293624748
MOBY,M2,400,HPG,BONCAT,B,0.519249888
MOBY,M2,400,HPG,BONCAT,B,0.740273527
MOBY,M2,400,HPG,BONCAT,B,10.60962577
MOBY,M2,400,HPG,BONCAT,B,9.726242783
MOBY,M2,400,HPG,BONCAT,B,7.291222919
MOBY,M2,400,HPG,BONCAT,B,6.748217655
MOBY,M2,400,HPG,BONCAT,B,6.832068823
MOBY,M2,400,HPG,BONCAT,B,5.317421569
MOBY,M2,400,HPG,BONCAT,B,13.75661517
MOBY,M2,400,HPG,BONCAT,B,1.594024999
MOBY,M2,400,HPG,BONCAT,B,10.23964278
MOBY,M2,400,HPG,BONCAT,B,7.149531871
MOBY,M2,400,HPG,BONCAT,B,0.305502828
MOBY,M2,400,HPG,BONCAT,B,0.300485446
MOBY,M2,400,HPG,BONCAT,B,8.144008941
MOBY,M2,400,HPG,BONCAT,B,2.002267498
MOBY,M2,400,HPG,BONCAT,B,13.11760805
MOBY,M2,400,HPG,BONCAT,B,6.5755134
MOBY,M2,400,HPG,BONCAT,B,0.648888836
MOBY,M2,400,HPG,BONCAT,B,8.501416844
MOBY,M2,400,HPG,BONCAT,B,14.04342098
MOBY,M2,400,HPG,BONCAT,B,0.548388798
MOBY,M2,400,HPG,BONCAT,B,12.53069571
MOBY,M2,400,HPG,BONCAT,B,7.589871227
MOBY,M2,400,HPG,BONCAT,B,0.852029247
MOBY,M2,400,HPG,BONCAT,B,9.119370317
MOBY,M2,400,HPG,BONCAT,B,7.463918261
MOBY,M2,400,HPG,BONCAT,B,2.08581108
MOBY,M2,400,HPG,BONCAT,B,9.455237211
MOBY,M2,400,HPG,BONCAT,B,2.819444568
MOBY,M2,400,HPG,BONCAT,B,8.991071193
MOBY,M2,400,HPG,BONCAT,B,1.616474334
MOBY,M2,400,HPG,BONCAT,B,3.07270881
MOBY,M2,400,HPG,BONCAT,B,15.41612954
MOBY,M2,400,HPG,BONCAT,B,6.439151314
MOBY,M2,400,HPG,BONCAT,B,2.644938985
MOBY,M2,400,HPG,BONCAT,B,14.96121368
MOBY,M2,400,HPG,BONCAT,B,10.14963773
MOBY,M2,400,HPG,BONCAT,B,3.659780901
MOBY,M2,400,HPG,BONCAT,B,2.887922892
MOBY,M2,400,HPG,BONCAT,B,1.191067487
MOBY,M2,400,HPG,BONCAT,B,2.708744414
MOBY,M2,400,HPG,BONCAT,B,1.022141481
MOBY,M2,400,HPG,BONCAT,B,5.070497394
MOBY,M2,400,HPG,BONCAT,B,7.342188602
MOBY,M2,400,HPG,BONCAT,B,14.89725785
MOBY,M2,400,HPG,BONCAT,B,9.741289322
MOBY,M2,400,HPG,BONCAT,B,2.347324403
MOBY,M2,400,HPG,BONCAT,B,14.80175053
MOBY,M2,400,HPG,BONCAT,B,1.600559304
MOBY,M2,400,HPG,BONCAT,B,1.28529835
MOBY,M2,400,HPG,BONCAT,B,1.025448036
MOBY,M2,400,HPG,BONCAT,B,1.173073835
MOBY,M2,400,HPG,BONCAT,B,2.052619793
MOBY,M2,400,HPG,BONCAT,B,4.693350166
MOBY,M2,400,HPG,BONCAT,B,1.024289245
MOBY,M2,400,HPG,BONCAT,B,13.86999098
MOBY,M2,400,HPG,BONCAT,B,2.852324034
MOBY,M2,400,HPG,BONCAT,B,6.105339894
MOBY,M2,400,HPG,BONCAT,B,1.455162238
MOBY,M2,400,HPG,BONCAT,B,11.96611396
MOBY,M2,400,HPG,BONCAT,B,0.189648606
MOBY,M2,400,HPG,BONCAT,B,1.120056773
MOBY,M2,400,HPG,BONCAT,B,2.459630388
MOBY,M2,400,HPG,BONCAT,B,2.626804643
MOBY,M2,400,HPG,BONCAT,B,1.419002582
MOBY,M2,400,HPG,BONCAT,B,0.42689912
MOBY,M2,400,HPG,BONCAT,B,7.506306049
MOBY,M2,400,HPG,BONCAT,B,2.061507392
MOBY,M2,400,HPG,BONCAT,B,1.239824635
MOBY,M2,400,HPG,BONCAT,B,4.173061689
MOBY,M2,400,HPG,BONCAT,B,1.569243119
MOBY,M2,400,HPG,BONCAT,B,12.74850903
MOBY,M2,400,HPG,BONCAT,B,1.548903269
MOBY,M2,400,HPG,BONCAT,B,1.453341604
MOBY,M2,400,HPG,BONCAT,B,3.21489984
MOBY,M2,400,HPG,BONCAT,B,1.324866208
MOBY,M2,400,HPG,BONCAT,B,6.95386663
MOBY,M2,400,HPG,BONCAT,B,7.221855428
MOBY,M2,400,HPG,BONCAT,B,0.255329007
MOBY,M2,400,HPG,BONCAT,B,3.517782612
MOBY,M2,400,HPG,BONCAT,B,6.241396244
MOBY,M2,400,HPG,BONCAT,B,2.617453678
MOBY,M2,100,HPG,BONCAT,B,24.72498224
MOBY,M2,100,HPG,BONCAT,B,73.9293491
MOBY,M2,100,HPG,BONCAT,B,1.479868823
MOBY,M2,100,HPG,BONCAT,B,5.434774248
MOBY,M2,100,HPG,BONCAT,B,3.798729494
MOBY,M2,100,HPG,BONCAT,B,14.89689706
MOBY,M2,100,HPG,BONCAT,B,6.308309842
MOBY,M2,100,HPG,BONCAT,B,4.416554553
MOBY,M2,100,HPG,BONCAT,B,11.0974194
MOBY,M2,100,HPG,BONCAT,B,11.14273993
MOBY,M2,100,HPG,BONCAT,B,4.785429291
MOBY,M2,100,HPG,BONCAT,B,9.738215282
MOBY,M2,100,HPG,BONCAT,B,10.82397765
MOBY,M2,100,HPG,BONCAT,B,17.30900345
MOBY,M2,100,HPG,BONCAT,B,5.507822631
MOBY,M2,100,HPG,BONCAT,B,8.262842513
MOBY,M2,100,HPG,BONCAT,B,4.924300906
MOBY,M2,100,HPG,BONCAT,B,5.88318378
MOBY,M2,100,HPG,BONCAT,B,5.969080282
MOBY,M2,100,HPG,BONCAT,B,12.69695206
MOBY,M2,100,HPG,BONCAT,B,6.452439941
MOBY,M2,100,HPG,BONCAT,B,6.061632257
MOBY,M2,100,HPG,BONCAT,B,16.49160699
MOBY,M2,100,HPG,BONCAT,B,5.480171537
MOBY,M2,100,HPG,BONCAT,B,11.53602505
MOBY,M2,100,HPG,BONCAT,B,11.64102607
MOBY,M2,100,HPG,BONCAT,B,17.18122157
MOBY,M2,100,HPG,BONCAT,B,5.198380176
MOBY,M2,100,HPG,BONCAT,B,4.304859816
MOBY,M2,100,HPG,BONCAT,B,19.1909725
MOBY,M2,100,HPG,BONCAT,B,6.384580658
MOBY,M2,100,HPG,BONCAT,B,3.476271758
MOBY,M2,100,HPG,BONCAT,B,2.306056277
MOBY,M2,100,HPG,BONCAT,B,19.31099997
MOBY,M2,100,HPG,BONCAT,B,3.36112711
MOBY,M2,100,HPG,BONCAT,B,8.924820694
MOBY,M2,100,HPG,BONCAT,B,18.20544229
MOBY,M2,100,HPG,BONCAT,B,6.693573501
MOBY,M2,100,HPG,BONCAT,B,10.62038138
MOBY,M2,100,HPG,BONCAT,B,12.73778609
MOBY,M2,100,HPG,BONCAT,B,14.17122624
MOBY,M2,100,HPG,BONCAT,B,12.4515651
MOBY,M2,100,HPG,BONCAT,B,12.39695069
MOBY,M2,100,HPG,BONCAT,B,14.40822057
MOBY,M2,100,HPG,BONCAT,B,2.479587486
MOBY,M2,100,HPG,BONCAT,B,15.49438017
MOBY,M2,100,HPG,BONCAT,B,3.290882618
MOBY,M2,100,HPG,BONCAT,B,13.92981368
MOBY,M2,100,HPG,BONCAT,B,6.669694343
MOBY,M2,100,HPG,BONCAT,B,16.67513181
MOBY,M2,100,HPG,BONCAT,B,11.76816264
MOBY,M2,100,HPG,BONCAT,B,13.6868797
MOBY,M2,100,HPG,BONCAT,B,1.822451918
MOBY,M2,100,HPG,BONCAT,B,9.048514586
MOBY,M2,100,HPG,BONCAT,B,1.143613904
MOBY,M2,100,HPG,BONCAT,B,4.305622526
MOBY,M2,100,HPG,BONCAT,B,38.81378804
MOBY,M2,100,HPG,BONCAT,B,26.26536661
MOBY,M2,100,HPG,BONCAT,B,11.55471279
MOBY,M2,100,HPG,BONCAT,B,2.635205689
MOBY,M2,100,HPG,BONCAT,B,8.574022822
MOBY,M2,100,HPG,BONCAT,B,2.207561208
MOBY,M2,100,HPG,BONCAT,B,3.468842046
MOBY,M2,100,HPG,BONCAT,B,12.61744721
MOBY,M2,100,HPG,BONCAT,B,16.69547481
MOBY,M2,100,HPG,BONCAT,B,41.70995692
MOBY,M2,100,HPG,BONCAT,B,38.59622307
MOBY,M2,100,HPG,BONCAT,B,2.183228289
MOBY,M2,100,HPG,BONCAT,B,6.937292614
MOBY,M2,100,HPG,BONCAT,B,7.187050564
MOBY,M2,100,HPG,BONCAT,B,13.52684635
MOBY,M2,100,HPG,BONCAT,B,14.1647489
MOBY,M2,100,HPG,BONCAT,B,14.00894026
MOBY,M2,100,HPG,BONCAT,B,17.68194242
MOBY,M2,100,HPG,BONCAT,B,7.03448981
MOBY,M2,100,HPG,BONCAT,B,9.802979577
MOBY,M2,100,HPG,BONCAT,B,30.2800404
MOBY,M2,100,HPG,BONCAT,B,31.87805164
MOBY,M2,100,HPG,BONCAT,B,7.056730372
MOBY,M2,100,HPG,BONCAT,B,7.252064902
MOBY,M2,100,HPG,BONCAT,B,7.069136329
MOBY,M2,100,HPG,BONCAT,B,5.638624772
MOBY,M2,100,HPG,BONCAT,B,9.406396173
MOBY,M2,100,HPG,BONCAT,B,2.665318967
MOBY,M2,100,HPG,BONCAT,B,6.020310512
MOBY,M2,100,HPG,BONCAT,B,6.996750836
MOBY,M2,100,HPG,BONCAT,B,4.466825033
MOBY,M2,100,HPG,BONCAT,B,8.650426358
MOBY,M2,100,HPG,BONCAT,B,4.867764603
MOBY,M2,100,HPG,BONCAT,B,5.745985066
MOBY,M2,100,HPG,BONCAT,B,10.109924
MOBY,M2,100,HPG,BONCAT,B,3.678146757
MOBY,M2,100,HPG,BONCAT,B,6.132462313
MOBY,M2,100,HPG,BONCAT,B,4.229212313
MOBY,M2,100,HPG,BONCAT,B,8.436987405
MOBY,M2,100,HPG,BONCAT,B,6.905183425
MOBY,M2,100,HPG,BONCAT,B,15.21136468
MOBY,M2,100,HPG,BONCAT,B,11.35291539
MOBY,M2,100,HPG,BONCAT,B,2.227838054
MOBY,M2,100,HPG,BONCAT,B,11.34999952
MOBY,M2,100,HPG,BONCAT,B,19.90790687
MOBY,M2,100,HPG,BONCAT,B,1.493787407
MOBY,M2,100,HPG,BONCAT,B,14.45999651
MOBY,M2,100,HPG,BONCAT,B,1.504410028
MOBY,M2,100,HPG,BONCAT,B,2.548225577
MOBY,M2,100,HPG,BONCAT,B,2.744395011
MOBY,M2,100,HPG,BONCAT,B,4.89083571
MOBY,M2,100,HPG,BONCAT,B,17.82780404
MOBY,M2,100,HPG,BONCAT,B,6.667152303
MOBY,M2,100,HPG,BONCAT,B,12.82794723
MOBY,M2,100,HPG,BONCAT,B,13.94699441
MOBY,M2,100,HPG,BONCAT,B,1.080949627
MOBY,M2,100,HPG,BONCAT,B,5.84311513
MOBY,M2,100,HPG,BONCAT,B,15.28602861
MOBY,M2,100,HPG,BONCAT,B,15.70638376
MOBY,M2,100,HPG,BONCAT,B,2.320968774
MOBY,M2,100,HPG,BONCAT,B,4.04766653
MOBY,M2,100,HPG,BONCAT,B,15.56711869
MOBY,M2,100,HPG,BONCAT,B,9.80344585
MOBY,M2,100,HPG,BONCAT,B,7.484092123
MOBY,M2,100,HPG,BONCAT,B,12.19602335
MOBY,M2,100,HPG,BONCAT,B,5.833351876
MOBY,M2,100,HPG,BONCAT,B,5.615136529
MOBY,M2,100,HPG,BONCAT,B,6.647838932
MOBY,M2,100,HPG,BONCAT,B,44.11868665
MOBY,M2,100,HPG,BONCAT,B,4.211333259
MOBY,M2,100,HPG,BONCAT,B,2.571328809
MOBY,M2,100,HPG,BONCAT,B,4.76104105
MOBY,M2,100,HPG,BONCAT,B,21.09780443
MOBY,M2,100,HPG,BONCAT,B,10.37611094
MOBY,M2,100,HPG,BONCAT,B,16.50066398
MOBY,M2,100,HPG,BONCAT,B,6.596565189
MOBY,M2,100,HPG,BONCAT,B,9.534200757
MOBY,M2,100,HPG,BONCAT,B,6.825228331
MOBY,M2,100,HPG,BONCAT,B,13.84498975
MOBY,M2,100,HPG,BONCAT,B,9.274663525
MOBY,M2,100,HPG,BONCAT,B,2.954008532
MOBY,M2,100,HPG,BONCAT,B,10.12572293
MOBY,M2,100,HPG,BONCAT,B,19.00344482
MOBY,M2,100,HPG,BONCAT,B,9.822062377
MOBY,M2,100,HPG,BONCAT,B,9.411197241
MOBY,M2,100,HPG,BONCAT,B,6.783612468
MOBY,M2,100,HPG,BONCAT,B,6.477392447
MOBY,M2,100,HPG,BONCAT,B,10.43777294
MOBY,M2,100,HPG,BONCAT,B,5.94969303
MOBY,M2,100,HPG,BONCAT,B,9.783730176
MOBY,M2,100,HPG,BONCAT,B,5.15118985
MOBY,M2,100,HPG,BONCAT,B,23.91235479
MOBY,M2,100,HPG,BONCAT,B,1.363669737
MOBY,M2,100,HPG,BONCAT,B,5.960966029
MOBY,M2,100,HPG,BONCAT,B,2.11761257
MOBY,M2,100,HPG,BONCAT,B,7.545199768
MOBY,M2,100,HPG,BONCAT,B,11.74628122
MOBY,M2,100,HPG,BONCAT,B,6.159736551
MOBY,M2,100,HPG,BONCAT,B,4.357264338
MOBY,M2,100,HPG,BONCAT,B,6.999843292
MOBY,M2,100,HPG,BONCAT,B,4.786165148
MOBY,M2,100,HPG,BONCAT,B,4.989652524
MOBY,M2,100,HPG,BONCAT,B,14.72174173
MOBY,M2,100,HPG,BONCAT,B,2.245049226
MOBY,M2,100,HPG,BONCAT,B,3.428363992
MOBY,M2,100,HPG,BONCAT,B,11.60533116
MOBY,M2,100,HPG,BONCAT,B,2.655447739
MOBY,M2,100,HPG,BONCAT,B,13.11251246
MOBY,M2,100,HPG,BONCAT,B,4.224332373
MOBY,M2,100,HPG,BONCAT,B,3.065876338
MOBY,M2,100,HPG,BONCAT,B,2.720061038
MOBY,M2,100,HPG,BONCAT,B,5.167788886
MOBY,M2,100,HPG,BONCAT,B,5.261741577
MOBY,M2,100,HPG,BONCAT,B,4.386221108
MOBY,M2,100,HPG,BONCAT,B,14.23171198
MOBY,M2,100,HPG,BONCAT,B,2.670847949
MOBY,M2,100,HPG,BONCAT,B,12.53925218
MOBY,M2,100,HPG,BONCAT,B,9.099487181
MOBY,M2,100,HPG,BONCAT,B,4.273933144
MOBY,M2,100,HPG,BONCAT,B,10.82597806
MOBY,M2,100,HPG,BONCAT,B,12.96045102
MOBY,M2,100,HPG,BONCAT,B,12.23095555
MOBY,M2,100,HPG,BONCAT,B,17.11290445
MOBY,M2,100,HPG,BONCAT,B,5.383398927
MOBY,M2,100,HPG,BONCAT,B,7.618145097
MOBY,M2,100,HPG,BONCAT,B,5.193232409
MOBY,M2,100,HPG,BONCAT,B,11.36530315
MOBY,M2,100,HPG,BONCAT,B,19.05097221
MOBY,M2,100,HPG,BONCAT,B,15.12528288
MOBY,M2,100,HPG,BONCAT,B,10.54539986
MOBY,M2,100,HPG,BONCAT,B,5.815247735
MOBY,M2,100,HPG,BONCAT,B,13.90532098
MOBY,M2,100,HPG,BONCAT,B,15.14931922
MOBY,M2,100,HPG,BONCAT,B,6.015716184
MOBY,M2,100,HPG,BONCAT,B,24.88989989
MOBY,M2,100,HPG,BONCAT,B,1.446478281
MOBY,M2,100,HPG,BONCAT,B,3.325431566
MOBY,M2,100,HPG,BONCAT,B,12.90369069
MOBY,M2,100,HPG,BONCAT,B,7.181901391
MOBY,M2,100,HPG,BONCAT,B,21.54824663
MOBY,M2,100,HPG,BONCAT,B,8.360087089
MOBY,M2,100,HPG,BONCAT,B,16.28515559
MOBY,M2,100,HPG,BONCAT,B,8.224219286
MOBY,M2,100,HPG,BONCAT,B,8.296524291
MOBY,M2,100,HPG,BONCAT,B,5.113814235
MOBY,M2,100,HPG,BONCAT,B,4.043155292
MOBY,M2,100,HPG,BONCAT,B,13.79962592
MOBY,M2,100,HPG,BONCAT,B,9.687334352
MOBY,M2,100,HPG,BONCAT,B,13.88198661
MOBY,M2,100,HPG,BONCAT,B,7.073365399
MOBY,M2,100,HPG,BONCAT,B,8.062426856
MOBY,M2,100,HPG,BONCAT,B,10.53403766
MOBY,M2,100,HPG,BONCAT,B,13.26072788
MOBY,M2,100,HPG,BONCAT,B,4.162841335
MOBY,M2,100,HPG,BONCAT,B,16.79430034
MOBY,M2,100,HPG,BONCAT,B,2.296302724
MOBY,M2,100,HPG,BONCAT,B,63.93753814
MOBY,M2,100,HPG,BONCAT,B,31.46378826
MOBY,M2,100,HPG,BONCAT,B,1.375690332
MOBY,M2,100,HPG,BONCAT,B,6.624174739
MOBY,M2,100,HPG,BONCAT,B,2.257387418
MOBY,M2,100,HPG,BONCAT,B,2.004783961
MOBY,M2,100,HPG,BONCAT,B,5.977322192
MOBY,M2,100,HPG,BONCAT,B,2.922356407
MOBY,M2,100,HPG,BONCAT,B,2.930856866
MOBY,M2,100,HPG,BONCAT,B,10.42623141
MOBY,M2,100,HPG,BONCAT,B,10.24806032
MOBY,M2,100,HPG,BONCAT,B,12.07443299
MOBY,M2,100,HPG,BONCAT,B,13.31917117
MOBY,M2,100,HPG,BONCAT,B,17.2706735
MOBY,M2,100,HPG,BONCAT,B,13.63298764
MOBY,M2,100,HPG,BONCAT,B,14.92014615
MOBY,M2,100,HPG,BONCAT,B,1.103205935
MOBY,M2,100,HPG,BONCAT,B,19.67127288
MOBY,M2,100,HPG,BONCAT,B,2.462464605
MOBY,M2,100,HPG,BONCAT,B,2.105412299
MOBY,M2,100,HPG,BONCAT,B,9.089242682
MOBY,M2,100,HPG,BONCAT,B,18.544033
MOBY,M2,100,HPG,BONCAT,B,4.978185228
MOBY,M2,100,HPG,BONCAT,B,8.549630856
MOBY,M2,100,HPG,BONCAT,B,3.84681539
MOBY,M2,100,HPG,BONCAT,B,3.995617704
MOBY,M2,100,HPG,BONCAT,B,4.732318505
MOBY,M2,100,HPG,BONCAT,B,15.07306415
MOBY,M2,100,HPG,BONCAT,B,7.552915654
MOBY,M2,100,HPG,BONCAT,B,11.14038544
MOBY,M2,100,HPG,BONCAT,B,17.62143383
MOBY,M2,100,HPG,BONCAT,B,5.535800391
MOBY,M2,100,HPG,BONCAT,B,6.932930965
MOBY,M2,100,HPG,BONCAT,B,6.117059432
MOBY,M2,100,HPG,BONCAT,B,8.245079658
MOBY,M2,100,HPG,BONCAT,B,2.890917982
MOBY,M2,100,HPG,BONCAT,B,16.55289832
MOBY,M2,100,HPG,BONCAT,B,18.90992536
MOBY,M2,100,HPG,BONCAT,B,1.308821378
MOBY,M2,100,HPG,BONCAT,B,6.395617322
MOBY,M2,100,HPG,BONCAT,B,18.29243133
MOBY,M2,100,HPG,BONCAT,B,7.071977899
MOBY,M2,100,HPG,BONCAT,B,7.844413821
MOBY,M2,100,HPG,BONCAT,B,26.70026049
MOBY,M2,100,HPG,BONCAT,B,12.3417815
MOBY,M2,100,HPG,BONCAT,B,17.10149332
MOBY,M2,100,HPG,BONCAT,B,10.54881519
MOBY,M2,100,HPG,BONCAT,B,12.37307652
MOBY,M2,100,HPG,BONCAT,B,1.987323589
MOBY,M2,100,HPG,BONCAT,B,7.117640485
MOBY,M2,100,HPG,BONCAT,B,2.167005758
MOBY,M2,100,HPG,BONCAT,B,11.80508801
MOBY,M2,100,HPG,BONCAT,B,14.16607629
MOBY,M2,100,HPG,BONCAT,B,14.52053855
MOBY,M2,100,HPG,BONCAT,B,14.98275623
MOBY,M2,100,HPG,BONCAT,B,7.040095344
MOBY,M2,100,HPG,BONCAT,B,7.818307548
MOBY,M2,100,HPG,BONCAT,B,17.15911057
MOBY,M2,100,HPG,BONCAT,B,25.26262853
MOBY,M2,100,HPG,BONCAT,B,13.89912067
MOBY,M2,100,HPG,BONCAT,B,33.14780039
MOBY,M2,100,HPG,BONCAT,B,8.089599868
MOBY,M2,100,HPG,BONCAT,B,9.649866649
MOBY,M2,100,HPG,BONCAT,B,21.01502506
MOBY,M2,100,HPG,BONCAT,B,21.22656349
MOBY,M2,100,HPG,BONCAT,B,10.69994359
MOBY,M2,100,HPG,BONCAT,B,12.62460009
MOBY,M2,100,HPG,BONCAT,B,46.54381592
MOBY,M2,100,HPG,BONCAT,B,18.49486869
MOBY,M2,100,HPG,BONCAT,B,8.253122139
MOBY,M2,100,HPG,BONCAT,B,13.11224274
MOBY,M2,100,HPG,BONCAT,B,6.934707061
MOBY,M2,100,HPG,BONCAT,B,8.582300162
MOBY,M2,100,HPG,BONCAT,B,66.14457993
MOBY,M2,100,HPG,BONCAT,B,4.996552486
MOBY,M2,100,HPG,BONCAT,B,19.84394515
MOBY,M2,100,HPG,BONCAT,B,3.438725675
MOBY,M2,100,HPG,BONCAT,B,28.7316939
MOBY,M2,100,HPG,BONCAT,B,52.10800193
MOBY,M2,100,HPG,BONCAT,B,2.981578716
MOBY,M2,100,HPG,BONCAT,B,47.81874962
MOBY,M2,100,HPG,BONCAT,B,20.00647892
MOBY,M2,100,HPG,BONCAT,B,16.59552553
MOBY,M2,100,HPG,BONCAT,B,14.9645444
MOBY,M2,100,HPG,BONCAT,B,17.02303012
MOBY,M2,100,HPG,BONCAT,B,18.42098948
MOBY,M2,100,HPG,BONCAT,B,6.446770648
MOBY,M2,100,HPG,BONCAT,B,11.29164059
MOBY,M2,100,HPG,BONCAT,B,45.73201937
MOBY,M2,100,HPG,BONCAT,B,4.788851786
MOBY,M2,100,HPG,BONCAT,B,40.65156601
MOBY,M2,100,HPG,BONCAT,B,21.48198096
MOBY,M2,100,HPG,BONCAT,B,10.32898107
MOBY,M2,100,HPG,BONCAT,B,21.73172288
MOBY,M2,100,HPG,BONCAT,B,1.81911673
MOBY,M2,100,HPG,BONCAT,B,8.119173906
MOBY,M2,100,HPG,BONCAT,B,6.059981709
MOBY,M2,100,HPG,BONCAT,B,23.49139615
MOBY,M2,100,HPG,BONCAT,B,12.83427913
MOBY,M2,100,HPG,BONCAT,B,16.09579825
MOBY,M2,100,HPG,BONCAT,B,20.51721784
MOBY,M2,100,HPG,BONCAT,B,4.283349558
MOBY,M2,100,HPG,BONCAT,B,36.07437912
MOBY,M2,100,HPG,BONCAT,B,10.13943266
MOBY,M2,100,HPG,BONCAT,B,9.325603433
MOBY,M2,100,HPG,BONCAT,B,1.322001855
MOBY,M2,100,HPG,BONCAT,B,11.62710826
MOBY,M2,100,HPG,BONCAT,B,14.95971753
MOBY,M2,100,HPG,BONCAT,B,7.108027945
MOBY,M2,100,HPG,BONCAT,B,28.44166253
MOBY,M2,100,HPG,BONCAT,B,22.04944429
MOBY,M2,100,HPG,BONCAT,B,9.87846076
MOBY,M2,100,HPG,BONCAT,B,17.49589671
MOBY,M2,100,HPG,BONCAT,B,9.140649144
MOBY,M2,100,HPG,BONCAT,B,6.511877074
MOBY,M2,100,HPG,BONCAT,B,13.31323089
MOBY,M2,100,HPG,BONCAT,B,9.666456476
MOBY,M2,100,HPG,BONCAT,B,12.44738953
MOBY,M2,100,HPG,BONCAT,B,8.106681204
MOBY,M2,100,HPG,BONCAT,B,7.168792967
MOBY,M2,100,HPG,BONCAT,B,17.88811524
MOBY,M2,100,HPG,BONCAT,B,13.04311321
MOBY,M2,100,HPG,BONCAT,B,5.062465627
MOBY,M2,100,HPG,BONCAT,B,10.48849647
MOBY,M2,100,HPG,BONCAT,B,19.72719817
MOBY,M2,100,HPG,BONCAT,B,1.970627643
MOBY,M2,100,HPG,BONCAT,B,7.707802428
MOBY,M2,100,HPG,BONCAT,B,17.59242694
MOBY,M2,100,HPG,BONCAT,B,12.53328111
MOBY,M2,100,HPG,BONCAT,B,15.67577489
MOBY,M2,100,HPG,BONCAT,B,3.144217242
MOBY,M2,100,HPG,BONCAT,B,7.074405567
MOBY,M2,100,HPG,BONCAT,B,12.34727062
MOBY,M2,100,HPG,BONCAT,B,32.283508
MOBY,M2,100,HPG,BONCAT,B,6.661940356
MOBY,M2,100,HPG,BONCAT,B,4.53461648
MOBY,M2,100,HPG,BONCAT,B,8.22350754
MOBY,M2,100,HPG,BONCAT,B,15.41353949
MOBY,M2,100,HPG,BONCAT,B,6.687357588
MOBY,M2,100,HPG,BONCAT,B,8.737189607
MOBY,M2,100,HPG,BONCAT,B,7.860317771
MOBY,M2,100,HPG,BONCAT,B,4.765404666
MOBY,M2,100,HPG,BONCAT,B,2.945264076
MOBY,M2,100,HPG,BONCAT,B,36.96645033
MOBY,M2,100,HPG,BONCAT,B,12.54724032
MOBY,M2,100,HPG,BONCAT,B,24.13136385
MOBY,M2,100,HPG,BONCAT,B,4.308069104
MOBY,M2,100,HPG,BONCAT,B,5.063833866
MOBY,M2,100,HPG,BONCAT,B,16.81267406
MOBY,M2,100,HPG,BONCAT,B,4.707170999
MOBY,M2,100,HPG,BONCAT,B,9.051648728
MOBY,M2,100,HPG,BONCAT,B,13.5818824
MOBY,M2,100,HPG,BONCAT,B,6.643065772
MOBY,M2,100,HPG,BONCAT,B,5.494827243
MOBY,M2,100,HPG,BONCAT,B,3.548947081
MOBY,M2,100,HPG,BONCAT,B,13.99577504
MOBY,M2,100,HPG,BONCAT,B,5.377511999
MOBY,M2,100,HPG,BONCAT,B,6.10891938
MOBY,M2,100,HPG,BONCAT,B,4.976684551
MOBY,M2,100,HPG,BONCAT,B,6.980989726
MOBY,M2,100,HPG,BONCAT,B,16.00763723
MOBY,M2,100,HPG,BONCAT,B,4.13777954
MOBY,M2,100,HPG,BONCAT,B,4.399064939
MOBY,M2,100,HPG,BONCAT,B,3.072186588
MOBY,M2,100,HPG,BONCAT,B,4.849758103
MOBY,M2,100,HPG,BONCAT,B,5.436001684
MOBY,M2,100,HPG,BONCAT,B,13.30548976
MOBY,M2,100,HPG,BONCAT,B,15.70778046
MOBY,M2,100,HPG,BONCAT,B,11.94172745
MOBY,M2,100,HPG,BONCAT,B,5.238986661
MOBY,M2,100,HPG,BONCAT,B,26.45678791
MOBY,M2,100,HPG,BONCAT,B,5.330675332
MOBY,M2,100,HPG,BONCAT,B,3.452774587
MOBY,M2,100,HPG,BONCAT,B,7.63685554
MOBY,M2,100,HPG,BONCAT,B,3.951873142
MOBY,M2,100,HPG,BONCAT,B,0.981945545
MOBY,M2,100,HPG,BONCAT,B,34.57674252
MOBY,M2,100,HPG,BONCAT,B,15.30189263
MOBY,M2,100,HPG,BONCAT,B,6.127406422
MOBY,M2,100,HPG,BONCAT,B,10.7601215
MOBY,M2,100,HPG,BONCAT,B,11.03098628
MOBY,M2,100,HPG,BONCAT,B,25.23564053
MOBY,M2,100,HPG,BONCAT,B,12.96328908
MOBY,M2,100,HPG,BONCAT,B,11.23564858
MOBY,M2,100,HPG,BONCAT,B,3.336409603
MOBY,M2,100,HPG,BONCAT,B,10.39450196
MOBY,M2,100,HPG,BONCAT,B,3.171111236
MOBY,M2,100,HPG,BONCAT,B,15.25970589
MOBY,M2,100,HPG,BONCAT,B,6.077585976
MOBY,M2,100,HPG,BONCAT,B,9.705248132
MOBY,M2,100,HPG,BONCAT,B,1.461451303
MOBY,M2,100,HPG,BONCAT,B,11.67834208
MOBY,M2,100,HPG,BONCAT,B,8.187827602
MOBY,M2,100,HPG,BONCAT,B,18.87465286
MOBY,M2,100,HPG,BONCAT,B,17.99492863
MOBY,M2,100,HPG,BONCAT,B,20.90535125
MOBY,M2,100,HPG,BONCAT,B,3.725569059
MOBY,M2,100,HPG,BONCAT,B,9.055034177
MOBY,M2,100,HPG,BONCAT,B,6.173348926
MOBY,M2,100,HPG,BONCAT,B,14.40862111
MOBY,M2,100,HPG,BONCAT,B,10.55461143
MOBY,M2,100,HPG,BONCAT,B,4.785233376
MOBY,M2,100,HPG,BONCAT,B,49.35460272
MOBY,M2,100,HPG,BONCAT,B,35.17552527
MOBY,M2,100,HPG,BONCAT,B,14.83274883
MOBY,M2,100,HPG,BONCAT,B,9.819602022
MOBY,M2,100,HPG,BONCAT,B,25.24710994
MOBY,M2,100,HPG,BONCAT,B,1.316922978
MOBY,M2,100,HPG,BONCAT,B,20.70834881
MOBY,M2,100,HPG,BONCAT,B,19.79118999
MOBY,M2,100,HPG,BONCAT,B,4.418597492
MOBY,M2,100,HPG,BONCAT,B,4.146402362
MOBY,M2,100,HPG,BONCAT,B,9.244207274
MOBY,M2,100,HPG,BONCAT,B,27.49151547
MOBY,M2,100,HPG,BONCAT,B,4.846995897
MOBY,M2,100,HPG,BONCAT,B,2.995131621
MOBY,M2,100,HPG,BONCAT,B,9.517909898
MOBY,M2,100,HPG,BONCAT,B,7.750734862
MOBY,M2,100,HPG,BONCAT,B,21.88627399
MOBY,M2,100,HPG,BONCAT,B,25.67376023
MOBY,M2,100,HPG,BONCAT,B,10.73229411
MOBY,M2,100,HPG,BONCAT,B,3.169735897
MOBY,M2,100,HPG,BONCAT,B,2.016835535
MOBY,M2,100,HPG,BONCAT,B,37.20087302
MOBY,M2,100,HPG,BONCAT,B,9.833303743
MOBY,M2,100,HPG,BONCAT,B,10.69815962
MOBY,M2,100,HPG,BONCAT,B,3.133288538
MOBY,M2,100,HPG,BONCAT,B,13.24036921
MOBY,M2,100,HPG,BONCAT,B,31.39693604
MOBY,M2,100,HPG,BONCAT,B,10.88174054
MOBY,M2,100,HPG,BONCAT,B,7.496176688
MOBY,M2,100,HPG,BONCAT,B,2.111969358
MOBY,M2,100,HPG,BONCAT,B,11.32918498
MOBY,M2,100,HPG,BONCAT,B,2.028135689
MOBY,M2,100,HPG,BONCAT,B,3.63738991
MOBY,M2,100,HPG,BONCAT,B,40.86409456
MOBY,M2,100,HPG,BONCAT,B,14.66506441
MOBY,M2,100,HPG,BONCAT,B,3.719646702
MOBY,M2,100,HPG,BONCAT,B,20.64605598
MOBY,M2,100,HPG,BONCAT,B,24.51160972
MOBY,M2,100,HPG,BONCAT,B,46.60292575
MOBY,M2,100,HPG,BONCAT,B,25.78012857
MOBY,M2,100,HPG,BONCAT,B,12.16483279
MOBY,M2,100,HPG,BONCAT,B,2.110609625
MOBY,M2,100,HPG,BONCAT,B,6.684158212
MOBY,M2,100,HPG,BONCAT,B,5.978384996
MOBY,M2,100,HPG,BONCAT,B,7.785063573
MOBY,M2,100,HPG,BONCAT,B,19.68830923
MOBY,M2,100,HPG,BONCAT,B,7.117457645
MOBY,M2,100,HPG,BONCAT,B,5.672495295
MOBY,M2,100,HPG,BONCAT,B,15.34319117
MOBY,M2,100,HPG,BONCAT,B,24.57420525
MOBY,M2,100,HPG,BONCAT,B,9.749969034
MOBY,M2,100,HPG,BONCAT,B,3.864726779
MOBY,M2,100,HPG,BONCAT,B,10.57351097
MOBY,M2,100,HPG,BONCAT,B,21.2828127
MOBY,M2,100,HPG,BONCAT,B,5.276768516
MOBY,M2,100,HPG,BONCAT,B,4.55677121
MOBY,M2,100,HPG,BONCAT,B,22.24651014
MOBY,M2,100,HPG,BONCAT,B,21.89780976
MOBY,M2,100,HPG,BONCAT,B,14.70414892
MOBY,M2,100,HPG,BONCAT,B,4.480478531
MOBY,M2,100,HPG,BONCAT,B,34.0576315
MOBY,M2,100,HPG,BONCAT,B,3.32317795
MOBY,M2,100,HPG,BONCAT,B,5.644860438
MOBY,M2,100,HPG,BONCAT,B,5.537787374
MOBY,M2,100,HPG,BONCAT,B,17.49896302
MOBY,M2,100,HPG,BONCAT,B,4.688032102
MOBY,M2,100,HPG,BONCAT,B,13.04468278
MOBY,M2,100,HPG,BONCAT,B,16.15243339
MOBY,M2,100,HPG,BONCAT,B,1.769563408
MOBY,M2,100,HPG,BONCAT,B,3.086623956
MOBY,M2,100,HPG,BONCAT,B,13.27591889
MOBY,M2,100,HPG,BONCAT,B,13.18822696
MOBY,M2,100,HPG,BONCAT,B,5.284183395
MOBY,M2,100,HPG,BONCAT,B,6.291320523
MOBY,M2,100,HPG,BONCAT,B,15.37105597
MOBY,M2,100,HPG,BONCAT,B,3.856769637
MOBY,M2,100,HPG,BONCAT,B,4.797226415
MOBY,M2,100,HPG,BONCAT,B,23.69304311
MOBY,M2,100,HPG,BONCAT,B,8.2193023
MOBY,M2,100,HPG,BONCAT,B,10.0724312
MOBY,M2,100,HPG,BONCAT,B,8.804779727
MOBY,M2,100,HPG,BONCAT,B,3.375492002
MOBY,M2,100,HPG,BONCAT,B,16.62640925
MOBY,M2,100,HPG,BONCAT,B,4.389023524
MOBY,M2,100,HPG,BONCAT,B,11.07256433
MOBY,M2,100,HPG,BONCAT,B,11.99490867
MOBY,M2,100,HPG,BONCAT,B,1.15785123
MOBY,M2,100,HPG,BONCAT,B,7.465456827
MOBY,M2,100,HPG,BONCAT,B,1.978782169
MOBY,M2,100,HPG,BONCAT,B,10.60540941
MOBY,M2,100,HPG,BONCAT,B,22.43541042
MOBY,M2,100,HPG,BONCAT,B,2.63653885
MOBY,M2,100,HPG,BONCAT,B,9.562831425
MOBY,M2,100,HPG,BONCAT,B,15.62836356
MOBY,M2,100,HPG,BONCAT,B,8.795153128
MOBY,M2,100,HPG,BONCAT,B,7.860093597
MOBY,M2,100,HPG,BONCAT,B,1.556174999
MOBY,M2,100,HPG,BONCAT,B,4.418075053
MOBY,M2,100,HPG,BONCAT,B,19.76201467
MOBY,M2,100,HPG,BONCAT,B,1.701971286
MOBY,M2,100,HPG,BONCAT,B,5.509518097
MOBY,M2,100,HPG,BONCAT,B,21.85382914
MOBY,M2,100,HPG,BONCAT,B,15.04714058
MOBY,M2,100,HPG,BONCAT,B,15.99443496
MOBY,M2,100,HPG,BONCAT,B,10.72977815
MOBY,M2,100,HPG,BONCAT,B,4.812922922
MOBY,M2,100,HPG,BONCAT,B,7.058826032
MOBY,M2,100,HPG,BONCAT,B,8.939446665
MOBY,M2,100,HPG,BONCAT,B,6.953341725
MOBY,M2,100,HPG,BONCAT,B,1.497684962
MOBY,M2,100,HPG,BONCAT,B,4.394923105
MOBY,M2,100,HPG,BONCAT,B,19.25446254
MOBY,M2,100,HPG,BONCAT,B,10.30995816
MOBY,M2,100,HPG,BONCAT,B,12.47200876
MOBY,M2,100,HPG,BONCAT,B,7.617435952
MOBY,M2,100,HPG,BONCAT,B,19.04720738
MOBY,M2,100,HPG,BONCAT,B,1.460514133
MOBY,M2,100,HPG,BONCAT,B,2.814881082
MOBY,M2,100,HPG,BONCAT,B,1.849671937
MOBY,M2,100,HPG,BONCAT,B,5.107389473
MOBY,M2,100,HPG,BONCAT,B,8.057244362
MOBY,M2,100,HPG,BONCAT,B,3.368719064
MOBY,M2,100,HPG,BONCAT,B,5.602398705
MOBY,M2,100,HPG,BONCAT,B,5.676722397
MOBY,M2,100,HPG,BONCAT,B,6.528553927
MOBY,M2,100,HPG,BONCAT,B,10.01943486
MOBY,M2,100,HPG,BONCAT,B,9.303354928
MOBY,M2,100,HPG,BONCAT,B,26.07949179
MOBY,M2,100,HPG,BONCAT,B,13.2502043
MOBY,M2,100,HPG,BONCAT,B,2.21196315
MOBY,M2,100,HPG,BONCAT,B,6.496059658
MOBY,M2,100,HPG,BONCAT,B,8.783918511
MOBY,M2,100,HPG,BONCAT,B,6.022782115
MOBY,M2,100,HPG,BONCAT,B,13.47164419
MOBY,M2,100,HPG,BONCAT,B,15.50176736
MOBY,M2,100,HPG,BONCAT,B,6.467200388
MOBY,M2,100,HPG,BONCAT,B,3.145007002
MOBY,M2,100,HPG,BONCAT,B,3.442944552
MOBY,M2,100,HPG,BONCAT,B,9.749745141
MOBY,M2,100,HPG,BONCAT,B,6.370115665
MOBY,M2,100,HPG,BONCAT,B,8.361038825
MOBY,M2,100,HPG,BONCAT,B,9.060234033
MOBY,M2,100,HPG,BONCAT,B,7.204865297
MOBY,M2,100,HPG,BONCAT,B,9.32650561
MOBY,M2,100,HPG,BONCAT,B,7.864046827
MOBY,M2,100,HPG,BONCAT,B,13.07284429
MOBY,M2,100,HPG,BONCAT,B,13.90299545
MOBY,M2,100,HPG,BONCAT,B,3.491343194
MOBY,M2,100,HPG,BONCAT,B,14.76851605
MOBY,M2,100,HPG,BONCAT,B,5.213503139
MOBY,M2,100,HPG,BONCAT,B,8.779583927
MOBY,M2,100,HPG,BONCAT,B,5.536854829
MOBY,M2,100,HPG,BONCAT,B,4.286038446
MOBY,M2,100,HPG,BONCAT,B,3.744425999
MOBY,M2,100,HPG,BONCAT,B,4.384063306
MOBY,M2,100,HPG,BONCAT,B,5.111543538
MOBY,M2,100,HPG,BONCAT,B,6.818270023
MOBY,M2,100,HPG,BONCAT,B,4.470958431
MOBY,M2,100,HPG,BONCAT,B,4.592362786
MOBY,M2,100,HPG,BONCAT,B,10.08798683
MOBY,M2,100,HPG,BONCAT,B,3.436062515
MOBY,M2,100,HPG,BONCAT,B,15.34440357
MOBY,M2,100,HPG,BONCAT,B,44.89162933
MOBY,M2,100,HPG,BONCAT,B,10.14169394
MOBY,M2,100,HPG,BONCAT,B,20.94644187
MOBY,M2,100,HPG,BONCAT,B,1.271511841
MOBY,M2,100,HPG,BONCAT,B,7.52396992
MOBY,M2,100,HPG,BONCAT,B,6.697724472
MOBY,M2,100,HPG,BONCAT,B,8.153100314
MOBY,M2,100,HPG,BONCAT,B,4.405980225
MOBY,M2,100,HPG,BONCAT,B,38.01807343
MOBY,M2,100,HPG,BONCAT,B,6.341953519
MOBY,M2,100,HPG,BONCAT,B,18.67817349
MOBY,M2,100,HPG,BONCAT,B,15.19517983
MOBY,M2,100,HPG,BONCAT,B,8.51178468
MOBY,M2,100,HPG,BONCAT,B,16.35205414
MOBY,M2,100,HPG,BONCAT,B,15.66859586
MOBY,M2,100,HPG,BONCAT,B,38.81233454
MOBY,M2,100,HPG,BONCAT,B,11.9760215
MOBY,M2,100,HPG,BONCAT,B,7.006970099
MOBY,M2,100,HPG,BONCAT,B,8.400374711
MOBY,M2,100,HPG,BONCAT,B,2.357841071
MOBY,M2,100,HPG,BONCAT,B,9.726384415
MOBY,M2,100,HPG,BONCAT,B,2.529763714
MOBY,M2,100,HPG,BONCAT,B,4.228569035
MOBY,M2,100,HPG,BONCAT,B,9.025805362
MOBY,M2,100,HPG,BONCAT,B,12.33569999
MOBY,M2,100,HPG,BONCAT,B,5.434774248
MOBY,M2,100,HPG,BONCAT,B,11.0519618
MOBY,M2,100,HPG,BONCAT,B,6.095961459
MOBY,M2,100,HPG,BONCAT,B,2.67162999
MOBY,M2,100,HPG,BONCAT,B,4.562988002
MOBY,M2,100,HPG,BONCAT,B,4.593960049
MOBY,M2,100,HPG,BONCAT,B,8.076147697
MOBY,M2,100,HPG,BONCAT,B,7.096597695
MOBY,M2,100,HPG,BONCAT,B,1.761062296
MOBY,M2,100,HPG,BONCAT,B,18.35943096
MOBY,M2,100,HPG,BONCAT,B,6.327489299
MOBY,M2,100,HPG,BONCAT,B,7.600205941
MOBY,M2,100,HPG,BONCAT,B,4.698869337
MOBY,M2,100,HPG,BONCAT,B,8.267014222
MOBY,M2,100,HPG,BONCAT,B,2.360700848
MOBY,M2,100,HPG,BONCAT,B,11.71563833
MOBY,M2,100,HPG,BONCAT,B,14.23965436
MOBY,M2,100,HPG,BONCAT,B,10.83827344
MOBY,M2,100,HPG,BONCAT,B,7.063182549
MOBY,M2,100,HPG,BONCAT,B,16.52789653
MOBY,M2,100,HPG,BONCAT,B,11.07065685
MOBY,M2,100,HPG,BONCAT,B,8.121950664
MOBY,M2,100,HPG,BONCAT,B,19.82678529
MOBY,M2,100,HPG,BONCAT,B,6.676544324
MOBY,M2,100,HPG,BONCAT,B,5.095626442
MOBY,M2,100,HPG,BONCAT,B,9.182275762
MOBY,M2,100,HPG,BONCAT,B,13.11415528
MOBY,M2,100,HPG,BONCAT,B,9.892211688
MOBY,M2,100,HPG,BONCAT,B,4.270733838
MOBY,M2,100,HPG,BONCAT,B,2.836840326
MOBY,M2,100,HPG,BONCAT,B,9.866905172
MOBY,M2,100,HPG,BONCAT,B,1.355656007
MOBY,M2,100,HPG,BONCAT,B,1.102083127
MOBY,M2,100,HPG,BONCAT,B,6.41367324
MOBY,M2,100,HPG,BONCAT,B,13.60690879
MOBY,M2,100,HPG,BONCAT,B,19.19886736
MOBY,M2,100,HPG,BONCAT,B,9.971798362
MOBY,M2,100,HPG,BONCAT,B,4.586826916
MOBY,M2,100,HPG,BONCAT,B,4.880164796
MOBY,M2,100,HPG,BONCAT,B,12.99575685
MOBY,M2,100,HPG,BONCAT,B,11.47993196
MOBY,M2,100,HPG,BONCAT,B,1.133950632
MOBY,M2,100,HPG,BONCAT,B,11.95146849
MOBY,M2,100,HPG,BONCAT,B,3.372736544
MOBY,M2,100,HPG,BONCAT,B,12.72064732
MOBY,M2,100,HPG,BONCAT,B,4.50834916
MOBY,M2,100,HPG,BONCAT,B,41.62819473
MOBY,M2,100,HPG,BONCAT,B,7.69975355
MOBY,M2,100,HPG,BONCAT,B,2.643384544
MOBY,M2,100,HPG,BONCAT,B,5.780575769
MOBY,M2,100,HPG,BONCAT,B,1.55078554
MOBY,M2,100,HPG,BONCAT,B,8.265981013
MOBY,M2,100,HPG,BONCAT,B,40.86318985
MOBY,M2,100,HPG,BONCAT,B,8.319807832
MOBY,M2,100,HPG,BONCAT,B,9.79785318
MOBY,M2,100,HPG,BONCAT,B,14.38874467
MOBY,M2,100,HPG,BONCAT,B,9.460787819
MOBY,M2,100,HPG,BONCAT,B,5.963153285
MOBY,M2,100,HPG,BONCAT,B,4.180955317
MOBY,M2,100,HPG,BONCAT,B,9.581918302
MOBY,M2,100,HPG,BONCAT,B,8.882713533
MOBY,M2,100,HPG,BONCAT,B,7.150756802
MOBY,M2,100,HPG,BONCAT,B,9.233509014
MOBY,M2,100,HPG,BONCAT,B,10.14329675
MOBY,M2,100,HPG,BONCAT,B,15.55650402
MOBY,M2,100,HPG,BONCAT,B,2.955398556
MOBY,M2,100,HPG,BONCAT,B,6.47400292
MOBY,M2,100,HPG,BONCAT,B,3.916022244
MOBY,M2,100,HPG,BONCAT,B,9.102269211
MOBY,M2,100,HPG,BONCAT,B,9.916157557
MOBY,M2,100,HPG,BONCAT,B,1.046315144
MOBY,M2,100,HPG,BONCAT,B,19.31579619
MOBY,M2,100,HPG,BONCAT,B,13.47999077
MOBY,M2,100,HPG,BONCAT,B,5.956816674
MOBY,M2,100,HPG,BONCAT,B,7.846220987
MOBY,M2,100,HPG,BONCAT,B,6.702296024
MOBY,M2,100,HPG,BONCAT,B,6.439848262
MOBY,M2,100,HPG,BONCAT,B,12.36815904
MOBY,M2,100,HPG,BONCAT,B,31.47133185
MOBY,M2,100,HPG,BONCAT,B,18.26503098
MOBY,M2,100,HPG,BONCAT,B,5.157694328
MOBY,M2,100,HPG,BONCAT,B,13.12437152
MOBY,M2,100,HPG,BONCAT,B,19.48320554
MOBY,M2,100,HPG,BONCAT,B,17.95000851
MOBY,M2,100,HPG,BONCAT,B,5.379804488
MOBY,M2,100,HPG,BONCAT,B,9.542758788
MOBY,M2,100,HPG,BONCAT,B,7.949339135
MOBY,M2,100,HPG,BONCAT,B,11.08240357
MOBY,M2,100,HPG,BONCAT,B,34.50953179
MOBY,M2,100,HPG,BONCAT,B,9.505806916
MOBY,M2,100,HPG,BONCAT,B,7.647331243
MOBY,M2,100,HPG,BONCAT,B,32.97274826
MOBY,M2,100,HPG,BONCAT,B,7.505933755
MOBY,M2,100,HPG,BONCAT,B,3.39351945
MOBY,M2,100,HPG,BONCAT,B,19.37272699
MOBY,M2,100,HPG,BONCAT,B,5.973492754
MOBY,M2,100,HPG,BONCAT,B,8.669872939
MOBY,M2,100,HPG,BONCAT,B,14.24670749
MOBY,M2,100,HPG,BONCAT,B,17.58849051
MOBY,M2,100,HPG,BONCAT,B,3.089045578
MOBY,M2,100,HPG,BONCAT,B,5.04858901
MOBY,M2,100,HPG,BONCAT,B,15.15768893
MOBY,M2,100,HPG,BONCAT,B,18.71360261
MOBY,M2,100,HPG,BONCAT,B,15.20839222
MOBY,M2,100,HPG,BONCAT,B,2.471497626
MOBY,M2,100,HPG,BONCAT,B,8.074526042
MOBY,M2,100,HPG,BONCAT,B,5.935521451
MOBY,M2,100,HPG,BONCAT,B,22.07172394
MOBY,M2,100,HPG,BONCAT,B,7.436772102
MOBY,M2,100,HPG,BONCAT,B,13.19237498
MOBY,M2,100,HPG,BONCAT,B,8.833075364
MOBY,M2,100,HPG,BONCAT,B,4.361808123
MOBY,M2,100,HPG,BONCAT,B,9.913883416
MOBY,M2,100,HPG,BONCAT,B,4.344219357
MOBY,M2,100,HPG,BONCAT,B,0.894954396
MOBY,M2,100,HPG,BONCAT,B,13.78115933
MOBY,M2,100,HPG,BONCAT,B,11.86002529
MOBY,M2,100,HPG,BONCAT,B,29.81300872
MOBY,M2,100,HPG,BONCAT,B,16.22644426
MOBY,M2,100,HPG,BONCAT,B,6.0463874
MOBY,M2,100,HPG,BONCAT,B,59.18531289
MOBY,M2,100,HPG,BONCAT,B,11.95146849
MOBY,M2,100,HPG,BONCAT,B,5.849358669
MOBY,M2,100,HPG,BONCAT,B,9.733583276
MOBY,M2,100,HPG,BONCAT,B,10.17528138
MOBY,M2,100,HPG,BONCAT,B,11.73290567
MOBY,M2,100,HPG,BONCAT,B,5.08015446
MOBY,M2,100,HPG,BONCAT,B,4.413416861
MOBY,M2,100,HPG,BONCAT,B,6.344665183
MOBY,M2,100,HPG,BONCAT,B,3.561113751
MOBY,M2,100,HPG,BONCAT,B,8.007236367
MOBY,M2,100,HPG,BONCAT,B,31.44053438
MOBY,M2,100,HPG,BONCAT,B,15.34737378
MOBY,M2,100,HPG,BONCAT,B,3.178633373
MOBY,M2,100,HPG,BONCAT,B,15.9379208
MOBY,M2,100,HPG,BONCAT,B,5.568277086
MOBY,M2,100,HPG,BONCAT,B,11.61539514
MOBY,M2,100,HPG,BONCAT,B,11.87411912
MOBY,M2,100,HPG,BONCAT,B,1.999390509
MOBY,M2,100,HPG,BONCAT,B,10.28783464
MOBY,M2,100,HPG,BONCAT,B,15.29299992
MOBY,M2,100,HPG,BONCAT,B,3.562855465
MOBY,M2,100,HPG,BONCAT,B,2.940284942
MOBY,M2,100,HPG,BONCAT,B,12.60969006
MOBY,M2,100,HPG,BONCAT,B,9.683873053
MOBY,M2,100,HPG,BONCAT,B,17.23301698
MOBY,M2,100,HPG,BONCAT,B,14.41902019
MOBY,M2,100,HPG,BONCAT,B,3.982340008
MOBY,M2,100,HPG,BONCAT,B,20.52455124
MOBY,M2,100,HPG,BONCAT,B,20.26013632
MOBY,M2,100,HPG,BONCAT,B,6.797330217
MOBY,M2,100,HPG,BONCAT,B,59.38108389
MOBY,M2,100,HPG,BONCAT,B,5.330675332
MOBY,M2,100,HPG,BONCAT,B,15.53762093
MOBY,M2,100,HPG,BONCAT,B,21.87058494
MOBY,M2,100,HPG,BONCAT,B,12.13294524
MOBY,M2,100,HPG,BONCAT,B,9.472818959
MOBY,M2,100,HPG,BONCAT,B,6.31602861
MOBY,M2,100,HPG,BONCAT,B,3.969922311
MOBY,M2,100,HPG,BONCAT,B,13.21071524
MOBY,M2,100,HPG,BONCAT,B,3.258495128
MOBY,M2,100,HPG,BONCAT,B,1.041003833
MOBY,M2,100,HPG,BONCAT,B,10.79163627
MOBY,M2,100,HPG,BONCAT,B,5.721741283
MOBY,M2,100,HPG,BONCAT,B,8.864529606
MOBY,M2,100,HPG,BONCAT,B,5.987364943
MOBY,M2,100,HPG,BONCAT,B,3.346582822
MOBY,M2,100,HPG,BONCAT,B,9.679837156
MOBY,M2,100,HPG,BONCAT,B,8.511803449
MOBY,M2,100,HPG,BONCAT,B,30.09868484
MOBY,M2,100,HPG,BONCAT,B,5.47198052
MOBY,M2,100,HPG,BONCAT,B,8.472340467
MOBY,M2,100,HPG,BONCAT,B,2.302522834
MOBY,M2,100,HPG,BONCAT,B,5.372311158
MOBY,M2,100,HPG,BONCAT,B,7.359880502
MOBY,M2,100,HPG,BONCAT,B,4.851692856
MOBY,M2,100,HPG,BONCAT,B,11.45591376
MOBY,M2,100,HPG,BONCAT,B,15.39654701
MOBY,M2,100,HPG,BONCAT,B,7.827891407
MOBY,M2,100,HPG,BONCAT,B,8.003922057
MOBY,M2,100,HPG,BONCAT,B,8.554191512
MOBY,M2,100,HPG,BONCAT,B,8.764428276
MOBY,M2,100,HPG,BONCAT,B,4.454937579
MOBY,M2,100,HPG,BONCAT,B,12.3445629
MOBY,M2,100,HPG,BONCAT,B,37.14192318
MOBY,M2,100,HPG,BONCAT,B,15.38081775
MOBY,M2,100,HPG,BONCAT,B,4.026616099
MOBY,M2,100,HPG,BONCAT,B,9.74125129
MOBY,M2,100,HPG,BONCAT,B,11.86463403
MOBY,M2,100,HPG,BONCAT,B,8.466777041
MOBY,M2,100,HPG,BONCAT,B,7.356961676
MOBY,M2,100,HPG,BONCAT,B,18.36659587
MOBY,M2,100,HPG,BONCAT,B,3.195116364
MOBY,M2,100,HPG,BONCAT,B,6.580527185
MOBY,M2,100,HPG,BONCAT,B,11.74265381
MOBY,M2,100,HPG,BONCAT,B,17.18689818
MOBY,M2,100,HPG,BONCAT,B,17.86379019
MOBY,M2,100,HPG,BONCAT,B,17.52010598
MOBY,M2,100,HPG,BONCAT,B,9.871059659
MOBY,M2,100,HPG,BONCAT,B,11.05142129
MOBY,M2,100,HPG,BONCAT,B,4.14641614
MOBY,M2,100,HPG,BONCAT,B,9.046416535
MOBY,M2,100,HPG,BONCAT,B,13.66967324
MOBY,M2,100,HPG,BONCAT,B,4.501065945
MOBY,M2,100,HPG,BONCAT,B,24.0235337
MOBY,M2,100,HPG,BONCAT,B,6.712331956
MOBY,M2,100,HPG,BONCAT,B,7.425998204
MOBY,M2,100,HPG,BONCAT,B,5.620428262
MOBY,M2,100,HPG,BONCAT,B,3.09328224
MOBY,M2,100,HPG,BONCAT,B,15.6589604
MOBY,M2,100,HPG,BONCAT,B,13.55442497
MOBY,M2,100,HPG,BONCAT,B,4.878692941
MOBY,M2,100,HPG,BONCAT,B,1.527583556
MOBY,M2,100,HPG,BONCAT,B,15.58373594
MOBY,M2,100,HPG,BONCAT,B,5.029483996
MOBY,M2,100,HPG,BONCAT,B,18.78322316
MOBY,M2,100,HPG,BONCAT,B,32.71510937
MOBY,M2,100,HPG,BONCAT,B,69.29117808
MOBY,M2,100,HPG,BONCAT,B,29.46479802
MOBY,M2,100,HPG,BONCAT,B,4.047917837
MOBY,M2,100,HPG,BONCAT,B,15.1613015
MOBY,M2,100,HPG,BONCAT,B,11.80737044
MOBY,M2,100,HPG,BONCAT,B,13.86119562
MOBY,M2,100,HPG,BONCAT,B,13.91464727
MOBY,M2,100,HPG,BONCAT,B,13.97905411
MOBY,M2,100,HPG,BONCAT,B,15.05049826
MOBY,M2,100,HPG,BONCAT,B,25.65404371
MOBY,M2,100,HPG,BONCAT,B,15.52864513
MOBY,M2,100,HPG,BONCAT,B,1.830504662
MOBY,M2,100,HPG,BONCAT,B,9.32471419
MOBY,M2,100,HPG,BONCAT,B,14.41398799
MOBY,M2,100,HPG,BONCAT,B,14.42751496
MOBY,M2,100,HPG,BONCAT,B,7.513715509
MOBY,M2,100,HPG,BONCAT,B,4.866354819
MOBY,M2,100,HPG,BONCAT,B,7.867742422
MOBY,M2,100,HPG,BONCAT,B,9.055819523
MOBY,M2,100,HPG,BONCAT,B,7.280885439
MOBY,M2,100,HPG,BONCAT,B,5.486513631
MOBY,M2,100,HPG,BONCAT,B,11.50736676
MOBY,M2,100,HPG,BONCAT,B,5.649568997
MOBY,M2,100,HPG,BONCAT,B,4.913022847
MOBY,M2,100,HPG,BONCAT,B,4.649540891
MOBY,M2,100,HPG,BONCAT,B,1.603286769
MOBY,M2,100,HPG,BONCAT,B,9.149980851
MOBY,M2,100,HPG,BONCAT,B,9.807793298
MOBY,M2,100,HPG,BONCAT,B,23.67169004
MOBY,M2,100,HPG,BONCAT,B,5.281930834
MOBY,M2,100,HPG,BONCAT,B,16.92511281
MOBY,M2,100,HPG,BONCAT,B,15.84076269
MOBY,M2,100,HPG,BONCAT,B,8.484859812
MOBY,M2,100,HPG,BONCAT,B,49.53116312
MOBY,M2,100,HPG,BONCAT,B,2.959605139
MOBY,M2,100,HPG,BONCAT,B,0.75065958
MOBY,M2,100,HPG,BONCAT,B,25.44461598
MOBY,M2,100,HPG,BONCAT,B,9.844614349
MOBY,M2,100,HPG,BONCAT,B,4.037495068
MOBY,M2,100,HPG,BONCAT,B,3.990284637
MOBY,M2,100,HPG,BONCAT,B,11.7672142
MOBY,M2,100,HPG,BONCAT,B,13.45303568
MOBY,M2,100,HPG,BONCAT,B,19.57215569
MOBY,M2,100,HPG,BONCAT,B,10.4799821
MOBY,M2,100,HPG,BONCAT,B,15.15615824
MOBY,M2,100,HPG,BONCAT,B,15.85841617
MOBY,M2,100,HPG,BONCAT,B,8.155205535
MOBY,M2,100,HPG,BONCAT,B,16.86818946
MOBY,M2,100,HPG,BONCAT,B,61.76846814
MOBY,M2,100,HPG,BONCAT,B,5.696338602
MOBY,M2,100,HPG,BONCAT,B,4.707693508
MOBY,M2,100,HPG,BONCAT,B,57.89755919
MOBY,M2,100,HPG,BONCAT,B,14.66469163
MOBY,M2,100,HPG,BONCAT,B,6.093933072
MOBY,M2,100,HPG,BONCAT,B,8.559255275
MOBY,M2,100,HPG,BONCAT,B,11.44287683
MOBY,M2,100,HPG,BONCAT,B,8.307678138
MOBY,M2,100,HPG,BONCAT,B,1.374284414
MOBY,M2,100,HPG,BONCAT,B,23.25005803
MOBY,M2,100,HPG,BONCAT,B,3.784548468
MOBY,M2,100,HPG,BONCAT,B,13.63601719
MOBY,M2,100,HPG,BONCAT,B,13.77062022
MOBY,M2,100,HPG,BONCAT,B,7.601699447
MOBY,M2,100,HPG,BONCAT,B,6.720656745
MOBY,M2,100,HPG,BONCAT,B,9.281106424
MOBY,M2,100,HPG,BONCAT,B,14.84255462
MOBY,M2,100,HPG,BONCAT,B,16.30055088
MOBY,M2,100,HPG,BONCAT,B,9.348648812
MOBY,M2,100,HPG,BONCAT,B,13.11426986
MOBY,M2,100,HPG,BONCAT,B,3.999956408
MOBY,M2,100,HPG,BONCAT,B,9.214278241
MOBY,M2,100,HPG,BONCAT,B,11.81887886
MOBY,M2,100,HPG,BONCAT,B,9.272758437
MOBY,M2,100,HPG,BONCAT,B,21.31562977
MOBY,M2,100,HPG,BONCAT,B,9.154464182
MOBY,M2,100,HPG,BONCAT,B,24.09514235
MOBY,M2,100,HPG,BONCAT,B,9.277710219
MOBY,M2,100,HPG,BONCAT,B,29.51933398
MOBY,M2,100,HPG,BONCAT,B,11.98560431
MOBY,M2,100,HPG,BONCAT,B,6.85286396
MOBY,M2,100,HPG,BONCAT,B,15.71830376
MOBY,M2,100,HPG,BONCAT,B,5.405382206
MOBY,M2,100,HPG,BONCAT,B,10.72844442
MOBY,M2,100,HPG,BONCAT,B,15.43938841
MOBY,M2,100,HPG,BONCAT,B,3.958883117
MOBY,M2,100,HPG,BONCAT,B,20.0634235
MOBY,M2,100,HPG,BONCAT,B,20.63015906
MOBY,M2,100,HPG,BONCAT,B,7.050783622
MOBY,M2,100,HPG,BONCAT,B,16.86753986
MOBY,M2,100,HPG,BONCAT,B,12.95795798
MOBY,M2,100,HPG,BONCAT,B,8.882604153
MOBY,M2,100,HPG,BONCAT,B,3.473431804
MOBY,M2,100,HPG,BONCAT,B,1.714968312
MOBY,M2,100,HPG,BONCAT,B,6.727942069
MOBY,M2,100,HPG,BONCAT,B,6.971469977
MOBY,M2,100,HPG,BONCAT,B,2.632516752
MOBY,M2,100,HPG,BONCAT,B,4.945089085
MOBY,M2,100,HPG,BONCAT,B,1.589768344
MOBY,M2,100,HPG,BONCAT,B,13.03697476
MOBY,M2,100,HPG,BONCAT,B,17.76854384
MOBY,M2,100,HPG,BONCAT,B,6.685618398
MOBY,M2,100,HPG,BONCAT,B,36.01827085
MOBY,M2,100,HPG,BONCAT,B,7.50157274
MOBY,M2,100,HPG,BONCAT,B,6.364743794
MOBY,M2,100,HPG,BONCAT,B,14.32465705
MOBY,M2,100,HPG,BONCAT,B,30.10661977
MOBY,M2,100,HPG,BONCAT,B,12.2441782
MOBY,M2,100,HPG,BONCAT,B,2.965016255
MOBY,M2,100,HPG,BONCAT,B,15.16576487
MOBY,M2,100,HPG,BONCAT,B,3.630500914
MOBY,M2,100,HPG,BONCAT,B,47.44944439
MOBY,M2,100,HPG,BONCAT,B,18.75478784
MOBY,M2,100,HPG,BONCAT,B,6.446770648
MOBY,M2,100,HPG,BONCAT,B,12.8967328
MOBY,M2,100,HPG,BONCAT,B,11.27286273
MOBY,M2,100,HPG,BONCAT,B,22.17829917
MOBY,M2,100,HPG,BONCAT,B,8.377715467
MOBY,M2,100,HPG,BONCAT,B,7.928830243
MOBY,M2,100,HPG,BONCAT,B,3.341027979
MOBY,M2,100,HPG,BONCAT,B,24.99291203
MOBY,M2,100,HPG,BONCAT,B,11.75563591
MOBY,M2,100,HPG,BONCAT,B,6.708178032
MOBY,M2,100,HPG,BONCAT,B,11.89041856
MOBY,M2,100,HPG,BONCAT,B,4.925679268
MOBY,M2,100,HPG,BONCAT,B,3.7229795
MOBY,M2,100,HPG,BONCAT,B,4.806000536
MOBY,M2,100,HPG,BONCAT,B,2.21196315
MOBY,M2,100,HPG,BONCAT,B,6.83612131
MOBY,M2,100,HPG,BONCAT,B,12.13754203
MOBY,M2,100,HPG,BONCAT,B,0.981252337
MOBY,M2,100,HPG,BONCAT,B,11.52319556
MOBY,M2,100,HPG,BONCAT,B,12.96943997
MOBY,M2,100,HPG,BONCAT,B,7.445915135
MOBY,M2,100,HPG,BONCAT,B,9.21996342
MOBY,M2,100,HPG,BONCAT,B,9.240547811
MOBY,M2,100,HPG,BONCAT,B,28.14620874
MOBY,M2,100,HPG,BONCAT,B,3.058787842
MOBY,M2,100,HPG,BONCAT,B,2.591172956
MOBY,M2,100,HPG,BONCAT,B,54.47172543
MOBY,M2,100,HPG,BONCAT,B,4.595422443
MOBY,M2,100,HPG,BONCAT,B,12.69977458
MOBY,M2,100,HPG,BONCAT,B,10.6997952
MOBY,M2,100,HPG,BONCAT,B,6.013128101
MOBY,M2,100,HPG,BONCAT,B,9.636510432
MOBY,M2,100,HPG,BONCAT,B,32.32009954
MOBY,M2,100,HPG,BONCAT,B,8.57580644
MOBY,M2,100,HPG,BONCAT,B,9.578697767
MOBY,M2,100,HPG,BONCAT,B,8.241674104
MOBY,M2,100,HPG,BONCAT,B,50.08303377
MOBY,M2,100,HPG,BONCAT,B,7.902971904
MOBY,M2,100,HPG,BONCAT,B,17.22882995
MOBY,M2,100,HPG,BONCAT,B,5.294625286
MOBY,M2,100,HPG,BONCAT,B,28.19971262
MOBY,M2,100,HPG,BONCAT,B,11.49190933
MOBY,M2,100,HPG,BONCAT,B,21.77203131
MOBY,M2,100,HPG,BONCAT,B,10.70305777
MOBY,M2,100,HPG,BONCAT,B,3.447201846
MOBY,M2,100,HPG,BONCAT,B,8.380041909
MOBY,M2,100,HPG,BONCAT,B,7.555702183
MOBY,M2,100,HPG,BONCAT,B,5.177367825
MOBY,M2,100,HPG,BONCAT,B,5.023386321
MOBY,M2,100,HPG,BONCAT,B,12.21497237
MOBY,M2,100,HPG,BONCAT,B,4.277789752
MOBY,M2,100,HPG,BONCAT,B,5.557592113
MOBY,M2,100,HPG,BONCAT,B,5.245325591
MOBY,M2,100,HPG,BONCAT,B,5.307302627
MOBY,M2,100,HPG,BONCAT,B,7.973380958
MOBY,M2,100,HPG,BONCAT,B,3.86317085
MOBY,M2,100,HPG,BONCAT,B,27.87104734
MOBY,M2,100,HPG,BONCAT,B,2.229702617
MOBY,M2,100,HPG,BONCAT,B,8.741363425
MOBY,M2,100,HPG,BONCAT,B,20.06314175
MOBY,M2,100,HPG,BONCAT,B,8.792999895
MOBY,M2,100,HPG,BONCAT,B,21.97997025
MOBY,M2,100,HPG,BONCAT,B,49.17556931
MOBY,M2,100,HPG,BONCAT,B,23.89138771
MOBY,M2,100,HPG,BONCAT,B,12.60991831
MOBY,M2,100,HPG,BONCAT,B,16.83941026
MOBY,M2,100,HPG,BONCAT,B,16.96444807
MOBY,M2,100,HPG,BONCAT,B,14.77272621
MOBY,M2,100,HPG,BONCAT,B,3.877907256
MOBY,M2,100,HPG,BONCAT,B,4.332939715
MOBY,M2,100,HPG,BONCAT,B,10.8445543
MOBY,M2,100,HPG,BONCAT,B,16.83521486
MOBY,M2,100,HPG,BONCAT,B,10.98299951
MOBY,M2,100,HPG,BONCAT,B,39.32328498
MOBY,M2,100,HPG,BONCAT,B,2.762728345
MOBY,M2,100,HPG,BONCAT,B,6.60552222
MOBY,M2,100,HPG,BONCAT,B,5.595992361
MOBY,M2,100,HPG,BONCAT,B,15.14242615
MOBY,M2,100,HPG,BONCAT,B,23.82084348
MOBY,M2,100,HPG,BONCAT,B,19.17198783
MOBY,M2,100,HPG,BONCAT,B,7.221514876
MOBY,M2,100,HPG,BONCAT,B,12.77793375
MOBY,M2,100,HPG,BONCAT,B,6.083023222
MOBY,M2,100,HPG,BONCAT,B,16.5114357
MOBY,M2,100,HPG,BONCAT,B,21.288885
MOBY,M2,100,HPG,BONCAT,B,8.682012264
MOBY,M2,100,HPG,BONCAT,B,6.488707974
MOBY,M2,100,HPG,BONCAT,B,13.88427326
MOBY,M2,100,HPG,BONCAT,B,12.27136647
MOBY,M2,100,HPG,BONCAT,B,4.908620567
MOBY,M2,100,HPG,BONCAT,B,15.26807975
MOBY,M2,100,HPG,BONCAT,B,16.95957551
MOBY,M2,100,HPG,BONCAT,B,16.97024916
MOBY,M2,100,HPG,BONCAT,B,24.79752576
MOBY,M2,100,HPG,BONCAT,B,28.29249805
MOBY,M2,100,HPG,BONCAT,B,3.506498985
MOBY,M2,100,HPG,BONCAT,B,4.113760394
MOBY,M2,100,HPG,BONCAT,B,8.24282295
MOBY,M2,100,HPG,BONCAT,B,24.41903061
MOBY,M2,100,HPG,BONCAT,B,1.447824623
MOBY,M2,100,HPG,BONCAT,B,19.80440147
MOBY,M2,100,HPG,BONCAT,B,36.83213192
MOBY,M2,100,HPG,BONCAT,B,7.517427132
MOBY,M2,100,HPG,BONCAT,B,2.508508406
MOBY,M2,100,HPG,BONCAT,B,12.41424066
MOBY,M2,100,HPG,BONCAT,B,2.885492933
MOBY,M2,100,HPG,BONCAT,B,6.60917163
MOBY,M2,100,HPG,BONCAT,B,2.220387773
MOBY,M2,100,HPG,BONCAT,B,21.75121136
MOBY,M2,100,HPG,BONCAT,B,5.214723968
MOBY,M2,100,HPG,BONCAT,B,1.145963403
MOBY,M2,100,HPG,BONCAT,B,13.87100021
MOBY,M2,100,HPG,BONCAT,B,10.08166998
MOBY,M2,100,HPG,BONCAT,B,6.881323106
MOBY,M2,100,HPG,BONCAT,B,9.571953158
MOBY,M2,100,HPG,BONCAT,B,28.77764653
MOBY,M2,100,HPG,BONCAT,B,12.42466737
MOBY,M2,100,HPG,BONCAT,B,10.98033845
MOBY,M2,100,HPG,BONCAT,B,13.74631943
MOBY,M2,100,HPG,BONCAT,B,10.65108922
MOBY,M2,100,HPG,BONCAT,B,3.696703927
MOBY,M2,100,HPG,BONCAT,B,12.41734683
MOBY,M2,100,HPG,BONCAT,B,20.21601722
MOBY,M2,100,HPG,BONCAT,B,4.666679729
MOBY,M2,100,HPG,BONCAT,B,2.729852551
MOBY,M2,100,HPG,BONCAT,B,42.48137369
MOBY,M2,100,HPG,BONCAT,B,1.798499322
MOBY,M2,100,HPG,BONCAT,B,12.27910155
MOBY,M2,100,HPG,BONCAT,B,1.338325437
MOBY,M2,100,HPG,BONCAT,B,9.698563416
MOBY,M2,100,HPG,BONCAT,B,7.090126608
MOBY,M2,100,HPG,BONCAT,B,2.863385209
MOBY,M2,100,HPG,BONCAT,B,9.251169167
MOBY,M2,100,HPG,BONCAT,B,6.385901834
MOBY,M2,100,HPG,BONCAT,B,9.588512407
MOBY,M2,100,HPG,BONCAT,B,6.162797374
MOBY,M2,100,HPG,BONCAT,B,5.342606841
MOBY,M2,100,HPG,BONCAT,B,11.09572253
MOBY,M2,100,HPG,BONCAT,B,5.170191529
MOBY,M2,100,HPG,BONCAT,B,5.71430904
MOBY,M2,100,HPG,BONCAT,B,5.65723905
MOBY,M2,100,HPG,BONCAT,B,13.73075325
MOBY,M2,100,HPG,BONCAT,B,3.764508428
MOBY,M2,100,HPG,BONCAT,B,8.914092699
MOBY,M2,100,HPG,BONCAT,B,5.453944355
MOBY,M2,100,HPG,BONCAT,B,4.312944966
MOBY,M2,100,HPG,BONCAT,B,7.964171495
MOBY,M2,100,HPG,BONCAT,B,3.269490795
MOBY,M2,100,HPG,BONCAT,B,14.91641836
MOBY,M2,100,HPG,BONCAT,B,17.00095862
MOBY,M2,100,HPG,BONCAT,B,2.78096595
MOBY,M2,100,HPG,BONCAT,B,6.48333126
MOBY,M2,100,HPG,BONCAT,B,6.648777453
MOBY,M2,100,HPG,BONCAT,B,15.0092518
MOBY,M2,100,HPG,BONCAT,B,1.867278194
MOBY,M2,100,HPG,BONCAT,B,22.08087653
MOBY,M2,100,HPG,BONCAT,B,12.93940619
MOBY,M2,100,HPG,BONCAT,B,5.03777891
MOBY,M2,100,HPG,BONCAT,B,2.098136746
MOBY,M2,100,HPG,BONCAT,B,6.298545252
MOBY,M2,100,HPG,BONCAT,B,4.209751215
MOBY,M2,100,HPG,BONCAT,B,11.19489005
MOBY,M2,100,HPG,BONCAT,B,19.13435747
MOBY,M2,100,HPG,BONCAT,B,16.77471478
MOBY,M2,100,HPG,BONCAT,B,19.85747366
MOBY,M2,100,HPG,BONCAT,B,4.729481856
MOBY,M2,100,HPG,BONCAT,B,6.804984173
MOBY,M2,100,HPG,BONCAT,B,3.550617705
MOBY,M2,100,HPG,BONCAT,B,12.0238589
MOBY,M2,100,HPG,BONCAT,B,5.316055476
MOBY,M2,100,HPG,BONCAT,B,12.33569999
MOBY,M2,100,HPG,BONCAT,B,26.02083994
MOBY,M2,100,HPG,BONCAT,B,3.051910797
MOBY,M2,100,HPG,BONCAT,B,12.00383821
MOBY,M2,100,HPG,BONCAT,B,5.532549206
MOBY,M2,100,HPG,BONCAT,B,1.415380439
MOBY,M2,100,HPG,BONCAT,B,6.77271717
MOBY,M2,100,HPG,BONCAT,B,27.44997123
MOBY,M2,100,HPG,BONCAT,B,5.498307733
MOBY,M2,100,HPG,BONCAT,B,22.16547657
MOBY,M2,100,HPG,BONCAT,B,26.30634194
MOBY,M2,100,HPG,BONCAT,B,14.94232099
MOBY,M2,100,HPG,BONCAT,B,7.186164836
MOBY,M2,100,HPG,BONCAT,B,4.722572193
MOBY,M2,100,HPG,BONCAT,B,4.777870234
MOBY,M2,100,HPG,BONCAT,B,4.715362577
MOBY,M2,100,HPG,BONCAT,B,15.21771303
MOBY,M2,100,HPG,BONCAT,B,1.193048833
MOBY,M2,100,HPG,BONCAT,B,5.49010807
MOBY,M2,100,HPG,BONCAT,B,3.766854777
MOBY,M2,100,HPG,BONCAT,B,3.50588133
MOBY,M2,100,HPG,BONCAT,B,3.414125091
MOBY,M2,100,HPG,BONCAT,B,8.835858026
MOBY,M2,100,HPG,BONCAT,B,7.796691566
MOBY,M2,100,HPG,BONCAT,B,1.815522853
MOBY,M2,100,HPG,BONCAT,B,6.59249316
MOBY,M2,100,HPG,BONCAT,B,1.11655411
MOBY,M2,100,HPG,BONCAT,B,3.127301417
MOBY,M2,100,HPG,BONCAT,B,26.0526865
MOBY,M2,100,HPG,BONCAT,B,4.260383782
MOBY,M2,100,HPG,BONCAT,B,7.212857657
MOBY,M2,100,HPG,BONCAT,B,5.558576255
MOBY,M2,100,HPG,BONCAT,B,5.170154624
MOBY,M2,100,HPG,BONCAT,B,2.766845757
MOBY,M2,100,HPG,BONCAT,B,5.168134145
MOBY,M2,100,HPG,BONCAT,B,3.493861431
MOBY,M2,100,HPG,BONCAT,B,6.379438796
MOBY,M2,100,HPG,BONCAT,B,7.318041098
MOBY,M2,100,HPG,BONCAT,B,1.115212232
MOBY,M2,100,HPG,BONCAT,B,4.61945479
MOBY,M2,100,HPG,BONCAT,B,3.247669562
MOBY,M2,100,HPG,BONCAT,B,2.665491937
MOBY,M2,100,HPG,BONCAT,B,7.602139218
MOBY,M2,100,HPG,BONCAT,B,5.154260374
MOBY,M2,100,HPG,BONCAT,B,12.36480804
MOBY,M2,100,HPG,BONCAT,B,11.87055688
MOBY,M2,100,HPG,BONCAT,B,7.30532837
MOBY,M2,100,HPG,BONCAT,B,7.582131043
MOBY,M2,100,HPG,BONCAT,B,13.62208721
MOBY,M2,100,HPG,BONCAT,B,5.703685716
MOBY,M2,100,HPG,BONCAT,B,5.488630099
MOBY,M2,100,HPG,BONCAT,B,2.163746068
MOBY,M2,100,HPG,BONCAT,B,12.53331021
MOBY,M2,100,HPG,BONCAT,B,13.70289331
MOBY,M2,100,HPG,BONCAT,B,23.09926241
MOBY,M2,100,HPG,BONCAT,B,4.752021505
MOBY,M2,100,HPG,BONCAT,B,9.474717791
MOBY,M2,100,HPG,BONCAT,B,13.76587336
MOBY,M2,100,HPG,BONCAT,B,16.60032484
MOBY,M2,100,HPG,BONCAT,B,12.57372661
MOBY,M2,100,HPG,BONCAT,B,1.419435984
MOBY,M2,100,HPG,BONCAT,B,9.556449262
MOBY,M2,100,HPG,BONCAT,B,11.44273876
MOBY,M2,100,HPG,BONCAT,B,9.603742712
MOBY,M2,100,HPG,BONCAT,B,2.836400857
MOBY,M2,100,HPG,BONCAT,B,9.308500024
MOBY,M2,100,HPG,BONCAT,B,5.843090175
MOBY,M2,100,HPG,BONCAT,B,15.15456111
MOBY,M2,100,HPG,BONCAT,B,34.71988644
MOBY,M2,100,HPG,BONCAT,B,13.91830266
MOBY,M2,100,HPG,BONCAT,B,4.89582264
MOBY,M2,100,HPG,BONCAT,B,14.4390813
MOBY,M2,100,HPG,BONCAT,B,17.48203191
MOBY,M2,100,HPG,BONCAT,B,2.685800248
MOBY,M2,100,HPG,BONCAT,B,8.558583387
MOBY,M2,100,HPG,BONCAT,B,10.01213484
MOBY,M2,100,HPG,BONCAT,B,10.10881874
MOBY,M2,100,HPG,BONCAT,B,6.460449031
MOBY,M2,100,HPG,BONCAT,B,6.327784893
MOBY,M2,100,HPG,BONCAT,B,2.946008404
MOBY,M2,100,HPG,BONCAT,B,6.518823783
MOBY,M2,100,HPG,BONCAT,B,4.439329996
MOBY,M2,100,HPG,BONCAT,B,6.481938973
MOBY,M2,100,HPG,BONCAT,B,7.761432349
MOBY,M2,100,HPG,BONCAT,B,0.962663049
MOBY,M2,100,HPG,BONCAT,B,7.940733655
MOBY,M2,100,HPG,BONCAT,B,6.019708849
MOBY,M2,100,HPG,BONCAT,B,13.67865276
MOBY,M2,100,HPG,BONCAT,B,4.582260988
MOBY,M2,100,HPG,BONCAT,B,6.119082969
MOBY,M2,100,HPG,BONCAT,B,20.12177147
MOBY,M2,100,HPG,BONCAT,B,5.705475941
MOBY,M2,100,HPG,BONCAT,B,14.21533929
MOBY,M2,100,HPG,BONCAT,B,5.793215109
MOBY,M2,100,HPG,BONCAT,B,8.293344316
MOBY,M2,100,HPG,BONCAT,B,5.755590365
MOBY,M2,100,HPG,BONCAT,B,3.901857533
MOBY,M2,100,HPG,BONCAT,B,29.75168337
MOBY,M2,100,HPG,BONCAT,B,8.443894045
MOBY,M2,100,HPG,BONCAT,B,3.60617854
MOBY,M2,100,HPG,BONCAT,B,2.977424089
MOBY,M2,100,HPG,BONCAT,B,10.81775302
MOBY,M2,100,HPG,BONCAT,B,9.621038169
MOBY,M2,100,HPG,BONCAT,B,14.64184442
MOBY,M2,100,HPG,BONCAT,B,16.39660844
MOBY,M2,100,HPG,BONCAT,B,6.046236335
MOBY,M2,100,HPG,BONCAT,B,5.944331493
MOBY,M2,100,HPG,BONCAT,B,15.29077224
MOBY,M2,100,HPG,BONCAT,B,14.35404698
MOBY,M2,100,HPG,BONCAT,B,2.589800485
MOBY,M2,100,HPG,BONCAT,B,5.829219462
MOBY,M2,100,HPG,BONCAT,B,44.43503652
MOBY,M2,100,HPG,BONCAT,B,19.20020354
MOBY,M2,100,HPG,BONCAT,B,5.290238963
MOBY,M2,100,HPG,BONCAT,B,19.56414154
MOBY,M2,100,HPG,BONCAT,B,9.835426256
MOBY,M2,100,HPG,BONCAT,B,12.4466524
MOBY,M2,100,HPG,BONCAT,B,4.141053198
MOBY,M2,100,HPG,BONCAT,B,5.132417547
MOBY,M2,100,HPG,BONCAT,B,12.41670474
MOBY,M2,100,HPG,BONCAT,B,4.951384362
MOBY,M2,100,HPG,BONCAT,B,0.975941026
MOBY,M2,100,HPG,BONCAT,B,4.792155763
MOBY,M2,100,HPG,BONCAT,B,10.59324227
MOBY,M2,100,HPG,BONCAT,B,13.43064258
MOBY,M2,100,HPG,BONCAT,B,3.365532566
MOBY,M2,100,HPG,BONCAT,B,4.242848307
MOBY,M2,100,HPG,BONCAT,B,1.681075738
MOBY,M2,100,HPG,BONCAT,B,4.452653876
MOBY,M2,100,HPG,BONCAT,B,3.684235083
MOBY,M2,100,HPG,BONCAT,B,22.34392786
MOBY,M2,100,HPG,BONCAT,B,28.73441548
MOBY,M2,100,HPG,BONCAT,B,3.98371851
MOBY,M2,100,HPG,BONCAT,B,11.20231843
MOBY,M2,100,HPG,BONCAT,B,7.364718475
MOBY,M2,100,HPG,BONCAT,B,7.691116788
MOBY,M2,100,HPG,BONCAT,B,14.10570141
MOBY,M2,100,HPG,BONCAT,B,10.52731702
MOBY,M2,100,HPG,BONCAT,B,12.51814781
MOBY,M2,100,HPG,BONCAT,B,10.98493644
MOBY,M2,100,HPG,BONCAT,B,6.296860949
MOBY,M2,100,HPG,BONCAT,B,6.294749837
MOBY,M2,100,HPG,BONCAT,B,8.808649163
MOBY,M2,100,HPG,BONCAT,B,11.81202965
MOBY,M2,100,HPG,BONCAT,B,14.98250317
MOBY,M2,100,HPG,BONCAT,B,1.957349778
MOBY,M2,100,HPG,BONCAT,B,10.00049792
MOBY,M2,100,HPG,BONCAT,B,10.46600924
MOBY,M2,100,HPG,BONCAT,B,10.67469127
MOBY,M2,100,HPG,BONCAT,B,29.62704835
MOBY,M2,100,HPG,BONCAT,B,3.791920776
MOBY,M2,100,HPG,BONCAT,B,8.900678699
MOBY,M2,100,HPG,BONCAT,B,3.543310455
MOBY,M2,100,HPG,BONCAT,B,11.46144162
MOBY,M2,100,HPG,BONCAT,B,22.27546874
MOBY,M2,100,HPG,BONCAT,B,4.748334999
MOBY,M2,100,HPG,BONCAT,B,2.830346147
MOBY,M2,100,HPG,BONCAT,B,3.035291656
MOBY,M2,100,HPG,BONCAT,B,7.094681781
MOBY,M2,100,HPG,BONCAT,B,7.006711059
MOBY,M2,100,HPG,BONCAT,B,4.299355648
MOBY,M2,100,HPG,BONCAT,B,3.342406804
MOBY,M2,100,HPG,BONCAT,B,16.51427818
MOBY,M2,100,HPG,BONCAT,B,14.26272785
MOBY,M2,100,HPG,BONCAT,B,10.24703013
MOBY,M2,100,HPG,BONCAT,B,3.243339336
MOBY,M2,100,HPG,BONCAT,B,10.60249059
MOBY,M2,100,HPG,BONCAT,B,2.817956498
MOBY,M2,100,HPG,BONCAT,B,27.96469164
MOBY,M2,100,HPG,BONCAT,B,9.038255254
MOBY,M2,100,HPG,BONCAT,B,11.79966398
MOBY,M2,100,HPG,BONCAT,B,12.00465505
MOBY,M2,100,HPG,BONCAT,B,15.72732272
MOBY,M2,100,HPG,BONCAT,B,3.975086197
MOBY,M2,100,HPG,BONCAT,B,7.219357495
MOBY,M2,100,HPG,BONCAT,B,4.853515207
MOBY,M2,100,HPG,BONCAT,B,18.6418398
MOBY,M2,100,HPG,BONCAT,B,9.757531464
MOBY,M2,100,HPG,BONCAT,B,14.6807366
MOBY,M2,100,HPG,BONCAT,B,22.7243437
MOBY,M2,100,HPG,BONCAT,B,1.995304561
MOBY,M2,100,HPG,BONCAT,B,6.707087883
MOBY,M2,100,HPG,BONCAT,B,11.02892788
MOBY,M2,100,HPG,BONCAT,B,7.61120591
MOBY,M2,100,HPG,BONCAT,B,51.38423592
MOBY,M2,100,HPG,BONCAT,B,14.2520994
MOBY,M2,100,HPG,BONCAT,B,3.824848877
MOBY,M2,100,HPG,BONCAT,B,24.57954823
MOBY,M2,100,HPG,BONCAT,B,8.309602065
MOBY,M2,100,HPG,BONCAT,B,4.650728189
MOBY,M2,100,HPG,BONCAT,B,2.606609115
MOBY,M2,100,HPG,BONCAT,B,12.00991649
MOBY,M2,100,HPG,BONCAT,B,4.063753601
MOBY,M2,100,HPG,BONCAT,B,4.827639716
MOBY,M2,100,HPG,BONCAT,B,6.769549075
MOBY,M2,100,HPG,BONCAT,B,4.098249686
MOBY,M2,100,HPG,BONCAT,B,14.60775999
MOBY,M2,100,HPG,BONCAT,B,1.203395135
MOBY,M2,100,HPG,BONCAT,B,8.425900058
MOBY,M2,100,HPG,BONCAT,B,6.41621999
MOBY,M2,100,HPG,BONCAT,B,5.026155275
MOBY,M2,100,HPG,BONCAT,B,18.0412676
MOBY,M2,100,HPG,BONCAT,B,13.44886538
MOBY,M2,100,HPG,BONCAT,B,4.283277927
MOBY,M2,100,HPG,BONCAT,B,6.723633635
MOBY,M2,100,HPG,BONCAT,B,16.44282095
MOBY,M2,100,HPG,BONCAT,B,5.441585497
MOBY,M2,100,HPG,BONCAT,B,3.351099262
MOBY,M2,100,HPG,BONCAT,B,7.236777868
MOBY,M2,100,HPG,BONCAT,B,5.019636246
MOBY,M2,100,HPG,BONCAT,B,5.51492603
MOBY,M2,100,HPG,BONCAT,B,5.350154952
MOBY,M2,100,HPG,BONCAT,B,46.0486462
MOBY,M2,100,HPG,BONCAT,B,11.89237222
MOBY,M2,100,HPG,BONCAT,B,4.106308054
MOBY,M2,100,HPG,BONCAT,B,13.55875681
MOBY,M2,100,HPG,BONCAT,B,26.45380814
MOBY,M2,100,HPG,BONCAT,B,5.166001192
MOBY,M2,100,HPG,BONCAT,B,7.133180583
MOBY,M2,100,HPG,BONCAT,B,4.399064939
MOBY,M2,100,HPG,BONCAT,B,11.01887887
MOBY,M2,100,HPG,BONCAT,B,14.33436751
MOBY,M2,100,HPG,BONCAT,B,5.813863047
MOBY,M2,100,HPG,BONCAT,B,10.77855407
MOBY,M2,100,HPG,BONCAT,B,4.024551488
MOBY,M2,100,HPG,BONCAT,B,9.791776453
MOBY,M2,100,HPG,BONCAT,B,0.851182686
MOBY,M2,100,HPG,BONCAT,B,9.778457844
MOBY,M2,100,HPG,BONCAT,B,3.456265902
MOBY,M2,100,HPG,BONCAT,B,7.317247317
MOBY,M2,100,HPG,BONCAT,B,1.282196814
MOBY,M2,100,HPG,BONCAT,B,5.491232804
MOBY,M2,100,HPG,BONCAT,B,3.062299332
MOBY,M2,100,HPG,BONCAT,B,4.187660911
MOBY,M2,100,HPG,BONCAT,B,20.83225493
MOBY,M2,100,HPG,BONCAT,B,3.909204879
MOBY,M2,100,HPG,BONCAT,B,7.446365942
MOBY,M2,100,HPG,BONCAT,B,20.57988767
MOBY,M2,100,HPG,BONCAT,B,15.003672
MOBY,M2,100,HPG,BONCAT,B,13.15815818
MOBY,M2,100,HPG,BONCAT,B,20.81586355
MOBY,M2,100,HPG,BONCAT,B,6.286157572
MOBY,M2,100,HPG,BONCAT,B,16.25885713
MOBY,M2,100,HPG,BONCAT,B,5.678349465
MOBY,M2,100,HPG,BONCAT,B,8.902326224
MOBY,M2,100,HPG,BONCAT,B,3.808469551
MOBY,M2,100,HPG,BONCAT,B,3.98496352
MOBY,M2,100,HPG,BONCAT,B,12.50693499
MOBY,M2,100,HPG,BONCAT,B,9.576126976
MOBY,M2,100,HPG,BONCAT,B,19.23734093
MOBY,M2,100,HPG,BONCAT,B,19.78839516
MOBY,M2,100,HPG,BONCAT,B,4.655583525
MOBY,M2,100,HPG,BONCAT,B,4.875645122
MOBY,M2,100,HPG,BONCAT,B,24.76348041
MOBY,M2,100,HPG,BONCAT,B,9.82484504
MOBY,M2,100,HPG,BONCAT,B,9.763652056
MOBY,M2,100,HPG,BONCAT,B,1.287539301
MOBY,M2,100,HPG,BONCAT,B,3.236220965
MOBY,M2,100,HPG,BONCAT,B,1.610068613
MOBY,M2,100,HPG,BONCAT,B,12.49736266
MOBY,M2,100,HPG,BONCAT,B,10.88046045
MOBY,M2,100,HPG,BONCAT,B,13.36703268
MOBY,M2,100,HPG,BONCAT,B,3.332291037
MOBY,M2,100,HPG,BONCAT,B,10.95348684
MOBY,M2,100,HPG,BONCAT,B,13.28766259
MOBY,M2,100,HPG,BONCAT,B,31.30600719
MOBY,M2,100,HPG,BONCAT,B,8.119923823
MOBY,M2,100,HPG,BONCAT,B,6.120002017
MOBY,M2,100,HPG,BONCAT,B,7.230932204
MOBY,M2,100,HPG,BONCAT,B,2.732362958
MOBY,M2,100,HPG,BONCAT,B,1.669351362
MOBY,M2,100,HPG,BONCAT,B,5.449204023
MOBY,M2,100,HPG,BONCAT,B,3.071527353
MOBY,M2,100,HPG,BONCAT,B,5.310512295
MOBY,M2,100,HPG,BONCAT,B,8.951524059
MOBY,M2,100,HPG,BONCAT,B,12.42790351
MOBY,M2,100,HPG,BONCAT,B,12.04022786
MOBY,M2,100,HPG,BONCAT,B,2.091583553
MOBY,M2,100,HPG,BONCAT,B,5.637570123
MOBY,M2,100,HPG,BONCAT,B,3.435634765
MOBY,M2,100,HPG,BONCAT,B,21.53257642
MOBY,M2,100,HPG,BONCAT,B,48.3599062
MOBY,M2,100,HPG,BONCAT,B,23.40955685
MOBY,M2,100,HPG,BONCAT,B,9.879725875
MOBY,M2,100,HPG,BONCAT,B,12.82164548
MOBY,M2,100,HPG,BONCAT,B,1.024123072
MOBY,M2,100,HPG,BONCAT,B,16.32755328
MOBY,M2,100,HPG,BONCAT,B,7.116071059
MOBY,M2,100,HPG,BONCAT,B,5.674986229
MOBY,M2,100,HPG,BONCAT,B,5.961735417
MOBY,M2,100,HPG,BONCAT,B,9.042484746
MOBY,M2,100,HPG,BONCAT,B,3.80775197
MOBY,M2,100,HPG,BONCAT,B,3.173858891
MOBY,M2,100,HPG,BONCAT,B,12.8459434
MOBY,M2,100,HPG,BONCAT,B,6.602723108
MOBY,M2,100,HPG,BONCAT,B,4.461313837
MOBY,M2,100,HPG,BONCAT,B,29.99493129
MOBY,M2,100,HPG,BONCAT,B,1.788488816
MOBY,M2,100,HPG,BONCAT,B,15.92118427
MOBY,M2,100,HPG,BONCAT,B,4.087203743
MOBY,M2,100,HPG,BONCAT,B,4.672834063
MOBY,M2,100,HPG,BONCAT,B,6.147704779
MOBY,M2,100,HPG,BONCAT,B,4.71643712
MOBY,M2,100,HPG,BONCAT,B,5.059897297
MOBY,M2,100,HPG,BONCAT,B,12.09974893
MOBY,M2,100,HPG,BONCAT,B,17.36188648
MOBY,M2,100,HPG,BONCAT,B,8.241674104
MOBY,M2,100,HPG,BONCAT,B,34.07424938
MOBY,M2,100,HPG,BONCAT,B,3.627745316
MOBY,M2,100,HPG,BONCAT,B,5.677316537
MOBY,M2,100,HPG,BONCAT,B,13.63964951
MOBY,M2,100,HPG,BONCAT,B,7.372485959
MOBY,M2,100,HPG,BONCAT,B,5.5977622
MOBY,M2,100,HPG,BONCAT,B,4.1353612
MOBY,M2,100,HPG,BONCAT,B,11.13464606
MOBY,M2,100,HPG,BONCAT,B,10.54703565
MOBY,M2,100,HPG,BONCAT,B,11.16078868
MOBY,M2,100,HPG,BONCAT,B,12.40359344
MOBY,M2,100,HPG,BONCAT,B,5.824655503
MOBY,M2,100,HPG,BONCAT,B,10.95052689
MOBY,M2,100,HPG,BONCAT,B,5.938532083
MOBY,M2,100,HPG,BONCAT,B,13.33636083
MOBY,M2,100,HPG,BONCAT,B,5.881787915
MOBY,M2,100,HPG,BONCAT,B,6.322469259
MOBY,M2,100,HPG,BONCAT,B,3.816503807
MOBY,M2,100,HPG,BONCAT,B,16.39818306
MOBY,M2,100,HPG,BONCAT,B,19.44386621
MOBY,M2,100,HPG,BONCAT,B,2.603686283
MOBY,M2,100,HPG,BONCAT,B,10.08420168
MOBY,M2,100,HPG,BONCAT,B,9.950698421
MOBY,M2,100,HPG,BONCAT,B,13.83564757
MOBY,M2,100,HPG,BONCAT,B,5.600375801
MOBY,M2,100,HPG,BONCAT,B,10.08193232
MOBY,M2,100,HPG,BONCAT,B,12.08741622
MOBY,M2,100,HPG,BONCAT,B,6.119818545
MOBY,M2,100,HPG,BONCAT,B,6.901057619
MOBY,M2,100,HPG,BONCAT,B,22.16352375
MOBY,M2,100,HPG,BONCAT,B,8.393855049
MOBY,M2,100,HPG,BONCAT,B,9.663116227
MOBY,M2,100,HPG,BONCAT,B,2.458988756
MOBY,M2,100,HPG,BONCAT,B,7.317847714
MOBY,M2,100,HPG,BONCAT,B,1.102083127
MOBY,M2,100,HPG,BONCAT,B,5.537077667
MOBY,M2,100,HPG,BONCAT,B,6.126839346
MOBY,M2,100,HPG,BONCAT,B,3.917362224
MOBY,M2,100,HPG,BONCAT,B,9.331476513
MOBY,M2,100,HPG,BONCAT,B,13.13305376
MOBY,M2,100,HPG,BONCAT,B,19.30462807
MOBY,M2,100,HPG,BONCAT,B,8.743173544
MOBY,M2,100,HPG,BONCAT,B,10.20548189
MOBY,M2,100,HPG,BONCAT,B,10.96420625
MOBY,M2,100,HPG,BONCAT,B,5.377810405
MOBY,M2,100,HPG,BONCAT,B,11.23175518
MOBY,M2,100,HPG,BONCAT,B,7.034132145
MOBY,M2,100,HPG,BONCAT,B,7.683597308
MOBY,M2,100,HPG,BONCAT,B,10.9173182
MOBY,M2,100,HPG,BONCAT,B,6.496724797
MOBY,M2,100,HPG,BONCAT,B,4.862768675
MOBY,M2,100,HPG,BONCAT,B,9.511826282
MOBY,M2,100,HPG,BONCAT,B,5.258381715
MOBY,M2,100,HPG,BONCAT,B,2.282663426
MOBY,M2,100,HPG,BONCAT,B,8.795549175
MOBY,M2,100,HPG,BONCAT,B,3.75863624
MOBY,M2,100,HPG,BONCAT,B,10.18261366
MOBY,M2,100,HPG,BONCAT,B,3.408675241
MOBY,M2,100,HPG,BONCAT,B,6.352245539
MOBY,M2,100,HPG,BONCAT,B,11.37685789
MOBY,M2,100,HPG,BONCAT,B,9.328579058
MOBY,M2,100,HPG,BONCAT,B,5.95182897
MOBY,M2,100,HPG,BONCAT,B,2.450787652
MOBY,M2,100,HPG,BONCAT,B,11.16736029
MOBY,M2,100,HPG,BONCAT,B,10.00476221
MOBY,M2,100,HPG,BONCAT,B,7.073048576
MOBY,M2,100,HPG,BONCAT,B,3.846941922
MOBY,M2,100,HPG,BONCAT,B,9.375079992
MOBY,M2,100,HPG,BONCAT,B,5.874546877
MOBY,M2,100,HPG,BONCAT,B,3.556099757
MOBY,M2,100,HPG,BONCAT,B,14.72452784
MOBY,M2,100,HPG,BONCAT,B,5.183999397
MOBY,M2,100,HPG,BONCAT,B,4.81337844
MOBY,M2,100,HPG,BONCAT,B,5.350154952
MOBY,M2,100,HPG,BONCAT,B,5.322672076
MOBY,M2,100,HPG,BONCAT,B,5.481180493
MOBY,M2,100,HPG,BONCAT,B,4.592362786
MOBY,M2,100,HPG,BONCAT,B,8.341583737
MOBY,M2,100,HPG,BONCAT,B,1.104738723
MOBY,M2,100,HPG,BONCAT,B,12.6972887
MOBY,M2,100,HPG,BONCAT,B,4.655988851
MOBY,M2,100,HPG,BONCAT,B,8.890231818
MOBY,M2,100,HPG,BONCAT,B,12.31401336
MOBY,M2,100,HPG,BONCAT,B,14.04073839
MOBY,M2,100,HPG,BONCAT,B,8.277626579
MOBY,M2,100,HPG,BONCAT,B,5.914343693
MOBY,M2,100,HPG,BONCAT,B,17.13353313
MOBY,M2,100,HPG,BONCAT,B,3.580608415
MOBY,M2,100,HPG,BONCAT,B,4.503373618
MOBY,M2,100,HPG,BONCAT,B,2.007800638
MOBY,M2,100,HPG,BONCAT,B,3.942218495
MOBY,M2,100,HPG,BONCAT,B,13.11965713
MOBY,M2,100,HPG,BONCAT,B,4.37146509
MOBY,M2,100,HPG,BONCAT,B,8.404119653
MOBY,M2,100,HPG,BONCAT,B,5.433852669
MOBY,M2,100,HPG,BONCAT,B,30.02141266
MOBY,M2,100,HPG,BONCAT,B,8.464758424
MOBY,M2,100,HPG,BONCAT,B,7.963132803
MOBY,M2,100,HPG,BONCAT,B,1.132622834
MOBY,M2,100,HPG,BONCAT,B,10.03780415
MOBY,M2,100,HPG,BONCAT,B,8.17115827
MOBY,M2,100,HPG,BONCAT,B,14.77971776
MOBY,M2,100,HPG,BONCAT,B,11.70333051
MOBY,M2,100,HPG,BONCAT,B,2.657073331
MOBY,M2,100,HPG,BONCAT,B,12.68305456
MOBY,M2,100,HPG,BONCAT,B,0.948994353
MOBY,M2,100,HPG,BONCAT,B,6.121386283
MOBY,M2,100,HPG,BONCAT,B,1.873586075
MOBY,M2,100,HPG,BONCAT,B,5.520191402
MOBY,M2,100,HPG,BONCAT,B,8.532847504
MOBY,M2,100,HPG,BONCAT,B,7.000652608
MOBY,M2,100,HPG,BONCAT,B,6.498000878
MOBY,M2,100,HPG,BONCAT,B,5.352923907
MOBY,M2,100,HPG,BONCAT,B,12.9781452
MOBY,M2,100,HPG,BONCAT,B,15.20649782
MOBY,M2,100,HPG,BONCAT,B,8.991528108
MOBY,M2,100,HPG,BONCAT,B,3.069438933
MOBY,M2,100,HPG,BONCAT,B,0.870765044
MOBY,M2,100,HPG,BONCAT,B,11.33480964
MOBY,M2,100,HPG,BONCAT,B,4.672280342
MOBY,M2,100,HPG,BONCAT,B,8.783469953
MOBY,M2,100,HPG,BONCAT,B,1.946164882
MOBY,M2,100,HPG,BONCAT,B,10.52627777
MOBY,M2,100,HPG,BONCAT,B,15.03101491
MOBY,M2,100,HPG,BONCAT,B,4.221143049
MOBY,M2,100,HPG,BONCAT,B,1.977975643
MOBY,M2,100,HPG,BONCAT,B,24.13353775
MOBY,M2,100,HPG,BONCAT,B,7.849190918
MOBY,M2,100,HPG,BONCAT,B,66.9654263
MOBY,M2,100,HPG,BONCAT,B,5.963465891
MOBY,M2,100,HPG,BONCAT,B,6.174984079
MOBY,M2,100,HPG,BONCAT,B,7.518242072
MOBY,M2,100,HPG,BONCAT,B,6.187743062
MOBY,M2,100,HPG,BONCAT,B,24.02415863
MOBY,M2,100,HPG,BONCAT,B,4.005986346
MOBY,M2,100,HPG,BONCAT,B,7.386952007
MOBY,M2,100,HPG,BONCAT,B,3.162109848
MOBY,M2,100,HPG,BONCAT,B,4.096869426
MOBY,M2,100,HPG,BONCAT,B,13.11601615
MOBY,M2,100,HPG,BONCAT,B,29.9429271
MOBY,M2,100,HPG,BONCAT,B,40.81694072
MOBY,M2,100,HPG,BONCAT,B,7.817399818
MOBY,M2,100,HPG,BONCAT,B,16.2220831
MOBY,M2,100,HPG,BONCAT,B,5.245252484
MOBY,M2,100,HPG,BONCAT,B,5.638093476
MOBY,M2,100,HPG,BONCAT,B,5.376127311
MOBY,M2,100,HPG,BONCAT,B,3.910194153
MOBY,M2,100,HPG,BONCAT,B,11.75878025
MOBY,M2,100,HPG,BONCAT,B,6.230038404
MOBY,M2,100,HPG,BONCAT,B,14.99725862
MOBY,M2,100,HPG,BONCAT,B,6.77113495
MOBY,M2,100,HPG,BONCAT,B,5.368344643
MOBY,M2,100,HPG,BONCAT,B,1.497684962
MOBY,M2,100,HPG,BONCAT,B,14.90439271
MOBY,M2,100,HPG,BONCAT,B,3.821519348
MOBY,M2,100,HPG,BONCAT,B,7.255686967
MOBY,M2,100,HPG,BONCAT,B,18.14448704
MOBY,M2,100,HPG,BONCAT,B,13.93225639
MOBY,M2,100,HPG,BONCAT,B,2.713199177
MOBY,M2,100,HPG,BONCAT,B,7.170229323
MOBY,M2,100,HPG,BONCAT,B,3.871948064
MOBY,M2,100,HPG,BONCAT,B,18.25073146
MOBY,M2,100,HPG,BONCAT,B,4.147456801
MOBY,M2,100,HPG,BONCAT,B,8.027402637
MOBY,M2,100,HPG,BONCAT,B,10.56559699
MOBY,M2,100,HPG,BONCAT,B,13.85553722
MOBY,M2,100,HPG,BONCAT,B,7.801152121
MOBY,M2,100,HPG,BONCAT,B,5.001230114
MOBY,M2,100,HPG,BONCAT,B,1.236785677
MOBY,M2,100,HPG,BONCAT,B,21.46340738
MOBY,M2,100,HPG,BONCAT,B,2.503025327
MOBY,M2,100,HPG,BONCAT,B,4.838289541
MOBY,M2,100,HPG,BONCAT,B,5.529473762
MOBY,M2,100,HPG,BONCAT,B,8.399294685
MOBY,M2,100,HPG,BONCAT,B,1.963832647
MOBY,M2,100,HPG,BONCAT,B,9.112604181
MOBY,M2,100,HPG,BONCAT,B,9.13007341
MOBY,M2,100,HPG,BONCAT,B,2.602510162
MOBY,M2,100,HPG,BONCAT,B,10.98386204
MOBY,M2,100,HPG,BONCAT,B,3.109801772
MOBY,M2,100,HPG,BONCAT,B,10.7676942
MOBY,M2,100,HPG,BONCAT,B,6.31223678
MOBY,M2,100,HPG,BONCAT,B,7.093850462
MOBY,M2,100,HPG,BONCAT,B,6.692167583
MOBY,M2,100,HPG,BONCAT,B,5.468621994
MOBY,M2,100,HPG,BONCAT,B,4.408746579
MOBY,M2,100,HPG,BONCAT,B,6.774303115
MOBY,M2,100,HPG,BONCAT,B,3.386503921
MOBY,M2,100,HPG,BONCAT,B,4.560918316
MOBY,M2,100,HPG,BONCAT,B,13.87509691
MOBY,M2,100,HPG,BONCAT,B,6.321152617
MOBY,M2,100,HPG,BONCAT,B,7.460217112
MOBY,M2,100,HPG,BONCAT,B,19.45681
MOBY,M2,100,HPG,BONCAT,B,5.261539265
MOBY,M2,100,HPG,BONCAT,B,4.441847361
MOBY,M2,100,HPG,BONCAT,B,3.637049045
MOBY,M2,100,HPG,BONCAT,B,3.776520461
MOBY,M2,100,HPG,BONCAT,B,10.42358315
MOBY,M2,100,HPG,BONCAT,B,10.17148983
MOBY,M2,100,HPG,BONCAT,B,34.13043062
MOBY,M2,100,HPG,BONCAT,B,3.339649153
MOBY,M2,100,HPG,BONCAT,B,8.630142833
MOBY,M2,100,HPG,BONCAT,B,8.71549412
MOBY,M2,100,HPG,BONCAT,B,22.55283504
MOBY,M2,100,HPG,BONCAT,B,21.26027683
MOBY,M2,100,HPG,BONCAT,B,20.46396154
MOBY,M2,100,HPG,BONCAT,B,13.94760219
MOBY,M2,100,HPG,BONCAT,B,18.60477299
MOBY,M2,100,HPG,BONCAT,B,3.146970717
MOBY,M2,100,HPG,BONCAT,B,3.003773374
MOBY,M2,100,HPG,BONCAT,B,3.598811532
MOBY,M2,100,HPG,BONCAT,B,3.885604655
MOBY,M2,100,HPG,BONCAT,B,12.04346625
MOBY,M2,100,HPG,BONCAT,B,1.075526933
MOBY,M2,100,HPG,BONCAT,B,3.940544616
MOBY,M2,100,HPG,BONCAT,B,16.19414682
MOBY,M2,100,HPG,BONCAT,B,21.62926608
MOBY,M2,100,HPG,BONCAT,B,5.960348831
MOBY,M2,100,HPG,BONCAT,B,6.468582756
MOBY,M2,100,HPG,BONCAT,B,11.61980326
MOBY,M2,100,HPG,BONCAT,B,34.81281429
MOBY,M2,100,HPG,BONCAT,B,2.505461431
MOBY,M2,100,HPG,BONCAT,B,36.92613824
MOBY,M2,100,HPG,BONCAT,B,3.21991675
MOBY,M2,100,HPG,BONCAT,B,16.34862447
MOBY,M2,100,HPG,BONCAT,B,2.846447333
MOBY,M2,100,HPG,BONCAT,B,10.15923135
MOBY,M2,100,HPG,BONCAT,B,17.50083401
MOBY,M2,100,HPG,BONCAT,B,2.652932988
MOBY,M2,100,HPG,BONCAT,B,3.228191967
MOBY,M2,100,HPG,BONCAT,B,1.394350612
MOBY,M2,100,HPG,BONCAT,B,5.211956068
MOBY,M2,100,HPG,BONCAT,B,9.192912512
MOBY,M2,100,HPG,BONCAT,B,15.26418233
MOBY,M2,100,HPG,BONCAT,B,2.658441429
MOBY,M2,100,HPG,BONCAT,B,7.343826962
MOBY,M2,100,HPG,BONCAT,B,8.324378259
MOBY,M2,100,HPG,BONCAT,B,21.08628054
MOBY,M2,100,HPG,BONCAT,B,16.83668924
MOBY,M2,100,HPG,BONCAT,B,2.222879727
MOBY,M2,100,HPG,BONCAT,B,14.0782281
MOBY,M2,100,HPG,BONCAT,B,2.531432946
MOBY,M2,100,HPG,BONCAT,B,12.28708245
MOBY,M2,100,HPG,BONCAT,B,4.08009451
MOBY,M2,100,HPG,BONCAT,B,7.6558504
MOBY,M2,100,HPG,BONCAT,B,7.028931656
MOBY,M2,100,HPG,BONCAT,B,18.76337146
MOBY,M2,100,HPG,BONCAT,B,7.35539921
MOBY,M2,100,HPG,BONCAT,B,16.53413417
MOBY,M2,100,HPG,BONCAT,B,6.575540747
MOBY,M2,100,HPG,BONCAT,B,15.65924629
MOBY,M2,100,HPG,BONCAT,B,32.04643157
MOBY,M2,100,HPG,BONCAT,B,3.556099757
MOBY,M2,100,HPG,BONCAT,B,5.501905546
MOBY,M2,100,HPG,BONCAT,B,10.52326467
MOBY,M2,100,HPG,BONCAT,B,5.155990075
MOBY,M2,100,HPG,BONCAT,B,10.97754947
MOBY,M2,100,HPG,BONCAT,B,2.303166308
MOBY,M2,100,HPG,BONCAT,B,3.780220519
MOBY,M2,100,HPG,BONCAT,B,8.241535832
MOBY,M2,100,HPG,BONCAT,B,27.57478705
MOBY,M2,100,HPG,BONCAT,B,13.24602803
MOBY,M2,100,HPG,BONCAT,B,22.35358201
MOBY,M2,100,HPG,BONCAT,B,2.690820765
MOBY,M2,100,HPG,BONCAT,B,9.57201052
MOBY,M2,100,HPG,BONCAT,B,4.494149322
MOBY,M2,100,HPG,BONCAT,B,13.09054409
MOBY,M2,100,HPG,BONCAT,B,8.624710579
MOBY,M2,100,HPG,BONCAT,B,12.80406273
MOBY,M2,100,HPG,BONCAT,B,7.652189883
MOBY,M2,100,HPG,BONCAT,B,17.86228923
MOBY,M2,100,HPG,BONCAT,B,3.53131343
MOBY,M2,100,HPG,BONCAT,B,16.22007088
MOBY,M2,100,HPG,BONCAT,B,10.86367696
MOBY,M2,100,HPG,BONCAT,B,12.09213897
MOBY,M2,100,HPG,BONCAT,B,2.490064932
MOBY,M2,100,HPG,BONCAT,B,5.655664985
MOBY,M2,100,HPG,BONCAT,B,11.24844511
MOBY,M2,100,HPG,BONCAT,B,16.56018006
MOBY,M2,100,HPG,BONCAT,B,8.278692827
MOBY,M2,100,HPG,BONCAT,B,7.183289735
MOBY,M2,100,HPG,BONCAT,B,18.12858218
MOBY,M2,100,HPG,BONCAT,B,5.596860726
MOBY,M2,100,HPG,BONCAT,B,6.19343766
MOBY,M2,100,HPG,BONCAT,B,8.391148658
MOBY,M2,100,HPG,BONCAT,B,8.381430253
MOBY,M2,100,HPG,BONCAT,B,13.17890537
MOBY,M2,100,HPG,BONCAT,B,12.33055989
MOBY,M2,100,HPG,BONCAT,B,10.20916287
MOBY,M2,100,HPG,BONCAT,B,18.48788852
MOBY,M2,100,HPG,BONCAT,B,15.41680867
MOBY,M2,100,HPG,BONCAT,B,4.332314082
MOBY,M2,100,HPG,BONCAT,B,6.939978197
MOBY,M2,100,HPG,BONCAT,B,14.33294732
MOBY,M2,100,HPG,BONCAT,B,4.348371207
MOBY,M2,100,HPG,BONCAT,B,1.319198062
MOBY,M2,100,HPG,BONCAT,B,1.063576634
MOBY,M2,100,HPG,BONCAT,B,1.212744487
MOBY,M2,100,HPG,BONCAT,B,5.302705867
MOBY,M2,100,HPG,BONCAT,B,20.00182779
MOBY,M2,100,HPG,BONCAT,B,2.845481173
MOBY,M2,100,HPG,BONCAT,B,11.00037412
MOBY,M2,100,HPG,BONCAT,B,5.520537398
MOBY,M2,100,HPG,BONCAT,B,7.27802749
MOBY,M2,100,HPG,BONCAT,B,5.54212702
MOBY,M3,1500,HPG,BONCAT,A,0.148070864
MOBY,M3,1500,HPG,BONCAT,A,0.135544262
MOBY,M3,1500,HPG,BONCAT,A,0.54833207
MOBY,M3,1500,HPG,BONCAT,A,0.570874297
MOBY,M3,1500,HPG,BONCAT,A,1.022734282
MOBY,M3,1500,HPG,BONCAT,A,0.384267284
MOBY,M3,1500,HPG,BONCAT,A,0.816657899
MOBY,M3,1500,HPG,BONCAT,A,0.751133053
MOBY,M3,1500,HPG,BONCAT,A,1.065378757
MOBY,M3,1500,HPG,BONCAT,A,0.472332797
MOBY,M3,1500,HPG,BONCAT,A,0.094577934
MOBY,M3,1500,HPG,BONCAT,A,0.735747202
MOBY,M3,1500,HPG,BONCAT,A,1.190090732
MOBY,M3,1500,HPG,BONCAT,A,0.138207765
MOBY,M3,1500,HPG,BONCAT,A,0.234423403
MOBY,M3,1500,HPG,BONCAT,A,0.665138019
MOBY,M3,1500,HPG,BONCAT,A,0.5837671
MOBY,M3,1500,HPG,BONCAT,A,0.429301166
MOBY,M3,1500,HPG,BONCAT,A,1.687752124
MOBY,M3,1500,HPG,BONCAT,A,0.237470666
MOBY,M3,1500,HPG,BONCAT,A,0.280051234
MOBY,M3,1500,HPG,BONCAT,A,0.371118716
MOBY,M3,1500,HPG,BONCAT,A,0.423712987
MOBY,M3,1500,HPG,BONCAT,A,1.311210332
MOBY,M3,1500,HPG,BONCAT,A,0.665444757
MOBY,M3,1500,HPG,BONCAT,A,1.744981716
MOBY,M3,1500,HPG,BONCAT,A,0.088607899
MOBY,M3,1500,HPG,BONCAT,A,0.975647079
MOBY,M3,1500,HPG,BONCAT,A,1.084844028
MOBY,M3,1500,HPG,BONCAT,A,0.37345527
MOBY,M3,1500,HPG,BONCAT,A,0.719562121
MOBY,M3,1500,HPG,BONCAT,A,0.864264383
MOBY,M3,1500,HPG,BONCAT,A,0.31278399
MOBY,M3,1500,HPG,BONCAT,A,0.384923872
MOBY,M3,1500,HPG,BONCAT,A,0.20702827
MOBY,M3,1500,HPG,BONCAT,A,0.768055098
MOBY,M3,1500,HPG,BONCAT,A,0.439481509
MOBY,M3,1500,HPG,BONCAT,A,0.187126941
MOBY,M3,1500,HPG,BONCAT,A,0.092064235
MOBY,M3,1500,HPG,BONCAT,A,0.515587607
MOBY,M3,1500,HPG,BONCAT,A,1.49080645
MOBY,M3,1500,HPG,BONCAT,A,0.957497371
MOBY,M3,1500,HPG,BONCAT,A,0.158878696
MOBY,M3,1500,HPG,BONCAT,A,0.071891799
MOBY,M3,1500,HPG,BONCAT,A,0.458211503
MOBY,M3,1500,HPG,BONCAT,A,0.36951379
MOBY,M3,1500,HPG,BONCAT,A,0.360599845
MOBY,M3,1500,HPG,BONCAT,A,0.831970292
MOBY,M3,1500,HPG,BONCAT,A,0.164130583
MOBY,M3,1500,HPG,BONCAT,A,0.289554233
MOBY,M3,1500,HPG,BONCAT,A,0.910957828
MOBY,M3,1500,HPG,BONCAT,A,0.397415852
MOBY,M3,1500,HPG,BONCAT,A,0.891634261
MOBY,M3,1500,HPG,BONCAT,A,0.780239051
MOBY,M3,1500,HPG,BONCAT,A,0.981665668
MOBY,M3,1500,HPG,BONCAT,A,0.395133413
MOBY,M3,1500,HPG,BONCAT,A,0.571543373
MOBY,M3,1500,HPG,BONCAT,A,1.237323622
MOBY,M3,1500,HPG,BONCAT,A,0.130209621
MOBY,M3,1500,HPG,BONCAT,A,0.20832419
MOBY,M3,1500,HPG,BONCAT,A,0.512157843
MOBY,M3,1500,HPG,BONCAT,A,0.525567381
MOBY,M3,1500,HPG,BONCAT,A,1.574373093
MOBY,M3,1500,HPG,BONCAT,A,0.222832058
MOBY,M3,1500,HPG,BONCAT,A,0.354354263
MOBY,M3,1500,HPG,BONCAT,A,0.349752273
MOBY,M3,1500,HPG,BONCAT,A,0.434876151
MOBY,M3,1500,HPG,BONCAT,A,0.439321978
MOBY,M3,1500,HPG,BONCAT,A,1.429638672
MOBY,M3,1500,HPG,BONCAT,A,0.264038969
MOBY,M3,1500,HPG,BONCAT,A,0.979963838
MOBY,M3,1500,HPG,BONCAT,A,0.421854627
MOBY,M3,1500,HPG,BONCAT,A,0.439803524
MOBY,M3,1500,HPG,BONCAT,A,2.190406624
MOBY,M3,1500,HPG,BONCAT,A,1.220585324
MOBY,M3,1500,HPG,BONCAT,A,0.862233371
MOBY,M3,1500,HPG,BONCAT,A,0.592356803
MOBY,M3,1500,HPG,BONCAT,A,0.114624686
MOBY,M3,1500,HPG,BONCAT,A,0.267272361
MOBY,M3,1500,HPG,BONCAT,A,0.602069087
MOBY,M3,1500,HPG,BONCAT,A,0.546615348
MOBY,M3,1500,HPG,BONCAT,A,0.194237126
MOBY,M3,1500,HPG,BONCAT,A,0.332136188
MOBY,M3,1500,HPG,BONCAT,A,0.128315968
MOBY,M3,1500,HPG,BONCAT,A,0.780668737
MOBY,M3,1500,HPG,BONCAT,A,0.262309159
MOBY,M3,1500,HPG,BONCAT,A,0.187264992
MOBY,M3,1500,HPG,BONCAT,A,0.669196529
MOBY,M3,1500,HPG,BONCAT,A,0.296390279
MOBY,M3,1500,HPG,BONCAT,A,0.122266332
MOBY,M3,1500,HPG,BONCAT,A,0.350165262
MOBY,M3,1500,HPG,BONCAT,A,0.090807385
MOBY,M3,1500,HPG,BONCAT,A,0.475505415
MOBY,M3,1500,HPG,BONCAT,A,0.676381313
MOBY,M3,1500,HPG,BONCAT,A,0.546103922
MOBY,M3,1500,HPG,BONCAT,A,1.254679048
MOBY,M3,1500,HPG,BONCAT,A,0.123858341
MOBY,M3,1500,HPG,BONCAT,A,0.425560576
MOBY,M3,1500,HPG,BONCAT,A,2.278572632
MOBY,M3,1500,HPG,BONCAT,A,0.832898353
MOBY,M3,1500,HPG,BONCAT,A,0.223384073
MOBY,M3,1500,HPG,BONCAT,A,0.181824246
MOBY,M3,1500,HPG,BONCAT,A,0.216038466
MOBY,M3,1500,HPG,BONCAT,A,0.884560293
MOBY,M3,1500,HPG,BONCAT,A,1.010110186
MOBY,M3,1500,HPG,BONCAT,A,0.572086528
MOBY,M3,1500,HPG,BONCAT,A,0.257482209
MOBY,M3,1500,HPG,BONCAT,A,0.229724201
MOBY,M3,1500,HPG,BONCAT,A,0.574761424
MOBY,M3,1500,HPG,BONCAT,A,0.979805611
MOBY,M3,1500,HPG,BONCAT,A,1.287205929
MOBY,M3,1500,HPG,BONCAT,A,0.475505415
MOBY,M3,1500,HPG,BONCAT,A,0.080917182
MOBY,M3,1500,HPG,BONCAT,A,1.985512947
MOBY,M3,1500,HPG,BONCAT,A,0.156443481
MOBY,M3,1500,HPG,BONCAT,A,0.227443245
MOBY,M3,1500,HPG,BONCAT,A,0.220461898
MOBY,M3,1500,HPG,BONCAT,A,0.383938583
MOBY,M3,1500,HPG,BONCAT,A,0.732199774
MOBY,M3,1500,HPG,BONCAT,A,0.422266835
MOBY,M3,1500,HPG,BONCAT,A,0.460085134
MOBY,M3,1500,HPG,BONCAT,A,0.219163153
MOBY,M3,1500,HPG,BONCAT,A,0.096148996
MOBY,M3,1500,HPG,BONCAT,A,0.915635469
MOBY,M3,1500,HPG,BONCAT,A,0.216240978
MOBY,M3,1500,HPG,BONCAT,A,1.153693139
MOBY,M3,1500,HPG,BONCAT,A,0.472230402
MOBY,M3,1500,HPG,BONCAT,A,0.607918306
MOBY,M3,1500,HPG,BONCAT,A,0.333428214
MOBY,M3,1500,HPG,BONCAT,A,0.504364865
MOBY,M3,1500,HPG,BONCAT,A,0.126050585
MOBY,M3,1500,HPG,BONCAT,A,0.630349638
MOBY,M3,1500,HPG,BONCAT,A,0.612509522
MOBY,M3,1500,HPG,BONCAT,A,1.122209733
MOBY,M3,1500,HPG,BONCAT,A,0.306579941
MOBY,M3,1500,HPG,BONCAT,A,0.106040862
MOBY,M3,1500,HPG,BONCAT,A,0.201954787
MOBY,M3,1500,HPG,BONCAT,A,0.421389055
MOBY,M3,1500,HPG,BONCAT,A,0.297408727
MOBY,M3,1500,HPG,BONCAT,A,0.471949794
MOBY,M3,1500,HPG,BONCAT,A,4.94315725
MOBY,M3,1500,HPG,BONCAT,A,0.278757287
MOBY,M3,1500,HPG,BONCAT,A,0.079672299
MOBY,M3,1500,HPG,BONCAT,A,0.496377617
MOBY,M3,1500,HPG,BONCAT,A,0.363558243
MOBY,M3,1500,HPG,BONCAT,A,0.301994298
MOBY,M3,1500,HPG,BONCAT,A,2.196554195
MOBY,M3,1500,HPG,BONCAT,A,1.436624253
MOBY,M3,1500,HPG,BONCAT,A,0.908900736
MOBY,M3,1500,HPG,BONCAT,A,0.732804877
MOBY,M3,1500,HPG,BONCAT,A,1.033867744
MOBY,M3,1500,HPG,BONCAT,A,0.464861545
MOBY,M3,1500,HPG,BONCAT,A,0.805982235
MOBY,M3,1500,HPG,BONCAT,A,0.571991172
MOBY,M3,1500,HPG,BONCAT,A,0.29446085
MOBY,M3,1500,HPG,BONCAT,A,0.793134956
MOBY,M3,1500,HPG,BONCAT,A,0.259464037
MOBY,M3,1500,HPG,BONCAT,A,0.544126479
MOBY,M3,1500,HPG,BONCAT,A,0.532275816
MOBY,M3,1500,HPG,BONCAT,A,0.193913929
MOBY,M3,1500,HPG,BONCAT,A,0.599854586
MOBY,M3,1500,HPG,BONCAT,A,0.405468397
MOBY,M3,1500,HPG,BONCAT,A,0.130544781
MOBY,M3,1500,HPG,BONCAT,A,0.159955062
MOBY,M3,1500,HPG,BONCAT,A,1.010102398
MOBY,M3,1500,HPG,BONCAT,A,0.979341418
MOBY,M3,1500,HPG,BONCAT,A,1.868417747
MOBY,M3,1500,HPG,BONCAT,A,1.92160152
MOBY,M3,1500,HPG,BONCAT,A,0.547102288
MOBY,M3,1500,HPG,BONCAT,A,0.182798304
MOBY,M3,1500,HPG,BONCAT,A,1.023315015
MOBY,M3,1500,HPG,BONCAT,A,0.215916292
MOBY,M3,1500,HPG,BONCAT,A,0.3580382
MOBY,M3,1500,HPG,BONCAT,A,0.794071128
MOBY,M3,1500,HPG,BONCAT,A,0.142289355
MOBY,M3,1500,HPG,BONCAT,A,0.456236414
MOBY,M3,1500,HPG,BONCAT,A,0.784556957
MOBY,M3,1500,HPG,BONCAT,A,0.533412092
MOBY,M3,1500,HPG,BONCAT,A,0.687834249
MOBY,M3,1500,HPG,BONCAT,A,0.593557411
MOBY,M3,1500,HPG,BONCAT,A,0.349160404
MOBY,M3,1500,HPG,BONCAT,A,0.226085052
MOBY,M3,1500,HPG,BONCAT,A,0.466602032
MOBY,M3,1500,HPG,BONCAT,A,1.257146659
MOBY,M3,1500,HPG,BONCAT,A,2.659656896
MOBY,M3,1500,HPG,BONCAT,A,0.279673277
MOBY,M3,1500,HPG,BONCAT,A,0.211771782
MOBY,M3,1500,HPG,BONCAT,A,0.50424807
MOBY,M3,1500,HPG,BONCAT,A,0.476893403
MOBY,M3,1500,HPG,BONCAT,A,0.614612136
MOBY,M3,1500,HPG,BONCAT,A,0.62840534
MOBY,M3,1500,HPG,BONCAT,A,0.238196272
MOBY,M3,1500,HPG,BONCAT,A,0.722821003
MOBY,M3,1500,HPG,BONCAT,A,0.705184611
MOBY,M3,1500,HPG,BONCAT,A,0.297733688
MOBY,M3,1500,HPG,BONCAT,A,0.098034271
MOBY,M3,1500,HPG,BONCAT,A,0.197632637
MOBY,M3,1500,HPG,BONCAT,A,0.132769014
MOBY,M3,1500,HPG,BONCAT,A,0.532751886
MOBY,M3,1500,HPG,BONCAT,A,0.094645425
MOBY,M3,1500,HPG,BONCAT,A,0.083894712
MOBY,M3,1500,HPG,BONCAT,A,0.593755445
MOBY,M3,1500,HPG,BONCAT,A,1.300946236
MOBY,M3,1500,HPG,BONCAT,A,0.288528961
MOBY,M3,1500,HPG,BONCAT,A,0.348524401
MOBY,M3,1500,HPG,BONCAT,A,0.879833683
MOBY,M3,1500,HPG,BONCAT,A,0.291479792
MOBY,M3,1500,HPG,BONCAT,A,0.525897304
MOBY,M3,1500,HPG,BONCAT,A,0.290116151
MOBY,M3,1500,HPG,BONCAT,A,0.223542824
MOBY,M3,1500,HPG,BONCAT,A,0.129120352
MOBY,M3,1500,HPG,BONCAT,A,0.571630056
MOBY,M3,1500,HPG,BONCAT,A,2.612229977
MOBY,M3,1500,HPG,BONCAT,A,0.531568406
MOBY,M3,1500,HPG,BONCAT,A,0.142610537
MOBY,M3,1500,HPG,BONCAT,A,0.463149087
MOBY,M3,1500,HPG,BONCAT,A,0.228420756
MOBY,M3,1500,HPG,BONCAT,A,0.248856226
MOBY,M3,1500,HPG,BONCAT,A,0.169351503
MOBY,M3,1500,HPG,BONCAT,A,0.834119465
MOBY,M3,1500,HPG,BONCAT,A,0.336398567
MOBY,M3,1500,HPG,BONCAT,A,0.269269086
MOBY,M3,1500,HPG,BONCAT,A,0.293774925
MOBY,M3,1500,HPG,BONCAT,A,0.28137471
MOBY,M3,1500,HPG,BONCAT,A,0.457273315
MOBY,M3,1500,HPG,BONCAT,A,0.341863098
MOBY,M3,1500,HPG,BONCAT,A,0.162241319
MOBY,M3,1500,HPG,BONCAT,A,1.921437806
MOBY,M3,1500,HPG,BONCAT,A,1.633155732
MOBY,M3,1500,HPG,BONCAT,A,0.920290857
MOBY,M3,1500,HPG,BONCAT,A,1.138199631
MOBY,M3,1500,HPG,BONCAT,A,1.392931248
MOBY,M3,1500,HPG,BONCAT,A,0.078238889
MOBY,M3,1500,HPG,BONCAT,A,0.37309101
MOBY,M3,1500,HPG,BONCAT,A,0.270862116
MOBY,M3,1500,HPG,BONCAT,A,0.20682508
MOBY,M3,1500,HPG,BONCAT,A,0.60013273
MOBY,M3,1500,HPG,BONCAT,A,0.447793309
MOBY,M3,1500,HPG,BONCAT,A,0.846082341
MOBY,M3,1500,HPG,BONCAT,A,0.441849169
MOBY,M3,1500,HPG,BONCAT,A,0.397233855
MOBY,M3,1500,HPG,BONCAT,A,0.457570595
MOBY,M3,1500,HPG,BONCAT,A,0.596321299
MOBY,M3,1500,HPG,BONCAT,A,0.746426829
MOBY,M3,1500,HPG,BONCAT,A,0.560539222
MOBY,M3,1500,HPG,BONCAT,A,0.361914651
MOBY,M3,1500,HPG,BONCAT,A,0.218647748
MOBY,M3,1500,HPG,BONCAT,A,0.696466583
MOBY,M3,1500,HPG,BONCAT,A,0.136186627
MOBY,M3,1500,HPG,BONCAT,A,0.081228386
MOBY,M3,1500,HPG,BONCAT,A,3.604242601
MOBY,M3,1500,HPG,BONCAT,A,0.468746869
MOBY,M3,1500,HPG,BONCAT,A,1.338239271
MOBY,M3,1500,HPG,BONCAT,A,0.201630101
MOBY,M3,1500,HPG,BONCAT,A,0.357360892
MOBY,M3,1500,HPG,BONCAT,A,1.467494355
MOBY,M3,1500,HPG,BONCAT,A,0.172037577
MOBY,M3,1500,HPG,BONCAT,A,0.610267019
MOBY,M3,1500,HPG,BONCAT,A,0.584178757
MOBY,M3,1500,HPG,BONCAT,A,1.281913122
MOBY,M3,1500,HPG,BONCAT,A,1.207649282
MOBY,M3,1500,HPG,BONCAT,A,0.367871506
MOBY,M3,1500,HPG,BONCAT,A,0.404647538
MOBY,M3,1500,HPG,BONCAT,A,0.686045025
MOBY,M3,1500,HPG,BONCAT,A,0.281971448
MOBY,M3,1500,HPG,BONCAT,A,0.847340001
MOBY,M3,1500,HPG,BONCAT,A,0.179551443
MOBY,M3,1500,HPG,BONCAT,A,0.19568871
MOBY,M3,1500,HPG,BONCAT,A,0.575835585
MOBY,M3,1500,HPG,BONCAT,A,1.301899936
MOBY,M3,1500,HPG,BONCAT,A,0.143895304
MOBY,M3,1500,HPG,BONCAT,A,1.569877481
MOBY,M3,1500,HPG,BONCAT,A,1.700024873
MOBY,M3,1500,HPG,BONCAT,A,0.729567279
MOBY,M3,1500,HPG,BONCAT,A,0.311820603
MOBY,M3,1500,HPG,BONCAT,A,0.576375528
MOBY,M3,1500,HPG,BONCAT,A,0.925619887
MOBY,M3,1500,HPG,BONCAT,A,0.453532243
MOBY,M3,1500,HPG,BONCAT,A,0.826518332
MOBY,M3,1500,HPG,BONCAT,A,0.116535097
MOBY,M3,1500,HPG,BONCAT,A,0.751266027
MOBY,M3,1500,HPG,BONCAT,A,1.03559514
MOBY,M3,1500,HPG,BONCAT,A,0.247971789
MOBY,M3,1500,HPG,BONCAT,A,2.481194867
MOBY,M3,1500,HPG,BONCAT,A,0.114943088
MOBY,M3,1500,HPG,BONCAT,A,0.120674322
MOBY,M3,1500,HPG,BONCAT,A,0.270247806
MOBY,M3,1500,HPG,BONCAT,A,0.43619198
MOBY,M3,1500,HPG,BONCAT,A,0.555857583
MOBY,M3,1500,HPG,BONCAT,A,1.556682114
MOBY,M3,1500,HPG,BONCAT,A,0.107307038
MOBY,M3,1500,HPG,BONCAT,A,0.480189208
MOBY,M3,1500,HPG,BONCAT,A,0.353368073
MOBY,M3,1500,HPG,BONCAT,A,0.388822744
MOBY,M3,1500,HPG,BONCAT,A,0.270904949
MOBY,M3,1500,HPG,BONCAT,A,0.505236791
MOBY,M3,1500,HPG,BONCAT,A,1.007453844
MOBY,M3,1500,HPG,BONCAT,A,0.113351078
MOBY,M3,1500,HPG,BONCAT,A,0.591800627
MOBY,M3,1500,HPG,BONCAT,A,1.174933194
MOBY,M3,1500,HPG,BONCAT,A,0.764340119
MOBY,M3,1500,HPG,BONCAT,A,0.455390435
MOBY,M3,1500,HPG,BONCAT,A,0.198928557
MOBY,M3,1500,HPG,BONCAT,A,0.431648147
MOBY,M3,1500,HPG,BONCAT,A,1.223644252
MOBY,M3,1500,HPG,BONCAT,A,0.353746047
MOBY,M3,1500,HPG,BONCAT,A,1.693549569
MOBY,M3,1500,HPG,BONCAT,A,1.2679447
MOBY,M3,1500,HPG,BONCAT,A,0.740218319
MOBY,M3,1500,HPG,BONCAT,A,0.44606562
MOBY,M3,1500,HPG,BONCAT,A,1.465967472
MOBY,M3,1500,HPG,BONCAT,A,0.201305415
MOBY,M3,1500,HPG,BONCAT,A,0.126872
MOBY,M3,1500,HPG,BONCAT,A,0.644068644
MOBY,M3,1500,HPG,BONCAT,A,1.351612107
MOBY,M3,1500,HPG,BONCAT,A,0.223216493
MOBY,M3,1500,HPG,BONCAT,A,0.084523137
MOBY,M3,1500,HPG,BONCAT,A,0.602011288
MOBY,M3,1500,HPG,BONCAT,A,0.350736862
MOBY,M3,1500,HPG,BONCAT,A,0.145665646
MOBY,M3,1500,HPG,BONCAT,A,0.380657857
MOBY,M3,1500,HPG,BONCAT,A,0.416077102
MOBY,M3,1500,HPG,BONCAT,A,0.265672874
MOBY,M3,1500,HPG,BONCAT,A,0.149960128
MOBY,M3,1500,HPG,BONCAT,A,0.27415322
MOBY,M3,1500,HPG,BONCAT,A,0.07698204
MOBY,M3,1500,HPG,BONCAT,A,0.170093649
MOBY,M3,1500,HPG,BONCAT,A,0.609451012
MOBY,M3,1500,HPG,BONCAT,A,0.533881009
MOBY,M3,1500,HPG,BONCAT,B,0.936447411
MOBY,M3,1500,HPG,BONCAT,B,0.43930092
MOBY,M3,1500,HPG,BONCAT,B,0.238921936
MOBY,M3,1500,HPG,BONCAT,B,0.233728022
MOBY,M3,1500,HPG,BONCAT,B,0.350670927
MOBY,M3,1500,HPG,BONCAT,B,0.102252994
MOBY,M3,1500,HPG,BONCAT,B,0.074156384
MOBY,M3,1500,HPG,BONCAT,B,0.333465177
MOBY,M3,1500,HPG,BONCAT,B,0.319459938
MOBY,M3,1500,HPG,BONCAT,B,0.23303548
MOBY,M3,1500,HPG,BONCAT,B,0.243126527
MOBY,M3,1500,HPG,BONCAT,B,0.263718564
MOBY,M3,1500,HPG,BONCAT,B,0.190384916
MOBY,M3,1500,HPG,BONCAT,B,1.499794294
MOBY,M3,1500,HPG,BONCAT,B,0.248546328
MOBY,M3,1500,HPG,BONCAT,B,1.103313479
MOBY,M3,1500,HPG,BONCAT,B,0.127899921
MOBY,M3,1500,HPG,BONCAT,B,0.30703031
MOBY,M3,1500,HPG,BONCAT,B,0.260072757
MOBY,M3,1500,HPG,BONCAT,B,1.220933416
MOBY,M3,1500,HPG,BONCAT,B,0.15631274
MOBY,M3,1500,HPG,BONCAT,B,1.79086086
MOBY,M3,1500,HPG,BONCAT,B,0.110040439
MOBY,M3,1500,HPG,BONCAT,B,0.153821002
MOBY,M3,1500,HPG,BONCAT,B,1.085487815
MOBY,M3,1500,HPG,BONCAT,B,3.807018121
MOBY,M3,1500,HPG,BONCAT,B,0.235191887
MOBY,M3,1500,HPG,BONCAT,B,0.073450126
MOBY,M3,1500,HPG,BONCAT,B,1.286530127
MOBY,M3,1500,HPG,BONCAT,B,1.254448313
MOBY,M3,1500,HPG,BONCAT,B,1.850272944
MOBY,M3,1500,HPG,BONCAT,B,0.343914109
MOBY,M3,1500,HPG,BONCAT,B,0.065215826
MOBY,M3,1500,HPG,BONCAT,B,1.004143058
MOBY,M3,1500,HPG,BONCAT,B,0.54753923
MOBY,M3,1500,HPG,BONCAT,B,1.969692611
MOBY,M3,1500,HPG,BONCAT,B,0.47376481
MOBY,M3,1500,HPG,BONCAT,B,0.140578828
MOBY,M3,1500,HPG,BONCAT,B,0.709708973
MOBY,M3,1500,HPG,BONCAT,B,0.734270764
MOBY,M3,1500,HPG,BONCAT,B,1.398416263
MOBY,M3,1500,HPG,BONCAT,B,1.255092937
MOBY,M3,1500,HPG,BONCAT,B,0.246944084
MOBY,M3,1500,HPG,BONCAT,B,0.35736378
MOBY,M3,1500,HPG,BONCAT,B,0.126793732
MOBY,M3,1500,HPG,BONCAT,B,0.778430332
MOBY,M3,1500,HPG,BONCAT,B,1.176826536
MOBY,M3,1500,HPG,BONCAT,B,0.951649208
MOBY,M3,1500,HPG,BONCAT,B,0.461537751
MOBY,M3,1500,HPG,BONCAT,B,3.256546038
MOBY,M3,1500,HPG,BONCAT,B,0.69367012
MOBY,M3,1500,HPG,BONCAT,B,0.452738984
MOBY,M3,1500,HPG,BONCAT,B,0.70432453
MOBY,M3,1500,HPG,BONCAT,B,0.529336915
MOBY,M3,1500,HPG,BONCAT,B,0.150526761
MOBY,M3,1500,HPG,BONCAT,B,1.702026326
MOBY,M3,1500,HPG,BONCAT,B,0.291530602
MOBY,M3,1500,HPG,BONCAT,B,0.239322271
MOBY,M3,1500,HPG,BONCAT,B,0.333046594
MOBY,M3,1500,HPG,BONCAT,B,0.949539107
MOBY,M3,1500,HPG,BONCAT,B,0.068503207
MOBY,M3,1500,HPG,BONCAT,B,0.831003318
MOBY,M3,1500,HPG,BONCAT,B,0.507848895
MOBY,M3,1500,HPG,BONCAT,B,0.128582071
MOBY,M3,1500,HPG,BONCAT,B,0.520858178
MOBY,M3,1500,HPG,BONCAT,B,0.183739345
MOBY,M3,1500,HPG,BONCAT,B,0.156996788
MOBY,M3,1500,HPG,BONCAT,B,0.309213492
MOBY,M3,1500,HPG,BONCAT,B,0.13028738
MOBY,M3,1500,HPG,BONCAT,B,1.204602585
MOBY,M3,1500,HPG,BONCAT,B,0.493299111
MOBY,M3,1500,HPG,BONCAT,B,0.126535665
MOBY,M3,1500,HPG,BONCAT,B,1.776677373
MOBY,M3,1500,HPG,BONCAT,B,0.894879637
MOBY,M3,1500,HPG,BONCAT,B,0.40809289
MOBY,M3,1500,HPG,BONCAT,B,0.273894615
MOBY,M3,1500,HPG,BONCAT,B,0.680294229
MOBY,M3,1500,HPG,BONCAT,B,0.445273293
MOBY,M3,1500,HPG,BONCAT,B,0.36841322
MOBY,M3,1500,HPG,BONCAT,B,0.614032595
MOBY,M3,1500,HPG,BONCAT,B,0.19484372
MOBY,M3,1500,HPG,BONCAT,B,0.806871408
MOBY,M3,1500,HPG,BONCAT,B,0.266620688
MOBY,M3,1500,HPG,BONCAT,B,0.261775361
MOBY,M3,1500,HPG,BONCAT,B,0.298209073
MOBY,M3,1500,HPG,BONCAT,B,0.546708902
MOBY,M3,1500,HPG,BONCAT,B,0.059616469
MOBY,M3,1500,HPG,BONCAT,B,0.814641539
MOBY,M3,1500,HPG,BONCAT,B,0.308481273
MOBY,M3,1500,HPG,BONCAT,B,1.020711082
MOBY,M3,1500,HPG,BONCAT,B,0.109117406
MOBY,M3,1500,HPG,BONCAT,B,0.495580833
MOBY,M3,1500,HPG,BONCAT,B,0.113916222
MOBY,M3,1500,HPG,BONCAT,B,0.745589301
MOBY,M3,1500,HPG,BONCAT,B,0.200317359
MOBY,M3,1500,HPG,BONCAT,B,1.399653737
MOBY,M3,1500,HPG,BONCAT,B,0.679264055
MOBY,M3,1500,HPG,BONCAT,B,0.498239742
MOBY,M3,1500,HPG,BONCAT,B,0.355565317
MOBY,M3,1500,HPG,BONCAT,B,0.080142101
MOBY,M3,1500,HPG,BONCAT,B,0.416241403
MOBY,M3,1500,HPG,BONCAT,B,2.126289588
MOBY,M3,1500,HPG,BONCAT,B,1.302050641
MOBY,M3,1500,HPG,BONCAT,B,0.123807154
MOBY,M3,1500,HPG,BONCAT,B,0.141604971
MOBY,M3,1500,HPG,BONCAT,B,0.116595844
MOBY,M3,1500,HPG,BONCAT,B,0.460201882
MOBY,M3,1500,HPG,BONCAT,B,0.785790548
MOBY,M3,1500,HPG,BONCAT,B,0.598921807
MOBY,M3,1500,HPG,BONCAT,B,0.316407934
MOBY,M3,1500,HPG,BONCAT,B,0.191337558
MOBY,M3,1500,HPG,BONCAT,B,0.206121493
MOBY,M3,1500,HPG,BONCAT,B,1.461902052
MOBY,M3,1500,HPG,BONCAT,B,1.523378114
MOBY,M3,1500,HPG,BONCAT,B,0.145709449
MOBY,M3,1500,HPG,BONCAT,B,0.42393482
MOBY,M3,1500,HPG,BONCAT,B,0.922446453
MOBY,M3,1500,HPG,BONCAT,B,0.099070269
MOBY,M3,1500,HPG,BONCAT,B,0.081070753
MOBY,M3,1500,HPG,BONCAT,B,0.76427444
MOBY,M3,1500,HPG,BONCAT,B,0.571968522
MOBY,M3,1500,HPG,BONCAT,B,0.373806463
MOBY,M3,1500,HPG,BONCAT,B,0.697759032
MOBY,M3,1500,HPG,BONCAT,B,0.453991184
MOBY,M3,1500,HPG,BONCAT,B,0.282484926
MOBY,M3,1500,HPG,BONCAT,B,0.497307944
MOBY,M3,1500,HPG,BONCAT,B,1.073261244
MOBY,M3,1500,HPG,BONCAT,B,1.784654267
MOBY,M3,1500,HPG,BONCAT,B,1.257963194
MOBY,M3,1500,HPG,BONCAT,B,0.551503478
MOBY,M3,1500,HPG,BONCAT,B,0.228187764
MOBY,M3,1500,HPG,BONCAT,B,0.4244864
MOBY,M3,1500,HPG,BONCAT,B,1.072838936
MOBY,M3,1500,HPG,BONCAT,B,1.343358073
MOBY,M3,1500,HPG,BONCAT,B,1.062176583
MOBY,M3,1500,HPG,BONCAT,B,1.790626013
MOBY,M3,1500,HPG,BONCAT,B,0.228601187
MOBY,M3,1500,HPG,BONCAT,B,0.553247139
MOBY,M3,1500,HPG,BONCAT,B,0.187558398
MOBY,M3,1500,HPG,BONCAT,B,0.189696404
MOBY,M3,1500,HPG,BONCAT,B,0.30703031
MOBY,M3,1500,HPG,BONCAT,B,0.161503515
MOBY,M3,1500,HPG,BONCAT,B,0.383302682
MOBY,M3,1500,HPG,BONCAT,B,0.087125438
MOBY,M3,1500,HPG,BONCAT,B,0.777842455
MOBY,M3,1500,HPG,BONCAT,B,0.481454317
MOBY,M3,1500,HPG,BONCAT,B,2.456876705
MOBY,M3,1500,HPG,BONCAT,B,1.710508895
MOBY,M3,1500,HPG,BONCAT,B,0.962364685
MOBY,M3,1500,HPG,BONCAT,B,0.342400753
MOBY,M3,1500,HPG,BONCAT,B,0.323770598
MOBY,M3,1500,HPG,BONCAT,B,0.080142101
MOBY,M3,1500,HPG,BONCAT,B,0.812988963
MOBY,M3,1500,HPG,BONCAT,B,0.698248422
MOBY,M3,1500,HPG,BONCAT,B,0.128153478
MOBY,M3,1500,HPG,BONCAT,B,0.270038465
MOBY,M3,1500,HPG,BONCAT,B,0.157338836
MOBY,M3,1500,HPG,BONCAT,B,0.20587913
MOBY,M3,1500,HPG,BONCAT,B,0.522491831
MOBY,M3,1500,HPG,BONCAT,B,0.368880427
MOBY,M3,1500,HPG,BONCAT,B,0.464674086
MOBY,M3,1500,HPG,BONCAT,B,0.384442121
MOBY,M3,1500,HPG,BONCAT,B,0.095026584
MOBY,M3,1500,HPG,BONCAT,B,0.180059238
MOBY,M3,1500,HPG,BONCAT,B,0.49940189
MOBY,M3,1500,HPG,BONCAT,B,0.721696138
MOBY,M3,1500,HPG,BONCAT,B,0.172814303
MOBY,M3,1500,HPG,BONCAT,B,0.134272211
MOBY,M3,1500,HPG,BONCAT,B,0.158756014
MOBY,M3,1500,HPG,BONCAT,B,1.990062079
MOBY,M3,1500,HPG,BONCAT,B,0.283211053
MOBY,M3,1500,HPG,BONCAT,B,0.219658288
MOBY,M3,1500,HPG,BONCAT,B,0.69991503
MOBY,M3,1500,HPG,BONCAT,B,1.740192265
MOBY,M3,1500,HPG,BONCAT,B,3.370623803
MOBY,M3,1500,HPG,BONCAT,B,0.158413111
MOBY,M3,1500,HPG,BONCAT,B,0.338147013
MOBY,M3,1500,HPG,BONCAT,B,0.203425704
MOBY,M3,1500,HPG,BONCAT,B,0.760121393
MOBY,M3,1500,HPG,BONCAT,B,0.390613652
MOBY,M3,1500,HPG,BONCAT,B,0.135403394
MOBY,M3,1500,HPG,BONCAT,B,0.113223164
MOBY,M3,1500,HPG,BONCAT,B,0.739790294
MOBY,M3,1500,HPG,BONCAT,B,0.735296837
MOBY,M3,1500,HPG,BONCAT,B,0.139155109
MOBY,M3,1500,HPG,BONCAT,B,0.242653299
MOBY,M3,1500,HPG,BONCAT,B,0.463629347
MOBY,M3,1500,HPG,BONCAT,B,1.237499948
MOBY,M3,1500,HPG,BONCAT,B,0.272509532
MOBY,M3,1500,HPG,BONCAT,B,1.476355987
MOBY,M3,1500,HPG,BONCAT,B,1.230824064
MOBY,M3,1500,HPG,BONCAT,B,0.211041498
MOBY,M3,1500,HPG,BONCAT,B,0.787393565
MOBY,M3,1500,HPG,BONCAT,B,0.741738889
MOBY,M3,1500,HPG,BONCAT,B,0.909244984
MOBY,M3,1500,HPG,BONCAT,B,0.68443523
MOBY,M3,1500,HPG,BONCAT,B,0.26108282
MOBY,M3,1500,HPG,BONCAT,B,1.074278727
MOBY,M3,1500,HPG,BONCAT,B,0.962374636
MOBY,M3,1500,HPG,BONCAT,B,0.284801925
MOBY,M3,1500,HPG,BONCAT,B,0.154984239
MOBY,M3,1500,HPG,BONCAT,B,0.855722549
MOBY,M3,1500,HPG,BONCAT,B,0.069168286
MOBY,M3,1500,HPG,BONCAT,B,0.32155023
MOBY,M3,1500,HPG,BONCAT,B,0.554306661
MOBY,M3,1500,HPG,BONCAT,B,1.223197679
MOBY,M3,1500,HPG,BONCAT,B,0.285984261
MOBY,M3,1500,HPG,BONCAT,B,1.303776814
MOBY,M3,1500,HPG,BONCAT,B,0.066862677
MOBY,M3,1500,HPG,BONCAT,B,0.431210118
MOBY,M3,1500,HPG,BONCAT,B,0.503710331
MOBY,M3,1500,HPG,BONCAT,B,0.076151623
MOBY,M3,1500,HPG,BONCAT,B,2.197219339
MOBY,M3,1500,HPG,BONCAT,B,0.478152848
MOBY,M3,1500,HPG,BONCAT,B,1.585687584
MOBY,M3,1500,HPG,BONCAT,B,0.165627009
MOBY,M3,1500,HPG,BONCAT,B,0.328148539
MOBY,M3,1500,HPG,BONCAT,B,0.395187423
MOBY,M3,1500,HPG,BONCAT,B,0.192773344
MOBY,M3,1500,HPG,BONCAT,B,0.203120246
MOBY,M3,1500,HPG,BONCAT,B,0.283306207
MOBY,M3,1500,HPG,BONCAT,B,0.509457455
MOBY,M3,1500,HPG,BONCAT,B,1.070722041
MOBY,M3,1500,HPG,BONCAT,B,2.479820292
MOBY,M3,1500,HPG,BONCAT,B,0.147419688
MOBY,M3,1500,HPG,BONCAT,B,0.558839046
MOBY,M3,1500,HPG,BONCAT,B,1.228438546
MOBY,M3,1500,HPG,BONCAT,B,0.906218181
MOBY,M3,1500,HPG,BONCAT,B,0.13647435
MOBY,M3,1500,HPG,BONCAT,B,1.920299146
MOBY,M3,1500,HPG,BONCAT,B,0.373206552
MOBY,M3,1500,HPG,BONCAT,B,0.345325995
MOBY,M3,1500,HPG,BONCAT,B,0.11421635
MOBY,M3,1500,HPG,BONCAT,B,0.685616452
MOBY,M3,1500,HPG,BONCAT,B,2.30855076
MOBY,M3,1500,HPG,BONCAT,B,0.182810818
MOBY,M3,1500,HPG,BONCAT,B,0.071496065
MOBY,M3,1500,HPG,BONCAT,B,0.872457928
MOBY,M3,1500,HPG,BONCAT,B,0.195893361
MOBY,M3,1500,HPG,BONCAT,B,0.25721249
MOBY,M3,1500,HPG,BONCAT,B,0.973144583
MOBY,M3,1500,HPG,BONCAT,B,0.820247618
MOBY,M3,1500,HPG,BONCAT,B,0.356611115
MOBY,M3,1500,HPG,BONCAT,B,0.294254341
MOBY,M3,1500,HPG,BONCAT,B,0.569916294
MOBY,M3,1500,HPG,BONCAT,B,0.288275063
MOBY,M3,1500,HPG,BONCAT,B,2.997757364
MOBY,M3,1500,HPG,BONCAT,B,0.6092398
MOBY,M3,1500,HPG,BONCAT,B,2.538901762
MOBY,M3,1500,HPG,BONCAT,B,0.227949887
MOBY,M3,1500,HPG,BONCAT,B,0.448988378
MOBY,M3,1500,HPG,BONCAT,B,0.420649594
MOBY,M3,1500,HPG,BONCAT,B,0.257649547
MOBY,M3,1500,HPG,BONCAT,B,0.442087976
MOBY,M3,1500,HPG,BONCAT,B,1.294952611
MOBY,M3,1500,HPG,BONCAT,B,0.817289354
MOBY,M3,1500,HPG,BONCAT,B,0.093130864
MOBY,M3,1500,HPG,BONCAT,B,0.204116433
MOBY,M3,1500,HPG,BONCAT,B,1.315412072
MOBY,M3,1500,HPG,BONCAT,B,0.862599812
MOBY,M3,1500,HPG,BONCAT,B,1.432025291
MOBY,M3,1500,HPG,BONCAT,B,0.19552234
MOBY,M3,1500,HPG,BONCAT,B,0.131992732
MOBY,M3,1500,HPG,BONCAT,B,0.641501315
MOBY,M3,1500,HPG,BONCAT,B,0.972215393
MOBY,M3,1500,HPG,BONCAT,B,1.752185141
MOBY,M3,1500,HPG,BONCAT,B,1.382727252
MOBY,M3,1500,HPG,BONCAT,B,0.448404894
MOBY,M3,1500,HPG,BONCAT,B,0.546360505
MOBY,M3,1500,HPG,BONCAT,B,2.201449202
MOBY,M3,1500,HPG,BONCAT,B,0.658496035
MOBY,M3,1500,HPG,BONCAT,B,0.305750858
MOBY,M3,1500,HPG,BONCAT,B,0.222376041
MOBY,M3,1500,HPG,BONCAT,B,0.08313496
MOBY,M3,1500,HPG,BONCAT,B,0.450425211
MOBY,M3,1500,HPG,BONCAT,B,0.085462738
MOBY,M3,1500,HPG,BONCAT,B,1.187183622
MOBY,M3,1500,HPG,BONCAT,B,1.324746205
MOBY,M3,1500,HPG,BONCAT,B,1.919469149
MOBY,M3,1500,HPG,BONCAT,B,0.17490487
MOBY,M3,1500,HPG,BONCAT,B,1.27907781
MOBY,M3,1500,HPG,BONCAT,B,0.479247547
MOBY,M3,1500,HPG,BONCAT,B,0.699365391
MOBY,M3,1500,HPG,BONCAT,B,1.772542352
MOBY,M3,1500,HPG,BONCAT,B,0.154944549
MOBY,M3,1500,HPG,BONCAT,B,0.767423067
MOBY,M3,1500,HPG,BONCAT,B,6.368732683
MOBY,M3,1500,HPG,BONCAT,B,0.238653917
MOBY,M3,1500,HPG,BONCAT,B,1.005195027
MOBY,M3,1500,HPG,BONCAT,B,1.028202539
MOBY,M3,1500,HPG,BONCAT,B,0.302929321
MOBY,M3,1500,HPG,BONCAT,B,0.263531171
MOBY,M3,1500,HPG,BONCAT,B,0.645627891
MOBY,M3,1500,HPG,BONCAT,B,0.595090475
MOBY,M3,1500,HPG,BONCAT,B,1.495688961
MOBY,M3,1500,HPG,BONCAT,B,1.203829464
MOBY,M3,1500,HPG,BONCAT,B,0.552198724
MOBY,M3,1500,HPG,BONCAT,B,0.333128347
MOBY,M3,1500,HPG,BONCAT,B,0.730052226
MOBY,M3,1500,HPG,BONCAT,B,0.171125001
MOBY,M3,1500,HPG,BONCAT,B,0.142631115
MOBY,M3,1500,HPG,BONCAT,B,1.890540844
MOBY,M3,1500,HPG,BONCAT,B,0.222030199
MOBY,M3,1500,HPG,BONCAT,B,1.309956269
MOBY,M3,1500,HPG,BONCAT,B,0.972793591
MOBY,M3,1500,HPG,BONCAT,B,0.224148155
MOBY,M3,1500,HPG,BONCAT,B,0.167345131
MOBY,M3,1500,HPG,BONCAT,B,0.264882613
MOBY,M3,1500,HPG,BONCAT,B,0.116255928
MOBY,M3,1500,HPG,BONCAT,B,0.315421273
MOBY,M3,1500,HPG,BONCAT,B,0.989638559
MOBY,M3,1500,HPG,BONCAT,B,0.084085781
MOBY,M3,1500,HPG,BONCAT,B,1.364818566
MOBY,M3,1500,HPG,BONCAT,B,1.937418779
MOBY,M3,1500,HPG,BONCAT,B,1.326612262
MOBY,M3,1500,HPG,BONCAT,B,0.114908033
MOBY,M3,1500,HPG,BONCAT,B,0.991153845
MOBY,M3,1500,HPG,BONCAT,B,0.457273315
MOBY,M3,1500,HPG,BONCAT,B,0.199626565
MOBY,M3,1500,HPG,BONCAT,B,0.662505755
MOBY,M3,1500,HPG,BONCAT,B,0.550751072
MOBY,M3,1500,HPG,BONCAT,B,0.097722374
MOBY,M3,1500,HPG,BONCAT,B,0.748264212
MOBY,M3,1500,HPG,BONCAT,B,0.877360122
MOBY,M3,1500,HPG,BONCAT,B,0.937032536
MOBY,M3,1500,HPG,BONCAT,B,0.141201514
MOBY,M3,1500,HPG,BONCAT,B,1.4303853
MOBY,M3,1500,HPG,BONCAT,B,0.501119356
MOBY,M3,1500,HPG,BONCAT,B,0.902058074
MOBY,M3,500,HPG,BONCAT,A,3.469056551
MOBY,M3,500,HPG,BONCAT,A,2.358293727
MOBY,M3,500,HPG,BONCAT,A,1.740063802
MOBY,M3,500,HPG,BONCAT,A,0.603310732
MOBY,M3,500,HPG,BONCAT,A,0.437120686
MOBY,M3,500,HPG,BONCAT,A,0.999190554
MOBY,M3,500,HPG,BONCAT,A,2.752235177
MOBY,M3,500,HPG,BONCAT,A,0.754202731
MOBY,M3,500,HPG,BONCAT,A,0.818398694
MOBY,M3,500,HPG,BONCAT,A,0.459953219
MOBY,M3,500,HPG,BONCAT,A,0.662226741
MOBY,M3,500,HPG,BONCAT,A,1.595477866
MOBY,M3,500,HPG,BONCAT,A,3.107846229
MOBY,M3,500,HPG,BONCAT,A,1.356075061
MOBY,M3,500,HPG,BONCAT,A,0.393420826
MOBY,M3,500,HPG,BONCAT,A,0.262310571
MOBY,M3,500,HPG,BONCAT,A,0.703615913
MOBY,M3,500,HPG,BONCAT,A,3.048406061
MOBY,M3,500,HPG,BONCAT,A,1.784810035
MOBY,M3,500,HPG,BONCAT,A,0.99456211
MOBY,M3,500,HPG,BONCAT,A,0.344620326
MOBY,M3,500,HPG,BONCAT,A,2.154003909
MOBY,M3,500,HPG,BONCAT,A,0.227192486
MOBY,M3,500,HPG,BONCAT,A,0.695151208
MOBY,M3,500,HPG,BONCAT,A,2.020395959
MOBY,M3,500,HPG,BONCAT,A,1.66481884
MOBY,M3,500,HPG,BONCAT,A,1.852202793
MOBY,M3,500,HPG,BONCAT,A,0.374265478
MOBY,M3,500,HPG,BONCAT,A,0.282922482
MOBY,M3,500,HPG,BONCAT,A,4.046827883
MOBY,M3,500,HPG,BONCAT,A,0.714665548
MOBY,M3,500,HPG,BONCAT,A,1.19314992
MOBY,M3,500,HPG,BONCAT,A,1.724666602
MOBY,M3,500,HPG,BONCAT,A,1.246897369
MOBY,M3,500,HPG,BONCAT,A,3.544735603
MOBY,M3,500,HPG,BONCAT,A,1.977345324
MOBY,M3,500,HPG,BONCAT,A,2.532147697
MOBY,M3,500,HPG,BONCAT,A,0.866466696
MOBY,M3,500,HPG,BONCAT,A,0.784581502
MOBY,M3,500,HPG,BONCAT,A,0.698609733
MOBY,M3,500,HPG,BONCAT,A,2.741427131
MOBY,M3,500,HPG,BONCAT,A,1.147671823
MOBY,M3,500,HPG,BONCAT,A,0.419390974
MOBY,M3,500,HPG,BONCAT,A,1.245457088
MOBY,M3,500,HPG,BONCAT,A,0.803930267
MOBY,M3,500,HPG,BONCAT,A,2.477841372
MOBY,M3,500,HPG,BONCAT,A,1.206631224
MOBY,M3,500,HPG,BONCAT,A,4.285272138
MOBY,M3,500,HPG,BONCAT,A,1.429049279
MOBY,M3,500,HPG,BONCAT,A,2.657566854
MOBY,M3,500,HPG,BONCAT,A,2.052641574
MOBY,M3,500,HPG,BONCAT,A,1.374435903
MOBY,M3,500,HPG,BONCAT,A,0.678707527
MOBY,M3,500,HPG,BONCAT,A,1.624307899
MOBY,M3,500,HPG,BONCAT,A,0.225042406
MOBY,M3,500,HPG,BONCAT,A,2.989953738
MOBY,M3,500,HPG,BONCAT,A,0.624021353
MOBY,M3,500,HPG,BONCAT,A,0.490467897
MOBY,M3,500,HPG,BONCAT,A,2.706858482
MOBY,M3,500,HPG,BONCAT,A,3.387203647
MOBY,M3,500,HPG,BONCAT,A,1.670765092
MOBY,M3,500,HPG,BONCAT,A,0.573490867
MOBY,M3,500,HPG,BONCAT,A,1.145173731
MOBY,M3,500,HPG,BONCAT,A,1.034616786
MOBY,M3,500,HPG,BONCAT,A,2.501688867
MOBY,M3,500,HPG,BONCAT,A,1.191491575
MOBY,M3,500,HPG,BONCAT,A,1.123994824
MOBY,M3,500,HPG,BONCAT,A,2.918367374
MOBY,M3,500,HPG,BONCAT,A,2.409163519
MOBY,M3,500,HPG,BONCAT,A,1.797732892
MOBY,M3,500,HPG,BONCAT,A,4.557275771
MOBY,M3,500,HPG,BONCAT,A,3.434595969
MOBY,M3,500,HPG,BONCAT,A,4.571678296
MOBY,M3,500,HPG,BONCAT,A,1.221215066
MOBY,M3,500,HPG,BONCAT,A,0.375750614
MOBY,M3,500,HPG,BONCAT,A,1.445891083
MOBY,M3,500,HPG,BONCAT,A,0.33435504
MOBY,M3,500,HPG,BONCAT,A,0.778868952
MOBY,M3,500,HPG,BONCAT,A,1.834198002
MOBY,M3,500,HPG,BONCAT,A,3.065803425
MOBY,M3,500,HPG,BONCAT,A,0.63854133
MOBY,M3,500,HPG,BONCAT,A,6.058829505
MOBY,M3,500,HPG,BONCAT,A,0.216442088
MOBY,M3,500,HPG,BONCAT,A,0.806712576
MOBY,M3,500,HPG,BONCAT,A,0.942415613
MOBY,M3,500,HPG,BONCAT,A,2.270528898
MOBY,M3,500,HPG,BONCAT,A,1.946733264
MOBY,M3,500,HPG,BONCAT,A,2.767469093
MOBY,M3,500,HPG,BONCAT,A,2.529917301
MOBY,M3,500,HPG,BONCAT,A,3.644584762
MOBY,M3,500,HPG,BONCAT,A,1.334985234
MOBY,M3,500,HPG,BONCAT,A,1.353143704
MOBY,M3,500,HPG,BONCAT,A,2.45703809
MOBY,M3,500,HPG,BONCAT,A,2.272534083
MOBY,M3,500,HPG,BONCAT,A,0.217875458
MOBY,M3,500,HPG,BONCAT,A,5.141813549
MOBY,M3,500,HPG,BONCAT,A,3.076446119
MOBY,M3,500,HPG,BONCAT,A,0.879495771
MOBY,M3,500,HPG,BONCAT,A,0.257596941
MOBY,M3,500,HPG,BONCAT,A,2.323889095
MOBY,M3,500,HPG,BONCAT,A,3.146852711
MOBY,M3,500,HPG,BONCAT,A,1.336155712
MOBY,M3,500,HPG,BONCAT,A,3.12059248
MOBY,M3,500,HPG,BONCAT,A,2.209045243
MOBY,M3,500,HPG,BONCAT,A,6.10205049
MOBY,M3,500,HPG,BONCAT,A,2.484315063
MOBY,M3,500,HPG,BONCAT,A,1.639523936
MOBY,M3,500,HPG,BONCAT,A,1.467412939
MOBY,M3,500,HPG,BONCAT,A,1.893903196
MOBY,M3,500,HPG,BONCAT,A,1.416005778
MOBY,M3,500,HPG,BONCAT,A,0.35658363
MOBY,M3,500,HPG,BONCAT,A,2.477713828
MOBY,M3,500,HPG,BONCAT,A,0.936537451
MOBY,M3,500,HPG,BONCAT,A,1.004488688
MOBY,M3,500,HPG,BONCAT,A,1.718704057
MOBY,M3,500,HPG,BONCAT,A,3.085297408
MOBY,M3,500,HPG,BONCAT,A,1.096008412
MOBY,M3,500,HPG,BONCAT,A,0.471861317
MOBY,M3,500,HPG,BONCAT,A,1.710117496
MOBY,M3,500,HPG,BONCAT,A,1.160826363
MOBY,M3,500,HPG,BONCAT,A,2.650613184
MOBY,M3,500,HPG,BONCAT,A,2.504745298
MOBY,M3,500,HPG,BONCAT,A,0.309802382
MOBY,M3,500,HPG,BONCAT,A,1.195851828
MOBY,M3,500,HPG,BONCAT,A,2.454340419
MOBY,M3,500,HPG,BONCAT,A,0.307615563
MOBY,M3,500,HPG,BONCAT,A,0.764643754
MOBY,M3,500,HPG,BONCAT,A,2.54569894
MOBY,M3,500,HPG,BONCAT,A,2.209808055
MOBY,M3,500,HPG,BONCAT,A,1.177206317
MOBY,M3,500,HPG,BONCAT,A,0.802949924
MOBY,M3,500,HPG,BONCAT,A,5.915726551
MOBY,M3,500,HPG,BONCAT,A,1.321869043
MOBY,M3,500,HPG,BONCAT,A,0.828535957
MOBY,M3,500,HPG,BONCAT,A,1.149712068
MOBY,M3,500,HPG,BONCAT,A,0.835308731
MOBY,M3,500,HPG,BONCAT,A,2.538647661
MOBY,M3,500,HPG,BONCAT,A,1.532005744
MOBY,M3,500,HPG,BONCAT,A,1.369858562
MOBY,M3,500,HPG,BONCAT,A,0.357085317
MOBY,M3,500,HPG,BONCAT,A,0.660972524
MOBY,M3,500,HPG,BONCAT,A,1.145403715
MOBY,M3,500,HPG,BONCAT,A,1.964348017
MOBY,M3,500,HPG,BONCAT,A,0.510562925
MOBY,M3,500,HPG,BONCAT,A,2.971732854
MOBY,M3,500,HPG,BONCAT,A,0.353419143
MOBY,M3,500,HPG,BONCAT,A,2.996509485
MOBY,M3,500,HPG,BONCAT,A,0.89585117
MOBY,M3,500,HPG,BONCAT,A,1.624376017
MOBY,M3,500,HPG,BONCAT,A,0.539429219
MOBY,M3,500,HPG,BONCAT,A,0.436378576
MOBY,M3,500,HPG,BONCAT,A,0.337287979
MOBY,M3,500,HPG,BONCAT,A,2.33756662
MOBY,M3,500,HPG,BONCAT,A,1.322098121
MOBY,M3,500,HPG,BONCAT,A,2.769748245
MOBY,M3,500,HPG,BONCAT,A,1.097625669
MOBY,M3,500,HPG,BONCAT,A,1.804075831
MOBY,M3,500,HPG,BONCAT,A,3.033590266
MOBY,M3,500,HPG,BONCAT,A,2.174546877
MOBY,M3,500,HPG,BONCAT,A,1.835718113
MOBY,M3,500,HPG,BONCAT,A,1.778621093
MOBY,M3,500,HPG,BONCAT,A,1.871304291
MOBY,M3,500,HPG,BONCAT,A,0.388324976
MOBY,M3,500,HPG,BONCAT,A,1.347651166
MOBY,M3,500,HPG,BONCAT,A,1.556723508
MOBY,M3,500,HPG,BONCAT,A,0.215725378
MOBY,M3,500,HPG,BONCAT,A,0.525448126
MOBY,M3,500,HPG,BONCAT,A,0.327755927
MOBY,M3,500,HPG,BONCAT,A,1.087059841
MOBY,M3,500,HPG,BONCAT,A,2.134655075
MOBY,M3,500,HPG,BONCAT,A,0.215008668
MOBY,M3,500,HPG,BONCAT,A,1.760822148
MOBY,M3,500,HPG,BONCAT,A,2.112506215
MOBY,M3,500,HPG,BONCAT,A,0.432704973
MOBY,M3,500,HPG,BONCAT,A,0.455674227
MOBY,M3,500,HPG,BONCAT,A,0.594056357
MOBY,M3,500,HPG,BONCAT,A,3.951464057
MOBY,M3,500,HPG,BONCAT,A,2.933569125
MOBY,M3,500,HPG,BONCAT,A,2.566154996
MOBY,M3,500,HPG,BONCAT,A,1.656928208
MOBY,M3,500,HPG,BONCAT,A,1.750501456
MOBY,M3,500,HPG,BONCAT,A,1.131558719
MOBY,M3,500,HPG,BONCAT,A,0.738232311
MOBY,M3,500,HPG,BONCAT,A,2.752685653
MOBY,M3,500,HPG,BONCAT,A,0.318549787
MOBY,M3,500,HPG,BONCAT,A,0.367634805
MOBY,M3,500,HPG,BONCAT,A,0.310531321
MOBY,M3,500,HPG,BONCAT,A,8.755526897
MOBY,M3,500,HPG,BONCAT,A,1.792823152
MOBY,M3,500,HPG,BONCAT,A,0.232209355
MOBY,M3,500,HPG,BONCAT,A,4.529483994
MOBY,M3,500,HPG,BONCAT,A,0.610308539
MOBY,M3,500,HPG,BONCAT,A,0.888316686
MOBY,M3,500,HPG,BONCAT,A,2.194988474
MOBY,M3,500,HPG,BONCAT,A,0.940304615
MOBY,M3,500,HPG,BONCAT,A,0.477938417
MOBY,M3,500,HPG,BONCAT,A,2.10525983
MOBY,M3,500,HPG,BONCAT,A,2.06717348
MOBY,M3,500,HPG,BONCAT,A,2.324266317
MOBY,M3,500,HPG,BONCAT,A,3.028519685
MOBY,M3,500,HPG,BONCAT,A,2.46565667
MOBY,M3,500,HPG,BONCAT,A,4.026488098
MOBY,M3,500,HPG,BONCAT,A,0.518756148
MOBY,M3,500,HPG,BONCAT,A,1.23009775
MOBY,M3,500,HPG,BONCAT,A,0.273515853
MOBY,M3,500,HPG,BONCAT,A,6.072536441
MOBY,M3,500,HPG,BONCAT,A,2.014598199
MOBY,M3,500,HPG,BONCAT,A,0.375738978
MOBY,M3,500,HPG,BONCAT,A,2.022515096
MOBY,M3,500,HPG,BONCAT,A,1.333496787
MOBY,M3,500,HPG,BONCAT,A,0.653986348
MOBY,M3,500,HPG,BONCAT,A,0.381632901
MOBY,M3,500,HPG,BONCAT,A,3.13534477
MOBY,M3,500,HPG,BONCAT,A,2.08825071
MOBY,M3,500,HPG,BONCAT,A,0.262662049
MOBY,M3,500,HPG,BONCAT,A,0.63629821
MOBY,M3,500,HPG,BONCAT,A,0.650240692
MOBY,M3,500,HPG,BONCAT,A,3.033908478
MOBY,M3,500,HPG,BONCAT,A,2.408097242
MOBY,M3,500,HPG,BONCAT,A,0.685102778
MOBY,M3,500,HPG,BONCAT,A,2.314346751
MOBY,M3,500,HPG,BONCAT,A,0.409035612
MOBY,M3,500,HPG,BONCAT,A,0.579472518
MOBY,M3,500,HPG,BONCAT,A,0.743654389
MOBY,M3,500,HPG,BONCAT,A,2.242642603
MOBY,M3,500,HPG,BONCAT,A,2.230133453
MOBY,M3,500,HPG,BONCAT,A,0.675019758
MOBY,M3,500,HPG,BONCAT,A,0.74214746
MOBY,M3,500,HPG,BONCAT,A,2.964469979
MOBY,M3,500,HPG,BONCAT,A,3.729999797
MOBY,M3,500,HPG,BONCAT,A,0.617279248
MOBY,M3,500,HPG,BONCAT,A,1.802985627
MOBY,M3,500,HPG,BONCAT,A,2.484656608
MOBY,M3,500,HPG,BONCAT,A,3.990775765
MOBY,M3,500,HPG,BONCAT,A,0.47037287
MOBY,M3,500,HPG,BONCAT,A,3.664660906
MOBY,M3,500,HPG,BONCAT,A,1.056311103
MOBY,M3,500,HPG,BONCAT,A,4.453830339
MOBY,M3,500,HPG,BONCAT,A,0.443060335
MOBY,M3,500,HPG,BONCAT,A,2.362752462
MOBY,M3,500,HPG,BONCAT,A,1.118821139
MOBY,M3,500,HPG,BONCAT,A,4.2476824
MOBY,M3,500,HPG,BONCAT,A,3.536478959
MOBY,M3,500,HPG,BONCAT,A,3.487161448
MOBY,M3,500,HPG,BONCAT,A,0.598912887
MOBY,M3,500,HPG,BONCAT,A,0.670692708
MOBY,M3,500,HPG,BONCAT,A,2.296459494
MOBY,M3,500,HPG,BONCAT,A,0.402998419
MOBY,M3,500,HPG,BONCAT,A,0.757139965
MOBY,M3,500,HPG,BONCAT,A,6.131274042
MOBY,M3,500,HPG,BONCAT,A,1.358506965
MOBY,M3,500,HPG,BONCAT,A,0.679099746
MOBY,M3,500,HPG,BONCAT,A,1.038522808
MOBY,M3,500,HPG,BONCAT,A,1.045952981
MOBY,M3,500,HPG,BONCAT,A,0.546287429
MOBY,M3,500,HPG,BONCAT,A,1.195276536
MOBY,M3,500,HPG,BONCAT,A,3.111731713
MOBY,M3,500,HPG,BONCAT,A,2.003706977
MOBY,M3,500,HPG,BONCAT,A,1.163327079
MOBY,M3,500,HPG,BONCAT,A,3.148168015
MOBY,M3,500,HPG,BONCAT,A,0.272068679
MOBY,M3,500,HPG,BONCAT,A,2.858211484
MOBY,M3,500,HPG,BONCAT,A,2.472072984
MOBY,M3,500,HPG,BONCAT,A,1.121527493
MOBY,M3,500,HPG,BONCAT,A,2.602691566
MOBY,M3,500,HPG,BONCAT,A,3.615718298
MOBY,M3,500,HPG,BONCAT,A,1.837132245
MOBY,M3,500,HPG,BONCAT,A,0.73387788
MOBY,M3,500,HPG,BONCAT,A,1.062818688
MOBY,M3,500,HPG,BONCAT,A,2.123015209
MOBY,M3,500,HPG,BONCAT,A,1.096587864
MOBY,M3,500,HPG,BONCAT,A,0.436403336
MOBY,M3,500,HPG,BONCAT,A,1.601233106
MOBY,M3,500,HPG,BONCAT,A,1.721690217
MOBY,M3,500,HPG,BONCAT,A,1.236266156
MOBY,M3,500,HPG,BONCAT,A,3.04611662
MOBY,M3,500,HPG,BONCAT,A,1.552891198
MOBY,M3,500,HPG,BONCAT,A,1.404088471
MOBY,M3,500,HPG,BONCAT,A,0.530657952
MOBY,M3,500,HPG,BONCAT,A,6.886912092
MOBY,M3,500,HPG,BONCAT,A,4.600694486
MOBY,M3,500,HPG,BONCAT,A,1.878414893
MOBY,M3,500,HPG,BONCAT,A,0.561916907
MOBY,M3,500,HPG,BONCAT,A,0.526745581
MOBY,M3,500,HPG,BONCAT,A,2.640711331
MOBY,M3,500,HPG,BONCAT,A,4.474615151
MOBY,M3,500,HPG,BONCAT,A,2.403624189
MOBY,M3,500,HPG,BONCAT,A,0.399314748
MOBY,M3,500,HPG,BONCAT,A,3.035930624
MOBY,M3,500,HPG,BONCAT,A,3.822723199
MOBY,M3,500,HPG,BONCAT,A,2.162204707
MOBY,M3,500,HPG,BONCAT,A,2.128001572
MOBY,M3,500,HPG,BONCAT,A,4.704351553
MOBY,M3,500,HPG,BONCAT,A,2.046448503
MOBY,M3,500,HPG,BONCAT,A,1.461496861
MOBY,M3,500,HPG,BONCAT,A,4.381377061
MOBY,M3,500,HPG,BONCAT,A,1.063576282
MOBY,M3,500,HPG,BONCAT,A,1.517235641
MOBY,M3,500,HPG,BONCAT,A,0.956774854
MOBY,M3,500,HPG,BONCAT,A,1.71933898
MOBY,M3,500,HPG,BONCAT,A,0.543159674
MOBY,M3,500,HPG,BONCAT,A,0.520238301
MOBY,M3,500,HPG,BONCAT,A,0.354152378
MOBY,M3,500,HPG,BONCAT,A,0.769838587
MOBY,M3,500,HPG,BONCAT,A,1.211173139
MOBY,M3,500,HPG,BONCAT,A,4.761916435
MOBY,M3,500,HPG,BONCAT,A,0.810855939
MOBY,M3,500,HPG,BONCAT,A,2.718802065
MOBY,M3,500,HPG,BONCAT,A,1.930732762
MOBY,M3,500,HPG,BONCAT,A,0.239507268
MOBY,M3,500,HPG,BONCAT,A,1.475191108
MOBY,M3,500,HPG,BONCAT,A,1.361563384
MOBY,M3,500,HPG,BONCAT,A,1.841799061
MOBY,M3,500,HPG,BONCAT,A,2.218623369
MOBY,M3,500,HPG,BONCAT,A,1.773168829
MOBY,M3,500,HPG,BONCAT,A,2.149407079
MOBY,M3,500,HPG,BONCAT,A,0.582819515
MOBY,M3,500,HPG,BONCAT,A,2.928434278
MOBY,M3,500,HPG,BONCAT,A,0.630520873
MOBY,M3,500,HPG,BONCAT,A,1.528883075
MOBY,M3,500,HPG,BONCAT,A,0.696090609
MOBY,M3,500,HPG,BONCAT,A,0.304699739
MOBY,M3,500,HPG,BONCAT,A,0.306886624
MOBY,M3,500,HPG,BONCAT,A,0.373528727
MOBY,M3,500,HPG,BONCAT,A,0.291578697
MOBY,M3,500,HPG,BONCAT,A,2.689813746
MOBY,M3,500,HPG,BONCAT,A,3.808360628
MOBY,M3,500,HPG,BONCAT,A,0.596669767
MOBY,M3,500,HPG,BONCAT,A,0.529729901
MOBY,M3,500,HPG,BONCAT,A,1.264431069
MOBY,M3,500,HPG,BONCAT,A,1.895036205
MOBY,M3,500,HPG,BONCAT,A,3.113225509
MOBY,M3,500,HPG,BONCAT,A,0.495677723
MOBY,M3,500,HPG,BONCAT,A,0.913438666
MOBY,M3,500,HPG,BONCAT,A,1.426869743
MOBY,M3,500,HPG,BONCAT,A,3.969644847
MOBY,M3,500,HPG,BONCAT,A,3.370277579
MOBY,M3,500,HPG,BONCAT,A,0.945438659
MOBY,M3,500,HPG,BONCAT,A,1.651301453
MOBY,M3,500,HPG,BONCAT,A,2.125025079
MOBY,M3,500,HPG,BONCAT,A,0.750272797
MOBY,M3,500,HPG,BONCAT,A,0.5113072
MOBY,M3,500,HPG,BONCAT,A,1.081729067
MOBY,M3,500,HPG,BONCAT,A,0.238060094
MOBY,M3,500,HPG,BONCAT,A,0.322623284
MOBY,M3,500,HPG,BONCAT,A,2.64728316
MOBY,M3,500,HPG,BONCAT,A,3.153472802
MOBY,M3,500,HPG,BONCAT,A,1.381784358
MOBY,M3,500,HPG,BONCAT,A,1.187706613
MOBY,M3,500,HPG,BONCAT,A,0.782080277
MOBY,M3,500,HPG,BONCAT,A,1.911793031
MOBY,M3,500,HPG,BONCAT,A,1.621341193
MOBY,M3,500,HPG,BONCAT,A,0.343153857
MOBY,M3,500,HPG,BONCAT,A,0.915208745
MOBY,M3,500,HPG,BONCAT,A,2.650676165
MOBY,M3,500,HPG,BONCAT,A,0.247466724
MOBY,M3,500,HPG,BONCAT,A,0.51630024
MOBY,M3,500,HPG,BONCAT,A,1.886782321
MOBY,M3,500,HPG,BONCAT,A,0.340954153
MOBY,M3,500,HPG,BONCAT,A,2.317227704
MOBY,M3,500,HPG,BONCAT,A,1.677563896
MOBY,M3,500,HPG,BONCAT,A,1.874349759
MOBY,M3,500,HPG,BONCAT,A,0.316362903
MOBY,M3,500,HPG,BONCAT,A,0.47051702
MOBY,M3,500,HPG,BONCAT,A,0.352685909
MOBY,M3,500,HPG,BONCAT,A,0.683202264
MOBY,M3,500,HPG,BONCAT,A,5.346892574
MOBY,M3,500,HPG,BONCAT,A,2.50282153
MOBY,M3,500,HPG,BONCAT,A,2.0713236
MOBY,M3,500,HPG,BONCAT,A,4.111696605
MOBY,M3,500,HPG,BONCAT,A,1.506418156
MOBY,M3,500,HPG,BONCAT,A,0.301783981
MOBY,M3,500,HPG,BONCAT,A,1.459390019
MOBY,M3,500,HPG,BONCAT,A,0.240093014
MOBY,M3,500,HPG,BONCAT,A,3.163253035
MOBY,M3,500,HPG,BONCAT,A,0.494265529
MOBY,M3,500,HPG,BONCAT,A,1.977581329
MOBY,M3,500,HPG,BONCAT,A,1.293219335
MOBY,M3,500,HPG,BONCAT,A,4.753290661
MOBY,M3,500,HPG,BONCAT,A,3.391779842
MOBY,M3,500,HPG,BONCAT,A,3.892115539
MOBY,M3,500,HPG,BONCAT,A,0.631133193
MOBY,M3,500,HPG,BONCAT,A,2.00667234
MOBY,M3,500,HPG,BONCAT,A,2.687135193
MOBY,M3,500,HPG,BONCAT,A,0.888547276
MOBY,M3,500,HPG,BONCAT,A,0.731626811
MOBY,M3,500,HPG,BONCAT,A,2.429361867
MOBY,M3,500,HPG,BONCAT,A,2.05007514
MOBY,M3,500,HPG,BONCAT,A,0.232926065
MOBY,M3,500,HPG,BONCAT,A,0.804454985
MOBY,M3,500,HPG,BONCAT,A,1.444977997
MOBY,M3,500,HPG,BONCAT,A,1.847050816
MOBY,M3,500,HPG,BONCAT,A,0.987018452
MOBY,M3,500,HPG,BONCAT,A,1.598394592
MOBY,M3,500,HPG,BONCAT,A,1.212810351
MOBY,M3,500,HPG,BONCAT,A,0.946829219
MOBY,M3,500,HPG,BONCAT,A,3.264706194
MOBY,M3,500,HPG,BONCAT,A,1.062061299
MOBY,M3,500,HPG,BONCAT,A,2.067951268
MOBY,M3,500,HPG,BONCAT,A,0.613816037
MOBY,M3,500,HPG,BONCAT,A,0.919647474
MOBY,M3,500,HPG,BONCAT,A,2.681079955
MOBY,M3,500,HPG,BONCAT,A,2.855297108
MOBY,M3,500,HPG,BONCAT,A,0.751025327
MOBY,M3,500,HPG,BONCAT,A,2.844564867
MOBY,M3,500,HPG,BONCAT,A,1.825066003
MOBY,M3,500,HPG,BONCAT,A,1.215901573
MOBY,M3,500,HPG,BONCAT,A,1.196778525
MOBY,M3,500,HPG,BONCAT,A,1.184505986
MOBY,M3,500,HPG,BONCAT,A,1.189220716
MOBY,M3,500,HPG,BONCAT,A,0.965909415
MOBY,M3,500,HPG,BONCAT,A,1.667583726
MOBY,M3,500,HPG,BONCAT,A,1.464038222
MOBY,M3,500,HPG,BONCAT,A,2.54799748
MOBY,M3,500,HPG,BONCAT,A,0.762313283
MOBY,M3,500,HPG,BONCAT,A,1.104483062
MOBY,M3,500,HPG,BONCAT,A,2.123392744
MOBY,M3,500,HPG,BONCAT,A,1.201493618
MOBY,M3,500,HPG,BONCAT,A,0.964396636
MOBY,M3,500,HPG,BONCAT,A,3.002213361
MOBY,M3,500,HPG,BONCAT,A,1.410804338
MOBY,M3,500,HPG,BONCAT,A,1.306173918
MOBY,M3,500,HPG,BONCAT,A,0.703862453
MOBY,M3,500,HPG,BONCAT,A,3.322407191
MOBY,M3,500,HPG,BONCAT,A,1.704915481
MOBY,M3,500,HPG,BONCAT,A,1.044683995
MOBY,M3,500,HPG,BONCAT,A,4.319847027
MOBY,M3,500,HPG,BONCAT,A,1.320380047
MOBY,M3,500,HPG,BONCAT,A,2.689452458
MOBY,M3,500,HPG,BONCAT,A,0.628961039
MOBY,M3,500,HPG,BONCAT,A,3.43474091
MOBY,M3,500,HPG,BONCAT,A,2.357077603
MOBY,M3,500,HPG,BONCAT,A,1.247739397
MOBY,M3,500,HPG,BONCAT,A,2.268242363
MOBY,M3,500,HPG,BONCAT,A,3.183516598
MOBY,M3,500,HPG,BONCAT,A,3.602768176
MOBY,M3,500,HPG,BONCAT,A,0.809381462
MOBY,M3,500,HPG,BONCAT,A,1.276545199
MOBY,M3,500,HPG,BONCAT,A,1.211303786
MOBY,M3,500,HPG,BONCAT,A,4.108748866
MOBY,M3,500,HPG,BONCAT,A,4.086015683
MOBY,M3,500,HPG,BONCAT,A,0.552241531
MOBY,M3,500,HPG,BONCAT,A,0.920981421
MOBY,M3,500,HPG,BONCAT,A,0.226475826
MOBY,M3,500,HPG,BONCAT,A,2.010810111
MOBY,M3,500,HPG,BONCAT,A,2.763378415
MOBY,M3,500,HPG,BONCAT,A,0.938636942
MOBY,M3,500,HPG,BONCAT,A,2.072667144
MOBY,M3,500,HPG,BONCAT,A,2.500924759
MOBY,M3,500,HPG,BONCAT,A,1.614435874
MOBY,M3,500,HPG,BONCAT,A,0.662226741
MOBY,M3,500,HPG,BONCAT,A,1.406170565
MOBY,M3,500,HPG,BONCAT,A,1.1203881
MOBY,M3,500,HPG,BONCAT,A,5.574028752
MOBY,M3,500,HPG,BONCAT,A,0.893827238
MOBY,M3,500,HPG,BONCAT,A,0.492781211
MOBY,M3,500,HPG,BONCAT,A,1.146904824
MOBY,M3,500,HPG,BONCAT,A,0.261938462
MOBY,M3,500,HPG,BONCAT,A,3.286134347
MOBY,M3,500,HPG,BONCAT,A,0.518005578
MOBY,M3,500,HPG,BONCAT,A,0.322623284
MOBY,M3,500,HPG,BONCAT,A,0.811464751
MOBY,M3,500,HPG,BONCAT,A,2.29949167
MOBY,M3,500,HPG,BONCAT,A,0.543582608
MOBY,M3,500,HPG,BONCAT,A,0.410514974
MOBY,M3,500,HPG,BONCAT,A,0.933384665
MOBY,M3,500,HPG,BONCAT,A,0.230775986
MOBY,M3,500,HPG,BONCAT,A,3.075523401
MOBY,M3,500,HPG,BONCAT,A,0.35658363
MOBY,M3,500,HPG,BONCAT,A,1.625140024
MOBY,M3,500,HPG,BONCAT,A,0.922490005
MOBY,M3,500,HPG,BONCAT,A,1.969363389
MOBY,M3,500,HPG,BONCAT,A,0.217875458
MOBY,M3,500,HPG,BONCAT,A,0.296681339
MOBY,M3,500,HPG,BONCAT,A,0.76249068
MOBY,M3,500,HPG,BONCAT,A,2.728685803
MOBY,M3,500,HPG,BONCAT,A,3.734604808
MOBY,M3,500,HPG,BONCAT,A,0.835747329
MOBY,M3,500,HPG,BONCAT,A,1.353143704
MOBY,M3,500,HPG,BONCAT,A,1.905774119
MOBY,M3,500,HPG,BONCAT,A,2.111351104
MOBY,M3,500,HPG,BONCAT,A,0.44730074
MOBY,M3,500,HPG,BONCAT,A,1.592414025
MOBY,M3,500,HPG,BONCAT,A,1.830554701
MOBY,M3,500,HPG,BONCAT,A,0.757526924
MOBY,M3,500,HPG,BONCAT,A,1.304386006
MOBY,M3,500,HPG,BONCAT,A,2.666243244
MOBY,M3,500,HPG,BONCAT,A,0.850183131
MOBY,M3,500,HPG,BONCAT,A,1.536220034
MOBY,M3,500,HPG,BONCAT,A,0.245295963
MOBY,M3,500,HPG,BONCAT,A,1.198459566
MOBY,M3,500,HPG,BONCAT,A,0.687635999
MOBY,M3,500,HPG,BONCAT,A,0.368371474
MOBY,M3,500,HPG,BONCAT,A,1.484582579
MOBY,M3,500,HPG,BONCAT,A,1.773387276
MOBY,M3,500,HPG,BONCAT,A,1.576466081
MOBY,M3,500,HPG,BONCAT,A,0.610814521
MOBY,M3,500,HPG,BONCAT,A,1.729891745
MOBY,M3,500,HPG,BONCAT,A,0.904139119
MOBY,M3,500,HPG,BONCAT,A,1.151981236
MOBY,M3,500,HPG,BONCAT,A,1.665407636
MOBY,M3,500,HPG,BONCAT,A,1.671210305
MOBY,M3,500,HPG,BONCAT,A,0.592931235
MOBY,M3,500,HPG,BONCAT,A,0.46590732
MOBY,M3,500,HPG,BONCAT,A,3.932895663
MOBY,M3,500,HPG,BONCAT,A,0.760055692
MOBY,M3,500,HPG,BONCAT,A,0.611286223
MOBY,M3,500,HPG,BONCAT,A,1.102195119
MOBY,M3,500,HPG,BONCAT,A,0.528237741
MOBY,M3,500,HPG,BONCAT,A,0.337428282
MOBY,M3,500,HPG,BONCAT,A,0.406076975
MOBY,M3,500,HPG,BONCAT,A,0.649084319
MOBY,M3,500,HPG,BONCAT,A,1.325059887
MOBY,M3,500,HPG,BONCAT,A,1.909927265
MOBY,M3,500,HPG,BONCAT,A,1.781794599
MOBY,M3,500,HPG,BONCAT,A,1.647795025
MOBY,M3,500,HPG,BONCAT,A,2.117773276
MOBY,M3,500,HPG,BONCAT,A,0.556293618
MOBY,M3,500,HPG,BONCAT,A,2.308925758
MOBY,M3,500,HPG,BONCAT,A,4.480851815
MOBY,M3,500,HPG,BONCAT,A,2.453045449
MOBY,M3,500,HPG,BONCAT,A,1.688200623
MOBY,M3,500,HPG,BONCAT,A,1.330230408
MOBY,M3,500,HPG,BONCAT,A,0.975742478
MOBY,M3,500,HPG,BONCAT,A,2.085404775
MOBY,M3,500,HPG,BONCAT,A,1.77794419
MOBY,M3,500,HPG,BONCAT,A,0.397200975
MOBY,M3,500,HPG,BONCAT,A,0.335088275
MOBY,M3,500,HPG,BONCAT,A,1.708776271
MOBY,M3,500,HPG,BONCAT,A,0.986331932
MOBY,M3,500,HPG,BONCAT,A,2.964904548
MOBY,M3,500,HPG,BONCAT,A,0.518908294
MOBY,M3,500,HPG,BONCAT,A,4.659182861
MOBY,M3,500,HPG,BONCAT,A,2.609483057
MOBY,M3,500,HPG,BONCAT,A,1.207268583
MOBY,M3,500,HPG,BONCAT,A,1.813645216
MOBY,M3,500,HPG,BONCAT,A,1.115088554
MOBY,M3,500,HPG,BONCAT,A,1.9879702
MOBY,M3,500,HPG,BONCAT,A,1.23486841
MOBY,M3,500,HPG,BONCAT,A,1.011863937
MOBY,M3,500,HPG,BONCAT,A,1.628872737
MOBY,M3,500,HPG,BONCAT,A,1.224887924
MOBY,M3,500,HPG,BONCAT,A,0.92654494
MOBY,M3,500,HPG,BONCAT,A,1.11736113
MOBY,M3,500,HPG,BONCAT,A,2.048604977
MOBY,M3,500,HPG,BONCAT,A,0.5903107
MOBY,M3,500,HPG,BONCAT,A,1.112746992
MOBY,M3,500,HPG,BONCAT,A,0.300626242
MOBY,M3,500,HPG,BONCAT,A,1.685974469
MOBY,M3,500,HPG,BONCAT,A,2.560525166
MOBY,M3,500,HPG,BONCAT,A,0.32042358
MOBY,M3,500,HPG,BONCAT,A,3.587402559
MOBY,M3,500,HPG,BONCAT,A,0.714903869
MOBY,M3,500,HPG,BONCAT,A,1.866174458
MOBY,M3,500,HPG,BONCAT,A,2.173976509
MOBY,M3,500,HPG,BONCAT,A,0.999426968
MOBY,M3,500,HPG,BONCAT,A,2.099673226
MOBY,M3,500,HPG,BONCAT,A,0.393013819
MOBY,M3,500,HPG,BONCAT,A,1.568616772
MOBY,M3,500,HPG,BONCAT,A,4.671032413
MOBY,M3,500,HPG,BONCAT,A,0.642000426
MOBY,M3,500,HPG,BONCAT,A,4.528237225
MOBY,M3,500,HPG,BONCAT,A,0.425246432
MOBY,M3,500,HPG,BONCAT,A,2.600009424
MOBY,M3,500,HPG,BONCAT,A,1.899569063
MOBY,M3,500,HPG,BONCAT,A,2.879719644
MOBY,M3,500,HPG,BONCAT,A,2.885112107
MOBY,M3,500,HPG,BONCAT,A,0.941543851
MOBY,M3,500,HPG,BONCAT,A,0.86194591
MOBY,M3,500,HPG,BONCAT,A,1.045393751
MOBY,M3,500,HPG,BONCAT,A,1.92938887
MOBY,M3,500,HPG,BONCAT,A,0.744407853
MOBY,M3,500,HPG,BONCAT,A,0.517792399
MOBY,M3,500,HPG,BONCAT,A,1.47882935
MOBY,M3,500,HPG,BONCAT,A,0.751777858
MOBY,M3,500,HPG,BONCAT,A,2.616338029
MOBY,M3,500,HPG,BONCAT,A,3.3378263
MOBY,M3,500,HPG,BONCAT,A,1.003728891
MOBY,M3,500,HPG,BONCAT,A,4.353707217
MOBY,M3,500,HPG,BONCAT,A,1.226262739
MOBY,M3,500,HPG,BONCAT,A,1.943083117
MOBY,M3,500,HPG,BONCAT,A,2.404915505
MOBY,M3,500,HPG,BONCAT,A,0.583958757
MOBY,M3,500,HPG,BONCAT,A,2.386073826
MOBY,M3,500,HPG,BONCAT,A,1.578033397
MOBY,M3,500,HPG,BONCAT,A,0.44232061
MOBY,M3,500,HPG,BONCAT,A,3.238686553
MOBY,M3,500,HPG,BONCAT,A,3.0071767
MOBY,M3,500,HPG,BONCAT,A,3.48960706
MOBY,M3,500,HPG,BONCAT,A,1.160453389
MOBY,M3,500,HPG,BONCAT,A,3.372025499
MOBY,M3,500,HPG,BONCAT,A,1.811264411
MOBY,M3,500,HPG,BONCAT,A,1.523121505
MOBY,M3,500,HPG,BONCAT,A,0.628073439
MOBY,M3,500,HPG,BONCAT,A,24.04226627
MOBY,M3,500,HPG,BONCAT,A,1.22420622
MOBY,M3,500,HPG,BONCAT,A,1.818235077
MOBY,M3,500,HPG,BONCAT,A,4.640771932
MOBY,M3,500,HPG,BONCAT,A,0.305758885
MOBY,M3,500,HPG,BONCAT,A,0.505854786
MOBY,M3,500,HPG,BONCAT,A,8.744988446
MOBY,M3,500,HPG,BONCAT,A,0.591304534
MOBY,M3,500,HPG,BONCAT,A,0.872678043
MOBY,M3,500,HPG,BONCAT,A,1.505766661
MOBY,M3,500,HPG,BONCAT,A,2.230932775
MOBY,M3,500,HPG,BONCAT,A,1.583301422
MOBY,M3,500,HPG,BONCAT,A,0.531968196
MOBY,M3,500,HPG,BONCAT,A,2.837430439
MOBY,M3,500,HPG,BONCAT,A,1.285682164
MOBY,M3,500,HPG,BONCAT,A,3.339355368
MOBY,M3,500,HPG,BONCAT,A,3.726762029
MOBY,M3,500,HPG,BONCAT,A,0.860753867
MOBY,M3,500,HPG,BONCAT,A,1.454966738
MOBY,M3,500,HPG,BONCAT,A,3.389991135
MOBY,M3,500,HPG,BONCAT,A,1.626590185
MOBY,M3,500,HPG,BONCAT,A,0.970447752
MOBY,M3,500,HPG,BONCAT,A,1.143874859
MOBY,M3,500,HPG,BONCAT,A,1.111988314
MOBY,M3,500,HPG,BONCAT,A,0.611564968
MOBY,M3,500,HPG,BONCAT,A,4.020037246
MOBY,M3,500,HPG,BONCAT,A,0.209991799
MOBY,M3,500,HPG,BONCAT,A,0.523015014
MOBY,M3,500,HPG,BONCAT,A,1.905774119
MOBY,M3,500,HPG,BONCAT,A,1.552949051
MOBY,M3,500,HPG,BONCAT,A,0.54086847
MOBY,M3,500,HPG,BONCAT,A,1.007544725
MOBY,M3,500,HPG,BONCAT,A,1.369784389
MOBY,M3,500,HPG,BONCAT,A,0.623272272
MOBY,M3,500,HPG,BONCAT,A,0.942565007
MOBY,M3,500,HPG,BONCAT,A,0.708678497
MOBY,M3,500,HPG,BONCAT,A,0.664339168
MOBY,M3,500,HPG,BONCAT,A,1.764792641
MOBY,M3,500,HPG,BONCAT,A,0.728217868
MOBY,M3,500,HPG,BONCAT,A,2.714989824
MOBY,M3,500,HPG,BONCAT,A,0.941687063
MOBY,M3,500,HPG,BONCAT,A,1.94310403
MOBY,M3,500,HPG,BONCAT,A,1.928453938
MOBY,M3,500,HPG,BONCAT,A,0.387585339
MOBY,M3,500,HPG,BONCAT,A,1.146904824
MOBY,M3,500,HPG,BONCAT,A,1.574992923
MOBY,M3,500,HPG,BONCAT,A,2.007434746
MOBY,M3,500,HPG,BONCAT,A,0.919743223
MOBY,M3,500,HPG,BONCAT,A,0.767764771
MOBY,M3,500,HPG,BONCAT,A,1.608217348
MOBY,M3,500,HPG,BONCAT,A,0.544651945
MOBY,M3,500,HPG,BONCAT,A,0.246743137
MOBY,M3,500,HPG,BONCAT,A,0.313091233
MOBY,M3,500,HPG,BONCAT,A,2.718242526
MOBY,M3,500,HPG,BONCAT,A,0.423020003
MOBY,M3,500,HPG,BONCAT,A,0.263878732
MOBY,M3,500,HPG,BONCAT,A,1.054198595
MOBY,M3,500,HPG,BONCAT,A,0.520776719
MOBY,M3,500,HPG,BONCAT,A,1.690497381
MOBY,M3,500,HPG,BONCAT,A,1.878769296
MOBY,M3,500,HPG,BONCAT,A,0.84102729
MOBY,M3,500,HPG,BONCAT,A,0.634076471
MOBY,M3,500,HPG,BONCAT,A,1.11729796
MOBY,M3,500,HPG,BONCAT,A,0.89178073
MOBY,M3,500,HPG,BONCAT,A,0.381460162
MOBY,M3,500,HPG,BONCAT,A,0.515917468
MOBY,M3,500,HPG,BONCAT,A,0.299893007
MOBY,M3,500,HPG,BONCAT,A,2.4152567
MOBY,M3,500,HPG,BONCAT,A,1.336916143
MOBY,M3,500,HPG,BONCAT,A,1.175725422
MOBY,M3,500,HPG,BONCAT,A,0.990445765
MOBY,M3,500,HPG,BONCAT,A,0.55435268
MOBY,M3,500,HPG,BONCAT,A,0.47750308
MOBY,M3,500,HPG,BONCAT,A,0.80859298
MOBY,M3,500,HPG,BONCAT,A,1.921032101
MOBY,M3,500,HPG,BONCAT,A,2.328985073
MOBY,M3,500,HPG,BONCAT,A,2.307029698
MOBY,M3,500,HPG,BONCAT,A,1.025699671
MOBY,M3,500,HPG,BONCAT,A,0.436136813
MOBY,M3,500,HPG,BONCAT,A,1.168118826
MOBY,M3,500,HPG,BONCAT,A,2.179285874
MOBY,M3,500,HPG,BONCAT,A,0.540921378
MOBY,M3,500,HPG,BONCAT,A,0.230824225
MOBY,M3,500,HPG,BONCAT,A,0.776907167
MOBY,M3,500,HPG,BONCAT,A,0.230100638
MOBY,M3,500,HPG,BONCAT,A,1.727779168
MOBY,M3,500,HPG,BONCAT,A,1.253072942
MOBY,M3,500,HPG,BONCAT,A,0.836328598
MOBY,M3,500,HPG,BONCAT,A,0.92049903
MOBY,M3,500,HPG,BONCAT,A,1.211295164
MOBY,M3,500,HPG,BONCAT,A,3.758850697
MOBY,M3,500,HPG,BONCAT,A,2.543617213
MOBY,M3,500,HPG,BONCAT,A,1.99409342
MOBY,M3,500,HPG,BONCAT,A,1.281828699
MOBY,M3,500,HPG,BONCAT,A,2.646731169
MOBY,M3,500,HPG,BONCAT,A,0.194941191
MOBY,M3,500,HPG,BONCAT,A,0.507346946
MOBY,M3,500,HPG,BONCAT,A,0.769393147
MOBY,M3,500,HPG,BONCAT,A,4.559315395
MOBY,M3,500,HPG,BONCAT,A,0.230824225
MOBY,M3,500,HPG,BONCAT,A,4.614756377
MOBY,M3,500,HPG,BONCAT,A,0.674108853
MOBY,M3,500,HPG,BONCAT,A,0.570500041
MOBY,M3,500,HPG,BONCAT,A,0.211425219
MOBY,M3,500,HPG,BONCAT,A,4.562025222
MOBY,M3,500,HPG,BONCAT,A,0.383106401
MOBY,M3,500,HPG,BONCAT,A,4.376261552
MOBY,M3,500,HPG,BONCAT,A,0.20354156
MOBY,M3,500,HPG,BONCAT,A,0.447510719
MOBY,M3,500,HPG,BONCAT,A,0.446556464
MOBY,M3,500,HPG,BONCAT,A,0.360751491
MOBY,M3,500,HPG,BONCAT,A,2.82753253
MOBY,M3,500,HPG,BONCAT,A,1.499536821
MOBY,M3,500,HPG,BONCAT,A,0.36983334
MOBY,M3,500,HPG,BONCAT,A,1.524824231
MOBY,M3,500,HPG,BONCAT,A,1.794495541
MOBY,M3,500,HPG,BONCAT,A,1.024599067
MOBY,M3,500,HPG,BONCAT,A,1.165870767
MOBY,M3,500,HPG,BONCAT,A,3.100993475
MOBY,M3,500,HPG,BONCAT,A,2.754656299
MOBY,M3,500,HPG,BONCAT,A,1.31217321
MOBY,M3,500,HPG,BONCAT,A,0.911407764
MOBY,M3,500,HPG,BONCAT,A,0.95606976
MOBY,M3,500,HPG,BONCAT,A,2.338764429
MOBY,M3,500,HPG,BONCAT,A,1.146161668
MOBY,M3,500,HPG,BONCAT,A,2.107333939
MOBY,M3,500,HPG,BONCAT,A,1.159403308
MOBY,M3,500,HPG,BONCAT,A,1.964606
MOBY,M3,500,HPG,BONCAT,A,1.867643463
MOBY,M3,500,HPG,BONCAT,A,0.929602718
MOBY,M3,500,HPG,BONCAT,A,0.621773984
MOBY,M3,500,HPG,BONCAT,A,3.056941851
MOBY,M3,500,HPG,BONCAT,A,1.560496016
MOBY,M3,500,HPG,BONCAT,A,0.290360956
MOBY,M3,500,HPG,BONCAT,A,0.586802126
MOBY,M3,500,HPG,BONCAT,A,0.189924322
MOBY,M3,500,HPG,BONCAT,A,2.495953879
MOBY,M3,500,HPG,BONCAT,A,11.44221606
MOBY,M3,500,HPG,BONCAT,A,4.149238887
MOBY,M3,500,HPG,BONCAT,A,2.090758944
MOBY,M3,500,HPG,BONCAT,A,0.58170599
MOBY,M3,500,HPG,BONCAT,A,3.187062671
MOBY,M3,500,HPG,BONCAT,A,1.25658636
MOBY,M3,500,HPG,BONCAT,A,0.730092348
MOBY,M3,500,HPG,BONCAT,A,0.436467625
MOBY,M3,500,HPG,BONCAT,A,3.001832781
MOBY,M3,500,HPG,BONCAT,A,2.989369427
MOBY,M3,500,HPG,BONCAT,A,1.454649472
MOBY,M3,500,HPG,BONCAT,A,1.815681351
MOBY,M3,500,HPG,BONCAT,A,2.377341927
MOBY,M3,500,HPG,BONCAT,A,0.446380766
MOBY,M3,500,HPG,BONCAT,A,0.473026489
MOBY,M3,500,HPG,BONCAT,A,1.337831717
MOBY,M3,500,HPG,BONCAT,A,0.24128141
MOBY,M3,500,HPG,BONCAT,A,2.567591137
MOBY,M3,500,HPG,BONCAT,A,3.125650338
MOBY,M3,500,HPG,BONCAT,A,0.347643341
MOBY,M3,500,HPG,BONCAT,A,1.207563246
MOBY,M3,500,HPG,BONCAT,A,1.804508305
MOBY,M3,500,HPG,BONCAT,A,0.21779966
MOBY,M3,500,HPG,BONCAT,A,1.167330162
MOBY,M3,500,HPG,BONCAT,A,1.16728405
MOBY,M3,500,HPG,BONCAT,A,0.89782664
MOBY,M3,500,HPG,BONCAT,A,3.289371362
MOBY,M3,500,HPG,BONCAT,A,1.666073563
MOBY,M3,500,HPG,BONCAT,A,2.607327319
MOBY,M3,500,HPG,BONCAT,A,2.449640778
MOBY,M3,500,HPG,BONCAT,A,0.24128141
MOBY,M3,500,HPG,BONCAT,A,0.72896936
MOBY,M3,500,HPG,BONCAT,A,0.540591782
MOBY,M3,500,HPG,BONCAT,A,0.456612285
MOBY,M3,500,HPG,BONCAT,A,0.642000426
MOBY,M3,500,HPG,BONCAT,A,2.2810493
MOBY,M3,500,HPG,BONCAT,A,1.801574212
MOBY,M3,500,HPG,BONCAT,A,1.332706966
MOBY,M3,500,HPG,BONCAT,A,2.907226471
MOBY,M3,500,HPG,BONCAT,A,0.608289774
MOBY,M3,500,HPG,BONCAT,A,1.736825664
MOBY,M3,500,HPG,BONCAT,A,1.983872244
MOBY,M3,500,HPG,BONCAT,A,2.220992069
MOBY,M3,500,HPG,BONCAT,A,1.056712452
MOBY,M3,500,HPG,BONCAT,A,0.582819515
MOBY,M3,500,HPG,BONCAT,A,0.226482703
MOBY,M3,500,HPG,BONCAT,A,0.616067241
MOBY,M3,500,HPG,BONCAT,A,2.841030868
MOBY,M3,500,HPG,BONCAT,A,1.271956909
MOBY,M3,500,HPG,BONCAT,A,0.470042058
MOBY,M3,500,HPG,BONCAT,A,0.40520867
MOBY,M3,500,HPG,BONCAT,A,0.448045016
MOBY,M3,500,HPG,BONCAT,A,1.294032975
MOBY,M3,500,HPG,BONCAT,A,0.788227342
MOBY,M3,500,HPG,BONCAT,A,1.102195119
MOBY,M3,500,HPG,BONCAT,A,0.878119953
MOBY,M3,500,HPG,BONCAT,A,0.627514903
MOBY,M3,500,HPG,BONCAT,A,1.382021143
MOBY,M3,500,HPG,BONCAT,A,1.086075011
MOBY,M3,500,HPG,BONCAT,A,1.122662382
MOBY,M3,500,HPG,BONCAT,A,1.497444011
MOBY,M3,500,HPG,BONCAT,A,0.839518706
MOBY,M3,500,HPG,BONCAT,A,4.914558093
MOBY,M3,500,HPG,BONCAT,A,0.916706632
MOBY,M3,500,HPG,BONCAT,A,1.372203863
MOBY,M3,500,HPG,BONCAT,A,2.475431268
MOBY,M3,500,HPG,BONCAT,A,0.633630587
MOBY,M3,500,HPG,BONCAT,A,4.718534871
MOBY,M3,500,HPG,BONCAT,A,2.113522116
MOBY,M3,500,HPG,BONCAT,A,1.580268489
MOBY,M3,500,HPG,BONCAT,A,0.717203327
MOBY,M3,500,HPG,BONCAT,A,2.852414337
MOBY,M3,500,HPG,BONCAT,A,2.012369447
MOBY,M3,500,HPG,BONCAT,A,4.654339398
MOBY,M3,500,HPG,BONCAT,A,2.26832112
MOBY,M3,500,HPG,BONCAT,A,4.617343295
MOBY,M3,500,HPG,BONCAT,A,1.331947779
MOBY,M3,500,HPG,BONCAT,A,0.968435783
MOBY,M3,500,HPG,BONCAT,A,0.588478763
MOBY,M3,500,HPG,BONCAT,A,0.764844537
MOBY,M3,500,HPG,BONCAT,A,0.315326013
MOBY,M3,500,HPG,BONCAT,A,0.843412904
MOBY,M3,500,HPG,BONCAT,A,1.401008978
MOBY,M3,500,HPG,BONCAT,B,1.954942239
MOBY,M3,500,HPG,BONCAT,B,1.412856042
MOBY,M3,500,HPG,BONCAT,B,0.834861521
MOBY,M3,500,HPG,BONCAT,B,0.336655222
MOBY,M3,500,HPG,BONCAT,B,1.946813863
MOBY,M3,500,HPG,BONCAT,B,2.550986137
MOBY,M3,500,HPG,BONCAT,B,0.414316866
MOBY,M3,500,HPG,BONCAT,B,2.20556759
MOBY,M3,500,HPG,BONCAT,B,0.403439812
MOBY,M3,500,HPG,BONCAT,B,2.231415186
MOBY,M3,500,HPG,BONCAT,B,2.437624603
MOBY,M3,500,HPG,BONCAT,B,0.376504542
MOBY,M3,500,HPG,BONCAT,B,2.034710065
MOBY,M3,500,HPG,BONCAT,B,1.603939344
MOBY,M3,500,HPG,BONCAT,B,3.900975114
MOBY,M3,500,HPG,BONCAT,B,0.298654325
MOBY,M3,500,HPG,BONCAT,B,1.610090193
MOBY,M3,500,HPG,BONCAT,B,1.014488632
MOBY,M3,500,HPG,BONCAT,B,3.393168914
MOBY,M3,500,HPG,BONCAT,B,1.897564479
MOBY,M3,500,HPG,BONCAT,B,2.005994377
MOBY,M3,500,HPG,BONCAT,B,2.806045673
MOBY,M3,500,HPG,BONCAT,B,1.920120819
MOBY,M3,500,HPG,BONCAT,B,0.291888693
MOBY,M3,500,HPG,BONCAT,B,1.74101069
MOBY,M3,500,HPG,BONCAT,B,1.586530995
MOBY,M3,500,HPG,BONCAT,B,3.14404826
MOBY,M3,500,HPG,BONCAT,B,2.840535645
MOBY,M3,500,HPG,BONCAT,B,3.868810453
MOBY,M3,500,HPG,BONCAT,B,2.342350798
MOBY,M3,500,HPG,BONCAT,B,2.021541424
MOBY,M3,500,HPG,BONCAT,B,2.389364984
MOBY,M3,500,HPG,BONCAT,B,1.772562931
MOBY,M3,500,HPG,BONCAT,B,0.767791989
MOBY,M3,500,HPG,BONCAT,B,4.226635394
MOBY,M3,500,HPG,BONCAT,B,1.466961036
MOBY,M3,500,HPG,BONCAT,B,1.045550286
MOBY,M3,500,HPG,BONCAT,B,1.113953371
MOBY,M3,500,HPG,BONCAT,B,2.023428889
MOBY,M3,500,HPG,BONCAT,B,1.321983582
MOBY,M3,500,HPG,BONCAT,B,1.084161392
MOBY,M3,500,HPG,BONCAT,B,2.445976687
MOBY,M3,500,HPG,BONCAT,B,0.394199271
MOBY,M3,500,HPG,BONCAT,B,3.353463328
MOBY,M3,500,HPG,BONCAT,B,2.990159922
MOBY,M3,500,HPG,BONCAT,B,1.3015826
MOBY,M3,500,HPG,BONCAT,B,1.031325041
MOBY,M3,500,HPG,BONCAT,B,0.845992989
MOBY,M3,500,HPG,BONCAT,B,1.831649257
MOBY,M3,500,HPG,BONCAT,B,1.428589117
MOBY,M3,500,HPG,BONCAT,B,1.02434828
MOBY,M3,500,HPG,BONCAT,B,0.349962449
MOBY,M3,500,HPG,BONCAT,B,0.568089985
MOBY,M3,500,HPG,BONCAT,B,5.380049024
MOBY,M3,500,HPG,BONCAT,B,2.893525288
MOBY,M3,500,HPG,BONCAT,B,2.110601449
MOBY,M3,500,HPG,BONCAT,B,1.266900932
MOBY,M3,500,HPG,BONCAT,B,3.67430933
MOBY,M3,500,HPG,BONCAT,B,9.61268176
MOBY,M3,500,HPG,BONCAT,B,0.575555703
MOBY,M3,500,HPG,BONCAT,B,4.96045533
MOBY,M3,500,HPG,BONCAT,B,5.843935903
MOBY,M3,500,HPG,BONCAT,B,1.393366901
MOBY,M3,500,HPG,BONCAT,B,5.861478774
MOBY,M3,500,HPG,BONCAT,B,4.296828685
MOBY,M3,500,HPG,BONCAT,B,1.957602178
MOBY,M3,500,HPG,BONCAT,B,3.433069533
MOBY,M3,500,HPG,BONCAT,B,1.455391427
MOBY,M3,500,HPG,BONCAT,B,2.89536311
MOBY,M3,500,HPG,BONCAT,B,3.297869374
MOBY,M3,500,HPG,BONCAT,B,1.068920256
MOBY,M3,500,HPG,BONCAT,B,1.004906973
MOBY,M3,500,HPG,BONCAT,B,1.151675207
MOBY,M3,500,HPG,BONCAT,B,1.927026499
MOBY,M3,500,HPG,BONCAT,B,1.12108086
MOBY,M3,500,HPG,BONCAT,B,2.042011951
MOBY,M3,500,HPG,BONCAT,B,1.584358837
MOBY,M3,500,HPG,BONCAT,B,6.588620814
MOBY,M3,500,HPG,BONCAT,B,6.138839997
MOBY,M3,500,HPG,BONCAT,B,3.04227922
MOBY,M3,500,HPG,BONCAT,B,0.74919611
MOBY,M3,500,HPG,BONCAT,B,1.38073185
MOBY,M3,500,HPG,BONCAT,B,5.565407192
MOBY,M3,500,HPG,BONCAT,B,0.71995427
MOBY,M3,500,HPG,BONCAT,B,2.428525006
MOBY,M3,500,HPG,BONCAT,B,0.644370601
MOBY,M3,500,HPG,BONCAT,B,1.558647235
MOBY,M3,500,HPG,BONCAT,B,3.082099052
MOBY,M3,500,HPG,BONCAT,B,0.266759176
MOBY,M3,500,HPG,BONCAT,B,0.962231451
MOBY,M3,500,HPG,BONCAT,B,0.330800349
MOBY,M3,500,HPG,BONCAT,B,0.967868825
MOBY,M3,500,HPG,BONCAT,B,0.62831162
MOBY,M3,500,HPG,BONCAT,B,2.187279354
MOBY,M3,500,HPG,BONCAT,B,1.768583168
MOBY,M3,500,HPG,BONCAT,B,1.12209914
MOBY,M3,500,HPG,BONCAT,B,2.819944716
MOBY,M3,500,HPG,BONCAT,B,1.672374946
MOBY,M3,500,HPG,BONCAT,B,1.738884705
MOBY,M3,500,HPG,BONCAT,B,2.28048744
MOBY,M3,500,HPG,BONCAT,B,0.895169856
MOBY,M3,500,HPG,BONCAT,B,2.14719026
MOBY,M3,500,HPG,BONCAT,B,2.045386929
MOBY,M3,500,HPG,BONCAT,B,0.489407309
MOBY,M3,500,HPG,BONCAT,B,2.859346541
MOBY,M3,500,HPG,BONCAT,B,1.480232083
MOBY,M3,500,HPG,BONCAT,B,2.59841885
MOBY,M3,500,HPG,BONCAT,B,3.271117786
MOBY,M3,500,HPG,BONCAT,B,1.684338539
MOBY,M3,500,HPG,BONCAT,B,2.561847765
MOBY,M3,500,HPG,BONCAT,B,1.151518614
MOBY,M3,500,HPG,BONCAT,B,2.919464173
MOBY,M3,500,HPG,BONCAT,B,4.443173047
MOBY,M3,500,HPG,BONCAT,B,3.827519231
MOBY,M3,500,HPG,BONCAT,B,5.27891295
MOBY,M3,500,HPG,BONCAT,B,1.963242581
MOBY,M3,500,HPG,BONCAT,B,0.265792638
MOBY,M3,500,HPG,BONCAT,B,17.72725442
MOBY,M3,500,HPG,BONCAT,B,1.330143974
MOBY,M3,500,HPG,BONCAT,B,0.760720301
MOBY,M3,500,HPG,BONCAT,B,0.356843664
MOBY,M3,500,HPG,BONCAT,B,1.585430539
MOBY,M3,500,HPG,BONCAT,B,3.989299746
MOBY,M3,500,HPG,BONCAT,B,1.708277186
MOBY,M3,500,HPG,BONCAT,B,3.212204327
MOBY,M3,500,HPG,BONCAT,B,5.537714245
MOBY,M3,500,HPG,BONCAT,B,2.614149854
MOBY,M3,500,HPG,BONCAT,B,2.45097296
MOBY,M3,500,HPG,BONCAT,B,1.692432873
MOBY,M3,500,HPG,BONCAT,B,2.506493247
MOBY,M3,500,HPG,BONCAT,B,1.093306116
MOBY,M3,500,HPG,BONCAT,B,2.236708022
MOBY,M3,500,HPG,BONCAT,B,3.891708769
MOBY,M3,500,HPG,BONCAT,B,3.084396806
MOBY,M3,500,HPG,BONCAT,B,2.850134884
MOBY,M3,500,HPG,BONCAT,B,4.868923258
MOBY,M3,500,HPG,BONCAT,B,1.163905387
MOBY,M3,500,HPG,BONCAT,B,2.153715192
MOBY,M3,500,HPG,BONCAT,B,0.319090602
MOBY,M3,500,HPG,BONCAT,B,1.120080738
MOBY,M3,500,HPG,BONCAT,B,0.663487268
MOBY,M3,500,HPG,BONCAT,B,3.168189111
MOBY,M3,500,HPG,BONCAT,B,9.167583561
MOBY,M3,500,HPG,BONCAT,B,2.197805251
MOBY,M3,500,HPG,BONCAT,B,2.508995417
MOBY,M3,500,HPG,BONCAT,B,0.47480859
MOBY,M3,500,HPG,BONCAT,B,2.942630908
MOBY,M3,500,HPG,BONCAT,B,0.441891191
MOBY,M3,500,HPG,BONCAT,B,0.520916473
MOBY,M3,500,HPG,BONCAT,B,0.990746459
MOBY,M3,500,HPG,BONCAT,B,0.88904177
MOBY,M3,500,HPG,BONCAT,B,0.261926621
MOBY,M3,500,HPG,BONCAT,B,1.173860603
MOBY,M3,500,HPG,BONCAT,B,0.588163816
MOBY,M3,500,HPG,BONCAT,B,1.036537289
MOBY,M3,500,HPG,BONCAT,B,1.331188145
MOBY,M3,500,HPG,BONCAT,B,1.650125303
MOBY,M3,500,HPG,BONCAT,B,3.869963046
MOBY,M3,500,HPG,BONCAT,B,0.450868664
MOBY,M3,500,HPG,BONCAT,B,2.35958791
MOBY,M3,500,HPG,BONCAT,B,1.970706904
MOBY,M3,500,HPG,BONCAT,B,0.917419634
MOBY,M3,500,HPG,BONCAT,B,4.850272769
MOBY,M3,500,HPG,BONCAT,B,2.051228573
MOBY,M3,500,HPG,BONCAT,B,1.316782638
MOBY,M3,500,HPG,BONCAT,B,1.39950731
MOBY,M3,500,HPG,BONCAT,B,1.612923146
MOBY,M3,500,HPG,BONCAT,B,1.147555192
MOBY,M3,500,HPG,BONCAT,B,2.233832723
MOBY,M3,500,HPG,BONCAT,B,1.283982955
MOBY,M3,500,HPG,BONCAT,B,0.85537299
MOBY,M3,500,HPG,BONCAT,B,1.173056419
MOBY,M3,500,HPG,BONCAT,B,1.360484183
MOBY,M3,500,HPG,BONCAT,B,2.549589846
MOBY,M3,500,HPG,BONCAT,B,0.418286381
MOBY,M3,500,HPG,BONCAT,B,1.337262688
MOBY,M3,500,HPG,BONCAT,B,0.529949747
MOBY,M3,500,HPG,BONCAT,B,0.504857352
MOBY,M3,500,HPG,BONCAT,B,0.939877586
MOBY,M3,500,HPG,BONCAT,B,1.105361441
MOBY,M3,500,HPG,BONCAT,B,0.838269089
MOBY,M3,500,HPG,BONCAT,B,1.12068543
MOBY,M3,500,HPG,BONCAT,B,2.099807269
MOBY,M3,500,HPG,BONCAT,B,0.466388158
MOBY,M3,500,HPG,BONCAT,B,0.375563557
MOBY,M3,500,HPG,BONCAT,B,0.984659603
MOBY,M3,500,HPG,BONCAT,B,0.789497155
MOBY,M3,500,HPG,BONCAT,B,0.777371062
MOBY,M3,500,HPG,BONCAT,B,2.02935602
MOBY,M3,500,HPG,BONCAT,B,2.767790685
MOBY,M3,500,HPG,BONCAT,B,0.302776447
MOBY,M3,500,HPG,BONCAT,B,0.323420356
MOBY,M3,500,HPG,BONCAT,B,0.423936246
MOBY,M3,500,HPG,BONCAT,B,0.738494702
MOBY,M3,500,HPG,BONCAT,B,1.70346232
MOBY,M3,500,HPG,BONCAT,B,0.840291435
MOBY,M3,500,HPG,BONCAT,B,0.737714052
MOBY,M3,500,HPG,BONCAT,B,0.447876173
MOBY,M3,500,HPG,BONCAT,B,1.616971012
MOBY,M3,500,HPG,BONCAT,B,2.054872599
MOBY,M3,500,HPG,BONCAT,B,1.032430951
MOBY,M3,500,HPG,BONCAT,B,3.112160351
MOBY,M3,500,HPG,BONCAT,B,0.72557055
MOBY,M3,500,HPG,BONCAT,B,0.235830565
MOBY,M3,500,HPG,BONCAT,B,0.439896157
MOBY,M3,500,HPG,BONCAT,B,0.288840423
MOBY,M3,500,HPG,BONCAT,B,0.929652026
MOBY,M3,500,HPG,BONCAT,B,1.069605926
MOBY,M3,500,HPG,BONCAT,B,0.713486487
MOBY,M3,500,HPG,BONCAT,B,2.382223969
MOBY,M3,500,HPG,BONCAT,B,2.221151004
MOBY,M3,500,HPG,BONCAT,B,0.655653973
MOBY,M3,500,HPG,BONCAT,B,0.67558734
MOBY,M3,500,HPG,BONCAT,B,1.255535483
MOBY,M3,500,HPG,BONCAT,B,0.359931597
MOBY,M3,500,HPG,BONCAT,B,1.002965346
MOBY,M3,500,HPG,BONCAT,B,1.683207258
MOBY,M3,500,HPG,BONCAT,B,1.376850787
MOBY,M3,500,HPG,BONCAT,B,0.915491512
MOBY,M3,500,HPG,BONCAT,B,2.413831007
MOBY,M3,500,HPG,BONCAT,B,2.74872578
MOBY,M3,500,HPG,BONCAT,B,1.620305948
MOBY,M3,500,HPG,BONCAT,B,6.155742168
MOBY,M3,500,HPG,BONCAT,B,6.610043593
MOBY,M3,500,HPG,BONCAT,B,2.565644991
MOBY,M3,500,HPG,BONCAT,B,3.042513524
MOBY,M3,500,HPG,BONCAT,B,0.483786063
MOBY,M3,500,HPG,BONCAT,B,0.300550169
MOBY,M3,500,HPG,BONCAT,B,0.488773468
MOBY,M3,500,HPG,BONCAT,B,0.551459079
MOBY,M3,500,HPG,BONCAT,B,1.163875977
MOBY,M3,500,HPG,BONCAT,B,0.97855628
MOBY,M3,500,HPG,BONCAT,B,0.621137017
MOBY,M3,500,HPG,BONCAT,B,1.489479801
MOBY,M3,500,HPG,BONCAT,B,0.757646644
MOBY,M3,500,HPG,BONCAT,B,4.229354006
MOBY,M3,500,HPG,BONCAT,B,5.197519546
MOBY,M3,500,HPG,BONCAT,B,1.969371249
MOBY,M3,500,HPG,BONCAT,B,2.831850218
MOBY,M3,500,HPG,BONCAT,B,0.941936789
MOBY,M3,500,HPG,BONCAT,B,1.872849939
MOBY,M3,500,HPG,BONCAT,B,4.634341816
MOBY,M3,500,HPG,BONCAT,B,1.179081516
MOBY,M3,500,HPG,BONCAT,B,0.613070302
MOBY,M3,500,HPG,BONCAT,B,0.730715626
MOBY,M3,500,HPG,BONCAT,B,1.427808467
MOBY,M3,500,HPG,BONCAT,B,0.53496817
MOBY,M3,500,HPG,BONCAT,B,2.740400816
MOBY,M3,500,HPG,BONCAT,B,1.859733425
MOBY,M3,500,HPG,BONCAT,B,0.330266905
MOBY,M3,500,HPG,BONCAT,B,1.63774707
MOBY,M3,500,HPG,BONCAT,B,2.795150014
MOBY,M3,500,HPG,BONCAT,B,0.452863578
MOBY,M3,500,HPG,BONCAT,B,2.752749494
MOBY,M3,500,HPG,BONCAT,B,2.436006665
MOBY,M3,500,HPG,BONCAT,B,3.531592726
MOBY,M3,500,HPG,BONCAT,B,2.150273827
MOBY,M3,500,HPG,BONCAT,B,3.994459399
MOBY,M3,500,HPG,BONCAT,B,1.214864634
MOBY,M3,500,HPG,BONCAT,B,1.356672817
MOBY,M3,500,HPG,BONCAT,B,2.201227099
MOBY,M3,500,HPG,BONCAT,B,2.45416385
MOBY,M3,500,HPG,BONCAT,B,4.569395302
MOBY,M3,500,HPG,BONCAT,B,0.59766548
MOBY,M3,500,HPG,BONCAT,B,2.692993266
MOBY,M3,500,HPG,BONCAT,B,4.709714183
MOBY,M3,500,HPG,BONCAT,B,5.595515549
MOBY,M3,500,HPG,BONCAT,B,0.559056711
MOBY,M3,500,HPG,BONCAT,B,1.096552739
MOBY,M3,500,HPG,BONCAT,B,1.500717374
MOBY,M3,500,HPG,BONCAT,B,3.952020763
MOBY,M3,500,HPG,BONCAT,B,1.070168988
MOBY,M3,500,HPG,BONCAT,B,2.205335659
MOBY,M3,500,HPG,BONCAT,B,0.616267209
MOBY,M3,500,HPG,BONCAT,B,1.066036348
MOBY,M3,500,HPG,BONCAT,B,1.892393522
MOBY,M3,500,HPG,BONCAT,B,1.180196762
MOBY,M3,500,HPG,BONCAT,B,0.271275802
MOBY,M3,500,HPG,BONCAT,B,0.769812545
MOBY,M3,500,HPG,BONCAT,B,2.146000316
MOBY,M3,500,HPG,BONCAT,B,1.029416857
MOBY,M3,500,HPG,BONCAT,B,1.859339447
MOBY,M3,500,HPG,BONCAT,B,0.573108408
MOBY,M3,500,HPG,BONCAT,B,0.906046769
MOBY,M3,500,HPG,BONCAT,B,1.549607285
MOBY,M3,500,HPG,BONCAT,B,0.793608577
MOBY,M3,500,HPG,BONCAT,B,1.561020655
MOBY,M3,500,HPG,BONCAT,B,1.208775279
MOBY,M3,500,HPG,BONCAT,B,1.729336349
MOBY,M3,500,HPG,BONCAT,B,0.658684721
MOBY,M3,500,HPG,BONCAT,B,0.307691689
MOBY,M3,500,HPG,BONCAT,B,0.666512286
MOBY,M3,500,HPG,BONCAT,B,3.190329702
MOBY,M3,500,HPG,BONCAT,B,0.359931597
MOBY,M3,500,HPG,BONCAT,B,1.184211852
MOBY,M3,500,HPG,BONCAT,B,2.04563491
MOBY,M3,500,HPG,BONCAT,B,0.353998658
MOBY,M3,500,HPG,BONCAT,B,0.63388763
MOBY,M3,500,HPG,BONCAT,B,1.470069672
MOBY,M3,500,HPG,BONCAT,B,0.39940888
MOBY,M3,500,HPG,BONCAT,B,2.055316992
MOBY,M3,500,HPG,BONCAT,B,0.659453911
MOBY,M3,500,HPG,BONCAT,B,1.083406155
MOBY,M3,500,HPG,BONCAT,B,2.269505072
MOBY,M3,500,HPG,BONCAT,B,1.17203637
MOBY,M3,500,HPG,BONCAT,B,0.728606471
MOBY,M3,500,HPG,BONCAT,B,0.526938609
MOBY,M3,500,HPG,BONCAT,B,1.475913945
MOBY,M3,500,HPG,BONCAT,B,1.031476003
MOBY,M3,500,HPG,BONCAT,B,0.404376592
MOBY,M3,500,HPG,BONCAT,B,1.472843389
MOBY,M3,500,HPG,BONCAT,B,4.712996243
MOBY,M3,500,HPG,BONCAT,B,0.336199843
MOBY,M3,500,HPG,BONCAT,B,0.277130676
MOBY,M3,500,HPG,BONCAT,B,1.942706969
MOBY,M3,500,HPG,BONCAT,B,1.11864236
MOBY,M3,500,HPG,BONCAT,B,2.212997695
MOBY,M3,500,HPG,BONCAT,B,1.462608305
MOBY,M3,500,HPG,BONCAT,B,0.428923651
MOBY,M3,500,HPG,BONCAT,B,1.548978326
MOBY,M3,500,HPG,BONCAT,B,1.899888224
MOBY,M3,500,HPG,BONCAT,B,0.488999029
MOBY,M3,500,HPG,BONCAT,B,0.242977247
MOBY,M3,500,HPG,BONCAT,B,1.328773517
MOBY,M3,500,HPG,BONCAT,B,2.909558243
MOBY,M3,500,HPG,BONCAT,B,0.428356592
MOBY,M3,500,HPG,BONCAT,B,0.29664692
MOBY,M3,500,HPG,BONCAT,B,3.893156432
MOBY,M3,500,HPG,BONCAT,B,2.158345486
MOBY,M3,500,HPG,BONCAT,B,0.969363291
MOBY,M3,500,HPG,BONCAT,B,1.871117558
MOBY,M3,500,HPG,BONCAT,B,0.459382347
MOBY,M3,500,HPG,BONCAT,B,0.755929214
MOBY,M3,500,HPG,BONCAT,B,1.016124208
MOBY,M3,500,HPG,BONCAT,B,1.863623986
MOBY,M3,500,HPG,BONCAT,B,0.225198849
MOBY,M3,500,HPG,BONCAT,B,1.286183185
MOBY,M3,500,HPG,BONCAT,B,2.899110208
MOBY,M3,500,HPG,BONCAT,B,2.385509631
MOBY,M3,500,HPG,BONCAT,B,0.837164084
MOBY,M3,500,HPG,BONCAT,B,0.629435116
MOBY,M3,500,HPG,BONCAT,B,3.702841976
MOBY,M3,500,HPG,BONCAT,B,0.204902022
MOBY,M3,500,HPG,BONCAT,B,0.538453193
MOBY,M3,500,HPG,BONCAT,B,2.183484158
MOBY,M3,500,HPG,BONCAT,B,0.698213173
MOBY,M3,500,HPG,BONCAT,B,2.799714619
MOBY,M3,500,HPG,BONCAT,B,0.329278082
MOBY,M3,500,HPG,BONCAT,B,0.698084615
MOBY,M3,500,HPG,BONCAT,B,1.885723245
MOBY,M3,500,HPG,BONCAT,B,0.479765097
MOBY,M3,500,HPG,BONCAT,B,0.873648991
MOBY,M3,500,HPG,BONCAT,B,0.201035869
MOBY,M3,500,HPG,BONCAT,B,0.280166566
MOBY,M3,500,HPG,BONCAT,B,0.20683503
MOBY,M3,500,HPG,BONCAT,B,2.319094429
MOBY,M3,500,HPG,BONCAT,B,1.586549605
MOBY,M3,500,HPG,BONCAT,B,1.084312151
MOBY,M3,500,HPG,BONCAT,B,0.606151643
MOBY,M3,500,HPG,BONCAT,B,0.411966282
MOBY,M3,500,HPG,BONCAT,B,0.703287397
MOBY,M3,500,HPG,BONCAT,B,0.302579859
MOBY,M3,500,HPG,BONCAT,B,0.42435316
MOBY,M3,500,HPG,BONCAT,B,1.032828464
MOBY,M3,500,HPG,BONCAT,B,8.806527136
MOBY,M3,500,HPG,BONCAT,B,0.193303767
MOBY,M3,500,HPG,BONCAT,B,5.795599358
MOBY,M3,500,HPG,BONCAT,B,1.321807337
MOBY,M3,500,HPG,BONCAT,B,0.569492646
MOBY,M3,500,HPG,BONCAT,B,0.548363058
MOBY,M3,500,HPG,BONCAT,B,0.853484416
MOBY,M3,500,HPG,BONCAT,B,1.889620686
MOBY,M3,500,HPG,BONCAT,B,0.948040112
MOBY,M3,500,HPG,BONCAT,B,2.51763492
MOBY,M3,500,HPG,BONCAT,B,0.603995249
MOBY,M3,500,HPG,BONCAT,B,0.668787328
MOBY,M3,500,HPG,BONCAT,B,3.741046946
MOBY,M3,500,HPG,BONCAT,B,2.458744027
MOBY,M3,500,HPG,BONCAT,B,1.261492929
MOBY,M3,500,HPG,BONCAT,B,2.75914301
MOBY,M3,500,HPG,BONCAT,B,0.69606406
MOBY,M3,500,HPG,BONCAT,B,1.215693278
MOBY,M3,500,HPG,BONCAT,B,2.397416492
MOBY,M3,500,HPG,BONCAT,B,0.421267074
MOBY,M3,500,HPG,BONCAT,B,1.500717374
MOBY,M3,500,HPG,BONCAT,B,1.941967714
MOBY,M3,500,HPG,BONCAT,B,1.537141255
MOBY,M3,500,HPG,BONCAT,B,2.72235351
MOBY,M3,500,HPG,BONCAT,B,2.98598545
MOBY,M3,500,HPG,BONCAT,B,0.533444024
MOBY,M3,500,HPG,BONCAT,B,1.976384398
MOBY,M3,500,HPG,BONCAT,B,0.326369448
MOBY,M3,500,HPG,BONCAT,B,1.484371988
MOBY,M3,500,HPG,BONCAT,B,0.382674527
MOBY,M3,500,HPG,BONCAT,B,0.281256977
MOBY,M3,500,HPG,BONCAT,B,2.163977093
MOBY,M3,500,HPG,BONCAT,B,1.525174247
MOBY,M3,500,HPG,BONCAT,B,0.975440592
MOBY,M3,500,HPG,BONCAT,B,1.659176781
MOBY,M3,500,HPG,BONCAT,B,2.99403946
MOBY,M3,500,HPG,BONCAT,B,5.107423718
MOBY,M3,500,HPG,BONCAT,B,3.277825087
MOBY,M3,500,HPG,BONCAT,B,3.315239305
MOBY,M3,500,HPG,BONCAT,B,0.390585112
MOBY,M3,500,HPG,BONCAT,B,0.259993544
MOBY,M3,500,HPG,BONCAT,B,0.78848371
MOBY,M3,500,HPG,BONCAT,B,0.254194451
MOBY,M3,500,HPG,BONCAT,B,0.460843593
MOBY,M3,500,HPG,BONCAT,B,2.105048182
MOBY,M3,500,HPG,BONCAT,B,0.82575394
MOBY,M3,500,HPG,BONCAT,B,1.900910989
MOBY,M3,500,HPG,BONCAT,B,0.865662553
MOBY,M3,500,HPG,BONCAT,B,0.436903666
MOBY,M3,500,HPG,BONCAT,B,0.276154863
MOBY,M3,500,HPG,BONCAT,B,0.936829273
MOBY,M3,500,HPG,BONCAT,B,0.54701244
MOBY,M3,500,HPG,BONCAT,B,0.619278347
MOBY,M3,500,HPG,BONCAT,B,1.384255776
MOBY,M3,500,HPG,BONCAT,B,1.014440008
MOBY,M3,500,HPG,BONCAT,B,1.701658827
MOBY,M3,500,HPG,BONCAT,B,0.412963739
MOBY,M3,500,HPG,BONCAT,B,5.40452138
MOBY,M3,500,HPG,BONCAT,B,0.756059322
MOBY,M3,500,HPG,BONCAT,B,2.046091038
MOBY,M3,500,HPG,BONCAT,B,0.782384639
MOBY,M3,500,HPG,BONCAT,B,8.45636622
MOBY,M3,500,HPG,BONCAT,B,1.33816385
MOBY,M3,500,HPG,BONCAT,B,0.918451419
MOBY,M3,500,HPG,BONCAT,B,0.215533671
MOBY,M3,500,HPG,BONCAT,B,1.337329585
MOBY,M3,500,HPG,BONCAT,B,0.578786766
MOBY,M3,500,HPG,BONCAT,B,0.695243904
MOBY,M3,500,HPG,BONCAT,B,1.138426008
MOBY,M3,500,HPG,BONCAT,B,0.807816403
MOBY,M3,500,HPG,BONCAT,B,0.874457874
MOBY,M3,500,HPG,BONCAT,B,3.133808576
MOBY,M3,500,HPG,BONCAT,B,5.379022262
MOBY,M3,500,HPG,BONCAT,B,0.339795573
MOBY,M3,500,HPG,BONCAT,B,1.634666709
MOBY,M3,500,HPG,BONCAT,B,2.011200546
MOBY,M3,500,HPG,BONCAT,B,1.081227002
MOBY,M3,500,HPG,BONCAT,B,1.031411933
MOBY,M3,500,HPG,BONCAT,B,1.622351922
MOBY,M3,500,HPG,BONCAT,B,0.905214253
MOBY,M3,500,HPG,BONCAT,B,0.588870159
MOBY,M3,500,HPG,BONCAT,B,1.610675681
MOBY,M3,500,HPG,BONCAT,B,0.866719579
MOBY,M3,500,HPG,BONCAT,B,8.946991863
MOBY,M3,500,HPG,BONCAT,B,3.682731652
MOBY,M3,500,HPG,BONCAT,B,0.644541173
MOBY,M3,500,HPG,BONCAT,B,4.285052776
MOBY,M3,500,HPG,BONCAT,B,0.398001285
MOBY,M3,500,HPG,BONCAT,B,0.281033925
MOBY,M3,500,HPG,BONCAT,B,1.752681379
MOBY,M3,500,HPG,BONCAT,B,2.990614833
MOBY,M3,500,HPG,BONCAT,B,0.986567776
MOBY,M3,500,HPG,BONCAT,B,1.733764324
MOBY,M3,500,HPG,BONCAT,B,3.06485582
MOBY,M3,500,HPG,BONCAT,B,1.609789034
MOBY,M3,500,HPG,BONCAT,B,0.221332832
MOBY,M3,500,HPG,BONCAT,B,1.891301508
MOBY,M3,500,HPG,BONCAT,B,0.596936873
MOBY,M3,500,HPG,BONCAT,B,0.341143959
MOBY,M3,500,HPG,BONCAT,B,1.950443869
MOBY,M3,500,HPG,BONCAT,B,3.702740393
MOBY,M3,500,HPG,BONCAT,B,0.23969665
MOBY,M3,500,HPG,BONCAT,B,1.507343103
MOBY,M3,500,HPG,BONCAT,B,5.293000744
MOBY,M3,500,HPG,BONCAT,B,0.904014061
MOBY,M3,500,HPG,BONCAT,B,2.410066797
MOBY,M3,500,HPG,BONCAT,B,0.546008728
MOBY,M3,500,HPG,BONCAT,B,0.507422364
MOBY,M3,500,HPG,BONCAT,B,0.647571921
MOBY,M3,500,HPG,BONCAT,B,2.140856458
MOBY,M3,500,HPG,BONCAT,B,0.780216036
MOBY,M3,500,HPG,BONCAT,B,0.895169856
MOBY,M3,500,HPG,BONCAT,B,0.409971248
MOBY,M3,500,HPG,BONCAT,B,0.245904684
MOBY,M3,500,HPG,BONCAT,B,1.119074996
MOBY,M3,500,HPG,BONCAT,B,1.449592396
MOBY,M3,500,HPG,BONCAT,B,0.200069399
MOBY,M3,500,HPG,BONCAT,B,1.642203472
MOBY,M3,500,HPG,BONCAT,B,1.398332177
MOBY,M3,500,HPG,BONCAT,B,2.347836101
MOBY,M3,500,HPG,BONCAT,B,0.862227694
MOBY,M3,500,HPG,BONCAT,B,0.284098688
MOBY,M3,500,HPG,BONCAT,B,0.726628825
MOBY,M3,500,HPG,BONCAT,B,2.753380519
MOBY,M3,500,HPG,BONCAT,B,2.371006646
MOBY,M3,500,HPG,BONCAT,B,1.02004906
MOBY,M3,500,HPG,BONCAT,B,1.639542892
MOBY,M3,500,HPG,BONCAT,B,5.276203143
MOBY,M3,500,HPG,BONCAT,B,1.683532945
MOBY,M3,500,HPG,BONCAT,B,1.117620687
MOBY,M3,500,HPG,BONCAT,B,0.379537705
MOBY,M3,500,HPG,BONCAT,B,1.44395026
MOBY,M3,500,HPG,BONCAT,B,0.598953552
MOBY,M3,500,HPG,BONCAT,B,3.005501694
MOBY,M3,500,HPG,BONCAT,B,0.425354083
MOBY,M3,500,HPG,BONCAT,B,1.297063148
MOBY,M3,500,HPG,BONCAT,B,0.455379045
MOBY,M3,500,HPG,BONCAT,B,1.471600443
MOBY,M3,500,HPG,BONCAT,B,1.216714951
MOBY,M3,500,HPG,BONCAT,B,0.989203364
MOBY,M3,500,HPG,BONCAT,B,1.306614987
MOBY,M3,500,HPG,BONCAT,B,0.249807933
MOBY,M3,500,HPG,BONCAT,B,0.648362178
MOBY,M3,500,HPG,BONCAT,B,1.168175104
MOBY,M3,500,HPG,BONCAT,B,0.32235632
MOBY,M3,500,HPG,BONCAT,B,1.219978676
MOBY,M3,500,HPG,BONCAT,B,7.110255876
MOBY,M3,500,HPG,BONCAT,B,1.58640709
MOBY,M3,500,HPG,BONCAT,B,0.265420929
MOBY,M3,500,HPG,BONCAT,B,4.768713394
MOBY,M3,500,HPG,BONCAT,B,1.086460759
MOBY,M3,500,HPG,BONCAT,B,0.439365706
MOBY,M3,500,HPG,BONCAT,B,4.880839835
MOBY,M3,500,HPG,BONCAT,B,4.834922124
MOBY,M3,500,HPG,BONCAT,B,0.384505526
MOBY,M3,500,HPG,BONCAT,B,4.304043586
MOBY,M3,500,HPG,BONCAT,B,2.72998189
MOBY,M3,500,HPG,BONCAT,B,0.527233471
MOBY,M3,500,HPG,BONCAT,B,0.240663188
MOBY,M3,500,HPG,BONCAT,B,1.982089897
MOBY,M3,500,HPG,BONCAT,B,3.446170226
MOBY,M3,500,HPG,BONCAT,B,1.789110641
MOBY,M3,500,HPG,BONCAT,B,0.381524833
MOBY,M3,500,HPG,BONCAT,B,3.355835015
MOBY,M3,500,HPG,BONCAT,B,3.609041757
MOBY,M3,500,HPG,BONCAT,B,1.112726283
MOBY,M3,500,HPG,BONCAT,B,1.578265704
MOBY,M3,500,HPG,BONCAT,B,0.272302232
MOBY,M3,500,HPG,BONCAT,B,0.397003828
MOBY,M3,500,HPG,BONCAT,B,0.923627044
MOBY,M3,500,HPG,BONCAT,B,0.964702889
MOBY,M3,500,HPG,BONCAT,B,3.124507706
MOBY,M3,500,HPG,BONCAT,B,0.260541868
MOBY,M3,500,HPG,BONCAT,B,0.805426834
MOBY,M3,500,HPG,BONCAT,B,0.836237094
MOBY,M3,500,HPG,BONCAT,B,0.619284826
MOBY,M3,500,HPG,BONCAT,B,1.228527327
MOBY,M3,500,HPG,BONCAT,B,2.168666175
MOBY,M3,500,HPG,BONCAT,B,1.686758574
MOBY,M3,500,HPG,BONCAT,B,1.532538882
MOBY,M3,500,HPG,BONCAT,B,0.813883229
MOBY,M4,100,HPG,BONCAT,A,3.6775437
MOBY,M4,100,HPG,BONCAT,A,6.042178213
MOBY,M4,100,HPG,BONCAT,A,9.685165272
MOBY,M4,100,HPG,BONCAT,A,5.77764672
MOBY,M4,100,HPG,BONCAT,A,22.23789419
MOBY,M4,100,HPG,BONCAT,A,1.82972361
MOBY,M4,100,HPG,BONCAT,A,3.193856291
MOBY,M4,100,HPG,BONCAT,A,5.108429921
MOBY,M4,100,HPG,BONCAT,A,1.437504625
MOBY,M4,100,HPG,BONCAT,A,8.533072372
MOBY,M4,100,HPG,BONCAT,A,3.457130902
MOBY,M4,100,HPG,BONCAT,A,1.513813528
MOBY,M4,100,HPG,BONCAT,A,7.854186584
MOBY,M4,100,HPG,BONCAT,A,5.25226262
MOBY,M4,100,HPG,BONCAT,A,3.569424122
MOBY,M4,100,HPG,BONCAT,A,5.394734208
MOBY,M4,100,HPG,BONCAT,A,3.321040981
MOBY,M4,100,HPG,BONCAT,A,1.181407777
MOBY,M4,100,HPG,BONCAT,A,13.78790052
MOBY,M4,100,HPG,BONCAT,A,7.730111706
MOBY,M4,100,HPG,BONCAT,A,5.150063375
MOBY,M4,100,HPG,BONCAT,A,4.605265907
MOBY,M4,100,HPG,BONCAT,A,2.077393102
MOBY,M4,100,HPG,BONCAT,A,9.347028863
MOBY,M4,100,HPG,BONCAT,A,16.42550041
MOBY,M4,100,HPG,BONCAT,A,18.42951691
MOBY,M4,100,HPG,BONCAT,A,3.739624502
MOBY,M4,100,HPG,BONCAT,A,5.14938772
MOBY,M4,100,HPG,BONCAT,A,10.86039125
MOBY,M4,100,HPG,BONCAT,A,11.76060407
MOBY,M4,100,HPG,BONCAT,A,14.07657129
MOBY,M4,100,HPG,BONCAT,A,41.39069616
MOBY,M4,100,HPG,BONCAT,A,2.685030658
MOBY,M4,100,HPG,BONCAT,A,2.535073593
MOBY,M4,100,HPG,BONCAT,A,4.093947219
MOBY,M4,100,HPG,BONCAT,A,1.858585588
MOBY,M4,100,HPG,BONCAT,A,1.240548513
MOBY,M4,100,HPG,BONCAT,A,2.424998038
MOBY,M4,100,HPG,BONCAT,A,41.72507064
MOBY,M4,100,HPG,BONCAT,A,2.14342629
MOBY,M4,100,HPG,BONCAT,A,19.72256168
MOBY,M4,100,HPG,BONCAT,A,17.9648476
MOBY,M4,100,HPG,BONCAT,A,1.579939548
MOBY,M4,100,HPG,BONCAT,A,4.084655179
MOBY,M4,100,HPG,BONCAT,A,2.32458862
MOBY,M4,100,HPG,BONCAT,A,11.80051629
MOBY,M4,100,HPG,BONCAT,A,1.548263051
MOBY,M4,100,HPG,BONCAT,A,10.83409419
MOBY,M4,100,HPG,BONCAT,A,11.71156306
MOBY,M4,100,HPG,BONCAT,A,4.729297257
MOBY,M4,100,HPG,BONCAT,A,13.16463926
MOBY,M4,100,HPG,BONCAT,A,3.839575352
MOBY,M4,100,HPG,BONCAT,A,1.065329796
MOBY,M4,100,HPG,BONCAT,A,8.977018592
MOBY,M4,100,HPG,BONCAT,A,2.981036979
MOBY,M4,100,HPG,BONCAT,A,5.727915078
MOBY,M4,100,HPG,BONCAT,A,6.584466001
MOBY,M4,100,HPG,BONCAT,A,3.199083647
MOBY,M4,100,HPG,BONCAT,A,1.289234633
MOBY,M4,100,HPG,BONCAT,A,4.432414392
MOBY,M4,100,HPG,BONCAT,A,2.024742627
MOBY,M4,100,HPG,BONCAT,A,4.495417777
MOBY,M4,100,HPG,BONCAT,A,2.950500348
MOBY,M4,100,HPG,BONCAT,A,2.029855503
MOBY,M4,100,HPG,BONCAT,A,4.967439093
MOBY,M4,100,HPG,BONCAT,A,24.65705216
MOBY,M4,100,HPG,BONCAT,A,7.039099587
MOBY,M4,100,HPG,BONCAT,A,4.44443108
MOBY,M4,100,HPG,BONCAT,A,4.515636444
MOBY,M4,100,HPG,BONCAT,A,1.993227173
MOBY,M4,100,HPG,BONCAT,A,11.53321405
MOBY,M4,100,HPG,BONCAT,A,6.062804985
MOBY,M4,100,HPG,BONCAT,A,2.411009539
MOBY,M4,100,HPG,BONCAT,A,0.942585276
MOBY,M4,100,HPG,BONCAT,A,12.46806249
MOBY,M4,100,HPG,BONCAT,A,59.49764693
MOBY,M4,100,HPG,BONCAT,A,8.146134278
MOBY,M4,100,HPG,BONCAT,A,15.69591295
MOBY,M4,100,HPG,BONCAT,A,24.09011558
MOBY,M4,100,HPG,BONCAT,A,24.48476285
MOBY,M4,100,HPG,BONCAT,A,2.344782178
MOBY,M4,100,HPG,BONCAT,A,1.556203257
MOBY,M4,100,HPG,BONCAT,A,4.165939257
MOBY,M4,100,HPG,BONCAT,A,2.319077733
MOBY,M4,100,HPG,BONCAT,A,15.44306131
MOBY,M4,100,HPG,BONCAT,A,3.46634425
MOBY,M4,100,HPG,BONCAT,A,6.61096764
MOBY,M4,100,HPG,BONCAT,A,20.60152861
MOBY,M4,100,HPG,BONCAT,A,1.525643418
MOBY,M4,100,HPG,BONCAT,A,2.30380033
MOBY,M4,100,HPG,BONCAT,A,5.149627894
MOBY,M4,100,HPG,BONCAT,A,9.429600918
MOBY,M4,100,HPG,BONCAT,A,6.334307148
MOBY,M4,100,HPG,BONCAT,A,3.141625877
MOBY,M4,100,HPG,BONCAT,A,5.293502536
MOBY,M4,100,HPG,BONCAT,A,5.243511765
MOBY,M4,100,HPG,BONCAT,A,4.878606373
MOBY,M4,100,HPG,BONCAT,A,7.169622417
MOBY,M4,100,HPG,BONCAT,A,0.888722896
MOBY,M4,100,HPG,BONCAT,A,4.425222087
MOBY,M4,100,HPG,BONCAT,A,3.683944564
MOBY,M4,100,HPG,BONCAT,A,4.727998506
MOBY,M4,100,HPG,BONCAT,A,5.511570548
MOBY,M4,100,HPG,BONCAT,A,6.865090788
MOBY,M4,100,HPG,BONCAT,A,0.842675125
MOBY,M4,100,HPG,BONCAT,A,14.56589381
MOBY,M4,100,HPG,BONCAT,A,7.840760296
MOBY,M4,100,HPG,BONCAT,A,5.161317097
MOBY,M4,100,HPG,BONCAT,A,3.287359093
MOBY,M4,100,HPG,BONCAT,A,31.41991551
MOBY,M4,100,HPG,BONCAT,A,7.036684726
MOBY,M4,100,HPG,BONCAT,A,5.714116131
MOBY,M4,100,HPG,BONCAT,A,9.269333179
MOBY,M4,100,HPG,BONCAT,A,20.74411544
MOBY,M4,100,HPG,BONCAT,A,2.747480071
MOBY,M4,100,HPG,BONCAT,A,2.018304488
MOBY,M4,100,HPG,BONCAT,A,3.354111658
MOBY,M4,100,HPG,BONCAT,A,0.802196993
MOBY,M4,100,HPG,BONCAT,A,29.9535122
MOBY,M4,100,HPG,BONCAT,A,1.175142736
MOBY,M4,100,HPG,BONCAT,A,11.81058854
MOBY,M4,100,HPG,BONCAT,A,1.07275406
MOBY,M4,100,HPG,BONCAT,A,7.363367511
MOBY,M4,100,HPG,BONCAT,A,42.80797411
MOBY,M4,100,HPG,BONCAT,A,6.077136243
MOBY,M4,100,HPG,BONCAT,A,6.086253138
MOBY,M4,100,HPG,BONCAT,A,33.20402307
MOBY,M4,100,HPG,BONCAT,A,2.211310848
MOBY,M4,100,HPG,BONCAT,A,21.70779071
MOBY,M4,100,HPG,BONCAT,A,3.066890432
MOBY,M4,100,HPG,BONCAT,A,4.688252343
MOBY,M4,100,HPG,BONCAT,A,5.334787064
MOBY,M4,100,HPG,BONCAT,A,1.713074191
MOBY,M4,100,HPG,BONCAT,A,5.382604697
MOBY,M4,100,HPG,BONCAT,A,1.329326089
MOBY,M4,100,HPG,BONCAT,A,20.4539207
MOBY,M4,100,HPG,BONCAT,A,4.99608781
MOBY,M4,100,HPG,BONCAT,A,4.909741624
MOBY,M4,100,HPG,BONCAT,A,21.215465
MOBY,M4,100,HPG,BONCAT,A,2.024742627
MOBY,M4,100,HPG,BONCAT,A,15.97974862
MOBY,M4,100,HPG,BONCAT,A,8.798766879
MOBY,M4,100,HPG,BONCAT,A,21.22402616
MOBY,M4,100,HPG,BONCAT,A,14.16761691
MOBY,M4,100,HPG,BONCAT,A,15.116143
MOBY,M4,100,HPG,BONCAT,A,12.53166314
MOBY,M4,100,HPG,BONCAT,A,1.68784584
MOBY,M4,100,HPG,BONCAT,A,11.31233813
MOBY,M4,100,HPG,BONCAT,A,2.90741178
MOBY,M4,100,HPG,BONCAT,A,8.749731491
MOBY,M4,100,HPG,BONCAT,A,3.318648109
MOBY,M4,100,HPG,BONCAT,A,4.576490288
MOBY,M4,100,HPG,BONCAT,A,4.259815619
MOBY,M4,100,HPG,BONCAT,A,14.66569492
MOBY,M4,100,HPG,BONCAT,A,9.263314614
MOBY,M4,100,HPG,BONCAT,A,5.233584987
MOBY,M4,100,HPG,BONCAT,A,3.708689311
MOBY,M4,100,HPG,BONCAT,A,51.90104344
MOBY,M4,100,HPG,BONCAT,A,17.03092547
MOBY,M4,100,HPG,BONCAT,A,7.534932195
MOBY,M4,100,HPG,BONCAT,A,1.663734843
MOBY,M4,100,HPG,BONCAT,A,11.98670715
MOBY,M4,100,HPG,BONCAT,A,8.458502663
MOBY,M4,100,HPG,BONCAT,A,14.47906388
MOBY,M4,100,HPG,BONCAT,A,0.694954387
MOBY,M4,100,HPG,BONCAT,A,46.49368415
MOBY,M4,100,HPG,BONCAT,A,43.15783463
MOBY,M4,100,HPG,BONCAT,A,2.078584833
MOBY,M4,100,HPG,BONCAT,A,41.591117
MOBY,M4,100,HPG,BONCAT,A,9.399509739
MOBY,M4,100,HPG,BONCAT,A,2.438678859
MOBY,M4,100,HPG,BONCAT,A,4.691310754
MOBY,M4,100,HPG,BONCAT,A,67.39363077
MOBY,M4,100,HPG,BONCAT,A,5.122208024
MOBY,M4,100,HPG,BONCAT,A,1.714553232
MOBY,M4,100,HPG,BONCAT,A,10.54901997
MOBY,M4,100,HPG,BONCAT,A,6.685571589
MOBY,M4,100,HPG,BONCAT,A,10.39516855
MOBY,M4,100,HPG,BONCAT,A,2.634957208
MOBY,M4,100,HPG,BONCAT,A,11.5083347
MOBY,M4,100,HPG,BONCAT,A,11.53372021
MOBY,M4,100,HPG,BONCAT,A,1.780679252
MOBY,M4,100,HPG,BONCAT,A,11.53899475
MOBY,M4,100,HPG,BONCAT,A,2.36974934
MOBY,M4,100,HPG,BONCAT,A,6.976562291
MOBY,M4,100,HPG,BONCAT,A,3.98391858
MOBY,M4,100,HPG,BONCAT,A,14.43105767
MOBY,M4,100,HPG,BONCAT,A,13.24121222
MOBY,M4,100,HPG,BONCAT,A,9.254807968
MOBY,M4,100,HPG,BONCAT,A,20.99965478
MOBY,M4,100,HPG,BONCAT,A,8.724246548
MOBY,M4,100,HPG,BONCAT,A,25.07316973
MOBY,M4,100,HPG,BONCAT,A,5.605395142
MOBY,M4,100,HPG,BONCAT,A,2.40629259
MOBY,M4,100,HPG,BONCAT,A,1.677874231
MOBY,M4,100,HPG,BONCAT,A,4.129161098
MOBY,M4,100,HPG,BONCAT,A,4.003258217
MOBY,M4,100,HPG,BONCAT,A,55.33477763
MOBY,M4,100,HPG,BONCAT,A,2.213681145
MOBY,M4,100,HPG,BONCAT,A,7.118611098
MOBY,M4,100,HPG,BONCAT,A,21.7641341
MOBY,M4,100,HPG,BONCAT,A,3.01919413
MOBY,M4,100,HPG,BONCAT,A,1.707468301
MOBY,M4,100,HPG,BONCAT,A,7.010595616
MOBY,M4,100,HPG,BONCAT,A,9.074485298
MOBY,M4,100,HPG,BONCAT,A,1.198412866
MOBY,M4,100,HPG,BONCAT,A,4.779008581
MOBY,M4,100,HPG,BONCAT,A,3.065190524
MOBY,M4,100,HPG,BONCAT,A,52.79177934
MOBY,M4,100,HPG,BONCAT,A,1.210177362
MOBY,M4,100,HPG,BONCAT,A,2.447201802
MOBY,M4,100,HPG,BONCAT,A,8.054278496
MOBY,M4,100,HPG,BONCAT,A,99.11094576
MOBY,M4,100,HPG,BONCAT,A,6.920023386
MOBY,M4,100,HPG,BONCAT,A,5.605039768
MOBY,M4,100,HPG,BONCAT,A,3.206738078
MOBY,M4,100,HPG,BONCAT,A,69.09595513
MOBY,M4,100,HPG,BONCAT,A,3.129406276
MOBY,M4,100,HPG,BONCAT,A,0.963428685
MOBY,M4,100,HPG,BONCAT,A,8.100758957
MOBY,M4,100,HPG,BONCAT,A,4.701071734
MOBY,M4,100,HPG,BONCAT,A,1.696511506
MOBY,M4,100,HPG,BONCAT,A,1.87870305
MOBY,M4,100,HPG,BONCAT,A,4.705879541
MOBY,M4,100,HPG,BONCAT,A,16.90069686
MOBY,M4,100,HPG,BONCAT,A,15.31792626
MOBY,M4,100,HPG,BONCAT,A,1.960079327
MOBY,M4,100,HPG,BONCAT,A,7.277094569
MOBY,M4,100,HPG,BONCAT,A,90.05746087
MOBY,M4,100,HPG,BONCAT,A,2.416398535
MOBY,M4,100,HPG,BONCAT,A,2.015594223
MOBY,M4,100,HPG,BONCAT,A,17.07766325
MOBY,M4,100,HPG,BONCAT,A,5.863275345
MOBY,M4,100,HPG,BONCAT,A,38.624679
MOBY,M4,100,HPG,BONCAT,A,7.198677678
MOBY,M4,100,HPG,BONCAT,A,17.97687169
MOBY,M4,100,HPG,BONCAT,A,28.99597026
MOBY,M4,100,HPG,BONCAT,A,8.003652622
MOBY,M4,100,HPG,BONCAT,A,1.623524335
MOBY,M4,100,HPG,BONCAT,A,4.032233469
MOBY,M4,100,HPG,BONCAT,A,12.42375762
MOBY,M4,100,HPG,BONCAT,A,8.906551097
MOBY,M4,100,HPG,BONCAT,A,2.780898979
MOBY,M4,100,HPG,BONCAT,A,9.096820278
MOBY,M4,100,HPG,BONCAT,A,3.251092414
MOBY,M4,100,HPG,BONCAT,A,2.43685049
MOBY,M4,100,HPG,BONCAT,A,3.019783352
MOBY,M4,100,HPG,BONCAT,A,11.91904578
MOBY,M4,100,HPG,BONCAT,A,2.931387795
MOBY,M4,100,HPG,BONCAT,A,0.780510572
MOBY,M4,100,HPG,BONCAT,A,1.532706677
MOBY,M4,100,HPG,BONCAT,A,3.863572698
MOBY,M4,100,HPG,BONCAT,A,11.06096206
MOBY,M4,100,HPG,BONCAT,A,3.179956236
MOBY,M4,100,HPG,BONCAT,A,21.46814831
MOBY,M4,100,HPG,BONCAT,A,87.81408195
MOBY,M4,100,HPG,BONCAT,A,10.23518966
MOBY,M4,100,HPG,BONCAT,A,4.340369361
MOBY,M4,100,HPG,BONCAT,A,13.16169278
MOBY,M4,100,HPG,BONCAT,A,4.686680579
MOBY,M4,100,HPG,BONCAT,A,5.144042592
MOBY,M4,100,HPG,BONCAT,A,5.152236465
MOBY,M4,100,HPG,BONCAT,A,1.538836675
MOBY,M4,100,HPG,BONCAT,A,4.636287238
MOBY,M4,100,HPG,BONCAT,A,2.415478719
MOBY,M4,100,HPG,BONCAT,A,4.480295103
MOBY,M4,100,HPG,BONCAT,A,14.26931471
MOBY,M4,100,HPG,BONCAT,A,9.232666282
MOBY,M4,100,HPG,BONCAT,A,23.09973039
MOBY,M4,100,HPG,BONCAT,A,6.730628262
MOBY,M4,100,HPG,BONCAT,A,8.144536162
MOBY,M4,100,HPG,BONCAT,A,22.73711309
MOBY,M4,100,HPG,BONCAT,A,14.05402362
MOBY,M4,100,HPG,BONCAT,A,6.614211204
MOBY,M4,100,HPG,BONCAT,A,6.041063493
MOBY,M4,100,HPG,BONCAT,A,2.753408046
MOBY,M4,100,HPG,BONCAT,A,2.351224815
MOBY,M4,100,HPG,BONCAT,A,89.58786594
MOBY,M4,100,HPG,BONCAT,A,10.34431648
MOBY,M4,100,HPG,BONCAT,A,3.866783132
MOBY,M4,100,HPG,BONCAT,A,39.04745891
MOBY,M4,100,HPG,BONCAT,A,73.23656307
MOBY,M4,100,HPG,BONCAT,A,28.53695938
MOBY,M4,100,HPG,BONCAT,A,1.614246983
MOBY,M4,100,HPG,BONCAT,A,11.80982072
MOBY,M4,100,HPG,BONCAT,A,1.338460122
MOBY,M4,100,HPG,BONCAT,A,35.2904638
MOBY,M4,100,HPG,BONCAT,A,6.900747194
MOBY,M4,100,HPG,BONCAT,A,89.72852628
MOBY,M4,100,HPG,BONCAT,A,28.48216962
MOBY,M4,100,HPG,BONCAT,A,1.892899751
MOBY,M4,100,HPG,BONCAT,A,7.407303394
MOBY,M4,100,HPG,BONCAT,A,6.012381999
MOBY,M4,100,HPG,BONCAT,A,4.275999039
MOBY,M4,100,HPG,BONCAT,A,61.71965014
MOBY,M4,100,HPG,BONCAT,A,4.18779117
MOBY,M4,100,HPG,BONCAT,A,4.636311908
MOBY,M4,100,HPG,BONCAT,A,11.34078916
MOBY,M4,100,HPG,BONCAT,A,15.59551171
MOBY,M4,100,HPG,BONCAT,A,24.25924083
MOBY,M4,100,HPG,BONCAT,A,5.389928449
MOBY,M4,100,HPG,BONCAT,A,4.127953095
MOBY,M4,100,HPG,BONCAT,A,18.06488134
MOBY,M4,100,HPG,BONCAT,A,12.15653437
MOBY,M4,100,HPG,BONCAT,A,39.89114647
MOBY,M4,100,HPG,BONCAT,A,2.065508702
MOBY,M4,100,HPG,BONCAT,A,3.549806391
MOBY,M4,100,HPG,BONCAT,A,7.665672052
MOBY,M4,100,HPG,BONCAT,A,12.03856178
MOBY,M4,100,HPG,BONCAT,A,18.93040073
MOBY,M4,100,HPG,BONCAT,A,3.194185397
MOBY,M4,100,HPG,BONCAT,A,5.931504709
MOBY,M4,100,HPG,BONCAT,A,2.195646867
MOBY,M4,100,HPG,BONCAT,A,13.62541756
MOBY,M4,100,HPG,BONCAT,A,55.7922996
MOBY,M4,100,HPG,BONCAT,A,11.05593632
MOBY,M4,100,HPG,BONCAT,A,2.950034053
MOBY,M4,100,HPG,BONCAT,A,2.148594882
MOBY,M4,100,HPG,BONCAT,A,4.1203443
MOBY,M4,100,HPG,BONCAT,A,2.438678859
MOBY,M4,100,HPG,BONCAT,A,6.974101062
MOBY,M4,100,HPG,BONCAT,A,8.228160211
MOBY,M4,100,HPG,BONCAT,A,8.004455557
MOBY,M4,100,HPG,BONCAT,A,41.33626305
MOBY,M4,100,HPG,BONCAT,A,8.018479795
MOBY,M4,100,HPG,BONCAT,A,4.977494758
MOBY,M4,100,HPG,BONCAT,A,1.674405291
MOBY,M4,100,HPG,BONCAT,A,4.712281978
MOBY,M4,100,HPG,BONCAT,A,4.547479042
MOBY,M4,100,HPG,BONCAT,A,5.003446631
MOBY,M4,100,HPG,BONCAT,A,4.360007302
MOBY,M4,100,HPG,BONCAT,A,2.496391431
MOBY,M4,100,HPG,BONCAT,A,2.56445707
MOBY,M4,100,HPG,BONCAT,A,6.259930466
MOBY,M4,100,HPG,BONCAT,A,6.111393032
MOBY,M4,100,HPG,BONCAT,A,23.22098406
MOBY,M4,100,HPG,BONCAT,A,2.909886173
MOBY,M4,100,HPG,BONCAT,A,13.57336644
MOBY,M4,100,HPG,BONCAT,A,22.90585536
MOBY,M4,100,HPG,BONCAT,A,3.248757964
MOBY,M4,100,HPG,BONCAT,A,8.919865818
MOBY,M4,100,HPG,BONCAT,A,7.072802527
MOBY,M4,100,HPG,BONCAT,A,13.06899654
MOBY,M4,100,HPG,BONCAT,A,1.579711002
MOBY,M4,100,HPG,BONCAT,A,2.05143026
MOBY,M4,100,HPG,BONCAT,A,6.266711972
MOBY,M4,100,HPG,BONCAT,A,13.13609415
MOBY,M4,100,HPG,BONCAT,A,11.6279894
MOBY,M4,100,HPG,BONCAT,A,2.202768122
MOBY,M4,100,HPG,BONCAT,A,3.488387532
MOBY,M4,100,HPG,BONCAT,A,5.211952905
MOBY,M4,100,HPG,BONCAT,A,1.72490491
MOBY,M4,100,HPG,BONCAT,A,4.506059751
MOBY,M4,100,HPG,BONCAT,A,39.21216243
MOBY,M4,100,HPG,BONCAT,A,32.42084112
MOBY,M4,100,HPG,BONCAT,A,11.64174629
MOBY,M4,100,HPG,BONCAT,A,23.42214928
MOBY,M4,100,HPG,BONCAT,A,10.7459148
MOBY,M4,100,HPG,BONCAT,A,2.838187881
MOBY,M4,100,HPG,BONCAT,A,13.36563958
MOBY,M4,100,HPG,BONCAT,A,13.37739903
MOBY,M4,100,HPG,BONCAT,A,5.0057166
MOBY,M4,100,HPG,BONCAT,A,6.771147581
MOBY,M4,100,HPG,BONCAT,A,2.873993445
MOBY,M4,100,HPG,BONCAT,A,2.408339729
MOBY,M4,100,HPG,BONCAT,A,3.079278487
MOBY,M4,100,HPG,BONCAT,A,2.517809399
MOBY,M4,100,HPG,BONCAT,A,0.706272931
MOBY,M4,100,HPG,BONCAT,A,2.451175665
MOBY,M4,100,HPG,BONCAT,A,3.633774113
MOBY,M4,100,HPG,BONCAT,A,5.978666335
MOBY,M4,100,HPG,BONCAT,A,1.471576164
MOBY,M4,100,HPG,BONCAT,A,17.01062463
MOBY,M4,100,HPG,BONCAT,A,0.795340609
MOBY,M4,100,HPG,BONCAT,A,9.990130187
MOBY,M4,100,HPG,BONCAT,A,1.978080365
MOBY,M4,100,HPG,BONCAT,A,6.490776962
MOBY,M4,100,HPG,BONCAT,A,15.11065032
MOBY,M4,100,HPG,BONCAT,A,1.432222552
MOBY,M4,100,HPG,BONCAT,A,26.06235953
MOBY,M4,100,HPG,BONCAT,A,1.049118256
MOBY,M4,100,HPG,BONCAT,A,4.154098677
MOBY,M4,100,HPG,BONCAT,A,5.43885166
MOBY,M4,100,HPG,BONCAT,A,5.175544662
MOBY,M4,100,HPG,BONCAT,A,13.73239216
MOBY,M4,100,HPG,BONCAT,A,1.811380618
MOBY,M4,100,HPG,BONCAT,A,6.639487969
MOBY,M4,100,HPG,BONCAT,A,1.226531015
MOBY,M4,100,HPG,BONCAT,A,2.470213804
MOBY,M4,100,HPG,BONCAT,A,2.4059599
MOBY,M4,100,HPG,BONCAT,A,10.77217195
MOBY,M4,100,HPG,BONCAT,A,2.243086539
MOBY,M4,100,HPG,BONCAT,A,3.141312299
MOBY,M4,100,HPG,BONCAT,A,9.03555076
MOBY,M4,100,HPG,BONCAT,A,4.895458574
MOBY,M4,100,HPG,BONCAT,A,13.26222603
MOBY,M4,100,HPG,BONCAT,A,4.834077416
MOBY,M4,100,HPG,BONCAT,A,0.946224669
MOBY,M4,100,HPG,BONCAT,A,4.490003195
MOBY,M4,100,HPG,BONCAT,A,13.1605344
MOBY,M4,100,HPG,BONCAT,A,2.479733123
MOBY,M4,100,HPG,BONCAT,A,3.969527425
MOBY,M4,100,HPG,BONCAT,A,0.954164948
MOBY,M4,100,HPG,BONCAT,A,61.16077253
MOBY,M4,100,HPG,BONCAT,A,2.773818936
MOBY,M4,100,HPG,BONCAT,A,16.20630512
MOBY,M4,100,HPG,BONCAT,A,20.34824934
MOBY,M4,100,HPG,BONCAT,A,28.1978114
MOBY,M4,100,HPG,BONCAT,A,2.37925686
MOBY,M4,100,HPG,BONCAT,A,2.237381991
MOBY,M4,100,HPG,BONCAT,A,7.274858449
MOBY,M4,100,HPG,BONCAT,A,6.526613815
MOBY,M4,100,HPG,BONCAT,A,31.84446186
MOBY,M4,100,HPG,BONCAT,A,2.065650742
MOBY,M4,100,HPG,BONCAT,A,4.465653584
MOBY,M4,100,HPG,BONCAT,A,94.88547663
MOBY,M4,100,HPG,BONCAT,A,18.84185756
MOBY,M4,100,HPG,BONCAT,A,4.271801835
MOBY,M4,100,HPG,BONCAT,A,2.368135438
MOBY,M4,100,HPG,BONCAT,A,18.9070772
MOBY,M4,100,HPG,BONCAT,A,37.5067664
MOBY,M4,100,HPG,BONCAT,A,4.815546589
MOBY,M4,100,HPG,BONCAT,A,2.308565743
MOBY,M4,100,HPG,BONCAT,A,8.784898637
MOBY,M4,100,HPG,BONCAT,A,11.45809575
MOBY,M4,100,HPG,BONCAT,A,2.709165973
MOBY,M4,100,HPG,BONCAT,A,20.57414756
MOBY,M4,100,HPG,BONCAT,A,1.068099983
MOBY,M4,100,HPG,BONCAT,A,1.797210757
MOBY,M4,100,HPG,BONCAT,A,1.915047507
MOBY,M4,100,HPG,BONCAT,A,2.945604573
MOBY,M4,100,HPG,BONCAT,A,8.048618962
MOBY,M4,100,HPG,BONCAT,A,2.088831661
MOBY,M4,100,HPG,BONCAT,A,26.99759562
MOBY,M4,100,HPG,BONCAT,A,4.398316086
MOBY,M4,100,HPG,BONCAT,A,5.204897484
MOBY,M4,100,HPG,BONCAT,A,2.489629415
MOBY,M4,100,HPG,BONCAT,A,2.119689377
MOBY,M4,100,HPG,BONCAT,A,4.295729958
MOBY,M4,100,HPG,BONCAT,A,30.03599969
MOBY,M4,100,HPG,BONCAT,A,1.135583591
MOBY,M4,100,HPG,BONCAT,A,0.627043598
MOBY,M4,100,HPG,BONCAT,A,8.28539954
MOBY,M4,100,HPG,BONCAT,A,5.526763004
MOBY,M4,100,HPG,BONCAT,A,3.081772504
MOBY,M4,100,HPG,BONCAT,A,16.79924162
MOBY,M4,100,HPG,BONCAT,A,5.817661166
MOBY,M4,100,HPG,BONCAT,A,2.59946382
MOBY,M4,100,HPG,BONCAT,A,5.6617972
MOBY,M4,100,HPG,BONCAT,A,0.893950655
MOBY,M4,100,HPG,BONCAT,A,4.668871581
MOBY,M4,100,HPG,BONCAT,A,1.633778586
MOBY,M4,100,HPG,BONCAT,A,1.016905645
MOBY,M4,100,HPG,BONCAT,A,2.739783709
MOBY,M4,100,HPG,BONCAT,A,19.98458771
MOBY,M4,100,HPG,BONCAT,A,2.458657901
MOBY,M4,100,HPG,BONCAT,A,18.16500576
MOBY,M4,100,HPG,BONCAT,A,2.697352282
MOBY,M4,100,HPG,BONCAT,A,0.704531604
MOBY,M4,100,HPG,BONCAT,A,1.014578606
MOBY,M4,100,HPG,BONCAT,A,1.969868903
MOBY,M4,100,HPG,BONCAT,A,4.015350746
MOBY,M4,100,HPG,BONCAT,A,4.747299722
MOBY,M4,100,HPG,BONCAT,A,1.556323112
MOBY,M4,100,HPG,BONCAT,A,3.801545272
MOBY,M4,100,HPG,BONCAT,A,7.816568131
MOBY,M4,100,HPG,BONCAT,A,18.89249144
MOBY,M4,100,HPG,BONCAT,A,5.249344006
MOBY,M4,100,HPG,BONCAT,A,4.180595964
MOBY,M4,100,HPG,BONCAT,A,41.32716033
MOBY,M4,100,HPG,BONCAT,A,1.409225495
MOBY,M4,100,HPG,BONCAT,A,6.877981072
MOBY,M4,100,HPG,BONCAT,A,20.35679931
MOBY,M4,100,HPG,BONCAT,A,4.075232068
MOBY,M4,100,HPG,BONCAT,A,3.798779864
MOBY,M4,100,HPG,BONCAT,A,5.841639643
MOBY,M4,100,HPG,BONCAT,A,3.332976149
MOBY,M4,100,HPG,BONCAT,A,13.46944974
MOBY,M4,100,HPG,BONCAT,A,17.2744126
MOBY,M4,100,HPG,BONCAT,A,1.473665588
MOBY,M4,100,HPG,BONCAT,A,12.69081189
MOBY,M4,100,HPG,BONCAT,A,4.046496357
MOBY,M4,100,HPG,BONCAT,A,2.322824061
MOBY,M4,100,HPG,BONCAT,A,0.979673538
MOBY,M4,100,HPG,BONCAT,A,1.08168345
MOBY,M4,100,HPG,BONCAT,A,7.341797423
MOBY,M4,100,HPG,BONCAT,A,4.096635166
MOBY,M4,100,HPG,BONCAT,A,20.48701248
MOBY,M4,100,HPG,BONCAT,A,12.47226753
MOBY,M4,100,HPG,BONCAT,A,0.529704659
MOBY,M4,100,HPG,BONCAT,A,4.297755779
MOBY,M4,100,HPG,BONCAT,A,5.343564992
MOBY,M4,100,HPG,BONCAT,A,0.687923917
MOBY,M4,100,HPG,BONCAT,A,4.384315105
MOBY,M4,100,HPG,BONCAT,A,15.36890595
MOBY,M4,100,HPG,BONCAT,A,4.0579512
MOBY,M4,100,HPG,BONCAT,A,2.034609263
MOBY,M4,100,HPG,BONCAT,A,5.214730478
MOBY,M4,100,HPG,BONCAT,A,2.212262526
MOBY,M4,100,HPG,BONCAT,A,0.699351225
MOBY,M4,100,HPG,BONCAT,A,1.160283104
MOBY,M4,100,HPG,BONCAT,A,10.42048561
MOBY,M4,100,HPG,BONCAT,A,21.98716114
MOBY,M4,100,HPG,BONCAT,A,2.75884274
MOBY,M4,100,HPG,BONCAT,A,18.59166522
MOBY,M4,100,HPG,BONCAT,A,3.007231842
MOBY,M4,100,HPG,BONCAT,A,3.041096908
MOBY,M4,100,HPG,BONCAT,A,46.66155916
MOBY,M4,100,HPG,BONCAT,A,1.042982992
MOBY,M4,100,HPG,BONCAT,A,0.715349455
MOBY,M4,100,HPG,BONCAT,A,6.740884621
MOBY,M4,100,HPG,BONCAT,A,1.629076971
MOBY,M4,100,HPG,BONCAT,A,3.419140986
MOBY,M4,100,HPG,BONCAT,A,4.878660432
MOBY,M4,100,HPG,BONCAT,A,5.801211888
MOBY,M4,100,HPG,BONCAT,A,7.845562776
MOBY,M4,100,HPG,BONCAT,A,4.476788023
MOBY,M4,100,HPG,BONCAT,A,13.87580279
MOBY,M4,100,HPG,BONCAT,A,1.268137995
MOBY,M4,100,HPG,BONCAT,A,12.95681962
MOBY,M4,100,HPG,BONCAT,A,3.618799769
MOBY,M4,100,HPG,BONCAT,A,19.39830259
MOBY,M4,100,HPG,BONCAT,A,4.655323852
MOBY,M4,100,HPG,BONCAT,A,4.829920899
MOBY,M4,100,HPG,BONCAT,A,0.896266589
MOBY,M4,100,HPG,BONCAT,A,2.4059599
MOBY,M4,100,HPG,BONCAT,A,0.933321539
MOBY,M4,100,HPG,BONCAT,A,5.666273036
MOBY,M4,100,HPG,BONCAT,A,4.813801581
MOBY,M4,100,HPG,BONCAT,A,10.23305632
MOBY,M4,100,HPG,BONCAT,A,9.419685062
MOBY,M4,100,HPG,BONCAT,A,7.914914344
MOBY,M4,100,HPG,BONCAT,A,27.93502465
MOBY,M4,100,HPG,BONCAT,A,0.599879188
MOBY,M4,100,HPG,BONCAT,A,2.196591647
MOBY,M4,100,HPG,BONCAT,A,3.050634036
MOBY,M4,100,HPG,BONCAT,A,6.007155509
MOBY,M4,100,HPG,BONCAT,A,11.47700889
MOBY,M4,100,HPG,BONCAT,A,6.058625711
MOBY,M4,100,HPG,BONCAT,A,7.984370677
MOBY,M4,100,HPG,BONCAT,A,11.00288832
MOBY,M4,100,HPG,BONCAT,A,8.236313263
MOBY,M4,100,HPG,BONCAT,A,7.700343551
MOBY,M4,100,HPG,BONCAT,A,3.96806267
MOBY,M4,100,HPG,BONCAT,A,13.9744987
MOBY,M4,100,HPG,BONCAT,A,1.212513518
MOBY,M4,100,HPG,BONCAT,A,27.27227884
MOBY,M4,100,HPG,BONCAT,A,2.292967669
MOBY,M4,100,HPG,BONCAT,A,1.74383398
MOBY,M4,100,HPG,BONCAT,A,7.851784484
MOBY,M4,100,HPG,BONCAT,A,11.5627839
MOBY,M4,100,HPG,BONCAT,A,9.540643266
MOBY,M4,100,HPG,BONCAT,A,11.13985541
MOBY,M4,100,HPG,BONCAT,A,16.51889168
MOBY,M4,100,HPG,BONCAT,A,2.705986439
MOBY,M4,100,HPG,BONCAT,A,2.748648387
MOBY,M4,100,HPG,BONCAT,A,23.01566526
MOBY,M4,100,HPG,BONCAT,A,47.48668561
MOBY,M4,100,HPG,BONCAT,A,5.615378952
MOBY,M4,100,HPG,BONCAT,A,25.34155532
MOBY,M4,100,HPG,BONCAT,A,3.029339629
MOBY,M4,100,HPG,BONCAT,A,2.95753957
MOBY,M4,100,HPG,BONCAT,A,4.636175744
MOBY,M4,100,HPG,BONCAT,A,8.356775405
MOBY,M4,100,HPG,BONCAT,A,3.521817727
MOBY,M4,100,HPG,BONCAT,A,6.933040533
MOBY,M4,100,HPG,BONCAT,A,8.061509989
MOBY,M4,100,HPG,BONCAT,A,12.25768144
MOBY,M4,100,HPG,BONCAT,A,5.814952888
MOBY,M4,100,HPG,BONCAT,A,2.224759661
MOBY,M4,100,HPG,BONCAT,A,92.13385593
MOBY,M4,100,HPG,BONCAT,A,8.751021369
MOBY,M4,100,HPG,BONCAT,A,5.82221918
MOBY,M4,100,HPG,BONCAT,A,1.589386122
MOBY,M4,100,HPG,BONCAT,A,1.933123874
MOBY,M4,100,HPG,BONCAT,A,13.72829928
MOBY,M4,100,HPG,BONCAT,A,15.69476096
MOBY,M4,100,HPG,BONCAT,A,0.872606114
MOBY,M4,100,HPG,BONCAT,A,7.405342724
MOBY,M4,100,HPG,BONCAT,A,4.302919667
MOBY,M4,100,HPG,BONCAT,A,3.280191885
MOBY,M4,100,HPG,BONCAT,A,12.89368092
MOBY,M4,100,HPG,BONCAT,A,47.10311179
MOBY,M4,100,HPG,BONCAT,A,10.69639872
MOBY,M4,100,HPG,BONCAT,A,25.69505807
MOBY,M4,100,HPG,BONCAT,A,3.3305853
MOBY,M4,100,HPG,BONCAT,A,2.673393746
MOBY,M4,100,HPG,BONCAT,A,6.983116543
MOBY,M4,100,HPG,BONCAT,A,9.949051924
MOBY,M4,100,HPG,BONCAT,A,11.49017747
MOBY,M4,100,HPG,BONCAT,A,2.584972775
MOBY,M4,100,HPG,BONCAT,A,8.275930416
MOBY,M4,100,HPG,BONCAT,A,3.057351281
MOBY,M4,100,HPG,BONCAT,A,0.688163324
MOBY,M4,100,HPG,BONCAT,A,5.797854771
MOBY,M4,100,HPG,BONCAT,A,11.04834078
MOBY,M4,100,HPG,BONCAT,A,7.943325324
MOBY,M4,100,HPG,BONCAT,A,16.08321323
MOBY,M4,100,HPG,BONCAT,A,18.01210985
MOBY,M4,100,HPG,BONCAT,A,2.770755224
MOBY,M4,100,HPG,BONCAT,A,106.9729687
MOBY,M4,100,HPG,BONCAT,A,1.163507543
MOBY,M4,100,HPG,BONCAT,A,10.30218046
MOBY,M4,100,HPG,BONCAT,A,5.068239465
MOBY,M4,100,HPG,BONCAT,A,11.41005839
MOBY,M4,100,HPG,BONCAT,A,6.300664313
MOBY,M4,100,HPG,BONCAT,A,2.522983111
MOBY,M4,100,HPG,BONCAT,A,116.2352369
MOBY,M4,100,HPG,BONCAT,A,7.791257016
MOBY,M4,100,HPG,BONCAT,A,1.016695175
MOBY,M4,100,HPG,BONCAT,A,2.389567802
MOBY,M4,100,HPG,BONCAT,A,11.88595584
MOBY,M4,100,HPG,BONCAT,A,1.214701881
MOBY,M4,100,HPG,BONCAT,A,7.060291764
MOBY,M4,100,HPG,BONCAT,A,2.745040405
MOBY,M4,100,HPG,BONCAT,A,3.802343392
MOBY,M4,100,HPG,BONCAT,A,5.946161416
MOBY,M4,100,HPG,BONCAT,A,2.41491006
MOBY,M4,100,HPG,BONCAT,A,39.39783881
MOBY,M4,100,HPG,BONCAT,A,5.824870645
MOBY,M4,100,HPG,BONCAT,A,2.16241555
MOBY,M4,100,HPG,BONCAT,A,7.396146478
MOBY,M4,100,HPG,BONCAT,A,37.46901167
MOBY,M4,100,HPG,BONCAT,A,16.9591962
MOBY,M4,100,HPG,BONCAT,A,3.521861279
MOBY,M4,100,HPG,BONCAT,A,3.352145735
MOBY,M4,100,HPG,BONCAT,A,1.134807826
MOBY,M4,100,HPG,BONCAT,A,23.07513828
MOBY,M4,100,HPG,BONCAT,A,14.79684579
MOBY,M4,100,HPG,BONCAT,A,63.90708328
MOBY,M4,100,HPG,BONCAT,A,2.593962452
MOBY,M4,100,HPG,BONCAT,A,4.113395217
MOBY,M4,100,HPG,BONCAT,A,6.555055439
MOBY,M4,100,HPG,BONCAT,A,2.537458517
MOBY,M4,100,HPG,BONCAT,A,0.793055147
MOBY,M4,100,HPG,BONCAT,A,25.06774277
MOBY,M4,100,HPG,BONCAT,A,24.31726168
MOBY,M4,100,HPG,BONCAT,A,37.31197987
MOBY,M4,100,HPG,BONCAT,A,2.520600929
MOBY,M4,100,HPG,BONCAT,A,4.007902847
MOBY,M4,100,HPG,BONCAT,A,2.122062978
MOBY,M4,100,HPG,BONCAT,A,22.72362534
MOBY,M4,100,HPG,BONCAT,A,2.23501212
MOBY,M4,100,HPG,BONCAT,A,3.838051711
MOBY,M4,100,HPG,BONCAT,A,10.19075407
MOBY,M4,100,HPG,BONCAT,A,10.36139296
MOBY,M4,100,HPG,BONCAT,A,19.32772059
MOBY,M4,100,HPG,BONCAT,A,5.836831324
MOBY,M4,100,HPG,BONCAT,A,2.30081982
MOBY,M4,100,HPG,BONCAT,A,4.373053241
MOBY,M4,100,HPG,BONCAT,A,11.78791283
MOBY,M4,100,HPG,BONCAT,A,2.32934238
MOBY,M4,100,HPG,BONCAT,A,1.363440996
MOBY,M4,100,HPG,BONCAT,A,2.822871279
MOBY,M4,100,HPG,BONCAT,A,18.50618945
MOBY,M4,100,HPG,BONCAT,A,2.413098889
MOBY,M4,100,HPG,BONCAT,A,4.111189996
MOBY,M4,100,HPG,BONCAT,A,11.26337626
MOBY,M4,100,HPG,BONCAT,A,3.646133889
MOBY,M4,100,HPG,BONCAT,A,0.993535832
MOBY,M4,100,HPG,BONCAT,A,9.356935431
MOBY,M4,100,HPG,BONCAT,A,3.964185698
MOBY,M4,100,HPG,BONCAT,A,2.986336385
MOBY,M4,100,HPG,BONCAT,A,3.941006024
MOBY,M4,100,HPG,BONCAT,A,1.153278926
MOBY,M4,100,HPG,BONCAT,A,2.790457096
MOBY,M4,100,HPG,BONCAT,A,48.41084592
MOBY,M4,100,HPG,BONCAT,A,5.599502613
MOBY,M4,100,HPG,BONCAT,A,3.409473069
MOBY,M4,100,HPG,BONCAT,A,80.02151141
MOBY,M4,100,HPG,BONCAT,A,2.696293132
MOBY,M4,100,HPG,BONCAT,A,6.274282872
MOBY,M4,100,HPG,BONCAT,A,2.208121501
MOBY,M4,100,HPG,BONCAT,A,10.28128577
MOBY,M4,100,HPG,BONCAT,A,2.806491626
MOBY,M4,100,HPG,BONCAT,A,3.146374883
MOBY,M4,100,HPG,BONCAT,A,15.00414376
MOBY,M4,100,HPG,BONCAT,A,8.732830217
MOBY,M4,100,HPG,BONCAT,A,14.7079643
MOBY,M4,100,HPG,BONCAT,A,1.968079722
MOBY,M4,100,HPG,BONCAT,A,8.065741091
MOBY,M4,100,HPG,BONCAT,A,1.744399714
MOBY,M4,100,HPG,BONCAT,A,11.082027
MOBY,M4,100,HPG,BONCAT,A,8.426184762
MOBY,M4,100,HPG,BONCAT,A,7.306948303
MOBY,M4,100,HPG,BONCAT,A,10.65317349
MOBY,M4,100,HPG,BONCAT,A,2.894700165
MOBY,M4,100,HPG,BONCAT,A,8.491003498
MOBY,M4,100,HPG,BONCAT,A,0.798997347
MOBY,M4,100,HPG,BONCAT,A,3.332549846
MOBY,M4,100,HPG,BONCAT,A,4.655852117
MOBY,M4,100,HPG,BONCAT,A,5.158957051
MOBY,M4,100,HPG,BONCAT,A,19.16866615
MOBY,M4,100,HPG,BONCAT,A,5.800260905
MOBY,M4,100,HPG,BONCAT,A,14.2486005
MOBY,M4,100,HPG,BONCAT,A,5.027333897
MOBY,M4,100,HPG,BONCAT,A,1.732549078
MOBY,M4,100,HPG,BONCAT,A,3.399631579
MOBY,M4,100,HPG,BONCAT,A,4.844447073
MOBY,M4,100,HPG,BONCAT,A,36.33179905
MOBY,M4,100,HPG,BONCAT,A,1.009924529
MOBY,M4,100,HPG,BONCAT,A,3.999288925
MOBY,M4,100,HPG,BONCAT,A,1.222395512
MOBY,M4,100,HPG,BONCAT,A,5.953821491
MOBY,M4,100,HPG,BONCAT,A,2.477018116
MOBY,M4,100,HPG,BONCAT,A,1.113429924
MOBY,M4,100,HPG,BONCAT,A,8.37534837
MOBY,M4,100,HPG,BONCAT,A,1.1556232
MOBY,M4,100,HPG,BONCAT,A,39.31568433
MOBY,M4,100,HPG,BONCAT,A,11.82067977
MOBY,M4,100,HPG,BONCAT,A,0.792022411
MOBY,M4,100,HPG,BONCAT,A,8.01817197
MOBY,M4,100,HPG,BONCAT,A,2.733014672
MOBY,M4,100,HPG,BONCAT,A,1.30318008
MOBY,M4,100,HPG,BONCAT,A,2.574161018
MOBY,M4,100,HPG,BONCAT,A,6.894658419
MOBY,M4,100,HPG,BONCAT,A,2.561291139
MOBY,M4,100,HPG,BONCAT,A,8.452049653
MOBY,M4,100,HPG,BONCAT,A,9.608714305
MOBY,M4,100,HPG,BONCAT,A,22.99103469
MOBY,M4,100,HPG,BONCAT,A,1.496418509
MOBY,M4,100,HPG,BONCAT,A,2.730629747
MOBY,M4,100,HPG,BONCAT,A,13.50030073
MOBY,M4,100,HPG,BONCAT,A,4.562859028
MOBY,M4,100,HPG,BONCAT,A,0.678782071
MOBY,M4,100,HPG,BONCAT,A,6.418002565
MOBY,M4,100,HPG,BONCAT,A,3.308912762
MOBY,M4,100,HPG,BONCAT,A,6.589287094
MOBY,M4,100,HPG,BONCAT,A,13.55177316
MOBY,M4,100,HPG,BONCAT,A,3.227135
MOBY,M4,100,HPG,BONCAT,A,4.103843633
MOBY,M4,100,HPG,BONCAT,A,14.15883434
MOBY,M4,100,HPG,BONCAT,A,24.19824143
MOBY,M4,100,HPG,BONCAT,A,2.835562051
MOBY,M4,100,HPG,BONCAT,A,5.539391136
MOBY,M4,100,HPG,BONCAT,A,21.85488277
MOBY,M4,100,HPG,BONCAT,A,2.23220021
MOBY,M4,100,HPG,BONCAT,A,15.73268129
MOBY,M4,100,HPG,BONCAT,A,9.800951604
MOBY,M4,100,HPG,BONCAT,A,10.1827702
MOBY,M4,100,HPG,BONCAT,A,3.579316356
MOBY,M4,100,HPG,BONCAT,A,2.422040699
MOBY,M4,100,HPG,BONCAT,A,4.676927583
MOBY,M4,100,HPG,BONCAT,A,5.615810045
MOBY,M4,100,HPG,BONCAT,A,6.050458605
MOBY,M4,100,HPG,BONCAT,A,15.4070774
MOBY,M4,100,HPG,BONCAT,A,18.29253142
MOBY,M4,100,HPG,BONCAT,A,3.241872558
MOBY,M4,100,HPG,BONCAT,A,38.73760518
MOBY,M4,100,HPG,BONCAT,A,1.456357026
MOBY,M4,100,HPG,BONCAT,A,2.959988829
MOBY,M4,100,HPG,BONCAT,A,3.524252128
MOBY,M4,100,HPG,BONCAT,A,5.831759014
MOBY,M4,100,HPG,BONCAT,A,2.733411977
MOBY,M4,100,HPG,BONCAT,A,4.000707642
MOBY,M4,100,HPG,BONCAT,A,2.472952567
MOBY,M4,100,HPG,BONCAT,A,2.585155368
MOBY,M4,100,HPG,BONCAT,A,2.969316559
MOBY,M4,100,HPG,BONCAT,A,2.360743634
MOBY,M4,100,HPG,BONCAT,A,0.984272094
MOBY,M4,100,HPG,BONCAT,A,23.2446896
MOBY,M4,100,HPG,BONCAT,A,4.334129149
MOBY,M4,100,HPG,BONCAT,A,13.46776764
MOBY,M4,100,HPG,BONCAT,A,2.23837304
MOBY,M4,100,HPG,BONCAT,A,3.416659584
MOBY,M4,100,HPG,BONCAT,A,16.68070747
MOBY,M4,100,HPG,BONCAT,A,14.13037876
MOBY,M4,100,HPG,BONCAT,A,5.687785567
MOBY,M4,100,HPG,BONCAT,A,1.371378581
MOBY,M4,100,HPG,BONCAT,A,11.4952931
MOBY,M4,100,HPG,BONCAT,A,4.28858268
MOBY,M4,100,HPG,BONCAT,A,4.691310754
MOBY,M4,100,HPG,BONCAT,A,11.52080019
MOBY,M4,100,HPG,BONCAT,A,14.04194408
MOBY,M4,100,HPG,BONCAT,A,14.78097518
MOBY,M4,100,HPG,BONCAT,A,42.78658402
MOBY,M4,100,HPG,BONCAT,A,5.425420094
MOBY,M4,100,HPG,BONCAT,A,39.83664522
MOBY,M4,100,HPG,BONCAT,A,0.620252535
MOBY,M4,100,HPG,BONCAT,A,19.48041831
MOBY,M4,100,HPG,BONCAT,A,8.907679261
MOBY,M4,100,HPG,BONCAT,A,6.89313228
MOBY,M4,100,HPG,BONCAT,A,8.351106864
MOBY,M4,100,HPG,BONCAT,A,3.763792337
MOBY,M4,100,HPG,BONCAT,A,2.461498309
MOBY,M4,100,HPG,BONCAT,A,3.115346117
MOBY,M4,100,HPG,BONCAT,A,1.53176698
MOBY,M4,100,HPG,BONCAT,A,6.408470094
MOBY,M4,100,HPG,BONCAT,A,1.786424487
MOBY,M4,100,HPG,BONCAT,A,5.792959312
MOBY,M4,100,HPG,BONCAT,A,2.417858549
MOBY,M4,100,HPG,BONCAT,A,8.615299377
MOBY,M4,100,HPG,BONCAT,A,15.87786897
MOBY,M4,100,HPG,BONCAT,A,3.514848118
MOBY,M4,100,HPG,BONCAT,A,11.75098865
MOBY,M4,100,HPG,BONCAT,A,1.193128233
MOBY,M4,100,HPG,BONCAT,A,29.99642354
MOBY,M4,100,HPG,BONCAT,A,11.50352024
MOBY,M4,100,HPG,BONCAT,A,4.393886508
MOBY,M4,100,HPG,BONCAT,A,29.13801626
MOBY,M4,100,HPG,BONCAT,A,12.97381822
MOBY,M4,100,HPG,BONCAT,A,3.953060218
MOBY,M4,100,HPG,BONCAT,A,2.000312104
MOBY,M4,100,HPG,BONCAT,A,2.592049978
MOBY,M4,100,HPG,BONCAT,A,2.962445694
MOBY,M4,100,HPG,BONCAT,A,11.44683348
MOBY,M4,100,HPG,BONCAT,A,5.133100497
MOBY,M4,100,HPG,BONCAT,A,13.55498085
MOBY,M4,100,HPG,BONCAT,A,20.48966081
MOBY,M4,100,HPG,BONCAT,A,13.4870467
MOBY,M4,100,HPG,BONCAT,A,5.58697381
MOBY,M4,100,HPG,BONCAT,A,0.627043598
MOBY,M4,100,HPG,BONCAT,A,3.505277275
MOBY,M4,100,HPG,BONCAT,A,4.570959033
MOBY,M4,100,HPG,BONCAT,A,10.76282892
MOBY,M4,100,HPG,BONCAT,A,33.48763288
MOBY,M4,100,HPG,BONCAT,A,36.02404904
MOBY,M4,100,HPG,BONCAT,A,6.514589241
MOBY,M4,100,HPG,BONCAT,A,2.382162102
MOBY,M4,100,HPG,BONCAT,A,3.246661239
MOBY,M4,100,HPG,BONCAT,A,3.92160343
MOBY,M4,100,HPG,BONCAT,A,1.649595454
MOBY,M4,100,HPG,BONCAT,A,6.570744651
MOBY,M4,100,HPG,BONCAT,A,1.881865897
MOBY,M4,100,HPG,BONCAT,A,2.594455916
MOBY,M4,100,HPG,BONCAT,A,7.039614724
MOBY,M4,100,HPG,BONCAT,A,4.591577223
MOBY,M4,100,HPG,BONCAT,A,6.437823538
MOBY,M4,100,HPG,BONCAT,A,5.79603441
MOBY,M4,100,HPG,BONCAT,A,4.28309533
MOBY,M4,100,HPG,BONCAT,A,6.288766006
MOBY,M4,100,HPG,BONCAT,A,4.133942796
MOBY,M4,100,HPG,BONCAT,A,1.676092132
MOBY,M4,100,HPG,BONCAT,A,8.647955855
MOBY,M4,100,HPG,BONCAT,A,1.084389253
MOBY,M4,100,HPG,BONCAT,A,14.01971574
MOBY,M4,100,HPG,BONCAT,A,6.955667187
MOBY,M4,100,HPG,BONCAT,A,1.319707453
MOBY,M4,100,HPG,BONCAT,A,4.616694908
MOBY,M4,100,HPG,BONCAT,A,2.916960122
MOBY,M4,100,HPG,BONCAT,A,8.640087992
MOBY,M4,100,HPG,BONCAT,A,35.45101741
MOBY,M4,100,HPG,BONCAT,A,14.86638324
MOBY,M4,100,HPG,BONCAT,A,7.691522072
MOBY,M4,100,HPG,BONCAT,A,3.620171046
MOBY,M4,100,HPG,BONCAT,A,9.31775137
MOBY,M4,100,HPG,BONCAT,A,0.805836825
MOBY,M4,100,HPG,BONCAT,A,4.661291783
MOBY,M4,100,HPG,BONCAT,A,4.856148636
MOBY,M4,100,HPG,BONCAT,A,4.654080171
MOBY,M4,100,HPG,BONCAT,A,7.348910108
MOBY,M4,100,HPG,BONCAT,A,29.81221449
MOBY,M4,100,HPG,BONCAT,A,6.958947026
MOBY,M4,100,HPG,BONCAT,A,3.650928519
MOBY,M4,100,HPG,BONCAT,A,9.418651973
MOBY,M4,100,HPG,BONCAT,A,25.03432006
MOBY,M4,100,HPG,BONCAT,A,7.650353889
MOBY,M4,100,HPG,BONCAT,A,36.21245579
MOBY,M4,100,HPG,BONCAT,A,1.011595963
MOBY,M4,100,HPG,BONCAT,A,4.835555713
MOBY,M4,100,HPG,BONCAT,A,1.352524547
MOBY,M4,100,HPG,BONCAT,A,17.39903571
MOBY,M4,100,HPG,BONCAT,A,3.258632609
MOBY,M4,100,HPG,BONCAT,A,0.986588029
MOBY,M4,100,HPG,BONCAT,A,46.81467496
MOBY,M4,100,HPG,BONCAT,A,2.618279835
MOBY,M4,100,HPG,BONCAT,A,2.453573974
MOBY,M4,100,HPG,BONCAT,A,8.153083203
MOBY,M4,100,HPG,BONCAT,A,13.91289012
MOBY,M4,100,HPG,BONCAT,A,17.76890054
MOBY,M4,100,HPG,BONCAT,A,8.59220332
MOBY,M4,100,HPG,BONCAT,A,2.430069093
MOBY,M4,100,HPG,BONCAT,A,5.766676505
MOBY,M4,100,HPG,BONCAT,A,2.866051948
MOBY,M4,100,HPG,BONCAT,A,20.53302046
MOBY,M4,100,HPG,BONCAT,A,3.135265273
MOBY,M4,100,HPG,BONCAT,A,68.69710382
MOBY,M4,100,HPG,BONCAT,A,2.740542617
MOBY,M4,100,HPG,BONCAT,A,0.561396392
MOBY,M4,100,HPG,BONCAT,A,4.108640189
MOBY,M4,100,HPG,BONCAT,A,3.483743365
MOBY,M4,100,HPG,BONCAT,A,22.44084839
MOBY,M4,100,HPG,BONCAT,A,13.51785132
MOBY,M4,100,HPG,BONCAT,A,13.25007981
MOBY,M4,100,HPG,BONCAT,A,0.579505999
MOBY,M4,100,HPG,BONCAT,A,1.216568841
MOBY,M4,100,HPG,BONCAT,A,4.68428193
MOBY,M4,100,HPG,BONCAT,A,11.36232553
MOBY,M4,100,HPG,BONCAT,A,0.610218226
MOBY,M4,100,HPG,BONCAT,A,2.661422986
MOBY,M4,100,HPG,BONCAT,A,3.062631465
MOBY,M4,100,HPG,BONCAT,A,1.483112162
MOBY,M4,100,HPG,BONCAT,A,13.84348691
MOBY,M4,100,HPG,BONCAT,A,4.863375192
MOBY,M4,100,HPG,BONCAT,A,0.988233561
MOBY,M4,100,HPG,BONCAT,A,2.821490616
MOBY,M4,100,HPG,BONCAT,A,2.475357786
MOBY,M4,100,HPG,BONCAT,A,3.323433207
MOBY,M4,100,HPG,BONCAT,A,1.095700947
MOBY,M4,100,HPG,BONCAT,A,2.888028202
MOBY,M4,100,HPG,BONCAT,A,9.020969686
MOBY,M4,100,HPG,BONCAT,A,12.71713351
MOBY,M4,100,HPG,BONCAT,A,4.544367865
MOBY,M4,100,HPG,BONCAT,A,17.35530721
MOBY,M4,100,HPG,BONCAT,A,0.961057485
MOBY,M4,100,HPG,BONCAT,A,2.506306263
MOBY,M4,100,HPG,BONCAT,A,24.85479443
MOBY,M4,100,HPG,BONCAT,A,6.693532016
MOBY,M4,100,HPG,BONCAT,A,1.87475543
MOBY,M4,100,HPG,BONCAT,A,2.315007966
MOBY,M4,100,HPG,BONCAT,A,6.100231995
MOBY,M4,100,HPG,BONCAT,A,11.12385828
MOBY,M4,100,HPG,BONCAT,A,0.924057801
MOBY,M4,100,HPG,BONCAT,A,4.765788801
MOBY,M4,100,HPG,BONCAT,A,4.606550238
MOBY,M4,100,HPG,BONCAT,A,7.920190712
MOBY,M4,100,HPG,BONCAT,A,2.253653794
MOBY,M4,100,HPG,BONCAT,A,1.421008554
MOBY,M4,100,HPG,BONCAT,A,6.206107493
MOBY,M4,100,HPG,BONCAT,A,2.737783973
MOBY,M4,100,HPG,BONCAT,A,1.669682004
MOBY,M4,100,HPG,BONCAT,A,1.443366804
MOBY,M4,100,HPG,BONCAT,A,1.480979064
MOBY,M4,100,HPG,BONCAT,A,2.072639342
MOBY,M4,100,HPG,BONCAT,A,9.934669654
MOBY,M4,100,HPG,BONCAT,A,8.759726052
MOBY,M4,100,HPG,BONCAT,A,8.232271994
MOBY,M4,100,HPG,BONCAT,A,21.75661804
MOBY,M4,100,HPG,BONCAT,A,9.298079238
MOBY,M4,100,HPG,BONCAT,A,10.92059808
MOBY,M4,100,HPG,BONCAT,A,7.207457848
MOBY,M4,100,HPG,BONCAT,A,28.67153687
MOBY,M4,100,HPG,BONCAT,A,6.242646282
MOBY,M4,100,HPG,BONCAT,A,15.07528509
MOBY,M4,100,HPG,BONCAT,A,24.95064084
MOBY,M4,100,HPG,BONCAT,A,3.059906671
MOBY,M4,100,HPG,BONCAT,A,5.54616127
MOBY,M4,100,HPG,BONCAT,A,3.923539405
MOBY,M4,100,HPG,BONCAT,A,1.541193357
MOBY,M4,100,HPG,BONCAT,A,6.238294763
MOBY,M4,100,HPG,BONCAT,A,10.82758011
MOBY,M4,100,HPG,BONCAT,A,5.323922273
MOBY,M4,100,HPG,BONCAT,A,4.307716223
MOBY,M4,100,HPG,BONCAT,A,0.986654654
MOBY,M4,100,HPG,BONCAT,A,2.82480144
MOBY,M4,100,HPG,BONCAT,A,6.017110248
MOBY,M4,100,HPG,BONCAT,A,7.238074854
MOBY,M4,100,HPG,BONCAT,A,3.605364937
MOBY,M4,100,HPG,BONCAT,A,22.8001883
MOBY,M4,100,HPG,BONCAT,A,1.142426031
MOBY,M4,100,HPG,BONCAT,A,1.084389253
MOBY,M4,100,HPG,BONCAT,A,0.622516117
MOBY,M4,100,HPG,BONCAT,A,8.791652426
MOBY,M4,100,HPG,BONCAT,A,14.61718267
MOBY,M4,100,HPG,BONCAT,A,8.05925305
MOBY,M4,100,HPG,BONCAT,A,6.947704091
MOBY,M4,100,HPG,BONCAT,A,5.689342777
MOBY,M4,100,HPG,BONCAT,A,8.810344247
MOBY,M4,100,HPG,BONCAT,A,3.155129359
MOBY,M4,100,HPG,BONCAT,A,8.447600353
MOBY,M4,100,HPG,BONCAT,A,1.778317608
MOBY,M4,100,HPG,BONCAT,A,3.349320453
MOBY,M4,100,HPG,BONCAT,A,6.891802921
MOBY,M4,100,HPG,BONCAT,A,32.84324378
MOBY,M4,100,HPG,BONCAT,A,6.232578513
MOBY,M4,100,HPG,BONCAT,A,4.459111276
MOBY,M4,100,HPG,BONCAT,A,7.960938078
MOBY,M4,100,HPG,BONCAT,A,2.835825031
MOBY,M4,100,HPG,BONCAT,A,3.976963878
MOBY,M4,100,HPG,BONCAT,A,8.541516147
MOBY,M4,100,HPG,BONCAT,A,20.42859523
MOBY,M4,100,HPG,BONCAT,A,4.792214477
MOBY,M4,100,HPG,BONCAT,A,3.766222825
MOBY,M4,100,HPG,BONCAT,A,1.24938563
MOBY,M4,100,HPG,BONCAT,A,1.951158738
MOBY,M4,100,HPG,BONCAT,A,0.851884597
MOBY,M4,100,HPG,BONCAT,A,30.05195562
MOBY,M4,100,HPG,BONCAT,A,4.233159727
MOBY,M4,100,HPG,BONCAT,A,9.109422996
MOBY,M4,100,HPG,BONCAT,A,24.13571657
MOBY,M4,100,HPG,BONCAT,A,21.16213038
MOBY,M4,100,HPG,BONCAT,A,6.403994015
MOBY,M4,100,HPG,BONCAT,A,10.11142171
MOBY,M4,100,HPG,BONCAT,A,8.331137049
MOBY,M4,100,HPG,BONCAT,A,1.298610815
MOBY,M4,100,HPG,BONCAT,A,15.13870512
MOBY,M4,100,HPG,BONCAT,A,8.553526631
MOBY,M4,100,HPG,BONCAT,A,11.00047579
MOBY,M4,100,HPG,BONCAT,A,6.749550531
MOBY,M4,100,HPG,BONCAT,A,6.351250755
MOBY,M4,100,HPG,BONCAT,A,4.599924302
MOBY,M4,100,HPG,BONCAT,A,6.444797706
MOBY,M4,100,HPG,BONCAT,A,2.442065365
MOBY,M4,100,HPG,BONCAT,A,5.62288197
MOBY,M4,100,HPG,BONCAT,A,5.297800898
MOBY,M4,100,HPG,BONCAT,A,6.404201474
MOBY,M4,100,HPG,BONCAT,A,8.796670812
MOBY,M4,100,HPG,BONCAT,A,5.834427165
MOBY,M4,100,HPG,BONCAT,A,1.919787676
MOBY,M4,100,HPG,BONCAT,A,2.478113968
MOBY,M4,100,HPG,BONCAT,A,4.043961007
MOBY,M4,100,HPG,BONCAT,A,1.630259962
MOBY,M4,100,HPG,BONCAT,A,4.806376842
MOBY,M4,100,HPG,BONCAT,A,20.80910275
MOBY,M4,100,HPG,BONCAT,A,6.231318084
MOBY,M4,100,HPG,BONCAT,A,21.14337923
MOBY,M4,100,HPG,BONCAT,A,6.592840737
MOBY,M4,100,HPG,BONCAT,A,2.644837837
MOBY,M4,100,HPG,BONCAT,A,9.23297301
MOBY,M4,100,HPG,BONCAT,A,2.340441045
MOBY,M4,100,HPG,BONCAT,A,3.178148747
MOBY,M4,100,HPG,BONCAT,A,3.483484614
MOBY,M4,100,HPG,BONCAT,A,5.358689335
MOBY,M4,100,HPG,BONCAT,A,3.023991893
MOBY,M4,100,HPG,BONCAT,A,3.708461204
MOBY,M4,100,HPG,BONCAT,A,0.738204071
MOBY,M4,100,HPG,BONCAT,A,6.831367871
MOBY,M4,100,HPG,BONCAT,A,26.89282396
MOBY,M4,100,HPG,BONCAT,A,13.2331769
MOBY,M4,100,HPG,BONCAT,A,2.991114523
MOBY,M4,100,HPG,BONCAT,A,7.229340527
MOBY,M4,100,HPG,BONCAT,A,5.459614474
MOBY,M4,100,HPG,BONCAT,A,6.866007264
MOBY,M4,100,HPG,BONCAT,A,5.85829282
MOBY,M4,100,HPG,BONCAT,A,34.79866356
MOBY,M4,100,HPG,BONCAT,A,3.177461914
MOBY,M4,100,HPG,BONCAT,A,5.295053237
MOBY,M4,100,HPG,BONCAT,A,6.083327198
MOBY,M4,100,HPG,BONCAT,A,5.581198943
MOBY,M4,100,HPG,BONCAT,A,12.21381974
MOBY,M4,100,HPG,BONCAT,A,9.863561475
MOBY,M4,100,HPG,BONCAT,A,1.748566348
MOBY,M4,100,HPG,BONCAT,A,16.60796324
MOBY,M4,100,HPG,BONCAT,A,2.902337203
MOBY,M4,100,HPG,BONCAT,A,5.606857289
MOBY,M4,100,HPG,BONCAT,A,1.154199644
MOBY,M4,100,HPG,BONCAT,A,35.91767538
MOBY,M4,100,HPG,BONCAT,A,9.734554741
MOBY,M4,100,HPG,BONCAT,A,14.76095649
MOBY,M4,100,HPG,BONCAT,A,9.548677388
MOBY,M4,100,HPG,BONCAT,A,2.854896763
MOBY,M4,100,HPG,BONCAT,A,5.908146573
MOBY,M4,100,HPG,BONCAT,A,1.462492314
MOBY,M4,100,HPG,BONCAT,A,4.333144487
MOBY,M4,100,HPG,BONCAT,A,27.69679448
MOBY,M4,100,HPG,BONCAT,A,13.87301712
MOBY,M4,100,HPG,BONCAT,A,8.353685547
MOBY,M4,100,HPG,BONCAT,A,3.026348356
MOBY,M4,100,HPG,BONCAT,A,3.227274626
MOBY,M4,100,HPG,BONCAT,A,3.504764381
MOBY,M4,100,HPG,BONCAT,A,7.409329849
MOBY,M4,100,HPG,BONCAT,A,2.079823663
MOBY,M4,100,HPG,BONCAT,A,0.902537311
MOBY,M4,100,HPG,BONCAT,A,7.867589968
MOBY,M4,100,HPG,BONCAT,A,35.47429913
MOBY,M4,100,HPG,BONCAT,A,3.155260672
MOBY,M4,100,HPG,BONCAT,A,18.35772173
MOBY,M4,100,HPG,BONCAT,A,4.75375996
MOBY,M4,100,HPG,BONCAT,A,7.913077966
MOBY,M4,100,HPG,BONCAT,A,2.494188149
MOBY,M4,100,HPG,BONCAT,A,7.821090663
MOBY,M4,100,HPG,BONCAT,A,5.490660086
MOBY,M4,100,HPG,BONCAT,A,8.865826196
MOBY,M4,100,HPG,BONCAT,A,9.05724235
MOBY,M4,100,HPG,BONCAT,A,4.482116342
MOBY,M4,100,HPG,BONCAT,A,15.62668602
MOBY,M4,100,HPG,BONCAT,A,17.04555416
MOBY,M4,100,HPG,BONCAT,A,3.94027659
MOBY,M4,100,HPG,BONCAT,A,0.982000577
MOBY,M4,100,HPG,BONCAT,A,2.487377291
MOBY,M4,100,HPG,BONCAT,A,0.796627147
MOBY,M4,100,HPG,BONCAT,A,2.430141289
MOBY,M4,100,HPG,BONCAT,A,5.126836541
MOBY,M4,100,HPG,BONCAT,A,10.12944873
MOBY,M4,100,HPG,BONCAT,A,21.2033857
MOBY,M4,100,HPG,BONCAT,A,4.967263716
MOBY,M4,100,HPG,BONCAT,A,0.842675125
MOBY,M4,100,HPG,BONCAT,A,3.012039356
MOBY,M4,100,HPG,BONCAT,A,7.005701376
MOBY,M4,100,HPG,BONCAT,A,66.04256465
MOBY,M4,100,HPG,BONCAT,A,18.32723001
MOBY,M4,100,HPG,BONCAT,A,52.86964349
MOBY,M4,100,HPG,BONCAT,A,8.264512128
MOBY,M4,100,HPG,BONCAT,A,1.617725845
MOBY,M4,100,HPG,BONCAT,A,1.649595454
MOBY,M4,100,HPG,BONCAT,A,1.53506832
MOBY,M4,100,HPG,BONCAT,A,21.73288069
MOBY,M4,100,HPG,BONCAT,A,30.10026053
MOBY,M4,100,HPG,BONCAT,A,8.750727428
MOBY,M4,100,HPG,BONCAT,A,2.706900623
MOBY,M4,100,HPG,BONCAT,A,4.017310563
MOBY,M4,100,HPG,BONCAT,A,12.57863788
MOBY,M4,100,HPG,BONCAT,A,5.529302182
MOBY,M4,100,HPG,BONCAT,A,15.17679749
MOBY,M4,100,HPG,BONCAT,A,2.339517438
MOBY,M4,100,HPG,BONCAT,A,27.63258617
MOBY,M4,100,HPG,BONCAT,A,11.85063601
MOBY,M4,100,HPG,BONCAT,A,3.069012035
MOBY,M4,100,HPG,BONCAT,A,12.48153943
MOBY,M4,100,HPG,BONCAT,A,1.451644014
MOBY,M4,100,HPG,BONCAT,A,0.854186964
MOBY,M4,100,HPG,BONCAT,A,6.877961959
MOBY,M4,100,HPG,BONCAT,A,5.003452786
MOBY,M4,100,HPG,BONCAT,A,1.815859416
MOBY,M4,100,HPG,BONCAT,A,1.073580922
MOBY,M4,100,HPG,BONCAT,A,5.516382815
MOBY,M4,100,HPG,BONCAT,A,1.91792742
MOBY,M4,100,HPG,BONCAT,A,6.691903317
MOBY,M4,100,HPG,BONCAT,A,1.445325865
MOBY,M4,100,HPG,BONCAT,A,1.336172223
MOBY,M4,100,HPG,BONCAT,A,9.504610033
MOBY,M4,100,HPG,BONCAT,A,4.334572968
MOBY,M4,100,HPG,BONCAT,A,6.040729121
MOBY,M4,100,HPG,BONCAT,A,2.324974418
MOBY,M4,100,HPG,BONCAT,A,17.37079307
MOBY,M4,100,HPG,BONCAT,A,4.10977969
MOBY,M4,100,HPG,BONCAT,A,2.282211252
MOBY,M4,100,HPG,BONCAT,A,6.443550783
MOBY,M4,100,HPG,BONCAT,A,9.557157048
MOBY,M4,100,HPG,BONCAT,A,5.55376291
MOBY,M4,100,HPG,BONCAT,A,5.970234944
MOBY,M4,100,HPG,BONCAT,A,6.497742976
MOBY,M4,100,HPG,BONCAT,A,7.202615303
MOBY,M4,100,HPG,BONCAT,A,7.012618707
MOBY,M4,100,HPG,BONCAT,A,2.909779141
MOBY,M4,100,HPG,BONCAT,A,6.319139838
MOBY,M4,100,HPG,BONCAT,A,25.49386268
MOBY,M4,100,HPG,BONCAT,A,11.09711223
MOBY,M4,100,HPG,BONCAT,A,22.25743019
MOBY,M4,100,HPG,BONCAT,A,2.693005017
MOBY,M4,100,HPG,BONCAT,A,7.854151589
MOBY,M4,100,HPG,BONCAT,A,8.649431703
MOBY,M4,100,HPG,BONCAT,A,19.526683
MOBY,M4,100,HPG,BONCAT,A,14.62643106
MOBY,M4,100,HPG,BONCAT,A,2.733014672
MOBY,M4,100,HPG,BONCAT,A,3.940364205
MOBY,M4,100,HPG,BONCAT,A,11.02959325
MOBY,M4,100,HPG,BONCAT,A,6.968669404
MOBY,M4,100,HPG,BONCAT,A,7.679455432
MOBY,M4,100,HPG,BONCAT,A,5.026203757
MOBY,M4,100,HPG,BONCAT,A,2.053226742
MOBY,M4,100,HPG,BONCAT,A,3.609883422
MOBY,M4,100,HPG,BONCAT,A,19.55693849
MOBY,M4,100,HPG,BONCAT,A,0.8587917
MOBY,M4,100,HPG,BONCAT,A,2.34598054
MOBY,M4,100,HPG,BONCAT,A,27.38974388
MOBY,M4,100,HPG,BONCAT,A,2.405659913
MOBY,M4,100,HPG,BONCAT,A,0.923825123
MOBY,M4,100,HPG,BONCAT,A,19.45363542
MOBY,M4,100,HPG,BONCAT,A,2.537277777
MOBY,M4,100,HPG,BONCAT,A,2.670693086
MOBY,M4,100,HPG,BONCAT,A,12.90966732
MOBY,M4,100,HPG,BONCAT,A,14.77301836
MOBY,M4,100,HPG,BONCAT,A,50.52051267
MOBY,M4,100,HPG,BONCAT,A,8.261901741
MOBY,M4,100,HPG,BONCAT,A,26.05618903
MOBY,M4,100,HPG,BONCAT,A,8.343228299
MOBY,M4,100,HPG,BONCAT,A,4.574086032
MOBY,M4,100,HPG,BONCAT,A,15.16771257
MOBY,M4,100,HPG,BONCAT,A,0.98195616
MOBY,M4,100,HPG,BONCAT,A,4.072835113
MOBY,M4,100,HPG,BONCAT,A,2.793864153
MOBY,M4,100,HPG,BONCAT,A,1.593815517
MOBY,M4,100,HPG,BONCAT,A,4.767543194
MOBY,M4,100,HPG,BONCAT,A,6.800053806
MOBY,M4,100,HPG,BONCAT,A,1.956181073
MOBY,M4,100,HPG,BONCAT,A,1.450419226
MOBY,M4,100,HPG,BONCAT,A,0.624779858
MOBY,M4,100,HPG,BONCAT,A,7.828079495
MOBY,M4,100,HPG,BONCAT,A,1.300955089
MOBY,M4,100,HPG,BONCAT,A,3.033075219
MOBY,M4,100,HPG,BONCAT,A,2.873993445
MOBY,M4,100,HPG,BONCAT,A,0.731347686
MOBY,M4,100,HPG,BONCAT,A,5.848809958
MOBY,M4,100,HPG,BONCAT,A,5.728711052
MOBY,M4,100,HPG,BONCAT,A,2.888384552
MOBY,M4,100,HPG,BONCAT,A,5.832023871
MOBY,M4,100,HPG,BONCAT,A,10.39016193
MOBY,M4,100,HPG,BONCAT,A,1.989911084
MOBY,M4,100,HPG,BONCAT,A,6.26489695
MOBY,M4,100,HPG,BONCAT,A,1.21718611
MOBY,M4,100,HPG,BONCAT,A,10.43824315
MOBY,M4,100,HPG,BONCAT,A,4.928552057
MOBY,M4,100,HPG,BONCAT,A,8.890353891
MOBY,M4,100,HPG,BONCAT,A,5.633771189
MOBY,M4,100,HPG,BONCAT,A,4.935877698
MOBY,M4,100,HPG,BONCAT,A,3.380741648
MOBY,M4,100,HPG,BONCAT,A,7.729861256
MOBY,M4,100,HPG,BONCAT,A,7.961097231
MOBY,M4,100,HPG,BONCAT,A,4.225474286
MOBY,M4,100,HPG,BONCAT,A,12.1994368
MOBY,M4,100,HPG,BONCAT,A,77.20507538
MOBY,M4,100,HPG,BONCAT,A,7.592790732
MOBY,M4,100,HPG,BONCAT,A,3.639325103
MOBY,M4,100,HPG,BONCAT,A,77.7909869
MOBY,M4,100,HPG,BONCAT,A,17.56994337
MOBY,M4,100,HPG,BONCAT,A,12.25918475
MOBY,M4,100,HPG,BONCAT,A,4.583493077
MOBY,M4,100,HPG,BONCAT,A,13.86025756
MOBY,M4,100,HPG,BONCAT,A,25.34845412
MOBY,M4,100,HPG,BONCAT,A,4.657429853
MOBY,M4,100,HPG,BONCAT,A,4.604904682
MOBY,M4,100,HPG,BONCAT,A,2.866741999
MOBY,M4,100,HPG,BONCAT,A,2.422921498
MOBY,M4,100,HPG,BONCAT,A,1.863336777
MOBY,M4,100,HPG,BONCAT,A,19.89299312
MOBY,M4,100,HPG,BONCAT,A,5.504571075
MOBY,M4,100,HPG,BONCAT,A,9.153479161
MOBY,M4,100,HPG,BONCAT,A,1.214849674
MOBY,M4,100,HPG,BONCAT,A,21.51719358
MOBY,M4,100,HPG,BONCAT,A,53.28454337
MOBY,M4,100,HPG,BONCAT,A,47.08160431
MOBY,M4,100,HPG,BONCAT,A,18.57887334
MOBY,M4,100,HPG,BONCAT,A,0.647416787
MOBY,M4,100,HPG,BONCAT,A,4.479098704
MOBY,M4,100,HPG,BONCAT,A,19.23970327
MOBY,M4,100,HPG,BONCAT,A,9.225219713
MOBY,M4,100,HPG,BONCAT,A,13.24041541
MOBY,M4,100,HPG,BONCAT,A,4.651041824
MOBY,M4,100,HPG,BONCAT,A,5.795359047
MOBY,M4,100,HPG,BONCAT,A,107.9434705
MOBY,M4,100,HPG,BONCAT,A,7.088767786
MOBY,M4,100,HPG,BONCAT,A,4.240597667
MOBY,M4,100,HPG,BONCAT,A,2.230271951
MOBY,M4,100,HPG,BONCAT,A,1.509090241
MOBY,M4,100,HPG,BONCAT,A,1.918927172
MOBY,M4,100,HPG,BONCAT,A,3.832066849
MOBY,M4,100,HPG,BONCAT,A,3.013761923
MOBY,M4,100,HPG,BONCAT,A,10.50088905
MOBY,M4,100,HPG,BONCAT,A,8.403747344
MOBY,M4,100,HPG,BONCAT,A,4.041237992
MOBY,M4,100,HPG,BONCAT,A,1.535046648
MOBY,M4,100,HPG,BONCAT,A,3.988892171
MOBY,M4,100,HPG,BONCAT,A,4.725593359
MOBY,M4,100,HPG,BONCAT,A,1.170488659
MOBY,M4,100,HPG,BONCAT,A,23.75150623
MOBY,M4,100,HPG,BONCAT,A,99.07860191
MOBY,M4,100,HPG,BONCAT,A,5.189289757
MOBY,M4,100,HPG,BONCAT,A,6.586517261
MOBY,M4,100,HPG,BONCAT,A,29.14274162
MOBY,M4,100,HPG,BONCAT,A,5.399598657
MOBY,M4,100,HPG,BONCAT,A,8.719008733
MOBY,M4,100,HPG,BONCAT,A,3.392713018
MOBY,M4,100,HPG,BONCAT,A,2.828657824
MOBY,M4,100,HPG,BONCAT,A,2.020670471
MOBY,M4,100,HPG,BONCAT,A,3.14409164
MOBY,M4,100,HPG,BONCAT,A,1.607177288
MOBY,M4,100,HPG,BONCAT,A,6.732438531
MOBY,M4,100,HPG,BONCAT,A,16.24766042
MOBY,M4,100,HPG,BONCAT,A,10.13722039
MOBY,M4,100,HPG,BONCAT,A,1.354868517
MOBY,M4,100,HPG,BONCAT,A,2.880873976
MOBY,M4,100,HPG,BONCAT,A,2.003379315
MOBY,M4,100,HPG,BONCAT,A,4.785035129
MOBY,M4,100,HPG,BONCAT,A,60.05719142
MOBY,M4,100,HPG,BONCAT,A,8.720758775
MOBY,M4,100,HPG,BONCAT,A,8.211268383
MOBY,M4,100,HPG,BONCAT,A,11.50100855
MOBY,M4,100,HPG,BONCAT,A,7.880705312
MOBY,M4,100,HPG,BONCAT,A,0.789720043
MOBY,M4,100,HPG,BONCAT,A,8.221109812
MOBY,M4,100,HPG,BONCAT,A,1.053750124
MOBY,M4,100,HPG,BONCAT,A,13.40076851
MOBY,M4,100,HPG,BONCAT,A,2.27530377
MOBY,M4,100,HPG,BONCAT,A,1.622449132
MOBY,M4,100,HPG,BONCAT,A,59.5840687
MOBY,M4,100,HPG,BONCAT,A,4.03155412
MOBY,M4,100,HPG,BONCAT,A,18.38470151
MOBY,M4,100,HPG,BONCAT,A,3.529204059
MOBY,M4,100,HPG,BONCAT,A,9.883682202
MOBY,M4,100,HPG,BONCAT,A,1.964819922
MOBY,M4,100,HPG,BONCAT,A,2.349057137
MOBY,M4,100,HPG,BONCAT,A,11.56519711
MOBY,M4,100,HPG,BONCAT,A,1.791156453
MOBY,M4,100,HPG,BONCAT,A,8.262103252
MOBY,M4,100,HPG,BONCAT,A,8.764963209
MOBY,M4,100,HPG,BONCAT,A,7.079682997
MOBY,M4,100,HPG,BONCAT,A,24.20658343
MOBY,M4,100,HPG,BONCAT,A,26.66637288
MOBY,M4,100,HPG,BONCAT,A,1.16812487
MOBY,M4,100,HPG,BONCAT,A,3.707589949
MOBY,M4,100,HPG,BONCAT,A,2.418772136
MOBY,M4,100,HPG,BONCAT,A,29.54205453
MOBY,M4,100,HPG,BONCAT,A,4.168722681
MOBY,M4,100,HPG,BONCAT,A,36.15834666
MOBY,M4,100,HPG,BONCAT,A,2.226523452
MOBY,M4,100,HPG,BONCAT,A,17.54542665
MOBY,M4,100,HPG,BONCAT,A,21.69862875
MOBY,M4,100,HPG,BONCAT,A,1.726361449
MOBY,M4,100,HPG,BONCAT,A,9.948737407
MOBY,M4,100,HPG,BONCAT,A,4.276477218
MOBY,M4,100,HPG,BONCAT,A,1.753298313
MOBY,M4,100,HPG,BONCAT,A,34.42087056
MOBY,M4,100,HPG,BONCAT,A,4.65344697
MOBY,M4,100,HPG,BONCAT,A,10.2239433
MOBY,M4,100,HPG,BONCAT,A,9.794704871
MOBY,M4,100,HPG,BONCAT,A,7.727199028
MOBY,M4,100,HPG,BONCAT,A,5.267287927
MOBY,M4,100,HPG,BONCAT,A,6.932792984
MOBY,M4,100,HPG,BONCAT,A,1.675517549
MOBY,M4,100,HPG,BONCAT,A,4.340811729
MOBY,M4,100,HPG,BONCAT,A,14.24483522
MOBY,M4,100,HPG,BONCAT,A,6.44720512
MOBY,M4,100,HPG,BONCAT,A,3.179850983
MOBY,M4,100,HPG,BONCAT,A,3.567496887
MOBY,M4,100,HPG,BONCAT,A,14.91200343
MOBY,M4,100,HPG,BONCAT,A,3.33300405
MOBY,M4,100,HPG,BONCAT,A,0.833465447
MOBY,M4,100,HPG,BONCAT,A,6.440536789
MOBY,M4,100,HPG,BONCAT,A,3.281155838
MOBY,M4,100,HPG,BONCAT,A,6.753768432
MOBY,M4,100,HPG,BONCAT,A,7.113825025
MOBY,M4,100,HPG,BONCAT,A,1.910806166
MOBY,M4,100,HPG,BONCAT,A,1.28220242
MOBY,M4,100,HPG,BONCAT,A,2.655875507
MOBY,M4,100,HPG,BONCAT,A,2.639722096
MOBY,M4,100,HPG,BONCAT,A,2.687702746
MOBY,M4,100,HPG,BONCAT,A,5.994892149
MOBY,M4,100,HPG,BONCAT,A,31.22443054
MOBY,M4,100,HPG,BONCAT,A,0.780510572
MOBY,M4,100,HPG,BONCAT,A,12.7194868
MOBY,M4,100,HPG,BONCAT,A,2.258712965
MOBY,M4,100,HPG,BONCAT,A,1.642090681
MOBY,M4,100,HPG,BONCAT,A,13.53992348
MOBY,M4,100,HPG,BONCAT,A,14.54908201
MOBY,M4,100,HPG,BONCAT,A,10.6933115
MOBY,M4,100,HPG,BONCAT,A,1.851054584
MOBY,M4,100,HPG,BONCAT,A,38.04649587
MOBY,M4,100,HPG,BONCAT,A,4.370077399
MOBY,M4,100,HPG,BONCAT,A,124.0357771
MOBY,M4,100,HPG,BONCAT,A,4.168722681
MOBY,M4,100,HPG,BONCAT,A,15.90237862
MOBY,M4,100,HPG,BONCAT,A,1.433963903
MOBY,M4,100,HPG,BONCAT,A,4.120778537
MOBY,M4,100,HPG,BONCAT,A,74.28064965
MOBY,M4,100,HPG,BONCAT,A,1.855042014
MOBY,M4,100,HPG,BONCAT,A,67.74445703
MOBY,M4,100,HPG,BONCAT,A,5.212375905
MOBY,M4,100,HPG,BONCAT,A,3.591413565
MOBY,M4,100,HPG,BONCAT,A,1.717806559
MOBY,M4,100,HPG,BONCAT,A,2.288935421
MOBY,M4,100,HPG,BONCAT,A,7.669370452
MOBY,M4,100,HPG,BONCAT,A,23.81531668
MOBY,M4,100,HPG,BONCAT,A,5.187330781
MOBY,M4,100,HPG,BONCAT,A,5.020128403
MOBY,M4,100,HPG,BONCAT,A,13.29731914
MOBY,M4,100,HPG,BONCAT,A,6.603806394
MOBY,M4,100,HPG,BONCAT,A,9.390723694
MOBY,M4,100,HPG,BONCAT,A,11.07372338
MOBY,M4,100,HPG,BONCAT,A,10.98133464
MOBY,M4,100,HPG,BONCAT,A,2.37925686
MOBY,M4,100,HPG,BONCAT,A,13.32897772
MOBY,M4,100,HPG,BONCAT,A,3.864614235
MOBY,M4,100,HPG,BONCAT,A,9.867590969
MOBY,M4,100,HPG,BONCAT,A,8.478956008
MOBY,M4,100,HPG,BONCAT,A,3.550156694
MOBY,M4,100,HPG,BONCAT,A,15.84363322
MOBY,M4,100,HPG,BONCAT,A,25.36782204
MOBY,M4,100,HPG,BONCAT,A,27.23931834
MOBY,M4,100,HPG,BONCAT,A,1.668447855
MOBY,M4,100,HPG,BONCAT,A,82.18026146
MOBY,M4,100,HPG,BONCAT,A,4.534929116
MOBY,M4,100,HPG,BONCAT,A,10.68454229
MOBY,M4,100,HPG,BONCAT,A,9.754449251
MOBY,M4,100,HPG,BONCAT,A,2.950474568
MOBY,M4,100,HPG,BONCAT,A,37.51554538
MOBY,M4,100,HPG,BONCAT,A,7.60291585
MOBY,M4,100,HPG,BONCAT,A,0.937953407
MOBY,M4,100,HPG,BONCAT,A,95.75558109
MOBY,M4,100,HPG,BONCAT,A,1.196085828
MOBY,M4,100,HPG,BONCAT,A,12.15308875
MOBY,M4,100,HPG,BONCAT,A,5.491795991
MOBY,M4,100,HPG,BONCAT,A,9.949118366
MOBY,M4,100,HPG,BONCAT,A,4.986223685
MOBY,M4,100,HPG,BONCAT,A,6.596870402
MOBY,M4,100,HPG,BONCAT,A,4.449193799
MOBY,M4,100,HPG,BONCAT,A,4.224798777
MOBY,M4,100,HPG,BONCAT,A,20.13812818
MOBY,M4,100,HPG,BONCAT,A,1.831380576
MOBY,M4,100,HPG,BONCAT,A,22.19356708
MOBY,M4,100,HPG,BONCAT,A,1.128602475
MOBY,M4,100,HPG,BONCAT,A,4.660147456
MOBY,M4,100,HPG,BONCAT,A,10.71573362
MOBY,M4,100,HPG,BONCAT,A,5.170496535
MOBY,M4,100,HPG,BONCAT,A,3.845234399
MOBY,M4,100,HPG,BONCAT,A,2.969112903
MOBY,M4,100,HPG,BONCAT,A,0.706272931
MOBY,M4,100,HPG,BONCAT,A,3.359192916
MOBY,M4,100,HPG,BONCAT,A,3.502158029
MOBY,M4,100,HPG,BONCAT,A,4.243035492
MOBY,M4,100,HPG,BONCAT,A,29.22190135
MOBY,M4,100,HPG,BONCAT,A,34.64705031
MOBY,M4,100,HPG,BONCAT,A,9.688695073
MOBY,M4,100,HPG,BONCAT,A,0.631570921
MOBY,M4,100,HPG,BONCAT,A,15.67611568
MOBY,M4,100,HPG,BONCAT,A,1.588649789
MOBY,M4,100,HPG,BONCAT,A,1.110734298
MOBY,M4,100,HPG,BONCAT,A,1.900827
MOBY,M4,100,HPG,BONCAT,A,13.94549053
MOBY,M4,100,HPG,BONCAT,A,2.544425372
MOBY,M4,100,HPG,BONCAT,A,1.072338545
MOBY,M4,100,HPG,BONCAT,A,11.34787186
MOBY,M4,100,HPG,BONCAT,A,8.727132446
MOBY,M4,100,HPG,BONCAT,A,13.09920263
MOBY,M4,100,HPG,BONCAT,A,7.176318697
MOBY,M4,100,HPG,BONCAT,A,4.985647566
MOBY,M4,100,HPG,BONCAT,A,2.790446748
MOBY,M4,100,HPG,BONCAT,A,4.166325006
MOBY,M4,100,HPG,BONCAT,A,2.247867896
MOBY,M4,100,HPG,BONCAT,A,5.868025424
MOBY,M4,100,HPG,BONCAT,A,11.54687174
MOBY,M4,100,HPG,BONCAT,A,0.935637473
MOBY,M4,100,HPG,BONCAT,A,2.500477739
MOBY,M4,100,HPG,BONCAT,A,2.529708548
MOBY,M4,100,HPG,BONCAT,A,41.29211622
MOBY,M4,100,HPG,BONCAT,A,3.449051655
MOBY,M4,100,HPG,BONCAT,A,2.477837591
MOBY,M4,100,HPG,BONCAT,A,25.36156133
MOBY,M4,100,HPG,BONCAT,A,7.084782319
MOBY,M4,100,HPG,BONCAT,A,20.39845712
MOBY,M4,100,HPG,BONCAT,A,6.424305746
MOBY,M4,100,HPG,BONCAT,A,3.953060218
MOBY,M4,100,HPG,BONCAT,A,38.85262093
MOBY,M4,100,HPG,BONCAT,A,8.792188748
MOBY,M4,100,HPG,BONCAT,A,3.591198379
MOBY,M4,100,HPG,BONCAT,A,3.317982436
MOBY,M4,100,HPG,BONCAT,A,10.74316895
MOBY,M4,100,HPG,BONCAT,A,2.507608379
MOBY,M4,100,HPG,BONCAT,A,1.754701172
MOBY,M4,100,HPG,BONCAT,A,8.240295293
MOBY,M4,100,HPG,BONCAT,A,4.372018774
MOBY,M4,100,HPG,BONCAT,A,0.726776763
MOBY,M4,100,HPG,BONCAT,A,6.829659894
MOBY,M4,100,HPG,BONCAT,A,22.64291783
MOBY,M4,100,HPG,BONCAT,A,15.64947237
MOBY,M4,100,HPG,BONCAT,A,1.435147943
MOBY,M4,100,HPG,BONCAT,A,3.103003467
MOBY,M4,100,HPG,BONCAT,A,3.076430131
MOBY,M4,100,HPG,BONCAT,A,6.316893747
MOBY,M4,100,HPG,BONCAT,A,31.241204
MOBY,M4,100,HPG,BONCAT,A,11.20085043
MOBY,M4,100,HPG,BONCAT,A,9.929846806
MOBY,M4,100,HPG,BONCAT,A,3.344239659
MOBY,M4,100,HPG,BONCAT,A,22.54629594
MOBY,M4,100,HPG,BONCAT,A,0.874908482
MOBY,M4,100,HPG,BONCAT,A,12.3593032
MOBY,M4,100,HPG,BONCAT,A,7.915480845
MOBY,M4,100,HPG,BONCAT,A,0.79762607
MOBY,M4,100,HPG,BONCAT,A,0.606670251
MOBY,M4,100,HPG,BONCAT,A,56.80014851
MOBY,M4,100,HPG,BONCAT,A,13.30233025
MOBY,M4,100,HPG,BONCAT,A,2.306183037
MOBY,M4,100,HPG,BONCAT,A,2.215577018
MOBY,M4,100,HPG,BONCAT,A,0.96574462
MOBY,M4,100,HPG,BONCAT,A,1.820243272
MOBY,M4,100,HPG,BONCAT,A,17.55279936
MOBY,M4,100,HPG,BONCAT,A,6.543367748
MOBY,M4,100,HPG,BONCAT,A,3.684728472
MOBY,M4,100,HPG,BONCAT,A,2.013217343
MOBY,M4,100,HPG,BONCAT,A,9.264646557
MOBY,M4,100,HPG,BONCAT,A,18.2885678
MOBY,M4,100,HPG,BONCAT,A,1.571828817
MOBY,M4,100,HPG,BONCAT,A,11.79995959
MOBY,M4,100,HPG,BONCAT,A,13.55498085
MOBY,M4,100,HPG,BONCAT,A,7.873455742
MOBY,M4,100,HPG,BONCAT,A,2.741465699
MOBY,M4,100,HPG,BONCAT,A,1.318776642
MOBY,M4,100,HPG,BONCAT,A,3.171001676
MOBY,M4,100,HPG,BONCAT,A,0.740489532
MOBY,M4,100,HPG,BONCAT,A,4.720077096
MOBY,M4,100,HPG,BONCAT,A,2.876306015
MOBY,M4,100,HPG,BONCAT,A,1.538836675
MOBY,M4,100,HPG,BONCAT,A,4.077459973
MOBY,M4,100,HPG,BONCAT,A,4.506701569
MOBY,M4,100,HPG,BONCAT,A,4.047898704
MOBY,M4,100,HPG,BONCAT,A,8.586675404
MOBY,M4,100,HPG,BONCAT,A,20.43168005
MOBY,M4,100,HPG,BONCAT,A,1.057172527
MOBY,M4,100,HPG,BONCAT,A,11.31769086
MOBY,M4,100,HPG,BONCAT,A,4.06968209
MOBY,M4,100,HPG,BONCAT,A,9.570449523
MOBY,M4,100,HPG,BONCAT,A,2.940861417
MOBY,M4,100,HPG,BONCAT,A,5.158957051
MOBY,M4,100,HPG,BONCAT,A,2.640006444
MOBY,M4,100,HPG,BONCAT,A,9.474046892
MOBY,M4,100,HPG,BONCAT,A,10.05517512
MOBY,M4,100,HPG,BONCAT,A,6.623026138
MOBY,M4,100,HPG,BONCAT,A,24.8795046
MOBY,M4,100,HPG,BONCAT,A,2.890413127
MOBY,M4,100,HPG,BONCAT,A,2.063176337
MOBY,M4,100,HPG,BONCAT,A,2.279427901
MOBY,M4,100,HPG,BONCAT,A,6.818238705
MOBY,M4,100,HPG,BONCAT,A,18.41943955
MOBY,M4,100,HPG,BONCAT,A,6.132254359
MOBY,M4,100,HPG,BONCAT,A,5.097782254
MOBY,M4,100,HPG,BONCAT,A,62.07174054
MOBY,M4,100,HPG,BONCAT,A,4.474933654
MOBY,M4,100,HPG,BONCAT,A,4.048415962
MOBY,M4,100,HPG,BONCAT,A,0.649071071
MOBY,M4,100,HPG,BONCAT,A,3.072202308
MOBY,M4,100,HPG,BONCAT,A,3.595360369
MOBY,M4,100,HPG,BONCAT,A,3.714175248
MOBY,M4,100,HPG,BONCAT,A,0.98432736
MOBY,M4,100,HPG,BONCAT,A,1.717806559
MOBY,M4,100,HPG,BONCAT,A,8.08126653
MOBY,M4,100,HPG,BONCAT,A,8.736283312
MOBY,M4,100,HPG,BONCAT,A,2.260916857
MOBY,M4,100,HPG,BONCAT,A,5.369753784
MOBY,M4,100,HPG,BONCAT,A,1.454772439
MOBY,M4,100,HPG,BONCAT,A,5.956971771
MOBY,M4,100,HPG,BONCAT,A,1.466874549
MOBY,M4,100,HPG,BONCAT,A,17.28206652
MOBY,M4,100,HPG,BONCAT,A,2.725859898
MOBY,M4,100,HPG,BONCAT,A,2.584926139
MOBY,M4,100,HPG,BONCAT,A,3.864389126
MOBY,M4,100,HPG,BONCAT,A,16.23364256
MOBY,M4,100,HPG,BONCAT,A,5.495634908
MOBY,M4,100,HPG,BONCAT,A,14.87363882
MOBY,M4,100,HPG,BONCAT,A,10.17063087
MOBY,M4,100,HPG,BONCAT,A,2.069104495
MOBY,M4,100,HPG,BONCAT,A,3.703022171
MOBY,M4,100,HPG,BONCAT,A,1.89876143
MOBY,M4,100,HPG,BONCAT,A,2.888315671
MOBY,M4,100,HPG,BONCAT,A,14.44196646
MOBY,M4,100,HPG,BONCAT,A,3.69588991
MOBY,M4,100,HPG,BONCAT,A,3.758564627
MOBY,M4,100,HPG,BONCAT,A,3.385257269
MOBY,M4,100,HPG,BONCAT,A,3.050197055
MOBY,M4,100,HPG,BONCAT,A,12.74004744
MOBY,M4,100,HPG,BONCAT,A,33.27456083
MOBY,M4,100,HPG,BONCAT,A,4.439425322
MOBY,M4,100,HPG,BONCAT,A,16.09047771
MOBY,M4,100,HPG,BONCAT,A,2.971861795
MOBY,M4,100,HPG,BONCAT,A,3.690369295
MOBY,M4,100,HPG,BONCAT,A,2.286970911
MOBY,M4,100,HPG,BONCAT,A,11.86346096
MOBY,M4,100,HPG,BONCAT,A,35.38074428
MOBY,M4,100,HPG,BONCAT,A,2.683030056
MOBY,M4,100,HPG,BONCAT,A,18.14652241
MOBY,M4,100,HPG,BONCAT,A,10.97635861
MOBY,M4,100,HPG,BONCAT,A,1.893716533
MOBY,M4,100,HPG,BONCAT,A,5.512295789
MOBY,M4,100,HPG,BONCAT,A,3.73398703
MOBY,M4,100,HPG,BONCAT,A,2.231890301
MOBY,M4,100,HPG,BONCAT,A,13.22907251
MOBY,M4,100,HPG,BONCAT,A,3.837909025
MOBY,M4,100,HPG,BONCAT,A,86.9909711
MOBY,M4,100,HPG,BONCAT,A,5.226735307
MOBY,M4,100,HPG,BONCAT,A,7.506096436
MOBY,M4,100,HPG,BONCAT,A,14.06614937
MOBY,M4,100,HPG,BONCAT,A,2.42537144
MOBY,M4,100,HPG,BONCAT,A,10.93029395
MOBY,M4,100,HPG,BONCAT,A,5.279168243
MOBY,M4,100,HPG,BONCAT,A,4.574086032
MOBY,M4,100,HPG,BONCAT,A,2.467833974
MOBY,M4,100,HPG,BONCAT,A,56.34775719
MOBY,M4,100,HPG,BONCAT,A,1.902364488
MOBY,M4,100,HPG,BONCAT,A,7.564897582
MOBY,M4,100,HPG,BONCAT,A,5.867221137
MOBY,M4,100,HPG,BONCAT,A,4.005767641
MOBY,M4,100,HPG,BONCAT,A,48.12305536
MOBY,M4,100,HPG,BONCAT,A,11.23358164
MOBY,M4,100,HPG,BONCAT,A,5.740165151
MOBY,M4,100,HPG,BONCAT,A,3.858346609
MOBY,M4,100,HPG,BONCAT,A,1.470496414
MOBY,M4,100,HPG,BONCAT,A,3.65847983
MOBY,M4,100,HPG,BONCAT,A,13.5607808
MOBY,M4,100,HPG,BONCAT,A,46.56985815
MOBY,M4,100,HPG,BONCAT,A,0.658735331
MOBY,M4,100,HPG,BONCAT,A,0.731347686
MOBY,M4,100,HPG,BONCAT,A,26.35325734
MOBY,M4,100,HPG,BONCAT,A,8.283754995
MOBY,M4,100,HPG,BONCAT,A,9.495122516
MOBY,M4,100,HPG,BONCAT,A,0.649680528
MOBY,M4,100,HPG,BONCAT,A,2.490970219
MOBY,M4,100,HPG,BONCAT,A,2.424620589
MOBY,M4,100,HPG,BONCAT,A,1.783040895
MOBY,M4,100,HPG,BONCAT,A,2.912853141
MOBY,M4,100,HPG,BONCAT,A,1.261574759
MOBY,M4,100,HPG,BONCAT,A,2.104655977
MOBY,M4,100,HPG,BONCAT,A,2.500477739
MOBY,M4,100,HPG,BONCAT,A,6.228678126
MOBY,M4,100,HPG,BONCAT,A,15.05610769
MOBY,M4,100,HPG,BONCAT,A,70.03085711
MOBY,M4,100,HPG,BONCAT,A,3.749511286
MOBY,M4,100,HPG,BONCAT,A,28.9783009
MOBY,M4,100,HPG,BONCAT,A,0.719920379
MOBY,M4,100,HPG,BONCAT,A,15.87024479
MOBY,M4,100,HPG,BONCAT,A,11.46108745
MOBY,M4,100,HPG,BONCAT,A,2.512362139
MOBY,M4,100,HPG,BONCAT,A,4.364237966
MOBY,M4,100,HPG,BONCAT,A,3.600984408
MOBY,M4,100,HPG,BONCAT,A,0.638361984
MOBY,M4,100,HPG,BONCAT,A,3.167649665
MOBY,M4,100,HPG,BONCAT,A,1.622449132
MOBY,M4,100,HPG,BONCAT,A,12.57707892
MOBY,M4,100,HPG,BONCAT,A,4.869002193
MOBY,M4,100,HPG,BONCAT,A,3.153276843
MOBY,M4,100,HPG,BONCAT,A,11.40212943
MOBY,M4,100,HPG,BONCAT,A,94.58475402
MOBY,M4,100,HPG,BONCAT,A,4.86026644
MOBY,M4,100,HPG,BONCAT,A,3.955455821
MOBY,M4,100,HPG,BONCAT,A,3.487919006
MOBY,M4,100,HPG,BONCAT,A,4.436448323
MOBY,M4,100,HPG,BONCAT,A,3.448463042
MOBY,M4,100,HPG,BONCAT,A,2.752207612
MOBY,M4,100,HPG,BONCAT,A,6.217712336
MOBY,M4,100,HPG,BONCAT,A,3.924245972
MOBY,M4,100,HPG,BONCAT,A,3.880927835
MOBY,M4,100,HPG,BONCAT,A,2.494531516
MOBY,M4,100,HPG,BONCAT,A,2.744938748
MOBY,M4,100,HPG,BONCAT,A,40.59411336
MOBY,M4,100,HPG,BONCAT,A,5.512480344
MOBY,M4,100,HPG,BONCAT,A,3.096233564
MOBY,M4,100,HPG,BONCAT,A,5.227692458
MOBY,M4,100,HPG,BONCAT,A,5.660689038
MOBY,M4,100,HPG,BONCAT,A,2.003379315
MOBY,M4,100,HPG,BONCAT,A,1.289234633
MOBY,M4,100,HPG,BONCAT,A,3.129406276
MOBY,M4,100,HPG,BONCAT,A,1.189151116
MOBY,M4,100,HPG,BONCAT,A,19.99462887
MOBY,M4,100,HPG,BONCAT,A,3.830292575
MOBY,M4,100,HPG,BONCAT,A,10.85594222
MOBY,M4,100,HPG,BONCAT,A,1.616603312
MOBY,M4,100,HPG,BONCAT,A,10.13624916
MOBY,M4,100,HPG,BONCAT,A,8.194100374
MOBY,M4,100,HPG,BONCAT,A,9.671884022
MOBY,M4,100,HPG,BONCAT,A,4.626587203
MOBY,M4,100,HPG,BONCAT,A,10.16318232
MOBY,M4,100,HPG,BONCAT,A,44.84132911
MOBY,M4,100,HPG,BONCAT,A,5.795024065
MOBY,M4,100,HPG,BONCAT,A,14.32328159
MOBY,M4,100,HPG,BONCAT,A,7.592549947
MOBY,M4,100,HPG,BONCAT,A,3.120971131
MOBY,M4,100,HPG,BONCAT,A,16.65608287
MOBY,M4,100,HPG,BONCAT,A,2.360627667
MOBY,M4,100,HPG,BONCAT,A,11.16649536
MOBY,M4,100,HPG,BONCAT,A,1.783040895
MOBY,M4,100,HPG,BONCAT,A,0.599879188
MOBY,M4,100,HPG,BONCAT,A,0.745060455
MOBY,M4,100,HPG,BONCAT,A,1.350180273
MOBY,M4,100,HPG,BONCAT,A,3.174760181
MOBY,M4,100,HPG,BONCAT,A,13.65472601
MOBY,M4,100,HPG,BONCAT,A,3.618749172
MOBY,M4,100,HPG,BONCAT,A,33.01618922
MOBY,M4,100,HPG,BONCAT,A,3.80339802
MOBY,M4,100,HPG,BONCAT,A,14.76788442
MOBY,M4,100,HPG,BONCAT,A,5.800158516
MOBY,M4,100,HPG,BONCAT,A,39.94008826
MOBY,M4,100,HPG,BONCAT,A,2.548746686
MOBY,M4,100,HPG,BONCAT,A,48.26975213
MOBY,M4,100,HPG,BONCAT,A,25.57709657
MOBY,M4,100,HPG,BONCAT,A,13.11678624
MOBY,M4,100,HPG,BONCAT,A,1.600107594
MOBY,M4,100,HPG,BONCAT,A,5.361007085
MOBY,M4,100,HPG,BONCAT,A,2.017971103
MOBY,M4,100,HPG,BONCAT,A,2.730253932
MOBY,M4,100,HPG,BONCAT,A,6.308005399
MOBY,M4,100,HPG,BONCAT,A,3.522004745
MOBY,M4,100,HPG,BONCAT,A,35.70156738
MOBY,M4,100,HPG,BONCAT,A,6.940516869
MOBY,M4,100,HPG,BONCAT,A,7.90009624
MOBY,M4,100,HPG,BONCAT,A,6.629900891
MOBY,M4,100,HPG,BONCAT,A,0.844977493
MOBY,M4,100,HPG,BONCAT,A,1.694145523
MOBY,M4,100,HPG,BONCAT,A,23.67387818
MOBY,M4,100,HPG,BONCAT,A,1.694627298
MOBY,M4,100,HPG,BONCAT,A,4.518784762
MOBY,M4,100,HPG,BONCAT,A,3.038300515
MOBY,M4,100,HPG,BONCAT,A,8.599105194
MOBY,M4,100,HPG,BONCAT,A,12.92155806
MOBY,M4,100,HPG,BONCAT,A,6.848229836
MOBY,M4,100,HPG,BONCAT,A,3.012616145
MOBY,M4,100,HPG,BONCAT,A,9.314515144
MOBY,M4,100,HPG,BONCAT,A,27.73709234
MOBY,M4,100,HPG,BONCAT,A,5.289913398
MOBY,M4,100,HPG,BONCAT,A,9.887912671
MOBY,M4,100,HPG,BONCAT,A,1.365791804
MOBY,M4,100,HPG,BONCAT,A,3.497508267
MOBY,M4,100,HPG,BONCAT,A,14.86736562
MOBY,M4,100,HPG,BONCAT,A,10.9327553
MOBY,M4,100,HPG,BONCAT,A,12.05107857
MOBY,M4,100,HPG,BONCAT,A,1.004587214
MOBY,M4,100,HPG,BONCAT,A,1.982016454
MOBY,M4,100,HPG,BONCAT,A,5.593755171
MOBY,M4,100,HPG,BONCAT,A,2.023036856
MOBY,M4,100,HPG,BONCAT,A,1.182142367
MOBY,M4,100,HPG,BONCAT,A,3.254075033
MOBY,M4,100,HPG,BONCAT,A,0.934770668
MOBY,M4,100,HPG,BONCAT,A,9.126596892
MOBY,M4,100,HPG,BONCAT,A,3.184737933
MOBY,M4,100,HPG,BONCAT,A,6.872317344
MOBY,M4,100,HPG,BONCAT,A,5.028959999
MOBY,M4,100,HPG,BONCAT,A,31.02028522
MOBY,M4,100,HPG,BONCAT,A,1.403404065
MOBY,M4,100,HPG,BONCAT,A,2.527960944
MOBY,M4,100,HPG,BONCAT,A,3.435786995
MOBY,M4,100,HPG,BONCAT,A,6.882658418
MOBY,M4,100,HPG,BONCAT,A,7.441950271
MOBY,M4,100,HPG,BONCAT,A,18.46926377
MOBY,M4,100,HPG,BONCAT,A,8.881338873
MOBY,M4,100,HPG,BONCAT,A,19.94826581
MOBY,M4,100,HPG,BONCAT,A,0.787766004
MOBY,M4,100,HPG,BONCAT,A,3.960166699
MOBY,M4,100,HPG,BONCAT,A,2.267972985
MOBY,M4,100,HPG,BONCAT,A,6.053364798
MOBY,M4,100,HPG,BONCAT,A,3.308434095
MOBY,M4,100,HPG,BONCAT,A,9.899253326
MOBY,M4,100,HPG,BONCAT,A,2.594455916
MOBY,M4,100,HPG,BONCAT,A,0.847279861
MOBY,M4,100,HPG,BONCAT,A,4.134330776
MOBY,M4,100,HPG,BONCAT,A,2.046493663
MOBY,M4,100,HPG,BONCAT,A,1.927649664
MOBY,M4,100,HPG,BONCAT,A,10.90177919
MOBY,M4,100,HPG,BONCAT,A,1.522340957
MOBY,M4,100,HPG,BONCAT,A,3.309077267
MOBY,M4,100,HPG,BONCAT,A,20.62494185
MOBY,M4,100,HPG,BONCAT,A,0.877739115
MOBY,M4,100,HPG,BONCAT,A,1.863332791
MOBY,M4,100,HPG,BONCAT,A,4.255881054
MOBY,M4,100,HPG,BONCAT,A,7.084946384
MOBY,M4,100,HPG,BONCAT,A,0.787417675
MOBY,M4,100,HPG,BONCAT,A,12.17403001
MOBY,M4,100,HPG,BONCAT,A,12.28689667
MOBY,M4,100,HPG,BONCAT,A,6.481389761
MOBY,M4,100,HPG,BONCAT,A,1.337582773
MOBY,M4,100,HPG,BONCAT,A,3.297235334
MOBY,M4,100,HPG,BONCAT,A,6.198439423
MOBY,M4,100,HPG,BONCAT,A,14.40110901
MOBY,M4,100,HPG,BONCAT,A,4.325399052
MOBY,M4,100,HPG,BONCAT,A,3.499420326
MOBY,M4,100,HPG,BONCAT,A,1.176719534
MOBY,M4,100,HPG,BONCAT,A,49.33934239
MOBY,M4,100,HPG,BONCAT,A,6.682567591
MOBY,M4,100,HPG,BONCAT,A,14.15056774
MOBY,M4,100,HPG,BONCAT,A,7.971849298
MOBY,M4,100,HPG,BONCAT,A,3.689605256
MOBY,M4,100,HPG,BONCAT,A,2.101161902
MOBY,M4,100,HPG,BONCAT,A,2.899405644
MOBY,M4,100,HPG,BONCAT,A,4.919421364
MOBY,M4,100,HPG,BONCAT,A,6.955843637
MOBY,M4,100,HPG,BONCAT,A,1.242884669
MOBY,M4,100,HPG,BONCAT,A,3.774729191
MOBY,M4,100,HPG,BONCAT,A,3.230021434
MOBY,M4,100,HPG,BONCAT,A,3.481214986
MOBY,M4,100,HPG,BONCAT,A,1.608964909
MOBY,M4,100,HPG,BONCAT,A,4.310114873
MOBY,M4,100,HPG,BONCAT,A,4.741845806
MOBY,M4,100,HPG,BONCAT,A,4.685594894
MOBY,M4,100,HPG,BONCAT,A,2.599220805
MOBY,M4,100,HPG,BONCAT,A,12.96440358
MOBY,M4,100,HPG,BONCAT,A,12.70518105
MOBY,M4,100,HPG,BONCAT,A,0.593088125
MOBY,M4,100,HPG,BONCAT,A,3.703971302
MOBY,M4,100,HPG,BONCAT,A,7.143209978
MOBY,M4,100,HPG,BONCAT,A,19.21678539
MOBY,M4,100,HPG,BONCAT,A,4.818013717
MOBY,M4,100,HPG,BONCAT,A,40.9814819
MOBY,M4,100,HPG,BONCAT,A,2.743859705
MOBY,M4,100,HPG,BONCAT,A,3.654554736
MOBY,M4,100,HPG,BONCAT,A,3.41984559
MOBY,M4,100,HPG,BONCAT,A,20.38782771
MOBY,M4,100,HPG,BONCAT,A,11.14122876
MOBY,M4,100,HPG,BONCAT,A,2.623045248
MOBY,M4,100,HPG,BONCAT,A,3.615340348
MOBY,M4,100,HPG,BONCAT,A,6.273561397
MOBY,M4,100,HPG,BONCAT,A,2.584926139
MOBY,M4,100,HPG,BONCAT,A,2.051247423
MOBY,M4,100,HPG,BONCAT,A,2.596342282
MOBY,M4,100,HPG,BONCAT,A,10.10900438
MOBY,M4,100,HPG,BONCAT,A,3.815343365
MOBY,M4,100,HPG,BONCAT,A,5.170124242
MOBY,M4,100,HPG,BONCAT,A,10.72700135
MOBY,M4,100,HPG,BONCAT,A,1.123735941
MOBY,M4,100,HPG,BONCAT,A,119.484364
MOBY,M4,100,HPG,BONCAT,A,8.107964231
MOBY,M4,100,HPG,BONCAT,A,2.411062439
MOBY,M4,100,HPG,BONCAT,A,3.945872716
MOBY,M4,100,HPG,BONCAT,A,8.195402697
MOBY,M4,100,HPG,BONCAT,A,64.95860706
MOBY,M4,100,HPG,BONCAT,A,4.863908808
MOBY,M4,100,HPG,BONCAT,A,3.449564123
MOBY,M4,100,HPG,BONCAT,A,4.484860358
MOBY,M4,100,HPG,BONCAT,A,5.068276642
MOBY,M4,100,HPG,BONCAT,A,1.875825672
MOBY,M4,100,HPG,BONCAT,A,3.462772591
MOBY,M4,100,HPG,BONCAT,A,8.733447584
MOBY,M4,100,HPG,BONCAT,A,1.46342672
MOBY,M4,100,HPG,BONCAT,A,6.573278856
MOBY,M4,100,HPG,BONCAT,A,1.952969286
MOBY,M4,100,HPG,BONCAT,A,4.975701018
MOBY,M4,100,HPG,BONCAT,A,5.534504087
MOBY,M4,100,HPG,BONCAT,A,0.891634721
MOBY,M4,100,HPG,BONCAT,A,3.523876934
MOBY,M4,100,HPG,BONCAT,A,16.47177826
MOBY,M4,100,HPG,BONCAT,A,2.814098824
MOBY,M4,100,HPG,BONCAT,A,2.370520363
MOBY,M4,100,HPG,BONCAT,A,1.439860954
MOBY,M4,100,HPG,BONCAT,A,8.324330847
MOBY,M4,100,HPG,BONCAT,A,6.760059095
MOBY,M4,100,HPG,BONCAT,A,5.574958572
MOBY,M4,100,HPG,BONCAT,A,2.468298441
MOBY,M4,100,HPG,BONCAT,A,4.074749342
MOBY,M4,100,HPG,BONCAT,A,3.005416819
MOBY,M4,100,HPG,BONCAT,A,9.481424008
MOBY,M4,100,HPG,BONCAT,A,1.827912123
MOBY,M4,100,HPG,BONCAT,A,4.362882193
MOBY,M4,100,HPG,BONCAT,A,4.960654563
MOBY,M4,100,HPG,BONCAT,A,0.590824384
MOBY,M4,100,HPG,BONCAT,A,2.010840463
MOBY,M4,100,HPG,BONCAT,A,7.685434395
MOBY,M4,100,HPG,BONCAT,A,2.870816837
MOBY,M4,100,HPG,BONCAT,A,83.73227437
MOBY,M4,100,HPG,BONCAT,A,1.845577278
MOBY,M4,100,HPG,BONCAT,A,7.069253174
MOBY,M4,100,HPG,BONCAT,A,3.246744918
MOBY,M4,100,HPG,BONCAT,A,1.820243272
MOBY,M4,100,HPG,BONCAT,A,39.98084627
MOBY,M4,100,HPG,BONCAT,A,2.093578863
MOBY,M4,100,HPG,BONCAT,A,1.403404065
MOBY,M4,100,HPG,BONCAT,A,1.898456702
MOBY,M4,100,HPG,BONCAT,A,3.507515565
MOBY,M4,100,HPG,BONCAT,A,4.087217565
MOBY,M4,100,HPG,BONCAT,A,10.01176093
MOBY,M4,100,HPG,BONCAT,A,4.770672375
MOBY,M4,100,HPG,BONCAT,A,22.04254135
MOBY,M4,100,HPG,BONCAT,A,5.435033294
MOBY,M4,100,HPG,BONCAT,A,7.494251297
MOBY,M4,100,HPG,BONCAT,A,5.754882195
MOBY,M4,100,HPG,BONCAT,A,61.42542409
MOBY,M4,100,HPG,BONCAT,A,2.716773817
MOBY,M4,100,HPG,BONCAT,A,2.254988699
MOBY,M4,100,HPG,BONCAT,A,38.54819673
MOBY,M4,100,HPG,BONCAT,A,4.807359444
MOBY,M4,100,HPG,BONCAT,A,7.287663238
MOBY,M4,100,HPG,BONCAT,A,36.3101653
MOBY,M4,100,HPG,BONCAT,A,4.931327984
MOBY,M4,100,HPG,BONCAT,A,0.665526394
MOBY,M4,100,HPG,BONCAT,A,2.041965926
MOBY,M4,100,HPG,BONCAT,A,6.176916848
MOBY,M4,100,HPG,BONCAT,A,13.31514001
MOBY,M4,100,HPG,BONCAT,A,4.133159449
MOBY,M4,100,HPG,BONCAT,A,6.235527636
MOBY,M4,100,HPG,BONCAT,A,1.331427909
MOBY,M4,100,HPG,BONCAT,A,1.376233706
MOBY,M4,100,HPG,BONCAT,A,14.29824292
MOBY,M4,100,HPG,BONCAT,A,8.120077421
MOBY,M4,100,HPG,BONCAT,A,5.310612659
MOBY,M4,100,HPG,BONCAT,A,2.2847413
MOBY,M4,100,HPG,BONCAT,A,3.000635122
MOBY,M4,100,HPG,BONCAT,A,5.720436913
MOBY,M4,100,HPG,BONCAT,A,2.527748
MOBY,M4,100,HPG,BONCAT,A,10.57224026
MOBY,M4,100,HPG,BONCAT,A,2.935725053
MOBY,M4,100,HPG,BONCAT,A,15.80122633
MOBY,M4,100,HPG,BONCAT,A,1.92365954
MOBY,M4,100,HPG,BONCAT,A,10.67717549
MOBY,M4,100,HPG,BONCAT,A,6.24419279
MOBY,M4,100,HPG,BONCAT,A,1.270919663
MOBY,M4,100,HPG,BONCAT,A,20.08225895
MOBY,M4,100,HPG,BONCAT,A,17.37709893
MOBY,M4,100,HPG,BONCAT,A,5.077880029
MOBY,M4,100,HPG,BONCAT,A,4.42963989
MOBY,M4,100,HPG,BONCAT,A,4.011247032
MOBY,M4,100,HPG,BONCAT,A,24.75069501
MOBY,M4,100,HPG,BONCAT,A,5.964106811
MOBY,M4,100,HPG,BONCAT,A,8.464499641
MOBY,M4,100,HPG,BONCAT,A,2.478113968
MOBY,M4,100,HPG,BONCAT,A,52.59456071
MOBY,M4,100,HPG,BONCAT,A,4.787136901
MOBY,M4,100,HPG,BONCAT,A,8.64385681
MOBY,M4,100,HPG,BONCAT,A,3.420624671
MOBY,M4,100,HPG,BONCAT,A,24.00193113
MOBY,M4,100,HPG,BONCAT,A,11.56282632
MOBY,M4,100,HPG,BONCAT,A,3.050841251
MOBY,M4,100,HPG,BONCAT,A,2.38163374
MOBY,M4,100,HPG,BONCAT,A,2.310768209
MOBY,M4,100,HPG,BONCAT,A,2.454377055
MOBY,M4,100,HPG,BONCAT,A,18.53482927
MOBY,M4,100,HPG,BONCAT,A,18.62798139
MOBY,M4,100,HPG,BONCAT,A,1.827353312
MOBY,M4,100,HPG,BONCAT,A,0.645153205
MOBY,M4,100,HPG,BONCAT,A,70.06728432
MOBY,M4,100,HPG,BONCAT,A,19.79801265
MOBY,M4,100,HPG,BONCAT,A,2.827659961
MOBY,M4,100,HPG,BONCAT,A,0.821953607
MOBY,M4,100,HPG,BONCAT,A,2.532688668
MOBY,M4,100,HPG,BONCAT,A,4.801548704
MOBY,M4,100,HPG,BONCAT,A,9.023395079
MOBY,M4,100,HPG,BONCAT,A,30.28100259
MOBY,M4,100,HPG,BONCAT,A,9.54144169
MOBY,M4,100,HPG,BONCAT,A,2.424417579
MOBY,M4,100,HPG,BONCAT,A,1.476408141
MOBY,M4,100,HPG,BONCAT,A,10.51795622
MOBY,M4,100,HPG,BONCAT,A,30.25338694
MOBY,M4,100,HPG,BONCAT,A,0.805836825
MOBY,M4,100,HPG,BONCAT,A,9.018426169
MOBY,M4,100,HPG,BONCAT,A,29.40421402
MOBY,M4,100,HPG,BONCAT,A,4.978460064
MOBY,M4,100,HPG,BONCAT,A,2.787473137
MOBY,M4,100,HPG,BONCAT,A,16.06449037
MOBY,M4,100,HPG,BONCAT,A,37.48763508
MOBY,M4,100,HPG,BONCAT,A,4.734553185
MOBY,M4,100,HPG,BONCAT,A,21.75280017
MOBY,M4,100,HPG,BONCAT,A,71.39668317
MOBY,M4,100,HPG,BONCAT,A,2.391680921
MOBY,M4,100,HPG,BONCAT,A,2.594710048
MOBY,M4,100,HPG,BONCAT,A,9.343958154
MOBY,M4,100,HPG,BONCAT,A,4.353909581
MOBY,M4,100,HPG,BONCAT,A,8.266992982
MOBY,M4,100,HPG,BONCAT,A,5.378022474
MOBY,M4,100,HPG,BONCAT,A,11.31165392
MOBY,M4,100,HPG,BONCAT,A,2.910473312
MOBY,M4,100,HPG,BONCAT,A,11.5908267
MOBY,M4,100,HPG,BONCAT,A,4.190297438
MOBY,M4,100,HPG,BONCAT,A,4.370087077
MOBY,M4,100,HPG,BONCAT,A,3.342574892
MOBY,M4,100,HPG,BONCAT,A,5.44465299
MOBY,M4,100,HPG,BONCAT,A,1.811380618
MOBY,M4,100,HPG,BONCAT,A,10.96204625
MOBY,M4,100,HPG,BONCAT,A,7.466561133
MOBY,M4,100,HPG,BONCAT,A,0.856489332
MOBY,M4,100,HPG,BONCAT,A,7.129143712
MOBY,M4,100,HPG,BONCAT,A,8.56295391
MOBY,M4,100,HPG,BONCAT,A,6.728398712
MOBY,M4,100,HPG,BONCAT,A,1.079735176
MOBY,M4,100,HPG,BONCAT,A,1.856211536
MOBY,M4,100,HPG,BONCAT,A,29.43706506
MOBY,M4,100,HPG,BONCAT,A,0.593088125
MOBY,M4,100,HPG,BONCAT,A,2.215651201
MOBY,M4,100,HPG,BONCAT,A,2.644486461
MOBY,M4,100,HPG,BONCAT,A,2.12988373
MOBY,M4,100,HPG,BONCAT,A,4.692543257
MOBY,M4,100,HPG,BONCAT,A,2.449100564
MOBY,M4,100,HPG,BONCAT,A,12.51313753
MOBY,M4,100,HPG,BONCAT,A,4.770418914
MOBY,M4,100,HPG,BONCAT,A,30.06595094
MOBY,M4,100,HPG,BONCAT,A,29.45987177
MOBY,M4,100,HPG,BONCAT,A,2.52309892
MOBY,M4,100,HPG,BONCAT,A,4.312429771
MOBY,M4,100,HPG,BONCAT,A,7.63192678
MOBY,M4,100,HPG,BONCAT,A,19.82331799
MOBY,M4,100,HPG,BONCAT,A,2.396236315
MOBY,M4,100,HPG,BONCAT,A,31.8304423
MOBY,M4,100,HPG,BONCAT,A,4.813782518
MOBY,M4,100,HPG,BONCAT,A,9.743565688
MOBY,M4,100,HPG,BONCAT,A,10.22582865
MOBY,M4,100,HPG,BONCAT,A,4.652718792
MOBY,M4,100,HPG,BONCAT,A,10.92458102
MOBY,M4,100,HPG,BONCAT,A,6.884961676
MOBY,M4,100,HPG,BONCAT,A,2.027478623
MOBY,M4,100,HPG,BONCAT,A,18.50120714
MOBY,M4,100,HPG,BONCAT,A,2.93844346
MOBY,M4,100,HPG,BONCAT,A,2.19177922
MOBY,M4,100,HPG,BONCAT,A,2.773556748
MOBY,M4,100,HPG,BONCAT,A,6.381892273
MOBY,M4,100,HPG,BONCAT,A,10.05234929
MOBY,M4,100,HPG,BONCAT,A,9.429148823
MOBY,M4,100,HPG,BONCAT,A,3.885579145
MOBY,M4,100,HPG,BONCAT,A,4.925443829
MOBY,M4,100,HPG,BONCAT,A,39.29246002
MOBY,M4,100,HPG,BONCAT,A,3.513810738
MOBY,M4,100,HPG,BONCAT,A,4.137142442
MOBY,M4,100,HPG,BONCAT,A,13.56408064
MOBY,M4,100,HPG,BONCAT,A,4.278888557
MOBY,M4,100,HPG,BONCAT,A,4.580895817
MOBY,M4,100,HPG,BONCAT,A,1.615364202
MOBY,M4,100,HPG,BONCAT,A,2.929372287
MOBY,M4,100,HPG,BONCAT,A,5.555830369
MOBY,M4,100,HPG,BONCAT,A,18.85835481
MOBY,M4,100,HPG,BONCAT,A,5.763473629
MOBY,M4,100,HPG,BONCAT,A,2.548746686
MOBY,M4,100,HPG,BONCAT,A,4.410852214
MOBY,M4,100,HPG,BONCAT,A,3.199014194
MOBY,M4,100,HPG,BONCAT,A,2.441981053
MOBY,M4,100,HPG,BONCAT,A,36.05887607
MOBY,M4,100,HPG,BONCAT,A,5.691541878
MOBY,M4,100,HPG,BONCAT,A,21.40830128
MOBY,M4,100,HPG,BONCAT,A,4.182405818
MOBY,M4,100,HPG,BONCAT,A,9.74152223
MOBY,M4,100,HPG,BONCAT,A,8.879320048
MOBY,M4,100,HPG,BONCAT,A,1.887069704
MOBY,M4,100,HPG,BONCAT,A,25.58889272
MOBY,M4,100,HPG,BONCAT,A,5.039217346
MOBY,M4,100,HPG,BONCAT,A,0.681067533
MOBY,M4,100,HPG,BONCAT,A,2.055600343
MOBY,M4,100,HPG,BONCAT,A,11.00718155
MOBY,M4,100,HPG,BONCAT,A,0.599879188
MOBY,M4,100,HPG,BONCAT,A,1.894190507
MOBY,M4,100,HPG,BONCAT,A,1.65196535
MOBY,M4,100,HPG,BONCAT,A,3.420412507
MOBY,M4,100,HPG,BONCAT,A,4.689079229
MOBY,M4,100,HPG,BONCAT,A,4.221366123
MOBY,M4,100,HPG,BONCAT,A,0.581769739
MOBY,M4,100,HPG,BONCAT,A,12.16367416
MOBY,M4,100,HPG,BONCAT,A,21.96989292
MOBY,M4,100,HPG,BONCAT,A,4.135161709
MOBY,M4,100,HPG,BONCAT,A,1.182142367
MOBY,M4,100,HPG,BONCAT,A,3.031711133
MOBY,M4,100,HPG,BONCAT,A,4.784971563
MOBY,M4,100,HPG,BONCAT,A,4.242951741
MOBY,M4,100,HPG,BONCAT,A,9.946578433
MOBY,M4,100,HPG,BONCAT,A,5.162095751
MOBY,M4,100,HPG,BONCAT,A,2.061994028
MOBY,M4,100,HPG,BONCAT,A,3.425399128
MOBY,M4,100,HPG,BONCAT,A,8.418299432
MOBY,M4,100,HPG,BONCAT,A,11.82948983
MOBY,M4,100,HPG,BONCAT,A,22.92116085
MOBY,M4,100,HPG,BONCAT,A,4.790525198
MOBY,M4,100,HPG,BONCAT,A,1.485680679
MOBY,M4,100,HPG,BONCAT,A,7.678005767
MOBY,M4,100,HPG,BONCAT,A,28.13384639
MOBY,M4,100,HPG,BONCAT,A,2.177532616
MOBY,M4,100,HPG,BONCAT,A,19.45384845
MOBY,M4,100,HPG,BONCAT,A,5.627683268
MOBY,M4,100,HPG,BONCAT,A,13.55677558
MOBY,M4,100,HPG,BONCAT,A,9.29765864
MOBY,M4,100,HPG,BONCAT,A,1.522340957
MOBY,M4,100,HPG,BONCAT,A,8.356662302
MOBY,M4,100,HPG,BONCAT,A,24.45340096
MOBY,M4,100,HPG,BONCAT,A,3.423839114
MOBY,M4,100,HPG,BONCAT,A,10.96686967
MOBY,M4,100,HPG,BONCAT,A,3.624836277
MOBY,M4,100,HPG,BONCAT,A,5.184389362
MOBY,M4,100,HPG,BONCAT,A,14.20892855
MOBY,M4,100,HPG,BONCAT,A,3.777182253
MOBY,M4,100,HPG,BONCAT,A,15.56915385
MOBY,M4,100,HPG,BONCAT,A,10.11717135
MOBY,M4,100,HPG,BONCAT,A,2.391811662
MOBY,M4,100,HPG,BONCAT,A,2.105851084
MOBY,M4,100,HPG,BONCAT,A,7.852642002
MOBY,M4,100,HPG,BONCAT,A,40.81773973
MOBY,M4,100,HPG,BONCAT,A,1.926025523
MOBY,M4,100,HPG,BONCAT,A,15.40915972
MOBY,M4,100,HPG,BONCAT,A,12.29718277
MOBY,M4,100,HPG,BONCAT,A,42.92023671
MOBY,M4,100,HPG,BONCAT,A,1.770470857
MOBY,M4,100,HPG,BONCAT,A,4.067550139
MOBY,M4,100,HPG,BONCAT,A,1.775211026
MOBY,M4,100,HPG,BONCAT,A,5.279111381
MOBY,M4,100,HPG,BONCAT,A,1.225945023
MOBY,M4,100,HPG,BONCAT,A,1.332881158
MOBY,M4,100,HPG,BONCAT,A,5.762604324
MOBY,M4,100,HPG,BONCAT,A,3.701577296
MOBY,M4,100,HPG,BONCAT,A,2.429757697
MOBY,M4,100,HPG,BONCAT,A,0.579505999
MOBY,M4,100,HPG,BONCAT,A,2.088831661
MOBY,M4,100,HPG,BONCAT,A,3.063792468
MOBY,M4,100,HPG,BONCAT,A,8.934582142
MOBY,M4,100,HPG,BONCAT,A,1.993260937
MOBY,M4,100,HPG,BONCAT,A,11.69500864
MOBY,M4,100,HPG,BONCAT,A,1.460351403
MOBY,M4,100,HPG,BONCAT,A,0.631570921
MOBY,M4,100,HPG,BONCAT,A,10.58820336
MOBY,M4,100,HPG,BONCAT,A,1.70038337
MOBY,M4,100,HPG,BONCAT,A,4.966595776
MOBY,M4,100,HPG,BONCAT,A,3.954263894
MOBY,M4,100,HPG,BONCAT,A,9.455345478
MOBY,M4,100,HPG,BONCAT,A,1.415157773
MOBY,M4,100,HPG,BONCAT,A,1.43279126
MOBY,M4,100,HPG,BONCAT,A,1.896086404
MOBY,M4,100,HPG,BONCAT,A,6.146943635
MOBY,M4,100,HPG,BONCAT,A,4.62763615
MOBY,M4,100,HPG,BONCAT,A,1.699083314
MOBY,M4,100,HPG,BONCAT,A,6.897632567
MOBY,M4,100,HPG,BONCAT,A,25.17031282
MOBY,M4,100,HPG,BONCAT,A,4.03451765
MOBY,M4,100,HPG,BONCAT,A,5.211120046
MOBY,M4,100,HPG,BONCAT,A,15.69179766
MOBY,M4,100,HPG,BONCAT,A,8.29813106
MOBY,M4,100,HPG,BONCAT,A,38.8709156
MOBY,M4,100,HPG,BONCAT,A,3.445459995
MOBY,M4,100,HPG,BONCAT,A,2.049064277
MOBY,M4,100,HPG,BONCAT,A,0.754202301
MOBY,M4,100,HPG,BONCAT,A,5.859526201
MOBY,M4,100,HPG,BONCAT,A,16.12695794
MOBY,M4,100,HPG,BONCAT,A,22.65204407
MOBY,M4,100,HPG,BONCAT,A,2.846032963
MOBY,M4,100,HPG,BONCAT,A,2.518466539
MOBY,M4,100,HPG,BONCAT,A,5.48604783
MOBY,M4,100,HPG,BONCAT,A,1.742892954
MOBY,M4,100,HPG,BONCAT,A,73.3793548
MOBY,M4,100,HPG,BONCAT,A,3.021989585
MOBY,M4,100,HPG,BONCAT,A,32.03638761
MOBY,M4,100,HPG,BONCAT,A,2.095952464
MOBY,M4,100,HPG,BONCAT,A,0.829622531
MOBY,M4,100,HPG,BONCAT,A,6.447890356
MOBY,M4,100,HPG,BONCAT,A,19.92022034
MOBY,M4,100,HPG,BONCAT,A,6.993140187
MOBY,M4,100,HPG,BONCAT,A,8.287732527
MOBY,M4,100,HPG,BONCAT,A,4.180660518
MOBY,M4,100,HPG,BONCAT,A,14.24750568
MOBY,M4,100,HPG,BONCAT,A,11.14624946
MOBY,M4,100,HPG,BONCAT,A,10.46470777
MOBY,M4,100,HPG,BONCAT,A,14.38690408
MOBY,M4,100,HPG,BONCAT,A,22.18219816
MOBY,M4,100,HPG,BONCAT,A,3.141312251
MOBY,M4,100,HPG,BONCAT,A,14.37540571
MOBY,M4,100,HPG,BONCAT,A,1.305643028
MOBY,M4,100,HPG,BONCAT,A,1.979040429
MOBY,M4,100,HPG,BONCAT,A,5.398483815
MOBY,M4,100,HPG,BONCAT,A,25.30470856
MOBY,M4,100,HPG,BONCAT,A,21.57925636
MOBY,M4,100,HPG,BONCAT,A,37.67567078
MOBY,M4,100,HPG,BONCAT,A,29.79459413
MOBY,M4,100,HPG,BONCAT,A,14.03784183
MOBY,M4,100,HPG,BONCAT,A,15.83968104
MOBY,M4,100,HPG,BONCAT,A,4.093515785
MOBY,M4,100,HPG,BONCAT,A,11.90664311
MOBY,M4,100,HPG,BONCAT,A,5.109001055
MOBY,M4,100,HPG,BONCAT,A,2.902637896
MOBY,M4,100,HPG,BONCAT,A,2.453555495
MOBY,M4,100,HPG,BONCAT,A,11.48522949
MOBY,M4,100,HPG,BONCAT,A,6.957397568
MOBY,M4,100,HPG,BONCAT,A,9.980406993
MOBY,M4,100,HPG,BONCAT,A,2.50829058
MOBY,M4,100,HPG,BONCAT,A,6.82024556
MOBY,M4,100,HPG,BONCAT,A,6.121380133
MOBY,M4,100,HPG,BONCAT,A,3.13445867
MOBY,M4,100,HPG,BONCAT,A,65.03387493
MOBY,M4,100,HPG,BONCAT,A,6.139663825
MOBY,M4,100,HPG,BONCAT,A,9.895795209
MOBY,M4,100,HPG,BONCAT,A,21.14508997
MOBY,M4,100,HPG,BONCAT,A,4.611903704
MOBY,M4,100,HPG,BONCAT,A,2.347561848
MOBY,M4,100,HPG,BONCAT,A,2.332389662
MOBY,M4,100,HPG,BONCAT,A,2.73070599
MOBY,M4,100,HPG,BONCAT,A,9.937524933
MOBY,M4,100,HPG,BONCAT,A,8.707774989
MOBY,M4,100,HPG,BONCAT,A,19.08269801
MOBY,M4,100,HPG,BONCAT,A,4.650703063
MOBY,M4,100,HPG,BONCAT,A,5.154708713
MOBY,M4,100,HPG,BONCAT,A,5.436375792
MOBY,M4,100,HPG,BONCAT,A,6.22300967
MOBY,M4,100,HPG,BONCAT,A,3.260061662
MOBY,M4,100,HPG,BONCAT,A,13.17789957
MOBY,M4,100,HPG,BONCAT,A,1.781692119
MOBY,M4,100,HPG,BONCAT,A,3.584108255
MOBY,M4,100,HPG,BONCAT,A,8.418718555
MOBY,M4,100,HPG,BONCAT,A,21.97141559
MOBY,M4,100,HPG,BONCAT,A,1.868079993
MOBY,M4,100,HPG,BONCAT,A,7.03427958
MOBY,M4,100,HPG,BONCAT,A,2.3626187
MOBY,M4,100,HPG,BONCAT,A,8.259627457
MOBY,M4,100,HPG,BONCAT,A,2.94299755
MOBY,M4,100,HPG,BONCAT,A,3.971560755
MOBY,M4,100,HPG,BONCAT,A,4.292789441
MOBY,M4,100,HPG,BONCAT,A,35.01363286
MOBY,M4,100,HPG,BONCAT,A,54.66318702
MOBY,M4,100,HPG,BONCAT,A,7.216378279
MOBY,M4,100,HPG,BONCAT,A,2.227476167
MOBY,M4,100,HPG,BONCAT,A,7.317946882
MOBY,M4,100,HPG,BONCAT,A,8.080586645
MOBY,M4,100,HPG,BONCAT,A,1.696726632
MOBY,M4,100,HPG,BONCAT,A,2.051372264
MOBY,M4,100,HPG,BONCAT,A,18.995522
MOBY,M4,100,HPG,BONCAT,A,1.366705988
MOBY,M4,100,HPG,BONCAT,A,15.85554165
MOBY,M4,100,HPG,BONCAT,A,42.57947867
MOBY,M4,100,HPG,BONCAT,A,2.09182837
MOBY,M4,100,HPG,BONCAT,A,14.51808482
MOBY,M4,100,HPG,BONCAT,A,10.65126557
MOBY,M4,100,HPG,BONCAT,A,26.96785305
MOBY,M4,100,HPG,BONCAT,A,7.545612516
MOBY,M4,100,HPG,BONCAT,A,7.844944226
MOBY,M4,100,HPG,BONCAT,A,1.784691364
MOBY,M4,100,HPG,BONCAT,A,1.298610815
MOBY,M4,100,HPG,BONCAT,A,66.75967409
MOBY,M4,100,HPG,BONCAT,A,0.972692423
MOBY,M4,100,HPG,BONCAT,A,0.831163079
MOBY,M4,100,HPG,BONCAT,A,2.210736983
MOBY,M4,100,HPG,BONCAT,A,0.778208204
MOBY,M4,100,HPG,BONCAT,A,14.84877696
MOBY,M4,100,HPG,BONCAT,A,0.771300893
MOBY,M4,100,HPG,BONCAT,A,8.785687054
MOBY,M4,100,HPG,BONCAT,A,2.594529051
MOBY,M4,100,HPG,BONCAT,A,47.28758035
MOBY,M4,100,HPG,BONCAT,A,20.86474003
MOBY,M4,100,HPG,BONCAT,A,5.305963457
MOBY,M4,100,HPG,BONCAT,A,6.865948696
MOBY,M4,100,HPG,BONCAT,A,5.976114358
MOBY,M4,100,HPG,BONCAT,A,0.614789149
MOBY,M4,100,HPG,BONCAT,A,0.775905629
MOBY,M4,100,HPG,BONCAT,A,2.470297458
MOBY,M4,100,HPG,BONCAT,A,0.743672272
MOBY,M4,100,HPG,BONCAT,A,11.18100956
MOBY,M4,100,HPG,BONCAT,A,12.34441637
MOBY,M4,100,HPG,BONCAT,A,28.85004628
MOBY,M4,100,HPG,BONCAT,A,2.653457196
MOBY,M4,100,HPG,BONCAT,A,0.774771455
MOBY,M4,100,HPG,BONCAT,A,19.26272292
MOBY,M4,100,HPG,BONCAT,A,4.056054267
MOBY,M4,100,HPG,BONCAT,A,4.825932092
MOBY,M4,100,HPG,BONCAT,A,3.888105805
MOBY,M4,100,HPG,BONCAT,A,6.909102536
MOBY,M4,100,HPG,BONCAT,A,7.122419774
MOBY,M4,100,HPG,BONCAT,A,1.107659383
MOBY,M4,100,HPG,BONCAT,A,0.570451195
MOBY,M4,100,HPG,BONCAT,A,1.731084737
MOBY,M4,100,HPG,BONCAT,A,7.963028794
MOBY,M4,100,HPG,BONCAT,A,5.301016865
MOBY,M4,100,HPG,BONCAT,A,7.152119304
MOBY,M4,100,HPG,BONCAT,A,11.96473599
MOBY,M4,100,HPG,BONCAT,A,7.56331291
MOBY,M4,100,HPG,BONCAT,A,1.465783402
MOBY,M4,100,HPG,BONCAT,A,3.277787336
MOBY,M4,100,HPG,BONCAT,A,8.667315567
MOBY,M4,100,HPG,BONCAT,A,13.82742169
MOBY,M4,100,HPG,BONCAT,A,2.661163833
MOBY,M4,100,HPG,BONCAT,A,1.696511506
MOBY,M4,100,HPG,BONCAT,A,11.94615014
MOBY,M4,100,HPG,BONCAT,A,0.773603261
MOBY,M4,100,HPG,BONCAT,A,40.50503058
MOBY,M4,100,HPG,BONCAT,A,62.33253669
MOBY,M4,100,HPG,BONCAT,A,20.38155092
MOBY,M4,100,HPG,BONCAT,A,5.583528468
MOBY,M4,100,HPG,BONCAT,A,6.348888441
MOBY,M4,100,HPG,BONCAT,A,47.55211575
MOBY,M4,100,HPG,BONCAT,A,3.165516568
MOBY,M4,100,HPG,BONCAT,A,4.965050877
MOBY,M4,100,HPG,BONCAT,A,1.386948742
MOBY,M4,100,HPG,BONCAT,A,0.651944268
MOBY,M4,100,HPG,BONCAT,A,2.780285001
MOBY,M4,100,HPG,BONCAT,A,19.85960868
MOBY,M4,100,HPG,BONCAT,A,0.889318786
MOBY,M4,100,HPG,BONCAT,A,2.577779068
MOBY,M4,100,HPG,BONCAT,A,24.354322
MOBY,M4,100,HPG,BONCAT,A,2.77110432
MOBY,M4,100,HPG,BONCAT,A,4.028177378
MOBY,M4,100,HPG,BONCAT,A,0.958796816
MOBY,M4,100,HPG,BONCAT,A,1.112313205
MOBY,M4,100,HPG,BONCAT,A,9.759500292
MOBY,M4,100,HPG,BONCAT,A,2.680643401
MOBY,M4,100,HPG,BONCAT,A,21.29698358
MOBY,M4,100,HPG,BONCAT,A,6.358614269
MOBY,M4,100,HPG,BONCAT,A,3.507670148
MOBY,M4,100,HPG,BONCAT,A,0.672317457
MOBY,M4,100,HPG,BONCAT,A,3.447426723
MOBY,M4,100,HPG,BONCAT,A,3.20595845
MOBY,M4,100,HPG,BONCAT,A,16.99094349
MOBY,M4,100,HPG,BONCAT,A,5.313032103
MOBY,M4,100,HPG,BONCAT,A,1.583611523
MOBY,M4,100,HPG,BONCAT,A,6.641886375
MOBY,M4,100,HPG,BONCAT,A,5.403277726
MOBY,M4,100,HPG,BONCAT,A,1.286890663
MOBY,M4,100,HPG,BONCAT,A,1.916561189
MOBY,M4,100,HPG,BONCAT,A,10.31069204
MOBY,M4,100,HPG,BONCAT,A,3.780082887
MOBY,M4,100,HPG,BONCAT,A,11.23413345
MOBY,M4,100,HPG,BONCAT,A,4.542481475
MOBY,M4,100,HPG,BONCAT,A,71.33410748
MOBY,M4,100,HPG,BONCAT,A,13.07038641
MOBY,M4,100,HPG,BONCAT,A,1.705106657
MOBY,M4,100,HPG,BONCAT,A,0.65420785
MOBY,M4,100,HPG,BONCAT,A,3.260675519
MOBY,M4,100,HPG,BONCAT,A,0.76791507
MOBY,M4,100,HPG,BONCAT,A,1.450974916
MOBY,M4,100,HPG,BONCAT,A,1.846314415
MOBY,M4,100,HPG,BONCAT,A,16.08075603
MOBY,M4,100,HPG,BONCAT,A,5.7069126
MOBY,M4,100,HPG,BONCAT,A,44.27069484
MOBY,M4,100,HPG,BONCAT,A,6.026400923
MOBY,M4,100,HPG,BONCAT,A,11.37899578
MOBY,M4,100,HPG,BONCAT,A,3.009654431
MOBY,M4,100,HPG,BONCAT,A,14.80716405
MOBY,M4,100,HPG,BONCAT,A,3.686836057
MOBY,M4,100,HPG,BONCAT,A,4.614508069
MOBY,M4,100,HPG,BONCAT,A,2.802382318
MOBY,M4,100,HPG,BONCAT,A,76.29398523
MOBY,M4,100,HPG,BONCAT,A,12.62482008
MOBY,M4,100,HPG,BONCAT,A,19.28387192
MOBY,M4,100,HPG,BONCAT,A,53.43691112
MOBY,M4,100,HPG,BONCAT,A,15.72602302
MOBY,M4,100,HPG,BONCAT,A,9.229790636
MOBY,M4,100,HPG,BONCAT,A,17.37779859
MOBY,M4,100,HPG,BONCAT,A,0.94490121
MOBY,M4,100,HPG,BONCAT,A,6.064121703
MOBY,M4,100,HPG,BONCAT,A,40.19446659
MOBY,M4,100,HPG,BONCAT,A,16.71536879
MOBY,M4,100,HPG,BONCAT,A,3.366449896
MOBY,M4,100,HPG,BONCAT,A,3.050634036
MOBY,M4,100,HPG,BONCAT,A,0.937953407
MOBY,M4,100,HPG,BONCAT,A,10.62282514
MOBY,M4,100,HPG,BONCAT,A,4.059337969
MOBY,M4,100,HPG,BONCAT,A,105.3453148
MOBY,M4,100,HPG,BONCAT,A,2.431548219
MOBY,M4,100,HPG,BONCAT,A,1.196085828
MOBY,M4,100,HPG,BONCAT,A,4.948117789
MOBY,M4,100,HPG,BONCAT,A,8.174189714
MOBY,M4,100,HPG,BONCAT,A,3.105836817
MOBY,M4,100,HPG,BONCAT,A,3.809143402
MOBY,M4,100,HPG,BONCAT,A,2.095952464
MOBY,M4,100,HPG,BONCAT,A,6.796048373
MOBY,M4,100,HPG,BONCAT,A,6.077136243
MOBY,M4,100,HPG,BONCAT,A,1.629534063
MOBY,M4,100,HPG,BONCAT,A,4.173138461
MOBY,M4,100,HPG,BONCAT,A,1.819549857
MOBY,M4,100,HPG,BONCAT,A,2.921734006
MOBY,M4,100,HPG,BONCAT,A,45.39980339
MOBY,M4,100,HPG,BONCAT,A,1.200832177
MOBY,M4,100,HPG,BONCAT,A,1.04948393
MOBY,M4,100,HPG,BONCAT,A,52.83975331
MOBY,M4,100,HPG,BONCAT,A,0.568187455
MOBY,M4,100,HPG,BONCAT,A,6.296446485
MOBY,M4,100,HPG,BONCAT,A,4.839980452
MOBY,M4,100,HPG,BONCAT,A,44.26506187
MOBY,M4,100,HPG,BONCAT,A,5.258418837
MOBY,M4,100,HPG,BONCAT,A,3.411867745
MOBY,M4,100,HPG,BONCAT,A,35.9682137
MOBY,M4,100,HPG,BONCAT,A,7.181663081
MOBY,M4,100,HPG,BONCAT,A,0.70400919
MOBY,M4,100,HPG,BONCAT,A,3.001930302
MOBY,M4,100,HPG,BONCAT,A,14.64146488
MOBY,M4,100,HPG,BONCAT,A,13.12580405
MOBY,M4,100,HPG,BONCAT,A,4.813207959
MOBY,M4,100,HPG,BONCAT,A,2.869271999
MOBY,M4,100,HPG,BONCAT,A,11.27242501
MOBY,M4,100,HPG,BONCAT,A,3.093736219
MOBY,M4,100,HPG,BONCAT,A,5.554367161
MOBY,M4,100,HPG,BONCAT,A,0.768998525
MOBY,M4,100,HPG,BONCAT,A,4.604147359
MOBY,M4,100,HPG,BONCAT,A,6.079542279
MOBY,M4,100,HPG,BONCAT,A,0.949422292
MOBY,M4,100,HPG,BONCAT,A,0.78281294
MOBY,M4,100,HPG,BONCAT,A,0.579505999
MOBY,M4,100,HPG,BONCAT,A,1.831380576
MOBY,M4,100,HPG,BONCAT,A,1.169687626
MOBY,M4,100,HPG,BONCAT,A,26.7882961
MOBY,M4,100,HPG,BONCAT,A,9.769159554
MOBY,M4,100,HPG,BONCAT,A,11.10963651
MOBY,M4,100,HPG,BONCAT,A,11.24916934
MOBY,M4,100,HPG,BONCAT,A,7.663738831
MOBY,M4,100,HPG,BONCAT,A,30.72800575
MOBY,M4,100,HPG,BONCAT,A,2.954557682
MOBY,M4,100,HPG,BONCAT,A,103.5152869
MOBY,M4,100,HPG,BONCAT,A,2.873719202
MOBY,M4,100,HPG,BONCAT,A,12.34435915
MOBY,M4,100,HPG,BONCAT,A,0.595351865
MOBY,M4,100,HPG,BONCAT,A,2.499301366
MOBY,M4,100,HPG,BONCAT,A,63.48188858
MOBY,M4,100,HPG,BONCAT,A,0.713063994
MOBY,M4,100,HPG,BONCAT,A,56.58634402
MOBY,M4,100,HPG,BONCAT,A,4.619091206
MOBY,M4,100,HPG,BONCAT,A,0.880055049
MOBY,M4,100,HPG,BONCAT,A,1.604820606
MOBY,M4,100,HPG,BONCAT,A,5.497136487
MOBY,M4,100,HPG,BONCAT,A,1.295268897
MOBY,M4,100,HPG,BONCAT,A,19.64227689
MOBY,M4,100,HPG,BONCAT,A,3.995078885
MOBY,M4,100,HPG,BONCAT,A,11.44898401
MOBY,M4,100,HPG,BONCAT,A,3.923566063
MOBY,M4,100,HPG,BONCAT,A,5.700611431
MOBY,M4,100,HPG,BONCAT,A,9.48625618
MOBY,M4,100,HPG,BONCAT,A,30.27200144
MOBY,M4,100,HPG,BONCAT,A,10.98240442
MOBY,M4,100,HPG,BONCAT,A,2.409277281
MOBY,M4,100,HPG,BONCAT,A,6.539325589
MOBY,M4,100,HPG,BONCAT,A,15.2113956
MOBY,M4,100,HPG,BONCAT,A,6.458513169
MOBY,M4,100,HPG,BONCAT,A,2.698672962
MOBY,M4,100,HPG,BONCAT,A,20.98533621
MOBY,M4,100,HPG,BONCAT,A,20.22824302
MOBY,M4,100,HPG,BONCAT,A,7.825986792
MOBY,M4,100,HPG,BONCAT,A,70.47535183
MOBY,M4,100,HPG,BONCAT,A,3.323278808
MOBY,M4,100,HPG,BONCAT,A,0.602142928
MOBY,M4,100,HPG,BONCAT,A,7.89757988
MOBY,M4,100,HPG,BONCAT,A,26.07546991
MOBY,M4,100,HPG,BONCAT,A,5.605395142
MOBY,M4,100,HPG,BONCAT,A,85.89325089
MOBY,M4,100,HPG,BONCAT,A,0.685899583
MOBY,M4,100,HPG,BONCAT,A,4.182993871
MOBY,M4,100,HPG,BONCAT,A,3.672845205
MOBY,M4,100,HPG,BONCAT,A,8.515121065
MOBY,M4,100,HPG,BONCAT,A,3.814104158
MOBY,M4,100,HPG,BONCAT,A,7.684183108
MOBY,M4,100,HPG,BONCAT,A,5.057521893
MOBY,M4,100,HPG,BONCAT,A,3.096233564
MOBY,M4,100,HPG,BONCAT,A,3.294721326
MOBY,M4,100,HPG,BONCAT,A,3.295834437
MOBY,M4,100,HPG,BONCAT,A,16.58721522
MOBY,M4,100,HPG,BONCAT,A,5.104197393
MOBY,M4,100,HPG,BONCAT,A,17.70004671
MOBY,M4,100,HPG,BONCAT,A,3.538211349
MOBY,M4,100,HPG,BONCAT,A,7.614456907
MOBY,M4,100,HPG,BONCAT,A,3.248199727
MOBY,M4,100,HPG,BONCAT,A,2.176657607
MOBY,M4,100,HPG,BONCAT,A,2.895433427
MOBY,M4,100,HPG,BONCAT,A,1.895266137
MOBY,M4,100,HPG,BONCAT,A,1.047587935
MOBY,M4,100,HPG,BONCAT,A,3.668057194
MOBY,M4,100,HPG,BONCAT,A,21.88873137
MOBY,M4,100,HPG,BONCAT,A,8.04524946
MOBY,M4,100,HPG,BONCAT,A,10.66752544
MOBY,M4,100,HPG,BONCAT,A,0.805875453
MOBY,M4,100,HPG,BONCAT,A,2.499159192
MOBY,M4,100,HPG,BONCAT,A,10.7157063
MOBY,M4,100,HPG,BONCAT,A,1.52798339
MOBY,M4,100,HPG,BONCAT,A,9.146555992
MOBY,M4,100,HPG,BONCAT,A,6.892420861
MOBY,M4,100,HPG,BONCAT,A,5.943180833
MOBY,M4,100,HPG,BONCAT,A,5.531228479
MOBY,M4,100,HPG,BONCAT,A,2.661469671
MOBY,M4,100,HPG,BONCAT,A,10.07172727
MOBY,M4,100,HPG,BONCAT,A,5.0658752
MOBY,M4,100,HPG,BONCAT,A,3.471317414
MOBY,M4,100,HPG,BONCAT,A,2.933669003
MOBY,M4,100,HPG,BONCAT,A,1.245221105
MOBY,M4,100,HPG,BONCAT,A,4.465760141
MOBY,M4,100,HPG,BONCAT,A,8.468150638
MOBY,M4,100,HPG,BONCAT,A,1.450419226
MOBY,M4,100,HPG,BONCAT,A,1.307987302
MOBY,M4,100,HPG,BONCAT,A,1.023886761
MOBY,M4,100,HPG,BONCAT,A,5.197874523
MOBY,M4,100,HPG,BONCAT,A,16.43421795
MOBY,M4,100,HPG,BONCAT,A,4.873860963
MOBY,M4,100,HPG,BONCAT,A,4.484315931
MOBY,M4,100,HPG,BONCAT,A,6.473591108
MOBY,M4,100,HPG,BONCAT,A,6.797739066
MOBY,M4,100,HPG,BONCAT,A,1.940222225
MOBY,M4,100,HPG,BONCAT,A,1.523260102
MOBY,M4,100,HPG,BONCAT,A,3.639325103
MOBY,M4,100,HPG,BONCAT,A,0.772485993
MOBY,M4,100,HPG,BONCAT,A,2.523149517
MOBY,M4,100,HPG,BONCAT,A,16.97325484
MOBY,M4,100,HPG,BONCAT,A,10.67985516
MOBY,M4,100,HPG,BONCAT,A,5.82518432
MOBY,M4,100,HPG,BONCAT,A,3.416003151
MOBY,M4,100,HPG,BONCAT,A,40.76242535
MOBY,M4,100,HPG,BONCAT,A,23.85601118
MOBY,M4,100,HPG,BONCAT,A,7.628901024
MOBY,M4,100,HPG,BONCAT,A,0.742774994
MOBY,M4,100,HPG,BONCAT,A,1.830273767
MOBY,M4,100,HPG,BONCAT,A,16.68595343
MOBY,M4,100,HPG,BONCAT,A,7.136374949
MOBY,M4,100,HPG,BONCAT,A,0.733633148
MOBY,M4,100,HPG,BONCAT,A,5.26744474
MOBY,M4,100,HPG,BONCAT,A,50.81568471
MOBY,M4,100,HPG,BONCAT,A,8.768238574
MOBY,M4,100,HPG,BONCAT,A,30.85406473
MOBY,M4,100,HPG,BONCAT,A,1.2517296
MOBY,M4,100,HPG,BONCAT,A,4.091846484
MOBY,M4,100,HPG,BONCAT,A,7.750547925
MOBY,M4,100,HPG,BONCAT,A,2.138678637
MOBY,M4,100,HPG,BONCAT,A,6.173084159
MOBY,M4,100,HPG,BONCAT,A,2.697259023
MOBY,M4,100,HPG,BONCAT,A,8.008581272
MOBY,M4,100,HPG,BONCAT,A,8.305078107
MOBY,M4,100,HPG,BONCAT,A,3.774197013
MOBY,M4,100,HPG,BONCAT,A,1.007597746
MOBY,M4,100,HPG,BONCAT,A,3.598622313
MOBY,M4,100,HPG,BONCAT,A,0.579505999
MOBY,M4,100,HPG,BONCAT,A,2.282359118
MOBY,M4,100,HPG,BONCAT,A,3.40587819
MOBY,M4,100,HPG,BONCAT,A,0.685638456
MOBY,M4,100,HPG,BONCAT,A,1.960653142
MOBY,M4,100,HPG,BONCAT,A,3.148793084
MOBY,M4,100,HPG,BONCAT,A,2.926515703
MOBY,M4,100,HPG,BONCAT,A,1.87475543
MOBY,M4,100,HPG,BONCAT,A,6.025046845
MOBY,M4,100,HPG,BONCAT,A,1.39870245
MOBY,M4,100,HPG,BONCAT,A,15.87154476
MOBY,M4,100,HPG,BONCAT,A,2.522856978
MOBY,M4,100,HPG,BONCAT,A,12.75505256
MOBY,M4,100,HPG,BONCAT,A,6.707228025
MOBY,M4,100,HPG,BONCAT,A,4.532527285
MOBY,M4,100,HPG,BONCAT,A,8.703037465
MOBY,M4,100,HPG,BONCAT,A,10.52381785
MOBY,M4,100,HPG,BONCAT,A,1.08168345
MOBY,M4,100,HPG,BONCAT,A,4.609706772
MOBY,M4,100,HPG,BONCAT,A,1.843944117
MOBY,M4,100,HPG,BONCAT,A,5.687877473
MOBY,M4,100,HPG,BONCAT,A,3.753227569
MOBY,M4,100,HPG,BONCAT,A,2.003709823
MOBY,M4,100,HPG,BONCAT,A,4.125143769
MOBY,M4,100,HPG,BONCAT,A,8.463912039
MOBY,M4,100,HPG,BONCAT,A,1.832475074
MOBY,M4,100,HPG,BONCAT,A,37.30978777
MOBY,M4,100,HPG,BONCAT,A,5.526419075
MOBY,M4,100,HPG,BONCAT,A,12.81066649
MOBY,M4,100,HPG,BONCAT,A,5.348826807
MOBY,M4,100,HPG,BONCAT,A,1.551599825
MOBY,M4,100,HPG,BONCAT,A,3.13445867
MOBY,M4,100,HPG,BONCAT,A,18.25674601
MOBY,M4,100,HPG,BONCAT,A,14.95203349
MOBY,M4,100,HPG,BONCAT,A,12.58138168
MOBY,M4,100,HPG,BONCAT,A,4.75452178
MOBY,M4,100,HPG,BONCAT,A,4.072349608
MOBY,M4,100,HPG,BONCAT,A,4.42203652
MOBY,M4,100,HPG,BONCAT,A,1.328179543
MOBY,M4,100,HPG,BONCAT,A,2.220336678
MOBY,M4,100,HPG,BONCAT,A,7.003017123
MOBY,M4,100,HPG,BONCAT,A,5.740673609
MOBY,M4,100,HPG,BONCAT,A,0.931005604
MOBY,M4,100,HPG,BONCAT,A,7.968158442
MOBY,M4,100,HPG,BONCAT,A,7.384644938
MOBY,M4,100,HPG,BONCAT,A,7.169175831
MOBY,M4,100,HPG,BONCAT,A,10.22702906
MOBY,M4,100,HPG,BONCAT,A,0.812743929
MOBY,M4,100,HPG,BONCAT,A,33.35320167
MOBY,M4,100,HPG,BONCAT,A,2.465913516
MOBY,M4,100,HPG,BONCAT,A,10.74030317
MOBY,M4,100,HPG,BONCAT,A,3.761396734
MOBY,M4,100,HPG,BONCAT,A,17.62460308
MOBY,M4,100,HPG,BONCAT,A,3.375952967
MOBY,M4,100,HPG,BONCAT,A,8.808503896
MOBY,M4,100,HPG,BONCAT,A,4.292468891
MOBY,M4,100,HPG,BONCAT,A,7.103143582
MOBY,M4,100,HPG,BONCAT,A,26.87504368
MOBY,M4,100,HPG,BONCAT,A,4.437010827
MOBY,M4,100,HPG,BONCAT,A,2.424998038
MOBY,M4,100,HPG,BONCAT,A,23.44036179
MOBY,M4,100,HPG,BONCAT,A,6.843620712
MOBY,M4,100,HPG,BONCAT,A,1.786424487
MOBY,M4,100,HPG,BONCAT,A,2.460070779
MOBY,M4,100,HPG,BONCAT,A,7.512851248
MOBY,M4,100,HPG,BONCAT,A,3.433496926
MOBY,M4,100,HPG,BONCAT,A,1.994202303
MOBY,M4,100,HPG,BONCAT,A,2.057253859
MOBY,M4,100,HPG,BONCAT,A,3.085190214
MOBY,M4,100,HPG,BONCAT,A,57.46724243
MOBY,M4,100,HPG,BONCAT,A,3.836844987
MOBY,M4,100,HPG,BONCAT,A,5.731112883
MOBY,M4,100,HPG,BONCAT,A,2.465454144
MOBY,M4,100,HPG,BONCAT,A,5.69510927
MOBY,M4,100,HPG,BONCAT,A,9.318862689
MOBY,M4,100,HPG,BONCAT,A,2.313148039
MOBY,M4,100,HPG,BONCAT,A,5.300219696
MOBY,M4,100,HPG,BONCAT,A,12.82000592
MOBY,M4,100,HPG,BONCAT,A,8.130485108
MOBY,M4,100,HPG,BONCAT,A,10.23835895
MOBY,M4,100,HPG,BONCAT,A,1.14943478
MOBY,M4,100,HPG,BONCAT,A,6.460411735
MOBY,M4,100,HPG,BONCAT,A,7.710723423
MOBY,M4,100,HPG,BONCAT,A,1.865275092
MOBY,M4,100,HPG,BONCAT,A,4.82797048
MOBY,M4,100,HPG,BONCAT,A,21.02991819
MOBY,M4,100,HPG,BONCAT,A,9.765818721
MOBY,M4,100,HPG,BONCAT,A,2.709165973
MOBY,M4,100,HPG,BONCAT,A,13.38812863
MOBY,M4,100,HPG,BONCAT,A,2.630365088
MOBY,M4,100,HPG,BONCAT,A,2.289350241
MOBY,M4,100,HPG,BONCAT,A,0.722118797
MOBY,M4,100,HPG,BONCAT,A,4.391514309
MOBY,M4,100,HPG,BONCAT,A,5.514590099
MOBY,M4,100,HPG,BONCAT,A,23.89366523
MOBY,M4,100,HPG,BONCAT,A,2.62096727
MOBY,M4,100,HPG,BONCAT,A,1.228288992
MOBY,M4,100,HPG,BONCAT,A,2.766542027
MOBY,M4,100,HPG,BONCAT,A,6.024319727
MOBY,M4,100,HPG,BONCAT,A,2.254988699
MOBY,M4,100,HPG,BONCAT,A,6.899534071
MOBY,M4,100,HPG,BONCAT,A,75.90878867
MOBY,M4,100,HPG,BONCAT,A,36.66261187
MOBY,M4,100,HPG,BONCAT,A,2.850780616
MOBY,M4,100,HPG,BONCAT,A,3.65837749
MOBY,M4,100,HPG,BONCAT,A,14.31291688
MOBY,M4,100,HPG,BONCAT,A,5.933005264
MOBY,M4,100,HPG,BONCAT,A,2.560645335
MOBY,M4,100,HPG,BONCAT,A,1.504888649
MOBY,M4,100,HPG,BONCAT,A,3.170301666
MOBY,M4,100,HPG,BONCAT,A,13.76445102
MOBY,M4,100,HPG,BONCAT,A,2.900329897
MOBY,M4,100,HPG,BONCAT,A,16.12348855
MOBY,M4,100,HPG,BONCAT,A,4.21906378
MOBY,M4,100,HPG,BONCAT,A,11.89217144
MOBY,M4,100,HPG,BONCAT,A,11.45978408
MOBY,M4,100,HPG,BONCAT,A,8.305078107
MOBY,M4,100,HPG,BONCAT,A,31.86588109
MOBY,M4,100,HPG,BONCAT,A,2.265681746
MOBY,M4,100,HPG,BONCAT,A,1.85977398
MOBY,M4,100,HPG,BONCAT,A,27.4421308
MOBY,M4,100,HPG,BONCAT,A,3.696400074
MOBY,M4,100,HPG,BONCAT,A,6.689950119
MOBY,M4,100,HPG,BONCAT,A,4.581093342
MOBY,M4,100,HPG,BONCAT,A,2.169536353
MOBY,M4,100,HPG,BONCAT,A,2.243120242
MOBY,M4,100,HPG,BONCAT,A,2.34906651
MOBY,M4,100,HPG,BONCAT,A,6.837079806
MOBY,M4,100,HPG,BONCAT,A,5.654562928
MOBY,M4,100,HPG,BONCAT,A,69.6705187
MOBY,M4,100,HPG,BONCAT,A,6.574849364
MOBY,M4,100,HPG,BONCAT,A,36.39113256
MOBY,M4,100,HPG,BONCAT,A,2.735018821
MOBY,M4,100,HPG,BONCAT,A,6.257526307
MOBY,M4,100,HPG,BONCAT,A,4.173801245
MOBY,M4,100,HPG,BONCAT,A,3.918757708
MOBY,M4,100,HPG,BONCAT,A,1.879948449
MOBY,M4,100,HPG,BONCAT,A,23.29404825
MOBY,M4,100,HPG,BONCAT,A,4.300521017
MOBY,M4,100,HPG,BONCAT,A,5.231421417
MOBY,M4,100,HPG,BONCAT,A,13.79242592
MOBY,M4,100,HPG,BONCAT,A,9.732946654
MOBY,M4,100,HPG,BONCAT,A,29.89125075
MOBY,M4,100,HPG,BONCAT,A,4.094411881
MOBY,M4,100,HPG,BONCAT,A,3.287543356
MOBY,M4,100,HPG,BONCAT,A,7.886487773
MOBY,M4,100,HPG,BONCAT,A,2.646869167
MOBY,M4,100,HPG,BONCAT,A,5.490915071
MOBY,M4,100,HPG,BONCAT,A,10.68319478
MOBY,M4,100,HPG,BONCAT,A,1.936378481
MOBY,M4,100,HPG,BONCAT,A,10.06567247
MOBY,M4,100,HPG,BONCAT,A,4.383604772
MOBY,M4,100,HPG,BONCAT,A,4.276207046
MOBY,M4,100,HPG,BONCAT,A,17.79003246
MOBY,M4,100,HPG,BONCAT,A,3.342574892
MOBY,M4,100,HPG,BONCAT,A,5.011255291
MOBY,M4,100,HPG,BONCAT,A,34.06498897
MOBY,M4,100,HPG,BONCAT,A,1.128602475
MOBY,M4,100,HPG,BONCAT,A,1.947320978
MOBY,M4,100,HPG,BONCAT,A,1.82972361
MOBY,M4,100,HPG,BONCAT,A,24.80808338
MOBY,M4,100,HPG,BONCAT,A,2.967161997
MOBY,M4,100,HPG,BONCAT,A,2.441981053
MOBY,M4,100,HPG,BONCAT,A,3.158072302
MOBY,M4,100,HPG,BONCAT,A,5.442794319
MOBY,M4,100,HPG,BONCAT,A,5.26993354
MOBY,M4,100,HPG,BONCAT,A,2.663933947
MOBY,M4,100,HPG,BONCAT,A,4.31451583
MOBY,M4,100,HPG,BONCAT,A,3.081199432
MOBY,M4,100,HPG,BONCAT,A,0.838070182
MOBY,M4,100,HPG,BONCAT,A,5.590960167
MOBY,M4,100,HPG,BONCAT,A,4.314912172
MOBY,M4,100,HPG,BONCAT,A,16.93628289
MOBY,M4,100,HPG,BONCAT,A,22.6122707
MOBY,M4,100,HPG,BONCAT,A,10.24028502
MOBY,M4,100,HPG,BONCAT,A,8.952940139
MOBY,M4,100,HPG,BONCAT,A,9.792122104
MOBY,M4,100,HPG,BONCAT,A,1.289166605
MOBY,M4,100,HPG,BONCAT,A,6.731473408
MOBY,M4,100,HPG,BONCAT,A,13.5602819
MOBY,M4,100,HPG,BONCAT,A,8.955932899
MOBY,M4,100,HPG,BONCAT,A,11.4371783
MOBY,M4,100,HPG,BONCAT,A,2.795014051
MOBY,M4,100,HPG,BONCAT,A,2.446745941
MOBY,M4,100,HPG,BONCAT,A,1.441015996
MOBY,M4,100,HPG,BONCAT,A,1.940222225
MOBY,M4,100,HPG,BONCAT,A,2.923800977
MOBY,M4,100,HPG,BONCAT,A,4.86748099
MOBY,M4,100,HPG,BONCAT,A,12.35020938
MOBY,M4,100,HPG,BONCAT,A,1.375965155
MOBY,M4,100,HPG,BONCAT,A,10.00165074
MOBY,M4,100,HPG,BONCAT,A,37.69857074
MOBY,M4,100,HPG,BONCAT,A,5.716404299
MOBY,M4,100,HPG,BONCAT,A,8.047780411
MOBY,M4,100,HPG,BONCAT,A,5.899835538
MOBY,M4,100,HPG,BONCAT,A,6.346566778
MOBY,M4,100,HPG,BONCAT,A,2.725859898
MOBY,M4,100,HPG,BONCAT,A,12.00156655
MOBY,M4,100,HPG,BONCAT,A,3.775771739
MOBY,M4,100,HPG,BONCAT,A,4.192517943
MOBY,M4,100,HPG,BONCAT,A,9.494196788
MOBY,M4,100,HPG,BONCAT,A,3.411867745
MOBY,M4,100,HPG,BONCAT,A,51.50130549
MOBY,M4,100,HPG,BONCAT,A,10.4237828
MOBY,M4,100,HPG,BONCAT,A,4.45398843
MOBY,M4,100,HPG,BONCAT,A,1.551599825
MOBY,M4,100,HPG,BONCAT,A,4.91173106
MOBY,M4,100,HPG,BONCAT,A,2.23623603
MOBY,M4,100,HPG,BONCAT,A,3.149559939
MOBY,M4,100,HPG,BONCAT,A,0.956480882
MOBY,M4,100,HPG,BONCAT,A,1.046802321
MOBY,M4,100,HPG,BONCAT,A,100.0101564
MOBY,M4,100,HPG,BONCAT,A,50.08526255
MOBY,M4,100,HPG,BONCAT,A,1.900827
MOBY,M4,100,HPG,BONCAT,A,5.040044183
MOBY,M4,100,HPG,BONCAT,A,0.75191684
MOBY,M4,100,HPG,BONCAT,A,4.988231478
MOBY,M4,100,HPG,BONCAT,A,8.413887346
MOBY,M4,100,HPG,BONCAT,A,30.06873847
MOBY,M4,100,HPG,BONCAT,A,2.058378063
MOBY,M4,100,HPG,BONCAT,A,16.16528361
MOBY,M4,100,HPG,BONCAT,A,5.937011733
MOBY,M4,100,HPG,BONCAT,A,5.491662447
MOBY,M4,100,HPG,BONCAT,A,2.184640231
MOBY,M4,100,HPG,BONCAT,A,5.133032299
MOBY,M4,100,HPG,BONCAT,A,6.718728309
MOBY,M4,100,HPG,BONCAT,A,26.79071381
MOBY,M4,100,HPG,BONCAT,A,5.674695613
MOBY,M4,100,HPG,BONCAT,A,5.161364403
MOBY,M4,100,HPG,BONCAT,A,10.87105424
MOBY,M4,100,HPG,BONCAT,A,5.209823806
MOBY,M4,100,HPG,BONCAT,A,3.086677287
MOBY,M4,100,HPG,BONCAT,A,3.112957048
MOBY,M4,100,HPG,BONCAT,A,4.561895465
MOBY,M4,100,HPG,BONCAT,A,6.263931986
MOBY,M4,100,HPG,BONCAT,A,14.39149754
MOBY,M4,100,HPG,BONCAT,A,1.040175775
MOBY,M4,100,HPG,BONCAT,A,1.969560091
MOBY,M4,100,HPG,BONCAT,A,5.570152814
MOBY,M4,100,HPG,BONCAT,A,7.219651047
MOBY,M4,100,HPG,BONCAT,A,4.218961964
MOBY,M4,100,HPG,BONCAT,A,1.915553368
MOBY,M4,100,HPG,BONCAT,A,1.513813528
MOBY,M4,100,HPG,BONCAT,A,0.829104493
MOBY,M4,100,HPG,BONCAT,A,1.841574246
MOBY,M4,100,HPG,BONCAT,A,3.021597887
MOBY,M4,100,HPG,BONCAT,A,4.806579779
MOBY,M4,100,HPG,BONCAT,A,22.71309941
MOBY,M4,100,HPG,BONCAT,A,3.629353762
MOBY,M4,100,HPG,BONCAT,A,4.104323214
MOBY,M4,100,HPG,BONCAT,A,6.784496115
MOBY,M4,100,HPG,BONCAT,A,0.599879188
MOBY,M4,100,HPG,BONCAT,A,1.74939633
MOBY,M4,100,HPG,BONCAT,A,0.914794064
MOBY,M4,100,HPG,BONCAT,A,6.995767237
MOBY,M4,100,HPG,BONCAT,A,0.921741867
MOBY,M4,100,HPG,BONCAT,A,7.837312016
MOBY,M4,100,HPG,BONCAT,A,15.09743459
MOBY,M4,100,HPG,BONCAT,A,1.240009448
MOBY,M4,100,HPG,BONCAT,A,8.269402041
MOBY,M4,100,HPG,BONCAT,A,1.801934044
MOBY,M4,100,HPG,BONCAT,A,1.391650027
MOBY,M4,100,HPG,BONCAT,A,4.866401411
MOBY,M4,100,HPG,BONCAT,A,4.07655994
MOBY,M4,100,HPG,BONCAT,A,3.311249784
MOBY,M4,100,HPG,BONCAT,A,14.18303701
MOBY,M4,100,HPG,BONCAT,A,4.810805079
MOBY,M4,100,HPG,BONCAT,A,3.660610319
MOBY,M4,100,HPG,BONCAT,A,5.630047556
MOBY,M4,100,HPG,BONCAT,A,3.000506246
MOBY,M4,100,HPG,BONCAT,A,3.751610717
MOBY,M4,100,HPG,BONCAT,A,2.184666876
MOBY,M4,100,HPG,BONCAT,A,72.42539683
MOBY,M4,100,HPG,BONCAT,A,2.577779068
MOBY,M4,100,HPG,BONCAT,A,3.548171439
MOBY,M4,100,HPG,BONCAT,A,67.42603727
MOBY,M4,100,HPG,BONCAT,A,7.325574571
MOBY,M4,100,HPG,BONCAT,A,2.375273136
MOBY,M4,100,HPG,BONCAT,A,3.261079332
MOBY,M4,100,HPG,BONCAT,A,3.926706506
MOBY,M4,100,HPG,BONCAT,A,1.317363484
MOBY,M4,100,HPG,BONCAT,A,3.744674092
MOBY,M4,100,HPG,BONCAT,A,0.756487763
MOBY,M4,100,HPG,BONCAT,A,4.02972575
MOBY,M4,100,HPG,BONCAT,A,2.852255976
MOBY,M4,100,HPG,BONCAT,A,5.07273239
MOBY,M4,100,HPG,BONCAT,A,58.67080632
MOBY,M4,100,HPG,BONCAT,A,2.86449386
MOBY,M4,100,HPG,BONCAT,A,9.834036188
MOBY,M4,100,HPG,BONCAT,A,7.192989304
MOBY,M4,100,HPG,BONCAT,A,1.646823049
MOBY,M4,100,HPG,BONCAT,A,7.493908563
MOBY,M4,100,HPG,BONCAT,A,2.40302566
MOBY,M4,100,HPG,BONCAT,A,1.070002389
MOBY,M4,100,HPG,BONCAT,A,7.798232318
MOBY,M4,100,HPG,BONCAT,A,19.04397878
MOBY,M4,100,HPG,BONCAT,A,11.9994348
MOBY,M4,100,HPG,BONCAT,A,4.03447951
MOBY,M4,100,HPG,BONCAT,A,26.84774357
MOBY,M4,100,HPG,BONCAT,A,5.267287927
MOBY,M4,100,HPG,BONCAT,A,19.87901316
MOBY,M4,100,HPG,BONCAT,A,16.41125624
MOBY,M4,100,HPG,BONCAT,A,30.12171534
MOBY,M4,100,HPG,BONCAT,A,3.878754501
MOBY,M4,100,HPG,BONCAT,A,3.684731202
MOBY,M4,100,HPG,BONCAT,A,0.640625724
MOBY,M4,100,HPG,BONCAT,A,3.096129091
MOBY,M4,100,HPG,BONCAT,A,7.000335283
MOBY,M4,100,HPG,BONCAT,A,3.988358897
MOBY,M4,100,HPG,BONCAT,A,4.371979342
MOBY,M4,100,HPG,BONCAT,A,8.310181866
MOBY,M4,100,HPG,BONCAT,A,23.96201406
MOBY,M4,100,HPG,BONCAT,A,4.752642911
MOBY,M4,100,HPG,BONCAT,A,9.705189669
MOBY,M4,100,HPG,BONCAT,A,5.545066162
MOBY,M4,100,HPG,BONCAT,A,3.299503023
MOBY,M4,100,HPG,BONCAT,A,135.0186435
MOBY,M4,100,HPG,BONCAT,A,1.675517549
MOBY,M4,100,HPG,BONCAT,A,1.520942133
MOBY,M4,100,HPG,BONCAT,A,3.205210586
MOBY,M4,100,HPG,BONCAT,A,14.867689
MOBY,M4,100,HPG,BONCAT,A,13.05933238
MOBY,M4,100,HPG,BONCAT,A,9.418505764
MOBY,M4,100,HPG,BONCAT,A,6.974243833
MOBY,M4,100,HPG,BONCAT,A,1.448630947
MOBY,M4,100,HPG,BONCAT,A,3.693191542
MOBY,M4,100,HPG,BONCAT,A,3.032821478
MOBY,M4,100,HPG,BONCAT,A,7.79488472
MOBY,M4,100,HPG,BONCAT,A,11.02458892
MOBY,M4,100,HPG,BONCAT,A,5.965890373
MOBY,M4,100,HPG,BONCAT,A,1.834463779
MOBY,M4,100,HPG,BONCAT,A,44.10567013
MOBY,M4,100,HPG,BONCAT,A,10.51070345
MOBY,M4,100,HPG,BONCAT,A,5.764501891
MOBY,M4,100,HPG,BONCAT,A,7.158065478
MOBY,M4,100,HPG,BONCAT,A,8.086298056
MOBY,M4,100,HPG,BONCAT,A,4.789595996
MOBY,M4,100,HPG,BONCAT,A,17.00672862
MOBY,M4,100,HPG,BONCAT,A,18.8786435
MOBY,M4,100,HPG,BONCAT,A,48.19487822
MOBY,M4,100,HPG,BONCAT,A,37.92105695
MOBY,M4,100,HPG,BONCAT,A,0.740489532
MOBY,M4,100,HPG,BONCAT,A,34.31840241
MOBY,M4,100,HPG,BONCAT,A,1.289234633
MOBY,M4,100,HPG,BONCAT,A,6.271949531
MOBY,M4,100,HPG,BONCAT,A,12.53805572
MOBY,M4,100,HPG,BONCAT,A,17.06372084
MOBY,M4,100,HPG,BONCAT,A,4.631381114
MOBY,M4,100,HPG,BONCAT,A,11.71137328
MOBY,M4,100,HPG,BONCAT,A,1.279858451
MOBY,M4,100,HPG,BONCAT,A,5.757587499
MOBY,M4,100,HPG,BONCAT,A,1.169546841
MOBY,M4,100,HPG,BONCAT,A,5.755980545
MOBY,M4,100,HPG,BONCAT,A,28.11867349
MOBY,M4,100,HPG,BONCAT,A,11.89970891
MOBY,M4,100,HPG,BONCAT,A,2.770066355
MOBY,M4,100,HPG,BONCAT,A,1.429262288
MOBY,M4,100,HPG,BONCAT,A,20.39654014
MOBY,M4,100,HPG,BONCAT,A,3.328218951
MOBY,M4,100,HPG,BONCAT,A,2.636798888
MOBY,M4,100,HPG,BONCAT,A,67.28848125
MOBY,M4,100,HPG,BONCAT,A,8.262177825
MOBY,M4,100,HPG,BONCAT,A,12.29122324
MOBY,M4,100,HPG,BONCAT,A,0.649680528
MOBY,M4,100,HPG,BONCAT,A,4.322012876
MOBY,M4,100,HPG,BONCAT,A,11.41083935
MOBY,M4,100,HPG,BONCAT,A,1.795888821
MOBY,M4,100,HPG,BONCAT,A,2.264483554
MOBY,M4,100,HPG,BONCAT,A,1.644882089
MOBY,M4,100,HPG,BONCAT,A,1.556203257
MOBY,M4,100,HPG,BONCAT,A,3.100761825
MOBY,M4,100,HPG,BONCAT,A,34.70668197
MOBY,M4,100,HPG,BONCAT,A,3.797348921
MOBY,M4,100,HPG,BONCAT,A,46.62558465
MOBY,M4,100,HPG,BONCAT,A,13.04489327
MOBY,M4,100,HPG,BONCAT,A,1.163452277
MOBY,M4,100,HPG,BONCAT,A,5.480993815
MOBY,M4,100,HPG,BONCAT,A,1.315308592
MOBY,M4,100,HPG,BONCAT,A,4.494095537
MOBY,M4,100,HPG,BONCAT,A,8.750707073
MOBY,M4,100,HPG,BONCAT,A,3.086677287
MOBY,M4,100,HPG,BONCAT,A,0.865699011
MOBY,M4,100,HPG,BONCAT,A,6.755574349
MOBY,M4,100,HPG,BONCAT,A,10.82537716
MOBY,M4,100,HPG,BONCAT,A,5.52300217
MOBY,M4,100,HPG,BONCAT,A,4.11752465
MOBY,M4,100,HPG,BONCAT,A,3.160437956
MOBY,M4,100,HPG,BONCAT,A,3.459816581
MOBY,M4,100,HPG,BONCAT,A,9.603673552
MOBY,M4,100,HPG,BONCAT,A,8.681180469
MOBY,M4,100,HPG,BONCAT,A,2.649251874
MOBY,M4,100,HPG,BONCAT,A,0.838070182
MOBY,M4,100,HPG,BONCAT,A,4.487321953
MOBY,M4,100,HPG,BONCAT,A,7.698683063
MOBY,M4,100,HPG,BONCAT,A,23.4583421
MOBY,M4,100,HPG,BONCAT,A,1.317363484
MOBY,M4,100,HPG,BONCAT,A,2.458657901
MOBY,M4,100,HPG,BONCAT,A,4.468305816
MOBY,M4,100,HPG,BONCAT,A,2.821478427
MOBY,M4,100,HPG,BONCAT,A,5.746892685
MOBY,M4,100,HPG,BONCAT,A,44.84656044
MOBY,M4,100,HPG,BONCAT,A,2.702037161
MOBY,M4,100,HPG,BONCAT,A,2.602683578
MOBY,M4,100,HPG,BONCAT,A,4.039172325
MOBY,M4,100,HPG,BONCAT,A,4.658256374
MOBY,M4,100,HPG,BONCAT,A,3.344239659
MOBY,M4,100,HPG,BONCAT,A,0.94490121
MOBY,M4,100,HPG,BONCAT,A,17.21839445
MOBY,M4,100,HPG,BONCAT,A,1.179805931
MOBY,M4,100,HPG,BONCAT,A,3.442960163
MOBY,M4,100,HPG,BONCAT,A,0.65420785
MOBY,M4,100,HPG,BONCAT,A,57.83716138
MOBY,M4,100,HPG,BONCAT,A,1.638980637
MOBY,M4,100,HPG,BONCAT,A,19.69813357
MOBY,M4,100,HPG,BONCAT,A,2.005752916
MOBY,M4,100,HPG,BONCAT,A,18.84540118
MOBY,M4,100,HPG,BONCAT,A,3.194185397
MOBY,M4,100,HPG,BONCAT,A,2.456275718
MOBY,M4,100,HPG,BONCAT,A,2.114942175
MOBY,M4,100,HPG,BONCAT,A,1.027949897
MOBY,M4,100,HPG,BONCAT,A,3.441855706
MOBY,M4,100,HPG,BONCAT,A,6.39596773
MOBY,M4,100,HPG,BONCAT,A,2.446416006
MOBY,M4,100,HPG,BONCAT,A,0.910162195
MOBY,M4,100,HPG,BONCAT,A,6.905565983
MOBY,M4,100,HPG,BONCAT,A,1.095700947
MOBY,M4,100,HPG,BONCAT,A,18.55174315
MOBY,M4,100,HPG,BONCAT,A,23.45137991
MOBY,M4,100,HPG,BONCAT,A,5.665773379
MOBY,M4,100,HPG,BONCAT,A,2.158462603
MOBY,M4,100,HPG,BONCAT,A,1.873970682
MOBY,M4,100,HPG,BONCAT,A,4.271419035
MOBY,M4,100,HPG,BONCAT,A,8.210077786
MOBY,M4,100,HPG,BONCAT,A,77.70490801
MOBY,M4,100,HPG,BONCAT,A,5.348826807
MOBY,M4,100,HPG,BONCAT,A,2.036610632
MOBY,M4,100,HPG,BONCAT,A,20.67161109
MOBY,M4,100,HPG,BONCAT,A,6.382006046
MOBY,M4,100,HPG,BONCAT,A,3.538587639
MOBY,M4,100,HPG,BONCAT,A,2.036986143
MOBY,M4,100,HPG,BONCAT,A,4.11234861
MOBY,M4,2500,HPG,BONCAT,A,6.213709842
MOBY,M4,2500,HPG,BONCAT,A,0.929350309
MOBY,M4,2500,HPG,BONCAT,A,1.537710719
MOBY,M4,2500,HPG,BONCAT,A,0.205803744
MOBY,M4,2500,HPG,BONCAT,A,1.369215742
MOBY,M4,2500,HPG,BONCAT,A,0.323606609
MOBY,M4,2500,HPG,BONCAT,A,0.938589798
MOBY,M4,2500,HPG,BONCAT,A,1.426785361
MOBY,M4,2500,HPG,BONCAT,A,0.775226436
MOBY,M4,2500,HPG,BONCAT,A,1.983598709
MOBY,M4,2500,HPG,BONCAT,A,1.330665285
MOBY,M4,2500,HPG,BONCAT,A,1.225531613
MOBY,M4,2500,HPG,BONCAT,A,1.593656784
MOBY,M4,2500,HPG,BONCAT,A,0.993361612
MOBY,M4,2500,HPG,BONCAT,A,0.392064288
MOBY,M4,2500,HPG,BONCAT,A,0.919295057
MOBY,M4,2500,HPG,BONCAT,A,2.712537157
MOBY,M4,2500,HPG,BONCAT,A,0.712688106
MOBY,M4,2500,HPG,BONCAT,A,1.699972219
MOBY,M4,2500,HPG,BONCAT,A,2.419027813
MOBY,M4,2500,HPG,BONCAT,A,10.71294057
MOBY,M4,2500,HPG,BONCAT,A,6.264781403
MOBY,M4,2500,HPG,BONCAT,A,0.373913163
MOBY,M4,2500,HPG,BONCAT,A,1.877548003
MOBY,M4,2500,HPG,BONCAT,A,0.66080205
MOBY,M4,2500,HPG,BONCAT,A,3.828639748
MOBY,M4,2500,HPG,BONCAT,A,0.489908879
MOBY,M4,2500,HPG,BONCAT,A,0.388434063
MOBY,M4,2500,HPG,BONCAT,A,2.880039573
MOBY,M4,2500,HPG,BONCAT,A,5.75718973
MOBY,M4,2500,HPG,BONCAT,A,2.396479387
MOBY,M4,2500,HPG,BONCAT,A,0.454733433
MOBY,M4,2500,HPG,BONCAT,A,4.26370639
MOBY,M4,2500,HPG,BONCAT,A,3.629656875
MOBY,M4,2500,HPG,BONCAT,A,4.709357638
MOBY,M4,2500,HPG,BONCAT,A,0.67968
MOBY,M4,2500,HPG,BONCAT,A,0.70098179
MOBY,M4,2500,HPG,BONCAT,A,0.511342412
MOBY,M4,2500,HPG,BONCAT,A,1.695697151
MOBY,M4,2500,HPG,BONCAT,A,2.413306785
MOBY,M4,2500,HPG,BONCAT,A,1.315305278
MOBY,M4,2500,HPG,BONCAT,A,0.698149565
MOBY,M4,2500,HPG,BONCAT,A,0.944389292
MOBY,M4,2500,HPG,BONCAT,A,0.84646581
MOBY,M4,2500,HPG,BONCAT,A,0.274996353
MOBY,M4,2500,HPG,BONCAT,A,1.414257104
MOBY,M4,2500,HPG,BONCAT,A,2.721586954
MOBY,M4,2500,HPG,BONCAT,A,2.128734736
MOBY,M4,2500,HPG,BONCAT,A,1.497890649
MOBY,M4,2500,HPG,BONCAT,A,0.43649548
MOBY,M4,2500,HPG,BONCAT,A,0.214674565
MOBY,M4,2500,HPG,BONCAT,A,2.602506136
MOBY,M4,2500,HPG,BONCAT,A,2.961082351
MOBY,M4,2500,HPG,BONCAT,A,3.990728754
MOBY,M4,2500,HPG,BONCAT,A,0.348869541
MOBY,M4,2500,HPG,BONCAT,A,1.728354922
MOBY,M4,2500,HPG,BONCAT,A,0.928321869
MOBY,M4,2500,HPG,BONCAT,A,1.997377915
MOBY,M4,2500,HPG,BONCAT,A,0.647820949
MOBY,M4,2500,HPG,BONCAT,A,0.378133988
MOBY,M4,2500,HPG,BONCAT,A,0.343056252
MOBY,M4,2500,HPG,BONCAT,A,0.230642125
MOBY,M4,2500,HPG,BONCAT,A,7.070073521
MOBY,M4,2500,HPG,BONCAT,A,3.537246676
MOBY,M4,2500,HPG,BONCAT,A,0.737944619
MOBY,M4,2500,HPG,BONCAT,A,0.752207457
MOBY,M4,2500,HPG,BONCAT,A,3.604398015
MOBY,M4,2500,HPG,BONCAT,A,6.064996339
MOBY,M4,2500,HPG,BONCAT,A,0.312178129
MOBY,M4,2500,HPG,BONCAT,A,0.909632997
MOBY,M4,2500,HPG,BONCAT,A,1.703077497
MOBY,M4,2500,HPG,BONCAT,A,2.94705
MOBY,M4,2500,HPG,BONCAT,A,0.390854213
MOBY,M4,2500,HPG,BONCAT,A,0.776141527
MOBY,M4,2500,HPG,BONCAT,A,1.198474595
MOBY,M4,2500,HPG,BONCAT,A,0.367257751
MOBY,M4,2500,HPG,BONCAT,A,0.246018242
MOBY,M4,2500,HPG,BONCAT,A,0.404658621
MOBY,M4,2500,HPG,BONCAT,A,1.544315961
MOBY,M4,2500,HPG,BONCAT,A,0.51218926
MOBY,M4,2500,HPG,BONCAT,A,3.740511266
MOBY,M4,2500,HPG,BONCAT,A,1.482690124
MOBY,M4,2500,HPG,BONCAT,A,4.308248995
MOBY,M4,2500,HPG,BONCAT,A,3.972696017
MOBY,M4,2500,HPG,BONCAT,A,2.992969071
MOBY,M4,2500,HPG,BONCAT,A,2.979819412
MOBY,M4,2500,HPG,BONCAT,A,0.303757115
MOBY,M4,2500,HPG,BONCAT,A,0.296149925
MOBY,M4,2500,HPG,BONCAT,A,0.648439062
MOBY,M4,2500,HPG,BONCAT,A,1.867916526
MOBY,M4,2500,HPG,BONCAT,A,1.531029673
MOBY,M4,2500,HPG,BONCAT,A,0.843365296
MOBY,M4,2500,HPG,BONCAT,A,0.349471088
MOBY,M4,2500,HPG,BONCAT,A,1.089986133
MOBY,M4,2500,HPG,BONCAT,A,0.280910247
MOBY,M4,2500,HPG,BONCAT,A,1.45055464
MOBY,M4,2500,HPG,BONCAT,A,7.514445018
MOBY,M4,2500,HPG,BONCAT,A,1.029461167
MOBY,M4,2500,HPG,BONCAT,A,3.966998716
MOBY,M4,2500,HPG,BONCAT,A,0.333765742
MOBY,M4,2500,HPG,BONCAT,A,2.186169957
MOBY,M4,2500,HPG,BONCAT,A,1.065131234
MOBY,M4,2500,HPG,BONCAT,A,2.017010267
MOBY,M4,2500,HPG,BONCAT,A,0.786755712
MOBY,M4,2500,HPG,BONCAT,A,1.578247282
MOBY,M4,2500,HPG,BONCAT,A,1.073900256
MOBY,M4,2500,HPG,BONCAT,A,0.790654898
MOBY,M4,2500,HPG,BONCAT,A,0.692945905
MOBY,M4,2500,HPG,BONCAT,A,1.150452171
MOBY,M4,2500,HPG,BONCAT,A,2.53935531
MOBY,M4,2500,HPG,BONCAT,A,1.129776518
MOBY,M4,2500,HPG,BONCAT,A,0.787669637
MOBY,M4,2500,HPG,BONCAT,A,0.52975439
MOBY,M4,2500,HPG,BONCAT,A,0.931767956
MOBY,M4,2500,HPG,BONCAT,A,2.616407522
MOBY,M4,2500,HPG,BONCAT,A,0.543353604
MOBY,M4,2500,HPG,BONCAT,A,1.49897622
MOBY,M4,2500,HPG,BONCAT,A,0.684297391
MOBY,M4,2500,HPG,BONCAT,A,1.56356413
MOBY,M4,3500,HPG,BONCAT,A,0.365048479
MOBY,M4,3500,HPG,BONCAT,A,0.862880571
MOBY,M4,3500,HPG,BONCAT,A,3.781103126
MOBY,M4,3500,HPG,BONCAT,A,1.394094434
MOBY,M4,3500,HPG,BONCAT,A,1.077848563
MOBY,M4,3500,HPG,BONCAT,A,0.34342099
MOBY,M4,3500,HPG,BONCAT,A,0.18777537
MOBY,M4,3500,HPG,BONCAT,A,1.169692866
MOBY,M4,3500,HPG,BONCAT,A,2.341470954
MOBY,M4,3500,HPG,BONCAT,A,0.400059997
MOBY,M4,3500,HPG,BONCAT,A,1.063694725
MOBY,M4,3500,HPG,BONCAT,A,0.221264183
MOBY,M4,3500,HPG,BONCAT,A,2.925465804
MOBY,M4,3500,HPG,BONCAT,A,0.554390793
MOBY,M4,3500,HPG,BONCAT,A,0.677002008
MOBY,M4,3500,HPG,BONCAT,A,0.79344372
MOBY,M4,3500,HPG,BONCAT,A,0.293314014
MOBY,M4,3500,HPG,BONCAT,A,1.107589312
MOBY,M4,3500,HPG,BONCAT,A,0.496444321
MOBY,M4,3500,HPG,BONCAT,A,0.163522323
MOBY,M4,3500,HPG,BONCAT,A,0.605404671
MOBY,M4,3500,HPG,BONCAT,A,1.026270874
MOBY,M4,3500,HPG,BONCAT,A,0.941585645
MOBY,M4,3500,HPG,BONCAT,A,0.966901473
MOBY,M4,3500,HPG,BONCAT,A,0.813416248
MOBY,M4,3500,HPG,BONCAT,A,1.177537708
MOBY,M4,3500,HPG,BONCAT,A,0.185978108
MOBY,M4,3500,HPG,BONCAT,A,0.426484687
MOBY,M4,3500,HPG,BONCAT,A,0.136355646
MOBY,M4,3500,HPG,BONCAT,A,0.492294977
MOBY,M4,3500,HPG,BONCAT,A,2.093513659
MOBY,M4,3500,HPG,BONCAT,A,1.061125359
MOBY,M4,3500,HPG,BONCAT,A,0.162999877
MOBY,M4,3500,HPG,BONCAT,A,0.384653195
MOBY,M4,3500,HPG,BONCAT,A,0.900684192
MOBY,M4,3500,HPG,BONCAT,A,0.299673363
MOBY,M4,3500,HPG,BONCAT,A,0.282530453
MOBY,M4,3500,HPG,BONCAT,A,1.086010034
MOBY,M4,3500,HPG,BONCAT,A,0.992284672
MOBY,M4,3500,HPG,BONCAT,A,2.446430808
MOBY,M4,3500,HPG,BONCAT,A,0.627912643
MOBY,M4,3500,HPG,BONCAT,A,0.589320646
MOBY,M4,3500,HPG,BONCAT,A,3.333927962
MOBY,M4,3500,HPG,BONCAT,A,0.424846467
MOBY,M4,3500,HPG,BONCAT,A,0.596074472
MOBY,M4,3500,HPG,BONCAT,A,0.978682415
MOBY,M4,3500,HPG,BONCAT,A,0.182500781
MOBY,M4,3500,HPG,BONCAT,A,0.166656925
MOBY,M4,3500,HPG,BONCAT,A,0.190166517
MOBY,M4,3500,HPG,BONCAT,A,2.503692262
MOBY,M4,3500,HPG,BONCAT,A,2.753154738
MOBY,M4,3500,HPG,BONCAT,A,0.361907136
MOBY,M4,3500,HPG,BONCAT,A,0.827758841
MOBY,M4,3500,HPG,BONCAT,A,1.068487858
MOBY,M4,3500,HPG,BONCAT,A,0.166149555
MOBY,M4,3500,HPG,BONCAT,A,0.871838497
MOBY,M4,3500,HPG,BONCAT,A,0.483722338
MOBY,M4,3500,HPG,BONCAT,A,0.650614654
MOBY,M4,3500,HPG,BONCAT,A,0.53608176
MOBY,M4,3500,HPG,BONCAT,A,1.910319516
MOBY,M4,3500,HPG,BONCAT,A,0.59932125
MOBY,M4,3500,HPG,BONCAT,A,0.375153644
MOBY,M4,3500,HPG,BONCAT,A,0.729857596
MOBY,M4,3500,HPG,BONCAT,A,9.074233416
MOBY,M4,3500,HPG,BONCAT,A,0.185978108
MOBY,M4,3500,HPG,BONCAT,A,1.149860412
MOBY,M4,3500,HPG,BONCAT,A,1.63430583
MOBY,M4,3500,HPG,BONCAT,A,1.741916741
MOBY,M4,3500,HPG,BONCAT,A,1.170072637
MOBY,M4,3500,HPG,BONCAT,A,3.39819286
MOBY,M4,3500,HPG,BONCAT,A,0.339917988
MOBY,M4,3500,HPG,BONCAT,A,4.115520038
MOBY,M4,3500,HPG,BONCAT,A,0.503092005
MOBY,M4,3500,HPG,BONCAT,A,0.645526403
MOBY,M4,3500,HPG,BONCAT,A,0.191348025
MOBY,M4,3500,HPG,BONCAT,A,2.101407184
MOBY,M4,3500,HPG,BONCAT,A,0.151380706
MOBY,M4,3500,HPG,BONCAT,A,0.849289539
MOBY,M4,3500,HPG,BONCAT,A,1.580486554
MOBY,M4,3500,HPG,BONCAT,A,0.640988132
MOBY,M4,3500,HPG,BONCAT,A,0.167204473
MOBY,M4,3500,HPG,BONCAT,A,0.598706441
MOBY,M4,3500,HPG,BONCAT,A,0.184399633
MOBY,M4,4000,HPG,BONCAT,A,0.701242045
MOBY,M4,4000,HPG,BONCAT,A,0.910219152
MOBY,M4,4000,HPG,BONCAT,A,0.411588802
MOBY,M4,4000,HPG,BONCAT,A,1.54356692
MOBY,M4,4000,HPG,BONCAT,A,2.059801706
MOBY,M4,4000,HPG,BONCAT,A,0.210177321
MOBY,M4,4000,HPG,BONCAT,A,0.330379963
MOBY,M4,4000,HPG,BONCAT,A,1.777709322
MOBY,M4,4000,HPG,BONCAT,A,0.912607552
MOBY,M4,4000,HPG,BONCAT,A,19.18619999
MOBY,M4,4000,HPG,BONCAT,A,0.274172697
MOBY,M4,4000,HPG,BONCAT,A,0.418729103
MOBY,M4,4000,HPG,BONCAT,A,2.64850687
MOBY,M4,4000,HPG,BONCAT,A,1.468265058
MOBY,M4,4000,HPG,BONCAT,A,1.421793461
MOBY,M4,4000,HPG,BONCAT,A,0.562198106
MOBY,M4,4000,HPG,BONCAT,A,0.330310434
MOBY,M4,4000,HPG,BONCAT,A,0.300737876
MOBY,M4,4000,HPG,BONCAT,A,1.516622273
MOBY,M4,4000,HPG,BONCAT,A,1.927117031
MOBY,M4,4000,HPG,BONCAT,A,6.832927739
MOBY,M4,4000,HPG,BONCAT,A,1.911930283
MOBY,M4,4000,HPG,BONCAT,A,1.027800803
MOBY,M4,4000,HPG,BONCAT,A,4.901396704
MOBY,M4,4000,HPG,BONCAT,A,2.497341752
MOBY,M4,4000,HPG,BONCAT,A,1.177965466
MOBY,M4,4000,HPG,BONCAT,A,0.639498042
MOBY,M4,4000,HPG,BONCAT,A,1.544223882
MOBY,M4,4000,HPG,BONCAT,A,1.005497586
MOBY,M4,4000,HPG,BONCAT,A,1.1952215
MOBY,M4,4000,HPG,BONCAT,A,0.577045153
MOBY,M4,4000,HPG,BONCAT,A,0.410568781
MOBY,M4,4000,HPG,BONCAT,A,1.26335102
MOBY,M4,4000,HPG,BONCAT,A,0.737841913
MOBY,M4,4000,HPG,BONCAT,A,0.300162311
MOBY,M4,4000,HPG,BONCAT,A,0.708925652
MOBY,M4,4000,HPG,BONCAT,A,2.424987124
MOBY,M4,4000,HPG,BONCAT,A,0.514753259
MOBY,M4,4000,HPG,BONCAT,A,0.753746328
MOBY,M4,4000,HPG,BONCAT,A,3.326359583
MOBY,M4,4000,HPG,BONCAT,A,1.058348646
MOBY,M4,4000,HPG,BONCAT,A,0.291746497
MOBY,M4,4000,HPG,BONCAT,A,0.293769044
MOBY,M4,4000,HPG,BONCAT,A,1.185040586
MOBY,M4,4000,HPG,BONCAT,A,0.193402154
MOBY,M4,4000,HPG,BONCAT,A,4.838711825
MOBY,M4,4000,HPG,BONCAT,A,0.449617101
MOBY,M4,4000,HPG,BONCAT,A,1.561818478
MOBY,M4,4000,HPG,BONCAT,A,1.243875994
MOBY,M4,4000,HPG,BONCAT,A,1.347584881
MOBY,M4,4000,HPG,BONCAT,A,1.844629897
MOBY,M4,4000,HPG,BONCAT,A,2.350019268
MOBY,M4,4000,HPG,BONCAT,A,0.505674911
MOBY,M4,4000,HPG,BONCAT,A,1.354271395
MOBY,M4,4000,HPG,BONCAT,A,1.438723954
MOBY,M4,4000,HPG,BONCAT,A,1.216254067
MOBY,M4,4000,HPG,BONCAT,A,1.082078851
MOBY,M4,4000,HPG,BONCAT,A,1.40821302
MOBY,M4,4000,HPG,BONCAT,A,1.150430909
MOBY,M4,4000,HPG,BONCAT,A,1.439668896
MOBY,M4,4000,HPG,BONCAT,A,0.597471546
MOBY,M4,4000,HPG,BONCAT,A,0.381508813
MOBY,M4,4000,HPG,BONCAT,A,0.829162972
MOBY,M4,4000,HPG,BONCAT,A,1.472754982
MOBY,M4,4000,HPG,BONCAT,A,1.495501233
MOBY,M4,4000,HPG,BONCAT,A,0.845614705
MOBY,M4,4000,HPG,BONCAT,A,1.124237782
MOBY,M4,4000,HPG,BONCAT,A,0.436011277
MOBY,M4,4000,HPG,BONCAT,A,0.241237853
MOBY,M4,4000,HPG,BONCAT,A,0.967335868
MOBY,M4,4000,HPG,BONCAT,A,0.281528054
MOBY,M4,4000,HPG,BONCAT,A,1.631085454
MOBY,M4,4000,HPG,BONCAT,A,1.091687874
MOBY,M4,4000,HPG,BONCAT,A,0.145507381
MOBY,M4,4000,HPG,BONCAT,A,1.724392129
MOBY,M4,4000,HPG,BONCAT,A,2.075322954
MOBY,M4,4000,HPG,BONCAT,A,0.371908769
MOBY,M4,4000,HPG,BONCAT,A,1.512499656
MOBY,M4,3500,HPG,BONCAT,B,0.201119554
MOBY,M4,3500,HPG,BONCAT,B,0.243693055
MOBY,M4,3500,HPG,BONCAT,B,0.616674214
MOBY,M4,3500,HPG,BONCAT,B,1.709103303
MOBY,M4,3500,HPG,BONCAT,B,2.641287388
MOBY,M4,3500,HPG,BONCAT,B,0.363967372
MOBY,M4,3500,HPG,BONCAT,B,0.272237508
MOBY,M4,3500,HPG,BONCAT,B,0.68897158
MOBY,M4,3500,HPG,BONCAT,B,0.307770405
MOBY,M4,3500,HPG,BONCAT,B,1.854815422
MOBY,M4,3500,HPG,BONCAT,B,2.58600324
MOBY,M4,3500,HPG,BONCAT,B,0.880045492
MOBY,M4,3500,HPG,BONCAT,B,0.403641495
MOBY,M4,3500,HPG,BONCAT,B,0.194300379
MOBY,M4,3500,HPG,BONCAT,B,0.345287219
MOBY,M4,3500,HPG,BONCAT,B,2.892169606
MOBY,M4,3500,HPG,BONCAT,B,0.165180593
MOBY,M4,3500,HPG,BONCAT,B,0.136180076
MOBY,M4,3500,HPG,BONCAT,B,0.15487693
MOBY,M4,3500,HPG,BONCAT,B,0.242730509
MOBY,M4,3500,HPG,BONCAT,B,0.199329049
MOBY,M4,3500,HPG,BONCAT,B,0.419097396
MOBY,M4,3500,HPG,BONCAT,B,0.593867432
MOBY,M4,3500,HPG,BONCAT,B,1.389620645
MOBY,M4,3500,HPG,BONCAT,B,0.422034393
MOBY,M4,3500,HPG,BONCAT,B,2.30790279
MOBY,M4,3500,HPG,BONCAT,B,1.681693506
MOBY,M4,3500,HPG,BONCAT,B,1.112452118
MOBY,M4,3500,HPG,BONCAT,B,0.345268079
MOBY,M4,3500,HPG,BONCAT,B,0.133947615
MOBY,M4,3500,HPG,BONCAT,B,0.18695996
MOBY,M4,3500,HPG,BONCAT,B,3.686513482
MOBY,M4,3500,HPG,BONCAT,B,0.705411024
MOBY,M4,3500,HPG,BONCAT,B,0.405129117
MOBY,M4,3500,HPG,BONCAT,B,0.604522991
MOBY,M4,3500,HPG,BONCAT,B,0.167701638
MOBY,M4,3500,HPG,BONCAT,B,0.805069361
MOBY,M4,3500,HPG,BONCAT,B,1.635300623
MOBY,M4,3500,HPG,BONCAT,B,0.260233513
MOBY,M4,3500,HPG,BONCAT,B,0.418031492
MOBY,M4,3500,HPG,BONCAT,B,0.71591429
MOBY,M4,3500,HPG,BONCAT,B,0.94974567
MOBY,M4,3500,HPG,BONCAT,B,1.464243861
MOBY,M4,3500,HPG,BONCAT,B,0.173459313
MOBY,M4,3500,HPG,BONCAT,B,1.547394
MOBY,M4,3500,HPG,BONCAT,B,1.096227284
MOBY,M4,3500,HPG,BONCAT,B,0.75733398
MOBY,M4,3500,HPG,BONCAT,B,0.642339762
MOBY,M4,3500,HPG,BONCAT,B,1.165704289
MOBY,M4,3500,HPG,BONCAT,B,0.377187663
MOBY,M4,3500,HPG,BONCAT,B,0.120746047
MOBY,M4,3500,HPG,BONCAT,B,9.377667157
MOBY,M4,3500,HPG,BONCAT,B,0.987321433
MOBY,M4,3500,HPG,BONCAT,B,0.140954106
MOBY,M4,3500,HPG,BONCAT,B,0.189916526
MOBY,M4,3500,HPG,BONCAT,B,1.339553431
MOBY,M4,3500,HPG,BONCAT,B,2.433525961
MOBY,M4,3500,HPG,BONCAT,B,0.165425305
MOBY,M4,3500,HPG,BONCAT,B,21.58902426
MOBY,M4,3500,HPG,BONCAT,B,0.991083558
MOBY,M4,3500,HPG,BONCAT,B,3.176668588
MOBY,M4,3500,HPG,BONCAT,B,1.434310208
MOBY,M4,3500,HPG,BONCAT,B,0.322378693
MOBY,M4,3500,HPG,BONCAT,B,0.427745069
MOBY,M4,3500,HPG,BONCAT,B,2.430941598
MOBY,M4,3500,HPG,BONCAT,B,1.464584423
MOBY,M4,3500,HPG,BONCAT,B,0.941250547
MOBY,M4,3500,HPG,BONCAT,B,0.304654009
MOBY,M4,3500,HPG,BONCAT,B,2.256811245
MOBY,M4,3500,HPG,BONCAT,B,0.394946593
MOBY,M4,3500,HPG,BONCAT,B,0.755504654
MOBY,M4,3500,HPG,BONCAT,B,0.510292981
MOBY,M4,3500,HPG,BONCAT,B,0.677069509
MOBY,M4,3500,HPG,BONCAT,B,0.289128122
MOBY,M4,3500,HPG,BONCAT,B,0.806342105
MOBY,M4,3500,HPG,BONCAT,B,0.688349067
MOBY,M4,3500,HPG,BONCAT,B,0.82232322
MOBY,M4,3500,HPG,BONCAT,B,3.532152576
MOBY,M4,3500,HPG,BONCAT,B,0.780247619
MOBY,M4,3500,HPG,BONCAT,B,0.219983199
MOBY,M4,3500,HPG,BONCAT,B,0.213098482
MOBY,M4,3500,HPG,BONCAT,B,1.611136955
MOBY,M4,3500,HPG,BONCAT,B,0.478289154
MOBY,M4,3500,HPG,BONCAT,B,1.017366965
MOBY,M4,3500,HPG,BONCAT,B,0.13075839
MOBY,M4,3500,HPG,BONCAT,B,7.502360375
MOBY,M4,3500,HPG,BONCAT,B,0.170296638
MOBY,M4,3500,HPG,BONCAT,B,0.276874157
MOBY,M4,3500,HPG,BONCAT,B,1.840521364
MOBY,M4,3500,HPG,BONCAT,B,0.850773431
MOBY,M4,3500,HPG,BONCAT,B,1.057168674
MOBY,M4,3500,HPG,BONCAT,B,0.197074722
MOBY,M4,3500,HPG,BONCAT,B,0.643307222
MOBY,M4,3500,HPG,BONCAT,B,0.637876412
MOBY,M4,3500,HPG,BONCAT,B,0.335353913
MOBY,M4,3500,HPG,BONCAT,B,0.657922085
MOBY,M4,3500,HPG,BONCAT,B,1.460956929
MOBY,M4,3500,HPG,BONCAT,B,0.51420283
MOBY,M4,2500,HPG,BONCAT,B,0.775961628
MOBY,M4,2500,HPG,BONCAT,B,1.107873645
MOBY,M4,2500,HPG,BONCAT,B,3.238661394
MOBY,M4,2500,HPG,BONCAT,B,1.323084906
MOBY,M4,2500,HPG,BONCAT,B,0.906852485
MOBY,M4,2500,HPG,BONCAT,B,1.04288622
MOBY,M4,2500,HPG,BONCAT,B,1.097587729
MOBY,M4,2500,HPG,BONCAT,B,1.56493144
MOBY,M4,2500,HPG,BONCAT,B,0.557067255
MOBY,M4,2500,HPG,BONCAT,B,3.233375481
MOBY,M4,2500,HPG,BONCAT,B,2.098247606
MOBY,M4,2500,HPG,BONCAT,B,1.70892412
MOBY,M4,2500,HPG,BONCAT,B,1.69671135
MOBY,M4,2500,HPG,BONCAT,B,1.886543649
MOBY,M4,2500,HPG,BONCAT,B,0.702474968
MOBY,M4,2500,HPG,BONCAT,B,0.943235393
MOBY,M4,2500,HPG,BONCAT,B,1.597753119
MOBY,M4,2500,HPG,BONCAT,B,2.553815499
MOBY,M4,2500,HPG,BONCAT,B,1.330193331
MOBY,M4,2500,HPG,BONCAT,B,1.729529993
MOBY,M4,2500,HPG,BONCAT,B,1.401300508
MOBY,M4,2500,HPG,BONCAT,B,1.300545754
MOBY,M4,2500,HPG,BONCAT,B,1.413950231
MOBY,M4,2500,HPG,BONCAT,B,2.60343596
MOBY,M4,2500,HPG,BONCAT,B,0.468739228
MOBY,M4,2500,HPG,BONCAT,B,0.22005112
MOBY,M4,2500,HPG,BONCAT,B,1.257148484
MOBY,M4,2500,HPG,BONCAT,B,1.729264008
MOBY,M4,2500,HPG,BONCAT,B,1.339195724
MOBY,M4,2500,HPG,BONCAT,B,1.24185819
MOBY,M4,2500,HPG,BONCAT,B,0.576116202
MOBY,M4,2500,HPG,BONCAT,B,1.438930292
MOBY,M4,2500,HPG,BONCAT,B,3.153117322
MOBY,M4,2500,HPG,BONCAT,B,0.801037935
MOBY,M4,2500,HPG,BONCAT,B,0.544691324
MOBY,M4,2500,HPG,BONCAT,B,0.306718394
MOBY,M4,2500,HPG,BONCAT,B,0.339506729
MOBY,M4,2500,HPG,BONCAT,B,1.106759182
MOBY,M4,2500,HPG,BONCAT,B,1.910844316
MOBY,M4,2500,HPG,BONCAT,B,2.756601654
MOBY,M4,2500,HPG,BONCAT,B,0.300234457
MOBY,M4,2500,HPG,BONCAT,B,0.258390851
MOBY,M4,2500,HPG,BONCAT,B,0.305113673
MOBY,M4,2500,HPG,BONCAT,B,0.371479692
MOBY,M4,2500,HPG,BONCAT,B,3.553001514
MOBY,M4,2500,HPG,BONCAT,B,1.338968027
MOBY,M4,2500,HPG,BONCAT,B,1.507734167
MOBY,M4,2500,HPG,BONCAT,B,1.550734716
MOBY,M4,2500,HPG,BONCAT,B,0.975197948
MOBY,M4,2500,HPG,BONCAT,B,1.180089131
MOBY,M4,2500,HPG,BONCAT,B,0.428272194
MOBY,M4,2500,HPG,BONCAT,B,0.901277184
MOBY,M4,2500,HPG,BONCAT,B,1.673657143
MOBY,M4,2500,HPG,BONCAT,B,1.39381507
MOBY,M4,2500,HPG,BONCAT,B,0.355987638
MOBY,M4,2500,HPG,BONCAT,B,0.324741343
MOBY,M4,2500,HPG,BONCAT,B,2.189685251
MOBY,M4,2500,HPG,BONCAT,B,0.245181437
MOBY,M4,2500,HPG,BONCAT,B,0.349065656
MOBY,M4,2500,HPG,BONCAT,B,0.631091293
MOBY,M4,2500,HPG,BONCAT,B,3.18511669
MOBY,M4,2500,HPG,BONCAT,B,0.40832162
MOBY,M4,2500,HPG,BONCAT,B,1.120815211
MOBY,M4,2500,HPG,BONCAT,B,0.478107323
MOBY,M4,2500,HPG,BONCAT,B,1.631077274
MOBY,M4,2500,HPG,BONCAT,B,0.752603232
MOBY,M4,2500,HPG,BONCAT,B,0.233582746
MOBY,M4,2500,HPG,BONCAT,B,0.532616889
MOBY,M4,2500,HPG,BONCAT,B,0.430932404
MOBY,M4,2500,HPG,BONCAT,B,0.708390157
MOBY,M4,2500,HPG,BONCAT,B,1.305044591
MOBY,M4,2500,HPG,BONCAT,B,1.313924765
MOBY,M4,2500,HPG,BONCAT,B,2.067164004
MOBY,M4,2500,HPG,BONCAT,B,1.624748744
MOBY,M4,2500,HPG,BONCAT,B,3.337384105
MOBY,M4,2500,HPG,BONCAT,B,0.284620964
MOBY,M4,2500,HPG,BONCAT,B,0.253235952
MOBY,M4,2500,HPG,BONCAT,B,3.851420313
MOBY,M4,2500,HPG,BONCAT,B,1.201898318
MOBY,M4,2500,HPG,BONCAT,B,1.053210505
MOBY,M4,2500,HPG,BONCAT,B,0.97119902
MOBY,M4,2500,HPG,BONCAT,B,1.247470166
MOBY,M4,2500,HPG,BONCAT,B,1.705451055
MOBY,M4,2500,HPG,BONCAT,B,2.629789923
MOBY,M4,2500,HPG,BONCAT,B,1.466660116
MOBY,M4,2500,HPG,BONCAT,B,1.883552294
MOBY,M4,2500,HPG,BONCAT,B,0.983823535
MOBY,M4,2500,HPG,BONCAT,B,2.2480662
MOBY,M4,2500,HPG,BONCAT,B,2.661730185
MOBY,M4,2500,HPG,BONCAT,B,1.809793217
MOBY,M4,2500,HPG,BONCAT,B,1.937549825
MOBY,M4,2500,HPG,BONCAT,B,2.146741935
MOBY,M4,2500,HPG,BONCAT,B,1.641498552
MOBY,M4,2500,HPG,BONCAT,B,1.725359924
MOBY,M4,2500,HPG,BONCAT,B,0.991241644
MOBY,M4,2500,HPG,BONCAT,B,0.77558324
MOBY,M4,2500,HPG,BONCAT,B,0.814691765
MOBY,M4,2500,HPG,BONCAT,B,1.875176957
MOBY,M4,2500,HPG,BONCAT,B,1.018990242
MOBY,M4,2500,HPG,BONCAT,B,0.766661725
MOBY,M4,2500,HPG,BONCAT,B,0.976920163
MOBY,M4,2500,HPG,BONCAT,B,1.21624285
MOBY,M4,2500,HPG,BONCAT,B,0.929337181
MOBY,M4,2500,HPG,BONCAT,B,0.745299825
MOBY,M4,2500,HPG,BONCAT,B,0.97426296
MOBY,M4,2500,HPG,BONCAT,B,2.177720077
MOBY,M4,2500,HPG,BONCAT,B,0.782371831
MOBY,M4,2500,HPG,BONCAT,B,1.956602554
MOBY,M4,2500,HPG,BONCAT,B,0.557677259
MOBY,M4,2500,HPG,BONCAT,B,0.560302735
MOBY,M4,2500,HPG,BONCAT,B,1.633595523
MOBY,M4,2500,HPG,BONCAT,B,1.724477692
MOBY,M4,2500,HPG,BONCAT,B,1.765912068
MOBY,M4,2500,HPG,BONCAT,B,0.720546932
MOBY,M4,2500,HPG,BONCAT,B,0.274604712
MOBY,M4,2500,HPG,BONCAT,B,0.334838449
MOBY,M4,2500,HPG,BONCAT,B,0.227046209
MOBY,M4,2500,HPG,BONCAT,B,0.63598961
MOBY,M4,2500,HPG,BONCAT,B,0.772189023
MOBY,M4,2500,HPG,BONCAT,B,0.539388392
MOBY,M4,2500,HPG,BONCAT,B,0.328545748
MOBY,M4,2500,HPG,BONCAT,B,1.752180868
MOBY,M4,2500,HPG,BONCAT,B,0.297974838
MOBY,M4,2500,HPG,BONCAT,B,1.709905584
MOBY,M4,2500,HPG,BONCAT,B,0.953515334
MOBY,M4,2500,HPG,BONCAT,B,0.751823564
MOBY,M4,2500,HPG,BONCAT,B,1.627034247
MOBY,M4,2500,HPG,BONCAT,B,2.179095001
MOBY,M4,2500,HPG,BONCAT,B,0.293360183
MOBY,M4,2500,HPG,BONCAT,B,1.392678946
MOBY,M4,2500,HPG,BONCAT,B,0.282482783
MOBY,M4,2500,HPG,BONCAT,B,0.219564744
MOBY,M4,2500,HPG,BONCAT,B,3.366247763
MOBY,M4,2500,HPG,BONCAT,B,2.041164485
MOBY,M4,2500,HPG,BONCAT,B,0.652730744
MOBY,M4,2500,HPG,BONCAT,B,0.803140726
MOBY,M4,2500,HPG,BONCAT,B,0.570266815
MOBY,M4,2500,HPG,BONCAT,B,0.967137152
MOBY,M4,2500,HPG,BONCAT,B,1.422135136
MOBY,M4,2500,HPG,BONCAT,B,1.274299871
MOBY,M4,2500,HPG,BONCAT,B,5.448008561
MOBY,M4,2500,HPG,BONCAT,B,1.939805263
MOBY,M4,2500,HPG,BONCAT,B,1.473286878
MOBY,M4,2500,HPG,BONCAT,B,0.417884005
MOBY,M4,2500,HPG,BONCAT,B,1.417859225
MOBY,M4,2500,HPG,BONCAT,B,0.598982896
MOBY,M4,2500,HPG,BONCAT,B,0.252977143
MOBY,M4,2500,HPG,BONCAT,B,1.338653172
MOBY,M4,2500,HPG,BONCAT,B,1.373169695
MOBY,M4,2500,HPG,BONCAT,B,0.705184666
MOBY,M4,2500,HPG,BONCAT,B,0.684184938
MOBY,M4,2500,HPG,BONCAT,B,1.27313082
MOBY,M4,2500,HPG,BONCAT,B,1.819080348
MOBY,M4,2500,HPG,BONCAT,B,1.248838619
MOBY,M4,2500,HPG,BONCAT,B,2.988070871
MOBY,M4,2500,HPG,BONCAT,B,0.247078713
MOBY,M4,2500,HPG,BONCAT,B,2.775406788
MOBY,M4,2500,HPG,BONCAT,B,0.428977842
MOBY,M4,2500,HPG,BONCAT,B,1.412068995
MOBY,M4,2500,HPG,BONCAT,B,1.58249954
MOBY,M4,2500,HPG,BONCAT,B,1.896843436
MOBY,M4,2500,HPG,BONCAT,B,0.360978621
MOBY,M4,2500,HPG,BONCAT,B,0.908585114
MOBY,M4,2500,HPG,BONCAT,B,0.746404419
MOBY,M4,2500,HPG,BONCAT,B,0.420226029
MOBY,M4,2500,HPG,BONCAT,B,2.670711778
MOBY,M4,2500,HPG,BONCAT,B,0.440322185
MOBY,M4,2500,HPG,BONCAT,B,0.954839167
MOBY,M4,2500,HPG,BONCAT,B,1.760367109
MOBY,M4,2500,HPG,BONCAT,B,0.44166668
MOBY,M4,2500,HPG,BONCAT,B,1.712468452
MOBY,M4,2500,HPG,BONCAT,B,1.51239084
MOBY,M4,2500,HPG,BONCAT,B,1.020821696
MOBY,M4,2500,HPG,BONCAT,B,1.773070594
MOBY,M4,2500,HPG,BONCAT,B,1.915810274
MOBY,M4,2500,HPG,BONCAT,B,0.307018056
MOBY,M4,2500,HPG,BONCAT,B,0.739265007
MOBY,M4,2500,HPG,BONCAT,B,0.244784872
MOBY,M4,4000,HPG,BONCAT,B,0.37209686
MOBY,M4,4000,HPG,BONCAT,B,2.165192811
MOBY,M4,4000,HPG,BONCAT,B,0.252182758
MOBY,M4,4000,HPG,BONCAT,B,1.166874742
MOBY,M4,4000,HPG,BONCAT,B,1.128164787
MOBY,M4,4000,HPG,BONCAT,B,0.209245155
MOBY,M4,4000,HPG,BONCAT,B,0.708550371
MOBY,M4,4000,HPG,BONCAT,B,1.538411432
MOBY,M4,4000,HPG,BONCAT,B,0.477707888
MOBY,M4,4000,HPG,BONCAT,B,1.372240529
MOBY,M4,4000,HPG,BONCAT,B,1.533574903
MOBY,M4,4000,HPG,BONCAT,B,4.487630904
MOBY,M4,4000,HPG,BONCAT,B,0.522465033
MOBY,M4,4000,HPG,BONCAT,B,0.364142296
MOBY,M4,4000,HPG,BONCAT,B,0.37481932
MOBY,M4,4000,HPG,BONCAT,B,4.273188705
MOBY,M4,4000,HPG,BONCAT,B,0.271780961
MOBY,M4,4000,HPG,BONCAT,B,2.7537774
MOBY,M4,4000,HPG,BONCAT,B,0.996075158
MOBY,M4,4000,HPG,BONCAT,B,0.850847833
MOBY,M4,4000,HPG,BONCAT,B,1.450505268
MOBY,M4,4000,HPG,BONCAT,B,1.115483596
MOBY,M4,4000,HPG,BONCAT,B,0.242929824
MOBY,M4,4000,HPG,BONCAT,B,0.206961357
MOBY,M4,4000,HPG,BONCAT,B,0.332477748
MOBY,M4,4000,HPG,BONCAT,B,2.669896108
MOBY,M4,4000,HPG,BONCAT,B,1.278737779
MOBY,M4,4000,HPG,BONCAT,B,0.865944367
MOBY,M4,4000,HPG,BONCAT,B,0.669371025
MOBY,M4,4000,HPG,BONCAT,B,2.162379216
MOBY,M4,4000,HPG,BONCAT,B,2.144018451
MOBY,M4,4000,HPG,BONCAT,B,2.383409009
MOBY,M4,4000,HPG,BONCAT,B,0.448815494
MOBY,M4,4000,HPG,BONCAT,B,0.439563236
MOBY,M4,4000,HPG,BONCAT,B,0.791447678
MOBY,M4,4000,HPG,BONCAT,B,0.836228419
MOBY,M4,4000,HPG,BONCAT,B,1.87711858
MOBY,M4,4000,HPG,BONCAT,B,0.636641857
MOBY,M4,4000,HPG,BONCAT,B,1.862677825
MOBY,M4,4000,HPG,BONCAT,B,0.346465485
MOBY,M4,4000,HPG,BONCAT,B,3.636686694
MOBY,M4,4000,HPG,BONCAT,B,2.006446537
MOBY,M4,4000,HPG,BONCAT,B,1.33939703
MOBY,M4,4000,HPG,BONCAT,B,1.374568795
MOBY,M4,4000,HPG,BONCAT,B,0.689523881
MOBY,M4,4000,HPG,BONCAT,B,0.894023903
MOBY,M4,4000,HPG,BONCAT,B,0.477696589
MOBY,M4,4000,HPG,BONCAT,B,0.723058404
MOBY,M4,4000,HPG,BONCAT,B,1.507793505
MOBY,M4,4000,HPG,BONCAT,B,1.394123928
MOBY,M4,4000,HPG,BONCAT,B,4.721942468
MOBY,M4,4000,HPG,BONCAT,B,0.49590915
MOBY,M4,4000,HPG,BONCAT,B,2.665485405
MOBY,M4,4000,HPG,BONCAT,B,1.204278658
MOBY,M4,4000,HPG,BONCAT,B,1.128790914
MOBY,M4,4000,HPG,BONCAT,B,0.196970177
MOBY,M4,4000,HPG,BONCAT,B,1.631605928
MOBY,M4,4000,HPG,BONCAT,B,0.930859379
MOBY,M4,4000,HPG,BONCAT,B,0.871365891
MOBY,M4,4000,HPG,BONCAT,B,1.308369494
MOBY,M4,4000,HPG,BONCAT,B,0.548078199
MOBY,M4,4000,HPG,BONCAT,B,3.055015874
MOBY,M4,4000,HPG,BONCAT,B,0.347328613
MOBY,M4,4000,HPG,BONCAT,B,0.227396796
MOBY,M4,4000,HPG,BONCAT,B,2.137381163
MOBY,M4,4000,HPG,BONCAT,B,0.376297332
MOBY,M4,4000,HPG,BONCAT,B,0.487256064
MOBY,M4,4000,HPG,BONCAT,B,0.373518691
MOBY,M4,4000,HPG,BONCAT,B,0.424663611
MOBY,M4,4000,HPG,BONCAT,B,0.992082613
MOBY,M4,4000,HPG,BONCAT,B,1.10044206
MOBY,M4,4000,HPG,BONCAT,B,0.271181118
MOBY,M4,4000,HPG,BONCAT,B,1.709111088
MOBY,M4,4000,HPG,BONCAT,B,1.134367917
MOBY,M4,4000,HPG,BONCAT,B,2.651262997
MOBY,M4,4000,HPG,BONCAT,B,5.275342119
MOBY,M4,4000,HPG,BONCAT,B,0.477696589
MOBY,M4,4000,HPG,BONCAT,B,2.979400243
MOBY,M4,4000,HPG,BONCAT,B,0.24563081
MOBY,M4,4000,HPG,BONCAT,B,1.1532966
MOBY,M4,4000,HPG,BONCAT,B,0.452680059
MOBY,M4,4000,HPG,BONCAT,B,0.211833517
MOBY,M4,4000,HPG,BONCAT,B,0.701024029
MOBY,M4,4000,HPG,BONCAT,B,2.860926386
MOBY,M4,4000,HPG,BONCAT,B,3.669988298
MOBY,M4,4000,HPG,BONCAT,B,0.242727375
MOBY,M4,4000,HPG,BONCAT,B,1.302759735
MOBY,M4,4000,HPG,BONCAT,B,0.66907095
MOBY,M4,4000,HPG,BONCAT,B,1.753016734
MOBY,M4,4000,HPG,BONCAT,B,4.868170547
MOBY,M4,4000,HPG,BONCAT,B,1.360765773
MOBY,M4,4000,HPG,BONCAT,B,3.685139554
MOBY,M4,4000,HPG,BONCAT,B,1.277366197
MOBY,M4,4000,HPG,BONCAT,B,0.301957613
MOBY,M4,4000,HPG,BONCAT,B,1.834378281
MOBY,M4,4000,HPG,BONCAT,B,4.900270251
MOBY,M4,4000,HPG,BONCAT,B,3.637243698
MOBY,M4,4000,HPG,BONCAT,B,0.300215463
MOBY,M4,100,HPG,BONCAT,B,14.04921821
MOBY,M4,100,HPG,BONCAT,B,4.046710788
MOBY,M4,100,HPG,BONCAT,B,1.799135501
MOBY,M4,100,HPG,BONCAT,B,0.833739961
MOBY,M4,100,HPG,BONCAT,B,1.840267025
MOBY,M4,100,HPG,BONCAT,B,1.910604719
MOBY,M4,100,HPG,BONCAT,B,5.469625381
MOBY,M4,100,HPG,BONCAT,B,4.367804011
MOBY,M4,100,HPG,BONCAT,B,55.34456589
MOBY,M4,100,HPG,BONCAT,B,18.26151674
MOBY,M4,100,HPG,BONCAT,B,1.474836721
MOBY,M4,100,HPG,BONCAT,B,22.121287
MOBY,M4,100,HPG,BONCAT,B,14.2324868
MOBY,M4,100,HPG,BONCAT,B,14.99425769
MOBY,M4,100,HPG,BONCAT,B,6.746282425
MOBY,M4,100,HPG,BONCAT,B,2.803297502
MOBY,M4,100,HPG,BONCAT,B,12.29684833
MOBY,M4,100,HPG,BONCAT,B,2.729706278
MOBY,M4,100,HPG,BONCAT,B,6.289430637
MOBY,M4,100,HPG,BONCAT,B,1.861354656
MOBY,M4,100,HPG,BONCAT,B,2.250503821
MOBY,M4,100,HPG,BONCAT,B,8.510172626
MOBY,M4,100,HPG,BONCAT,B,4.301131647
MOBY,M4,100,HPG,BONCAT,B,4.880406602
MOBY,M4,100,HPG,BONCAT,B,7.032326542
MOBY,M4,100,HPG,BONCAT,B,2.345908024
MOBY,M4,100,HPG,BONCAT,B,0.563006072
MOBY,M4,100,HPG,BONCAT,B,5.510773596
MOBY,M4,100,HPG,BONCAT,B,0.833739961
MOBY,M4,100,HPG,BONCAT,B,1.518669053
MOBY,M4,100,HPG,BONCAT,B,4.559605526
MOBY,M4,100,HPG,BONCAT,B,3.810417262
MOBY,M4,100,HPG,BONCAT,B,14.71897213
MOBY,M4,100,HPG,BONCAT,B,2.015748573
MOBY,M4,100,HPG,BONCAT,B,1.832268598
MOBY,M4,100,HPG,BONCAT,B,2.52187032
MOBY,M4,100,HPG,BONCAT,B,17.57941919
MOBY,M4,100,HPG,BONCAT,B,13.8120972
MOBY,M4,100,HPG,BONCAT,B,5.76108773
MOBY,M4,100,HPG,BONCAT,B,0.594995079
MOBY,M4,100,HPG,BONCAT,B,2.129014618
MOBY,M4,100,HPG,BONCAT,B,1.722987067
MOBY,M4,100,HPG,BONCAT,B,14.09214727
MOBY,M4,100,HPG,BONCAT,B,1.491360149
MOBY,M4,100,HPG,BONCAT,B,14.48018373
MOBY,M4,100,HPG,BONCAT,B,53.47430028
MOBY,M4,100,HPG,BONCAT,B,22.1887043
MOBY,M4,100,HPG,BONCAT,B,6.33470897
MOBY,M4,100,HPG,BONCAT,B,4.934486571
MOBY,M4,100,HPG,BONCAT,B,6.795898251
MOBY,M4,100,HPG,BONCAT,B,5.769130934
MOBY,M4,100,HPG,BONCAT,B,1.029397871
MOBY,M4,100,HPG,BONCAT,B,1.955747568
MOBY,M4,100,HPG,BONCAT,B,7.443904753
MOBY,M4,100,HPG,BONCAT,B,3.705766612
MOBY,M4,100,HPG,BONCAT,B,13.95189391
MOBY,M4,100,HPG,BONCAT,B,6.563817263
MOBY,M4,100,HPG,BONCAT,B,19.7751029
MOBY,M4,100,HPG,BONCAT,B,18.74009421
MOBY,M4,100,HPG,BONCAT,B,4.186110213
MOBY,M4,100,HPG,BONCAT,B,50.99591537
MOBY,M4,100,HPG,BONCAT,B,11.5255698
MOBY,M4,100,HPG,BONCAT,B,14.11882586
MOBY,M4,100,HPG,BONCAT,B,2.013244141
MOBY,M4,100,HPG,BONCAT,B,1.579051354
MOBY,M4,100,HPG,BONCAT,B,20.97001191
MOBY,M4,100,HPG,BONCAT,B,12.79488017
MOBY,M4,100,HPG,BONCAT,B,2.939882017
MOBY,M4,100,HPG,BONCAT,B,4.753530537
MOBY,M4,100,HPG,BONCAT,B,3.31063732
MOBY,M4,100,HPG,BONCAT,B,2.218078073
MOBY,M4,100,HPG,BONCAT,B,4.179526829
MOBY,M4,100,HPG,BONCAT,B,6.625507683
MOBY,M4,100,HPG,BONCAT,B,0.971828206
MOBY,M4,100,HPG,BONCAT,B,11.40940257
MOBY,M4,100,HPG,BONCAT,B,3.337770157
MOBY,M4,100,HPG,BONCAT,B,3.974301549
MOBY,M4,100,HPG,BONCAT,B,2.651980635
MOBY,M4,100,HPG,BONCAT,B,17.38244381
MOBY,M4,100,HPG,BONCAT,B,30.79138603
MOBY,M4,100,HPG,BONCAT,B,5.539748877
MOBY,M4,100,HPG,BONCAT,B,2.100240624
MOBY,M4,100,HPG,BONCAT,B,9.965981087
MOBY,M4,100,HPG,BONCAT,B,9.680587505
MOBY,M4,100,HPG,BONCAT,B,7.935418086
MOBY,M4,100,HPG,BONCAT,B,4.915490556
MOBY,M4,100,HPG,BONCAT,B,7.320003482
MOBY,M4,100,HPG,BONCAT,B,9.74899938
MOBY,M4,100,HPG,BONCAT,B,5.434286401
MOBY,M4,100,HPG,BONCAT,B,6.05051021
MOBY,M4,100,HPG,BONCAT,B,2.368444731
MOBY,M4,100,HPG,BONCAT,B,4.402911376
MOBY,M4,100,HPG,BONCAT,B,4.04898641
MOBY,M4,100,HPG,BONCAT,B,15.86565138
MOBY,M4,100,HPG,BONCAT,B,4.162668393
MOBY,M4,100,HPG,BONCAT,B,4.985186692
MOBY,M4,100,HPG,BONCAT,B,14.4402653
MOBY,M4,100,HPG,BONCAT,B,1.39700528
MOBY,M4,100,HPG,BONCAT,B,7.500432962
MOBY,M4,100,HPG,BONCAT,B,1.482751528
MOBY,M4,100,HPG,BONCAT,B,3.944163433
MOBY,M4,100,HPG,BONCAT,B,15.00491232
MOBY,M4,100,HPG,BONCAT,B,4.920162454
MOBY,M4,100,HPG,BONCAT,B,2.92276426
MOBY,M4,100,HPG,BONCAT,B,1.197035118
MOBY,M4,100,HPG,BONCAT,B,1.415149468
MOBY,M4,100,HPG,BONCAT,B,5.529834792
MOBY,M4,100,HPG,BONCAT,B,4.27656887
MOBY,M4,100,HPG,BONCAT,B,0.943250228
MOBY,M4,100,HPG,BONCAT,B,5.650323726
MOBY,M4,100,HPG,BONCAT,B,10.98488128
MOBY,M4,100,HPG,BONCAT,B,4.202174917
MOBY,M4,100,HPG,BONCAT,B,2.984828545
MOBY,M4,100,HPG,BONCAT,B,7.2226424
MOBY,M4,100,HPG,BONCAT,B,5.389489757
MOBY,M4,100,HPG,BONCAT,B,4.945120069
MOBY,M4,100,HPG,BONCAT,B,1.531895806
MOBY,M4,100,HPG,BONCAT,B,6.401911932
MOBY,M4,100,HPG,BONCAT,B,4.267070059
MOBY,M4,100,HPG,BONCAT,B,2.336145849
MOBY,M4,100,HPG,BONCAT,B,7.295053861
MOBY,M4,100,HPG,BONCAT,B,0.854583473
MOBY,M4,100,HPG,BONCAT,B,13.49485589
MOBY,M4,100,HPG,BONCAT,B,24.0533616
MOBY,M4,100,HPG,BONCAT,B,1.763477236
MOBY,M4,100,HPG,BONCAT,B,2.610275599
MOBY,M4,100,HPG,BONCAT,B,5.31206217
MOBY,M4,100,HPG,BONCAT,B,0.478060493
MOBY,M4,100,HPG,BONCAT,B,10.56172397
MOBY,M4,100,HPG,BONCAT,B,3.59727208
MOBY,M4,100,HPG,BONCAT,B,6.00631811
MOBY,M4,100,HPG,BONCAT,B,14.5608383
MOBY,M4,100,HPG,BONCAT,B,6.476624771
MOBY,M4,100,HPG,BONCAT,B,9.922783093
MOBY,M4,100,HPG,BONCAT,B,4.91611593
MOBY,M4,100,HPG,BONCAT,B,4.308234655
MOBY,M4,100,HPG,BONCAT,B,6.944466661
MOBY,M4,100,HPG,BONCAT,B,7.563533168
MOBY,M4,100,HPG,BONCAT,B,6.710893263
MOBY,M4,100,HPG,BONCAT,B,4.796807789
MOBY,M4,100,HPG,BONCAT,B,2.728370872
MOBY,M4,100,HPG,BONCAT,B,5.252196513
MOBY,M4,100,HPG,BONCAT,B,17.95364183
MOBY,M4,100,HPG,BONCAT,B,8.617521766
MOBY,M4,100,HPG,BONCAT,B,1.534530167
MOBY,M4,100,HPG,BONCAT,B,13.1433088
MOBY,M4,100,HPG,BONCAT,B,7.151328824
MOBY,M4,100,HPG,BONCAT,B,4.97987986
MOBY,M4,100,HPG,BONCAT,B,4.154219561
MOBY,M4,100,HPG,BONCAT,B,2.263739909
MOBY,M4,100,HPG,BONCAT,B,6.841980064
MOBY,M4,100,HPG,BONCAT,B,9.849275915
MOBY,M4,100,HPG,BONCAT,B,20.75652653
MOBY,M4,100,HPG,BONCAT,B,15.63602047
MOBY,M4,100,HPG,BONCAT,B,1.894885625
MOBY,M4,100,HPG,BONCAT,B,1.901315609
MOBY,M4,100,HPG,BONCAT,B,9.006829257
MOBY,M4,100,HPG,BONCAT,B,60.33352743
MOBY,M4,100,HPG,BONCAT,B,35.16713182
MOBY,M4,100,HPG,BONCAT,B,4.180211132
MOBY,M4,100,HPG,BONCAT,B,4.538427169
MOBY,M4,100,HPG,BONCAT,B,0.857188806
MOBY,M4,100,HPG,BONCAT,B,6.044112511
MOBY,M4,100,HPG,BONCAT,B,3.967950795
MOBY,M4,100,HPG,BONCAT,B,1.566654683
MOBY,M4,100,HPG,BONCAT,B,3.090982511
MOBY,M4,100,HPG,BONCAT,B,4.853109268
MOBY,M4,100,HPG,BONCAT,B,6.949408597
MOBY,M4,100,HPG,BONCAT,B,2.696319259
MOBY,M4,100,HPG,BONCAT,B,6.498808376
MOBY,M4,100,HPG,BONCAT,B,3.857630748
MOBY,M4,100,HPG,BONCAT,B,16.63777505
MOBY,M4,100,HPG,BONCAT,B,92.82746478
MOBY,M4,100,HPG,BONCAT,B,8.440129065
MOBY,M4,100,HPG,BONCAT,B,2.87863474
MOBY,M4,100,HPG,BONCAT,B,2.759024743
MOBY,M4,100,HPG,BONCAT,B,5.228373769
MOBY,M4,100,HPG,BONCAT,B,6.081378855
MOBY,M4,100,HPG,BONCAT,B,2.800428269
MOBY,M4,100,HPG,BONCAT,B,9.703497162
MOBY,M4,100,HPG,BONCAT,B,26.40389064
MOBY,M4,100,HPG,BONCAT,B,4.202357107
MOBY,M4,100,HPG,BONCAT,B,15.81252779
MOBY,M4,100,HPG,BONCAT,B,5.495615577
MOBY,M4,100,HPG,BONCAT,B,9.839418936
MOBY,M4,100,HPG,BONCAT,B,13.29773507
MOBY,M4,100,HPG,BONCAT,B,14.60760362
MOBY,M4,100,HPG,BONCAT,B,20.61113005
MOBY,M4,100,HPG,BONCAT,B,0.788114346
MOBY,M4,100,HPG,BONCAT,B,5.478149853
MOBY,M4,100,HPG,BONCAT,B,9.55293364
MOBY,M4,100,HPG,BONCAT,B,3.413348101
MOBY,M4,100,HPG,BONCAT,B,2.70194119
MOBY,M4,100,HPG,BONCAT,B,6.364288652
MOBY,M4,100,HPG,BONCAT,B,5.777822538
MOBY,M4,100,HPG,BONCAT,B,3.432411301
MOBY,M4,100,HPG,BONCAT,B,7.44699342
MOBY,M4,100,HPG,BONCAT,B,2.32618448
MOBY,M4,100,HPG,BONCAT,B,2.863230969
MOBY,M4,100,HPG,BONCAT,B,2.430334792
MOBY,M4,100,HPG,BONCAT,B,2.862177001
MOBY,M4,100,HPG,BONCAT,B,37.82727509
MOBY,M4,100,HPG,BONCAT,B,7.934813528
MOBY,M4,100,HPG,BONCAT,B,9.251576052
MOBY,M4,100,HPG,BONCAT,B,5.811803167
MOBY,M4,100,HPG,BONCAT,B,8.245134038
MOBY,M4,100,HPG,BONCAT,B,14.20715112
MOBY,M4,100,HPG,BONCAT,B,8.948026157
MOBY,M4,100,HPG,BONCAT,B,1.683373065
MOBY,M4,100,HPG,BONCAT,B,8.196556837
MOBY,M4,100,HPG,BONCAT,B,4.370069195
MOBY,M4,100,HPG,BONCAT,B,4.804785474
MOBY,M4,100,HPG,BONCAT,B,1.800688749
MOBY,M4,100,HPG,BONCAT,B,4.015393667
MOBY,M4,100,HPG,BONCAT,B,6.074566051
MOBY,M4,100,HPG,BONCAT,B,2.064192683
MOBY,M4,100,HPG,BONCAT,B,4.263087551
MOBY,M4,100,HPG,BONCAT,B,4.39445806
MOBY,M4,100,HPG,BONCAT,B,4.290847287
MOBY,M4,100,HPG,BONCAT,B,1.296569837
MOBY,M4,100,HPG,BONCAT,B,4.154916979
MOBY,M4,100,HPG,BONCAT,B,1.555605286
MOBY,M4,100,HPG,BONCAT,B,5.28467369
MOBY,M4,100,HPG,BONCAT,B,4.272186166
MOBY,M4,100,HPG,BONCAT,B,2.237948967
MOBY,M4,100,HPG,BONCAT,B,4.295572119
MOBY,M4,100,HPG,BONCAT,B,6.585564411
MOBY,M4,100,HPG,BONCAT,B,17.96049691
MOBY,M4,100,HPG,BONCAT,B,2.444374679
MOBY,M4,100,HPG,BONCAT,B,3.387985095
MOBY,M4,100,HPG,BONCAT,B,3.373426234
MOBY,M4,100,HPG,BONCAT,B,8.518809176
MOBY,M4,100,HPG,BONCAT,B,12.35923488
MOBY,M4,100,HPG,BONCAT,B,5.949935416
MOBY,M4,100,HPG,BONCAT,B,5.251856424
MOBY,M4,100,HPG,BONCAT,B,3.298617732
MOBY,M4,100,HPG,BONCAT,B,3.134096859
MOBY,M4,100,HPG,BONCAT,B,0.999185219
MOBY,M4,100,HPG,BONCAT,B,10.30903795
MOBY,M4,100,HPG,BONCAT,B,5.139431111
MOBY,M4,100,HPG,BONCAT,B,7.096400395
MOBY,M4,100,HPG,BONCAT,B,1.100023141
MOBY,M4,100,HPG,BONCAT,B,6.368636896
MOBY,M4,100,HPG,BONCAT,B,4.174243273
MOBY,M4,100,HPG,BONCAT,B,26.26668767
MOBY,M4,100,HPG,BONCAT,B,5.571886873
MOBY,M4,100,HPG,BONCAT,B,6.591149958
MOBY,M4,100,HPG,BONCAT,B,1.959940265
MOBY,M4,100,HPG,BONCAT,B,0.934105143
MOBY,M4,100,HPG,BONCAT,B,5.531890018
MOBY,M4,100,HPG,BONCAT,B,5.858707292
MOBY,M4,100,HPG,BONCAT,B,5.049939611
MOBY,M4,100,HPG,BONCAT,B,13.26150733
MOBY,M4,100,HPG,BONCAT,B,3.369397987
MOBY,M4,100,HPG,BONCAT,B,3.175440264
MOBY,M4,100,HPG,BONCAT,B,2.861596085
MOBY,M4,100,HPG,BONCAT,B,12.58799268
MOBY,M4,100,HPG,BONCAT,B,12.62972644
MOBY,M4,100,HPG,BONCAT,B,1.989387357
MOBY,M4,100,HPG,BONCAT,B,7.902528194
MOBY,M4,100,HPG,BONCAT,B,4.097970669
MOBY,M4,100,HPG,BONCAT,B,5.759006478
MOBY,M4,100,HPG,BONCAT,B,1.57245543
MOBY,M4,100,HPG,BONCAT,B,5.29746572
MOBY,M4,100,HPG,BONCAT,B,4.447047284
MOBY,M4,100,HPG,BONCAT,B,4.833970028
MOBY,M4,100,HPG,BONCAT,B,5.6814425
MOBY,M4,100,HPG,BONCAT,B,1.659016804
MOBY,M4,100,HPG,BONCAT,B,0.93541161
MOBY,M4,100,HPG,BONCAT,B,7.598489308
MOBY,M4,100,HPG,BONCAT,B,4.052036567
MOBY,M4,100,HPG,BONCAT,B,1.813464616
MOBY,M4,100,HPG,BONCAT,B,4.904046478
MOBY,M4,100,HPG,BONCAT,B,4.02110835
MOBY,M4,100,HPG,BONCAT,B,5.403267384
MOBY,M4,100,HPG,BONCAT,B,8.998641764
MOBY,M4,100,HPG,BONCAT,B,14.81170153
MOBY,M4,100,HPG,BONCAT,B,94.46952977
MOBY,M4,100,HPG,BONCAT,B,3.739590908
MOBY,M4,100,HPG,BONCAT,B,1.162983854
MOBY,M4,100,HPG,BONCAT,B,24.54242768
MOBY,M4,100,HPG,BONCAT,B,75.49719605
MOBY,M4,100,HPG,BONCAT,B,18.93385709
MOBY,M4,100,HPG,BONCAT,B,68.22494468
MOBY,M4,100,HPG,BONCAT,B,5.292394134
MOBY,M4,100,HPG,BONCAT,B,13.36898037
MOBY,M4,100,HPG,BONCAT,B,7.143480762
MOBY,M4,100,HPG,BONCAT,B,6.373377031
MOBY,M4,100,HPG,BONCAT,B,8.46050174
MOBY,M4,100,HPG,BONCAT,B,21.56889311
MOBY,M4,100,HPG,BONCAT,B,0.933792151
MOBY,M4,100,HPG,BONCAT,B,4.839311245
MOBY,M4,100,HPG,BONCAT,B,3.369418364
MOBY,M4,100,HPG,BONCAT,B,1.581309505
MOBY,M4,100,HPG,BONCAT,B,9.523098166
MOBY,M4,100,HPG,BONCAT,B,2.10894707
MOBY,M4,100,HPG,BONCAT,B,26.77086373
MOBY,M4,100,HPG,BONCAT,B,7.282106859
MOBY,M4,100,HPG,BONCAT,B,5.682444923
MOBY,M4,100,HPG,BONCAT,B,23.14351716
MOBY,M4,100,HPG,BONCAT,B,2.954052997
MOBY,M4,100,HPG,BONCAT,B,1.492681106
MOBY,M4,100,HPG,BONCAT,B,1.698737986
MOBY,M4,100,HPG,BONCAT,B,3.382752514
MOBY,M4,100,HPG,BONCAT,B,9.273540988
MOBY,M4,100,HPG,BONCAT,B,2.800695102
MOBY,M4,100,HPG,BONCAT,B,1.860826056
MOBY,M4,100,HPG,BONCAT,B,3.485858254
MOBY,M4,100,HPG,BONCAT,B,0.439472143
MOBY,M4,100,HPG,BONCAT,B,3.470861805
MOBY,M4,100,HPG,BONCAT,B,20.21532318
MOBY,M4,100,HPG,BONCAT,B,0.597478891
MOBY,M4,100,HPG,BONCAT,B,1.80948481
MOBY,M4,100,HPG,BONCAT,B,9.559503246
MOBY,M4,100,HPG,BONCAT,B,20.08205104
MOBY,M4,100,HPG,BONCAT,B,3.190419433
MOBY,M4,100,HPG,BONCAT,B,8.659068498
MOBY,M4,100,HPG,BONCAT,B,6.498498879
MOBY,M4,100,HPG,BONCAT,B,1.744192995
MOBY,M4,100,HPG,BONCAT,B,6.314557131
MOBY,M4,100,HPG,BONCAT,B,4.403419423
MOBY,M4,100,HPG,BONCAT,B,2.331735669
MOBY,M4,100,HPG,BONCAT,B,1.091953369
MOBY,M4,100,HPG,BONCAT,B,1.804178615
MOBY,M4,100,HPG,BONCAT,B,4.372243036
MOBY,M4,100,HPG,BONCAT,B,4.716216863
MOBY,M4,100,HPG,BONCAT,B,3.840150487
MOBY,M4,100,HPG,BONCAT,B,14.15476841
MOBY,M4,100,HPG,BONCAT,B,1.857242477
MOBY,M4,100,HPG,BONCAT,B,1.140087271
MOBY,M4,100,HPG,BONCAT,B,2.970150954
MOBY,M4,100,HPG,BONCAT,B,0.421690033
MOBY,M4,100,HPG,BONCAT,B,3.43376178
MOBY,M4,100,HPG,BONCAT,B,2.80770166
MOBY,M4,100,HPG,BONCAT,B,4.843169306
MOBY,M4,100,HPG,BONCAT,B,10.77931108
MOBY,M4,100,HPG,BONCAT,B,10.88507894
MOBY,M4,100,HPG,BONCAT,B,23.86904052
MOBY,M4,100,HPG,BONCAT,B,2.689076183
MOBY,M4,100,HPG,BONCAT,B,5.019635577
MOBY,M4,100,HPG,BONCAT,B,2.367350492
MOBY,M4,100,HPG,BONCAT,B,3.905501719
MOBY,M4,100,HPG,BONCAT,B,0.67057183
MOBY,M4,100,HPG,BONCAT,B,4.0761402
MOBY,M4,100,HPG,BONCAT,B,2.229260127
MOBY,M4,100,HPG,BONCAT,B,2.903932159
MOBY,M4,100,HPG,BONCAT,B,3.692582123
MOBY,M4,100,HPG,BONCAT,B,43.43642846
MOBY,M4,100,HPG,BONCAT,B,1.691529126
MOBY,M4,100,HPG,BONCAT,B,3.545785102
MOBY,M4,100,HPG,BONCAT,B,3.961550211
MOBY,M4,100,HPG,BONCAT,B,7.68810789
MOBY,M4,100,HPG,BONCAT,B,9.239217926
MOBY,M4,100,HPG,BONCAT,B,4.935825309
MOBY,M4,100,HPG,BONCAT,B,6.594367876
MOBY,M4,100,HPG,BONCAT,B,8.551611513
MOBY,M4,100,HPG,BONCAT,B,14.64367884
MOBY,M4,100,HPG,BONCAT,B,2.691389645
MOBY,M4,100,HPG,BONCAT,B,0.522556934
MOBY,M4,100,HPG,BONCAT,B,2.043807482
MOBY,M4,100,HPG,BONCAT,B,2.584629665
MOBY,M4,100,HPG,BONCAT,B,1.326240558
MOBY,M4,100,HPG,BONCAT,B,13.38923734
MOBY,M4,100,HPG,BONCAT,B,0.513103301
MOBY,M4,100,HPG,BONCAT,B,36.60994836
MOBY,M4,100,HPG,BONCAT,B,3.042207166
MOBY,M4,100,HPG,BONCAT,B,4.148713563
MOBY,M4,100,HPG,BONCAT,B,1.96029275
MOBY,M4,100,HPG,BONCAT,B,1.184618361
MOBY,M4,100,HPG,BONCAT,B,6.699689314
MOBY,M4,100,HPG,BONCAT,B,7.810403249
MOBY,M4,100,HPG,BONCAT,B,7.273145794
MOBY,M4,100,HPG,BONCAT,B,8.14631462
MOBY,M4,100,HPG,BONCAT,B,6.498241035
MOBY,M4,100,HPG,BONCAT,B,0.879234633
MOBY,M4,100,HPG,BONCAT,B,1.831049253
MOBY,M4,100,HPG,BONCAT,B,6.967789615
MOBY,M4,100,HPG,BONCAT,B,20.52954444
MOBY,M4,100,HPG,BONCAT,B,10.86577806
MOBY,M4,100,HPG,BONCAT,B,0.576787058
MOBY,M4,100,HPG,BONCAT,B,2.39485804
MOBY,M4,100,HPG,BONCAT,B,2.917882932
MOBY,M4,100,HPG,BONCAT,B,10.09378223
MOBY,M4,100,HPG,BONCAT,B,6.83954613
MOBY,M4,100,HPG,BONCAT,B,2.455587271
MOBY,M4,100,HPG,BONCAT,B,4.946444521
MOBY,M4,100,HPG,BONCAT,B,0.594633753
MOBY,M4,100,HPG,BONCAT,B,0.497748513
MOBY,M4,100,HPG,BONCAT,B,0.786842102
MOBY,M4,100,HPG,BONCAT,B,6.089089388
MOBY,M4,100,HPG,BONCAT,B,9.439691536
MOBY,M4,100,HPG,BONCAT,B,1.101173511
MOBY,M4,100,HPG,BONCAT,B,5.576054174
MOBY,M4,100,HPG,BONCAT,B,3.592225328
MOBY,M4,100,HPG,BONCAT,B,1.865461869
MOBY,M4,100,HPG,BONCAT,B,24.56840988
MOBY,M4,100,HPG,BONCAT,B,10.63025622
MOBY,M4,100,HPG,BONCAT,B,3.455836362
MOBY,M4,100,HPG,BONCAT,B,3.552357485
MOBY,M4,100,HPG,BONCAT,B,19.63396416
MOBY,M4,100,HPG,BONCAT,B,6.254645443
MOBY,M4,100,HPG,BONCAT,B,23.99026533
MOBY,M4,100,HPG,BONCAT,B,0.861760428
MOBY,M4,100,HPG,BONCAT,B,2.130240188
MOBY,M4,100,HPG,BONCAT,B,3.379220682
MOBY,M4,100,HPG,BONCAT,B,4.765173179
MOBY,M4,100,HPG,BONCAT,B,1.939164481
MOBY,M4,100,HPG,BONCAT,B,11.73210769
MOBY,M4,100,HPG,BONCAT,B,20.65015077
MOBY,M4,100,HPG,BONCAT,B,1.332365685
MOBY,M4,100,HPG,BONCAT,B,4.801841109
MOBY,M4,100,HPG,BONCAT,B,1.136737731
MOBY,M4,100,HPG,BONCAT,B,1.02023014
MOBY,M4,100,HPG,BONCAT,B,7.842459143
MOBY,M4,100,HPG,BONCAT,B,3.68455477
MOBY,M4,100,HPG,BONCAT,B,3.02618136
MOBY,M4,100,HPG,BONCAT,B,0.76990676
MOBY,M4,100,HPG,BONCAT,B,5.510421808
MOBY,M4,100,HPG,BONCAT,B,27.76710268
MOBY,M4,100,HPG,BONCAT,B,2.289008016
MOBY,M4,100,HPG,BONCAT,B,13.01298781
MOBY,M4,100,HPG,BONCAT,B,3.917337193
MOBY,M4,100,HPG,BONCAT,B,21.76010573
MOBY,M4,100,HPG,BONCAT,B,10.68235645
MOBY,M4,100,HPG,BONCAT,B,48.55384213
MOBY,M4,100,HPG,BONCAT,B,9.053477591
MOBY,M4,100,HPG,BONCAT,B,0.939330827
MOBY,M4,100,HPG,BONCAT,B,5.730186643
MOBY,M4,100,HPG,BONCAT,B,7.339110938
MOBY,M4,100,HPG,BONCAT,B,4.37491907
MOBY,M4,100,HPG,BONCAT,B,1.726963045
MOBY,M4,100,HPG,BONCAT,B,2.539110065
MOBY,M4,100,HPG,BONCAT,B,5.432751314
MOBY,M4,100,HPG,BONCAT,B,11.32286338
MOBY,M4,100,HPG,BONCAT,B,10.15667684
MOBY,M4,100,HPG,BONCAT,B,4.690109934
MOBY,M4,100,HPG,BONCAT,B,4.619848212
MOBY,M4,100,HPG,BONCAT,B,6.043716834
MOBY,M4,100,HPG,BONCAT,B,3.989326747
MOBY,M4,100,HPG,BONCAT,B,2.558765901
MOBY,M4,100,HPG,BONCAT,B,15.42550833
MOBY,M4,100,HPG,BONCAT,B,4.645576195
MOBY,M4,100,HPG,BONCAT,B,49.38541555
MOBY,M4,100,HPG,BONCAT,B,25.54379024
MOBY,M4,100,HPG,BONCAT,B,27.97618716
MOBY,M4,100,HPG,BONCAT,B,2.095667106
MOBY,M4,100,HPG,BONCAT,B,3.61984066
MOBY,M4,100,HPG,BONCAT,B,5.846771419
MOBY,M4,100,HPG,BONCAT,B,4.954483566
MOBY,M4,100,HPG,BONCAT,B,12.26475036
MOBY,M4,100,HPG,BONCAT,B,5.336949706
MOBY,M4,100,HPG,BONCAT,B,5.184924522
MOBY,M4,100,HPG,BONCAT,B,1.099322891
MOBY,M4,100,HPG,BONCAT,B,1.447768577
MOBY,M4,100,HPG,BONCAT,B,14.06708839
MOBY,M4,100,HPG,BONCAT,B,2.680481015
MOBY,M4,100,HPG,BONCAT,B,3.338689591
MOBY,M4,100,HPG,BONCAT,B,11.12495364
MOBY,M4,100,HPG,BONCAT,B,1.076241029
MOBY,M4,100,HPG,BONCAT,B,5.936778375
MOBY,M4,100,HPG,BONCAT,B,7.785206846
MOBY,M4,100,HPG,BONCAT,B,2.643108711
MOBY,M4,100,HPG,BONCAT,B,4.025621632
MOBY,M4,100,HPG,BONCAT,B,3.019520391
MOBY,M4,100,HPG,BONCAT,B,17.28674314
MOBY,M4,100,HPG,BONCAT,B,0.946304612
MOBY,M4,100,HPG,BONCAT,B,15.17919021
MOBY,M4,100,HPG,BONCAT,B,25.91359994
MOBY,M4,100,HPG,BONCAT,B,14.47480676
MOBY,M4,100,HPG,BONCAT,B,13.01298781
MOBY,M4,100,HPG,BONCAT,B,15.17574224
MOBY,M4,100,HPG,BONCAT,B,19.83972356
MOBY,M4,100,HPG,BONCAT,B,5.81402018
MOBY,M4,100,HPG,BONCAT,B,19.81490332
MOBY,M4,100,HPG,BONCAT,B,1.539798887
MOBY,M4,100,HPG,BONCAT,B,5.103209698
MOBY,M4,100,HPG,BONCAT,B,0.577901634
MOBY,M4,100,HPG,BONCAT,B,43.14745921
MOBY,M4,100,HPG,BONCAT,B,5.031414514
MOBY,M4,100,HPG,BONCAT,B,2.595302961
MOBY,M4,100,HPG,BONCAT,B,1.436706276
MOBY,M4,100,HPG,BONCAT,B,12.79720059
MOBY,M4,100,HPG,BONCAT,B,7.709836246
MOBY,M4,100,HPG,BONCAT,B,28.64331448
MOBY,M4,100,HPG,BONCAT,B,2.525948702
MOBY,M4,100,HPG,BONCAT,B,2.023721238
MOBY,M4,100,HPG,BONCAT,B,10.01408803
MOBY,M4,100,HPG,BONCAT,B,1.864268632
MOBY,M4,100,HPG,BONCAT,B,7.029505384
MOBY,M4,100,HPG,BONCAT,B,2.501236975
MOBY,M4,100,HPG,BONCAT,B,5.692748805
MOBY,M4,100,HPG,BONCAT,B,3.318649756
MOBY,M4,100,HPG,BONCAT,B,1.979646724
MOBY,M4,100,HPG,BONCAT,B,6.711721062
MOBY,M4,100,HPG,BONCAT,B,15.49744296
MOBY,M4,100,HPG,BONCAT,B,1.627240207
MOBY,M4,100,HPG,BONCAT,B,2.832537679
MOBY,M4,100,HPG,BONCAT,B,2.735217425
MOBY,M4,100,HPG,BONCAT,B,18.32998484
MOBY,M4,100,HPG,BONCAT,B,2.424415328
MOBY,M4,100,HPG,BONCAT,B,9.900898904
MOBY,M4,100,HPG,BONCAT,B,2.101337322
MOBY,M4,100,HPG,BONCAT,B,2.972623284
MOBY,M4,100,HPG,BONCAT,B,4.062734521
MOBY,M4,100,HPG,BONCAT,B,3.929444906
MOBY,M4,100,HPG,BONCAT,B,1.201280388
MOBY,M4,100,HPG,BONCAT,B,19.5452781
MOBY,M4,100,HPG,BONCAT,B,19.42911222
MOBY,M4,100,HPG,BONCAT,B,7.513635281
MOBY,M4,100,HPG,BONCAT,B,14.09957207
MOBY,M4,100,HPG,BONCAT,B,5.019982826
MOBY,M4,100,HPG,BONCAT,B,2.772594295
MOBY,M4,100,HPG,BONCAT,B,11.47578369
MOBY,M4,100,HPG,BONCAT,B,3.961208862
MOBY,M4,100,HPG,BONCAT,B,3.426823248
MOBY,M4,100,HPG,BONCAT,B,5.598499139
MOBY,M4,100,HPG,BONCAT,B,4.242416597
MOBY,M4,100,HPG,BONCAT,B,1.366664435
MOBY,M4,100,HPG,BONCAT,B,32.53306721
MOBY,M4,100,HPG,BONCAT,B,12.03505909
MOBY,M4,100,HPG,BONCAT,B,0.810864209
MOBY,M4,100,HPG,BONCAT,B,6.381601999
MOBY,M4,100,HPG,BONCAT,B,4.245092354
MOBY,M4,100,HPG,BONCAT,B,10.94191605
MOBY,M4,100,HPG,BONCAT,B,20.99064545
MOBY,M4,100,HPG,BONCAT,B,1.44248475
MOBY,M4,100,HPG,BONCAT,B,5.778850682
MOBY,M4,100,HPG,BONCAT,B,1.866952179
MOBY,M4,100,HPG,BONCAT,B,2.509953271
MOBY,M4,100,HPG,BONCAT,B,4.471277722
MOBY,M4,100,HPG,BONCAT,B,2.12123635
MOBY,M4,100,HPG,BONCAT,B,15.34356884
MOBY,M4,100,HPG,BONCAT,B,3.185102616
MOBY,M4,100,HPG,BONCAT,B,6.290643818
MOBY,M4,100,HPG,BONCAT,B,2.648585174
MOBY,M4,100,HPG,BONCAT,B,5.788084556
MOBY,M4,100,HPG,BONCAT,B,12.6456204
MOBY,M4,100,HPG,BONCAT,B,2.843221394
MOBY,M4,100,HPG,BONCAT,B,3.135430517
MOBY,M4,100,HPG,BONCAT,B,4.206739127
MOBY,M4,100,HPG,BONCAT,B,23.10693093
MOBY,M4,100,HPG,BONCAT,B,6.224771702
MOBY,M4,100,HPG,BONCAT,B,3.207773044
MOBY,M4,100,HPG,BONCAT,B,8.955888898
MOBY,M4,100,HPG,BONCAT,B,12.66103738
MOBY,M4,100,HPG,BONCAT,B,3.601379307
MOBY,M4,100,HPG,BONCAT,B,6.080038084
MOBY,M4,100,HPG,BONCAT,B,3.881974125
MOBY,M4,100,HPG,BONCAT,B,9.580745937
MOBY,M4,100,HPG,BONCAT,B,5.913590199
MOBY,M4,100,HPG,BONCAT,B,7.240224809
MOBY,M4,100,HPG,BONCAT,B,10.41773752
MOBY,M4,100,HPG,BONCAT,B,21.1795716
MOBY,M4,100,HPG,BONCAT,B,3.704623151
MOBY,M4,100,HPG,BONCAT,B,7.405202143
MOBY,M4,100,HPG,BONCAT,B,8.39038705
MOBY,M4,100,HPG,BONCAT,B,3.566999762
MOBY,M4,100,HPG,BONCAT,B,5.253250717
MOBY,M4,100,HPG,BONCAT,B,7.877705927
MOBY,M4,100,HPG,BONCAT,B,22.86908034
MOBY,M4,100,HPG,BONCAT,B,29.94473426
MOBY,M4,100,HPG,BONCAT,B,10.89507329
MOBY,M4,100,HPG,BONCAT,B,6.959678596
MOBY,M4,100,HPG,BONCAT,B,0.504146361
MOBY,M4,100,HPG,BONCAT,B,21.30175793
MOBY,M4,100,HPG,BONCAT,B,21.10650027
MOBY,M4,100,HPG,BONCAT,B,3.094290336
MOBY,M4,100,HPG,BONCAT,B,1.567918127
MOBY,M4,100,HPG,BONCAT,B,5.136720324
MOBY,M4,100,HPG,BONCAT,B,1.812605046
MOBY,M4,100,HPG,BONCAT,B,3.946574843
MOBY,M4,100,HPG,BONCAT,B,7.980770094
MOBY,M4,100,HPG,BONCAT,B,3.616586974
MOBY,M4,100,HPG,BONCAT,B,2.541952601
MOBY,M4,100,HPG,BONCAT,B,3.210115378
MOBY,M4,100,HPG,BONCAT,B,4.018930173
MOBY,M4,100,HPG,BONCAT,B,3.083511878
MOBY,M4,100,HPG,BONCAT,B,4.894193746
MOBY,M4,100,HPG,BONCAT,B,0.444552746
MOBY,M4,100,HPG,BONCAT,B,6.950747031
MOBY,M4,100,HPG,BONCAT,B,5.311817793
MOBY,M4,100,HPG,BONCAT,B,2.725138681
MOBY,M4,100,HPG,BONCAT,B,7.617634543
MOBY,M4,100,HPG,BONCAT,B,6.206481329
MOBY,M4,100,HPG,BONCAT,B,7.135024424
MOBY,M4,100,HPG,BONCAT,B,8.931577807
MOBY,M4,100,HPG,BONCAT,B,3.600769296
MOBY,M4,100,HPG,BONCAT,B,7.40922598
MOBY,M4,100,HPG,BONCAT,B,18.3667724
MOBY,M4,100,HPG,BONCAT,B,20.90041449
MOBY,M4,100,HPG,BONCAT,B,4.441555566
MOBY,M4,100,HPG,BONCAT,B,8.569080183
MOBY,M4,100,HPG,BONCAT,B,26.29238936
MOBY,M4,100,HPG,BONCAT,B,1.182839629
MOBY,M4,100,HPG,BONCAT,B,4.359157212
MOBY,M4,100,HPG,BONCAT,B,12.07651681
MOBY,M4,100,HPG,BONCAT,B,1.761898862
MOBY,M4,100,HPG,BONCAT,B,3.373249301
MOBY,M4,100,HPG,BONCAT,B,6.775795119
MOBY,M4,100,HPG,BONCAT,B,5.014272289
MOBY,M4,100,HPG,BONCAT,B,3.537439149
MOBY,M4,100,HPG,BONCAT,B,6.694186005
MOBY,M4,100,HPG,BONCAT,B,3.297273804
MOBY,M4,100,HPG,BONCAT,B,1.60692201
MOBY,M4,100,HPG,BONCAT,B,3.266129024
MOBY,M4,100,HPG,BONCAT,B,7.449144886
MOBY,M4,100,HPG,BONCAT,B,1.637832309
MOBY,M4,100,HPG,BONCAT,B,10.36674649
MOBY,M4,100,HPG,BONCAT,B,5.103333428
MOBY,M4,100,HPG,BONCAT,B,2.641976969
MOBY,M4,100,HPG,BONCAT,B,12.11188133
MOBY,M4,100,HPG,BONCAT,B,2.074427727
MOBY,M4,100,HPG,BONCAT,B,5.365793982
MOBY,M4,100,HPG,BONCAT,B,0.507985
MOBY,M4,100,HPG,BONCAT,B,1.542116191
MOBY,M4,100,HPG,BONCAT,B,3.41654777
MOBY,M4,100,HPG,BONCAT,B,0.528992365
MOBY,M4,100,HPG,BONCAT,B,8.275858218
MOBY,M4,100,HPG,BONCAT,B,1.55666447
MOBY,M4,100,HPG,BONCAT,B,15.24774854
MOBY,M4,100,HPG,BONCAT,B,15.3205363
MOBY,M4,100,HPG,BONCAT,B,7.461050568
MOBY,M4,100,HPG,BONCAT,B,3.98112112
MOBY,M4,100,HPG,BONCAT,B,15.46424359
MOBY,M4,100,HPG,BONCAT,B,10.17486953
MOBY,M4,100,HPG,BONCAT,B,0.601358662
MOBY,M4,100,HPG,BONCAT,B,3.141031882
MOBY,M4,100,HPG,BONCAT,B,13.48983802
MOBY,M4,100,HPG,BONCAT,B,4.634850907
MOBY,M4,100,HPG,BONCAT,B,3.197392702
MOBY,M4,100,HPG,BONCAT,B,16.95020326
MOBY,M4,100,HPG,BONCAT,B,5.327486237
MOBY,M4,100,HPG,BONCAT,B,4.2467799
MOBY,M4,100,HPG,BONCAT,B,7.251925437
MOBY,M4,100,HPG,BONCAT,B,1.11171119
MOBY,M4,100,HPG,BONCAT,B,5.798620629
MOBY,M4,100,HPG,BONCAT,B,4.579604567
MOBY,M4,100,HPG,BONCAT,B,2.377571499
MOBY,M4,100,HPG,BONCAT,B,1.485794145
MOBY,M4,100,HPG,BONCAT,B,1.174330534
MOBY,M4,100,HPG,BONCAT,B,2.905988746
MOBY,M4,100,HPG,BONCAT,B,22.08442689
MOBY,M4,100,HPG,BONCAT,B,5.618074701
MOBY,M4,100,HPG,BONCAT,B,19.04253627
MOBY,M4,100,HPG,BONCAT,B,6.234577062
MOBY,M4,100,HPG,BONCAT,B,3.854272307
MOBY,M4,100,HPG,BONCAT,B,2.45377708
MOBY,M4,100,HPG,BONCAT,B,0.882715157
MOBY,M4,100,HPG,BONCAT,B,3.453395072
MOBY,M4,100,HPG,BONCAT,B,5.996369613
MOBY,M4,100,HPG,BONCAT,B,5.013752747
MOBY,M4,100,HPG,BONCAT,B,5.309157142
MOBY,M4,100,HPG,BONCAT,B,5.968893442
MOBY,M4,100,HPG,BONCAT,B,3.513304585
MOBY,M4,100,HPG,BONCAT,B,4.691514396
MOBY,M4,100,HPG,BONCAT,B,81.96913224
MOBY,M4,100,HPG,BONCAT,B,1.718103571
MOBY,M4,100,HPG,BONCAT,B,5.592015152
MOBY,M4,100,HPG,BONCAT,B,1.20786617
MOBY,M4,100,HPG,BONCAT,B,7.363443923
MOBY,M4,100,HPG,BONCAT,B,3.361402141
MOBY,M4,100,HPG,BONCAT,B,9.360867406
MOBY,M4,100,HPG,BONCAT,B,10.73101426
MOBY,M4,100,HPG,BONCAT,B,12.36447467
MOBY,M4,100,HPG,BONCAT,B,6.132588947
MOBY,M4,100,HPG,BONCAT,B,29.2179442
MOBY,M4,100,HPG,BONCAT,B,6.358790912
MOBY,M4,100,HPG,BONCAT,B,27.23742301
MOBY,M4,100,HPG,BONCAT,B,8.000965483
MOBY,M4,100,HPG,BONCAT,B,4.162880586
MOBY,M4,100,HPG,BONCAT,B,15.64521419
MOBY,M4,100,HPG,BONCAT,B,1.27158516
MOBY,M4,100,HPG,BONCAT,B,3.510826694
MOBY,M4,100,HPG,BONCAT,B,3.319985162
MOBY,M4,100,HPG,BONCAT,B,0.454713952
MOBY,M4,100,HPG,BONCAT,B,8.143608827
MOBY,M4,100,HPG,BONCAT,B,3.98559621
MOBY,M4,100,HPG,BONCAT,B,2.740556718
MOBY,M4,100,HPG,BONCAT,B,1.905734114
MOBY,M4,100,HPG,BONCAT,B,3.461878046
MOBY,M4,100,HPG,BONCAT,B,13.77565254
MOBY,M4,100,HPG,BONCAT,B,1.280917936
MOBY,M4,100,HPG,BONCAT,B,8.096253612
MOBY,M4,100,HPG,BONCAT,B,8.32937023
MOBY,M4,100,HPG,BONCAT,B,13.3919768
MOBY,M4,100,HPG,BONCAT,B,2.240731729
MOBY,M4,100,HPG,BONCAT,B,5.821954754
MOBY,M4,100,HPG,BONCAT,B,2.068899787
MOBY,M4,100,HPG,BONCAT,B,51.69134001
MOBY,M4,100,HPG,BONCAT,B,5.987631369
MOBY,M4,100,HPG,BONCAT,B,1.19337707
MOBY,M4,100,HPG,BONCAT,B,3.301917637
MOBY,M4,100,HPG,BONCAT,B,38.89729834
MOBY,M4,100,HPG,BONCAT,B,8.533849996
MOBY,M4,100,HPG,BONCAT,B,3.309628414
MOBY,M4,100,HPG,BONCAT,B,7.3682119
MOBY,M4,100,HPG,BONCAT,B,2.47265009
MOBY,M4,100,HPG,BONCAT,B,0.780324089
MOBY,M4,100,HPG,BONCAT,B,4.342441005
MOBY,M4,100,HPG,BONCAT,B,0.416415846
MOBY,M4,100,HPG,BONCAT,B,9.837921852
MOBY,M4,100,HPG,BONCAT,B,4.041771954
MOBY,M4,100,HPG,BONCAT,B,2.105781156
MOBY,M4,100,HPG,BONCAT,B,2.33332541
MOBY,M4,100,HPG,BONCAT,B,2.514958403
MOBY,M4,100,HPG,BONCAT,B,10.43600723
MOBY,M4,100,HPG,BONCAT,B,4.422333376
MOBY,M4,100,HPG,BONCAT,B,3.460404224
MOBY,M4,100,HPG,BONCAT,B,23.51308867
MOBY,M4,100,HPG,BONCAT,B,27.19832296
MOBY,M4,100,HPG,BONCAT,B,3.693674859
MOBY,M4,100,HPG,BONCAT,B,5.616997004
MOBY,M4,100,HPG,BONCAT,B,1.22455551
MOBY,M4,100,HPG,BONCAT,B,31.80817574
MOBY,M4,100,HPG,BONCAT,B,2.363044965
MOBY,M4,100,HPG,BONCAT,B,30.86434782
MOBY,M4,100,HPG,BONCAT,B,3.633498309
MOBY,M4,100,HPG,BONCAT,B,1.705355139
MOBY,M4,100,HPG,BONCAT,B,7.775399657
MOBY,M4,100,HPG,BONCAT,B,8.525170227
MOBY,M4,100,HPG,BONCAT,B,4.124433362
MOBY,M4,100,HPG,BONCAT,B,18.30618113
MOBY,M4,100,HPG,BONCAT,B,5.736881211
MOBY,M4,100,HPG,BONCAT,B,5.817397968
MOBY,M4,100,HPG,BONCAT,B,3.589750722
MOBY,M4,100,HPG,BONCAT,B,3.525125454
MOBY,M4,100,HPG,BONCAT,B,2.703260047
MOBY,M4,100,HPG,BONCAT,B,1.121677544
MOBY,M4,100,HPG,BONCAT,B,0.515681185
MOBY,M4,100,HPG,BONCAT,B,3.873291036
MOBY,M4,100,HPG,BONCAT,B,2.721973553
MOBY,M4,100,HPG,BONCAT,B,2.428997042
MOBY,M4,100,HPG,BONCAT,B,1.080178496
MOBY,M4,100,HPG,BONCAT,B,9.663947041
MOBY,M4,100,HPG,BONCAT,B,5.736086578
MOBY,M4,100,HPG,BONCAT,B,0.515662394
MOBY,M4,100,HPG,BONCAT,B,7.090472144
MOBY,M4,100,HPG,BONCAT,B,2.196877008
MOBY,M4,100,HPG,BONCAT,B,4.234364905
MOBY,M4,100,HPG,BONCAT,B,4.938503363
MOBY,M4,100,HPG,BONCAT,B,5.212427518
MOBY,M4,100,HPG,BONCAT,B,9.156982137
MOBY,M4,100,HPG,BONCAT,B,9.641911247
MOBY,M4,100,HPG,BONCAT,B,2.211999626
MOBY,M4,100,HPG,BONCAT,B,7.591803065
MOBY,M4,100,HPG,BONCAT,B,4.37490708
MOBY,M4,100,HPG,BONCAT,B,7.599509798
MOBY,M4,100,HPG,BONCAT,B,20.36003751
MOBY,M4,100,HPG,BONCAT,B,2.311229726
MOBY,M4,100,HPG,BONCAT,B,17.23944205
MOBY,M4,100,HPG,BONCAT,B,13.24280563
MOBY,M4,100,HPG,BONCAT,B,7.386941102
MOBY,M4,100,HPG,BONCAT,B,4.843035449
MOBY,M4,100,HPG,BONCAT,B,10.66658436
MOBY,M4,100,HPG,BONCAT,B,5.353614734
MOBY,M4,100,HPG,BONCAT,B,19.1765854
MOBY,M4,100,HPG,BONCAT,B,1.305774812
MOBY,M4,100,HPG,BONCAT,B,3.223451961
MOBY,M4,100,HPG,BONCAT,B,12.56575332
MOBY,M4,100,HPG,BONCAT,B,31.68562937
MOBY,M4,100,HPG,BONCAT,B,0.664136399
MOBY,M4,100,HPG,BONCAT,B,12.02352944
MOBY,M4,100,HPG,BONCAT,B,3.494531148
MOBY,M4,100,HPG,BONCAT,B,10.26618808
MOBY,M4,100,HPG,BONCAT,B,12.50634847
MOBY,M4,100,HPG,BONCAT,B,33.11990894
MOBY,M4,100,HPG,BONCAT,B,0.406351477
MOBY,M4,100,HPG,BONCAT,B,30.31177421
MOBY,M4,100,HPG,BONCAT,B,1.316294465
MOBY,M4,100,HPG,BONCAT,B,3.071697647
MOBY,M4,100,HPG,BONCAT,B,1.728117812
MOBY,M4,100,HPG,BONCAT,B,8.150381744
MOBY,M4,100,HPG,BONCAT,B,12.68075236
MOBY,M4,100,HPG,BONCAT,B,2.971461682
MOBY,M4,100,HPG,BONCAT,B,8.08708983
MOBY,M4,100,HPG,BONCAT,B,29.8880682
MOBY,M4,100,HPG,BONCAT,B,3.963632283
MOBY,M4,100,HPG,BONCAT,B,13.12861258
MOBY,M4,100,HPG,BONCAT,B,3.464844102
MOBY,M4,100,HPG,BONCAT,B,10.83351163
MOBY,M4,100,HPG,BONCAT,B,6.003214119
MOBY,M4,100,HPG,BONCAT,B,84.10915768
MOBY,M4,100,HPG,BONCAT,B,8.011139628
MOBY,M4,100,HPG,BONCAT,B,2.327406548
MOBY,M4,100,HPG,BONCAT,B,12.07226644
MOBY,M4,100,HPG,BONCAT,B,5.245214342
MOBY,M4,100,HPG,BONCAT,B,2.924712515
MOBY,M4,100,HPG,BONCAT,B,24.87808305
MOBY,M4,100,HPG,BONCAT,B,24.21249814
MOBY,M4,100,HPG,BONCAT,B,2.078450257
MOBY,M4,100,HPG,BONCAT,B,2.676251529
MOBY,M4,100,HPG,BONCAT,B,1.451091549
MOBY,M4,100,HPG,BONCAT,B,5.61525158
MOBY,M4,100,HPG,BONCAT,B,3.097370096
MOBY,M4,100,HPG,BONCAT,B,5.319071945
MOBY,M4,100,HPG,BONCAT,B,6.702229819
MOBY,M4,100,HPG,BONCAT,B,7.857679613
MOBY,M4,100,HPG,BONCAT,B,5.013290819
MOBY,M4,100,HPG,BONCAT,B,4.408069882
MOBY,M4,100,HPG,BONCAT,B,6.495364676
MOBY,M4,100,HPG,BONCAT,B,12.58791308
MOBY,M4,100,HPG,BONCAT,B,8.708263297
MOBY,M4,100,HPG,BONCAT,B,2.887475931
MOBY,M4,100,HPG,BONCAT,B,5.767906759
MOBY,M4,100,HPG,BONCAT,B,1.00857229
MOBY,M4,100,HPG,BONCAT,B,5.735632521
MOBY,M4,100,HPG,BONCAT,B,4.419083247
MOBY,M4,100,HPG,BONCAT,B,4.808066371
MOBY,M4,100,HPG,BONCAT,B,12.02788514
MOBY,M4,100,HPG,BONCAT,B,5.135077014
MOBY,M4,100,HPG,BONCAT,B,13.32031917
MOBY,M4,100,HPG,BONCAT,B,4.167354294
MOBY,M4,100,HPG,BONCAT,B,0.674327763
MOBY,M4,100,HPG,BONCAT,B,12.92511249
MOBY,M4,100,HPG,BONCAT,B,2.77000816
MOBY,M4,100,HPG,BONCAT,B,3.309301447
MOBY,M4,100,HPG,BONCAT,B,0.562676761
MOBY,M4,100,HPG,BONCAT,B,4.572767986
MOBY,M4,100,HPG,BONCAT,B,1.812432867
MOBY,M4,100,HPG,BONCAT,B,2.873308907
MOBY,M4,100,HPG,BONCAT,B,1.610711584
MOBY,M4,100,HPG,BONCAT,B,10.99336982
MOBY,M4,100,HPG,BONCAT,B,9.432495573
MOBY,M4,100,HPG,BONCAT,B,8.978015803
MOBY,M4,100,HPG,BONCAT,B,8.650292942
MOBY,M4,100,HPG,BONCAT,B,0.611365872
MOBY,M4,100,HPG,BONCAT,B,2.569054013
MOBY,M4,100,HPG,BONCAT,B,2.14995481
MOBY,M4,100,HPG,BONCAT,B,4.239653704
MOBY,M4,100,HPG,BONCAT,B,13.31445622
MOBY,M4,100,HPG,BONCAT,B,1.849529099
MOBY,M4,100,HPG,BONCAT,B,1.925209758
MOBY,M4,100,HPG,BONCAT,B,15.77023685
MOBY,M4,100,HPG,BONCAT,B,1.449089534
MOBY,M4,100,HPG,BONCAT,B,18.21468455
MOBY,M4,100,HPG,BONCAT,B,2.788679375
MOBY,M4,100,HPG,BONCAT,B,14.83416809
MOBY,M4,100,HPG,BONCAT,B,5.24350035
MOBY,M4,100,HPG,BONCAT,B,43.92351147
MOBY,M4,100,HPG,BONCAT,B,3.353385919
MOBY,M4,100,HPG,BONCAT,B,5.597990611
MOBY,M4,100,HPG,BONCAT,B,23.42523868
MOBY,M4,100,HPG,BONCAT,B,1.437200923
MOBY,M4,100,HPG,BONCAT,B,7.956179272
MOBY,M4,100,HPG,BONCAT,B,4.583589745
MOBY,M4,100,HPG,BONCAT,B,2.622998093
MOBY,M4,100,HPG,BONCAT,B,3.751517115
MOBY,M4,100,HPG,BONCAT,B,14.5578906
MOBY,M4,100,HPG,BONCAT,B,2.265873545
MOBY,M4,100,HPG,BONCAT,B,2.286818486
MOBY,M4,100,HPG,BONCAT,B,6.823469192
MOBY,M4,100,HPG,BONCAT,B,3.31308802
MOBY,M4,100,HPG,BONCAT,B,5.576714936
MOBY,M4,100,HPG,BONCAT,B,3.736629201
MOBY,M4,100,HPG,BONCAT,B,10.75178322
MOBY,M4,100,HPG,BONCAT,B,6.073227211
MOBY,M4,100,HPG,BONCAT,B,15.29172312
MOBY,M4,100,HPG,BONCAT,B,10.39715694
MOBY,M4,100,HPG,BONCAT,B,6.703337594
MOBY,M4,100,HPG,BONCAT,B,1.271683744
MOBY,M4,100,HPG,BONCAT,B,6.063860814
MOBY,M4,100,HPG,BONCAT,B,4.884063755
MOBY,M4,100,HPG,BONCAT,B,7.274068397
MOBY,M4,100,HPG,BONCAT,B,11.85193438
MOBY,M4,100,HPG,BONCAT,B,1.701386084
MOBY,M4,100,HPG,BONCAT,B,7.387833594
MOBY,M4,100,HPG,BONCAT,B,3.069035296
MOBY,M4,100,HPG,BONCAT,B,6.45942609
MOBY,M4,100,HPG,BONCAT,B,5.547276908
MOBY,M4,100,HPG,BONCAT,B,2.082369739
MOBY,M4,100,HPG,BONCAT,B,6.806733632
MOBY,M4,100,HPG,BONCAT,B,3.365230755
MOBY,M4,100,HPG,BONCAT,B,0.682833018
MOBY,M4,100,HPG,BONCAT,B,3.454923134
MOBY,M4,100,HPG,BONCAT,B,5.092409244
MOBY,M4,100,HPG,BONCAT,B,2.245192898
MOBY,M4,100,HPG,BONCAT,B,8.222749377
MOBY,M4,100,HPG,BONCAT,B,5.7958958
MOBY,M4,100,HPG,BONCAT,B,5.199475836
MOBY,M4,100,HPG,BONCAT,B,9.240813371
MOBY,M4,100,HPG,BONCAT,B,6.449850265
MOBY,M4,100,HPG,BONCAT,B,13.51329435
MOBY,M4,100,HPG,BONCAT,B,1.897887591
MOBY,M4,100,HPG,BONCAT,B,0.93772115
MOBY,M4,100,HPG,BONCAT,B,9.010940887
MOBY,M4,100,HPG,BONCAT,B,2.66160539
MOBY,M4,100,HPG,BONCAT,B,3.611030386
MOBY,M4,100,HPG,BONCAT,B,33.37625442
MOBY,M4,100,HPG,BONCAT,B,6.975227476
MOBY,M4,100,HPG,BONCAT,B,4.072282837
MOBY,M4,100,HPG,BONCAT,B,2.079529892
MOBY,M4,100,HPG,BONCAT,B,70.63646053
MOBY,M4,100,HPG,BONCAT,B,35.51925309
MOBY,M4,100,HPG,BONCAT,B,21.56069302
MOBY,M4,100,HPG,BONCAT,B,23.53446284
MOBY,M4,100,HPG,BONCAT,B,5.685533252
MOBY,M4,100,HPG,BONCAT,B,7.788665585
MOBY,M4,100,HPG,BONCAT,B,7.136020758
MOBY,M4,100,HPG,BONCAT,B,6.918939748
MOBY,M4,100,HPG,BONCAT,B,5.117625807
MOBY,M4,100,HPG,BONCAT,B,4.527252451
MOBY,M4,100,HPG,BONCAT,B,10.07585149
MOBY,M4,100,HPG,BONCAT,B,0.678953246
MOBY,M4,100,HPG,BONCAT,B,8.843463151
MOBY,M4,100,HPG,BONCAT,B,24.1131498
MOBY,M4,100,HPG,BONCAT,B,19.8766653
MOBY,M4,100,HPG,BONCAT,B,17.74673624
MOBY,M4,100,HPG,BONCAT,B,1.279598802
MOBY,M4,100,HPG,BONCAT,B,61.791696
MOBY,M4,100,HPG,BONCAT,B,6.208509715
MOBY,M4,100,HPG,BONCAT,B,6.157902298
MOBY,M4,100,HPG,BONCAT,B,12.46922261
MOBY,M4,100,HPG,BONCAT,B,2.524608121
MOBY,M4,100,HPG,BONCAT,B,5.119183188
MOBY,M4,100,HPG,BONCAT,B,5.525084564
MOBY,M4,100,HPG,BONCAT,B,3.266545031
MOBY,M4,100,HPG,BONCAT,B,2.988230063
MOBY,M4,100,HPG,BONCAT,B,3.27190821
MOBY,M4,100,HPG,BONCAT,B,14.51703409
MOBY,M4,100,HPG,BONCAT,B,5.737315433
MOBY,M4,100,HPG,BONCAT,B,2.189519008
MOBY,M4,100,HPG,BONCAT,B,2.652646235
MOBY,M4,100,HPG,BONCAT,B,4.96865584
MOBY,M4,100,HPG,BONCAT,B,5.957677435
MOBY,M4,100,HPG,BONCAT,B,3.4388632
MOBY,M4,100,HPG,BONCAT,B,7.57513713
MOBY,M4,100,HPG,BONCAT,B,3.856939624
MOBY,M4,100,HPG,BONCAT,B,2.608381483
MOBY,M4,100,HPG,BONCAT,B,9.333550156
MOBY,M4,100,HPG,BONCAT,B,29.98471203
MOBY,M4,100,HPG,BONCAT,B,1.587798932
MOBY,M4,100,HPG,BONCAT,B,12.33154918
MOBY,M4,100,HPG,BONCAT,B,2.752670603
MOBY,M4,100,HPG,BONCAT,B,3.635904801
MOBY,M4,100,HPG,BONCAT,B,0.691165206
MOBY,M4,100,HPG,BONCAT,B,3.709533568
MOBY,M4,100,HPG,BONCAT,B,6.838527781
MOBY,M4,100,HPG,BONCAT,B,24.42373355
MOBY,M4,100,HPG,BONCAT,B,2.403125129
MOBY,M4,100,HPG,BONCAT,B,2.01956393
MOBY,M4,100,HPG,BONCAT,B,3.068816031
MOBY,M4,100,HPG,BONCAT,B,2.809834375
MOBY,M4,100,HPG,BONCAT,B,10.83517333
MOBY,M4,100,HPG,BONCAT,B,8.78302369
MOBY,M4,100,HPG,BONCAT,B,8.669676119
MOBY,M4,100,HPG,BONCAT,B,15.13563271
MOBY,M4,100,HPG,BONCAT,B,10.67438241
MOBY,M4,100,HPG,BONCAT,B,0.969222703
MOBY,M4,100,HPG,BONCAT,B,12.83969942
MOBY,M4,100,HPG,BONCAT,B,1.541116186
MOBY,M4,100,HPG,BONCAT,B,16.48430406
MOBY,M4,100,HPG,BONCAT,B,5.119183188
MOBY,M4,100,HPG,BONCAT,B,5.348100715
MOBY,M4,100,HPG,BONCAT,B,6.98646394
MOBY,M4,100,HPG,BONCAT,B,12.33241241
MOBY,M4,100,HPG,BONCAT,B,1.238989672
MOBY,M4,100,HPG,BONCAT,B,4.069830091
MOBY,M4,100,HPG,BONCAT,B,15.02675498
MOBY,M4,100,HPG,BONCAT,B,8.077345572
MOBY,M4,100,HPG,BONCAT,B,6.538667399
MOBY,M4,100,HPG,BONCAT,B,2.397169322
MOBY,M4,100,HPG,BONCAT,B,6.946026
MOBY,M4,100,HPG,BONCAT,B,2.908773581
MOBY,M4,100,HPG,BONCAT,B,3.99734297
MOBY,M4,100,HPG,BONCAT,B,3.210442691
MOBY,M4,100,HPG,BONCAT,B,3.189056964
MOBY,M4,100,HPG,BONCAT,B,12.85127487
MOBY,M4,100,HPG,BONCAT,B,10.44795207
MOBY,M4,100,HPG,BONCAT,B,66.81075923
MOBY,M4,100,HPG,BONCAT,B,3.09300098
MOBY,M4,100,HPG,BONCAT,B,15.05283548
MOBY,M4,100,HPG,BONCAT,B,1.973227809
MOBY,M4,100,HPG,BONCAT,B,5.916212664
MOBY,M4,100,HPG,BONCAT,B,9.682863818
MOBY,M4,100,HPG,BONCAT,B,7.259002717
MOBY,M4,100,HPG,BONCAT,B,7.739218212
MOBY,M4,100,HPG,BONCAT,B,10.82443056
MOBY,M4,100,HPG,BONCAT,B,5.935479265
MOBY,M4,100,HPG,BONCAT,B,8.692585641
MOBY,M4,100,HPG,BONCAT,B,5.070338299
MOBY,M4,100,HPG,BONCAT,B,2.967203087
MOBY,M4,100,HPG,BONCAT,B,10.00977758
MOBY,M4,100,HPG,BONCAT,B,15.68074433
MOBY,M4,100,HPG,BONCAT,B,1.648554
MOBY,M4,100,HPG,BONCAT,B,6.928962016
MOBY,M4,100,HPG,BONCAT,B,26.33545011
MOBY,M4,100,HPG,BONCAT,B,3.234342301
MOBY,M4,100,HPG,BONCAT,B,1.612675813
MOBY,M4,100,HPG,BONCAT,B,3.415216022
MOBY,M4,100,HPG,BONCAT,B,8.821885357
MOBY,M4,100,HPG,BONCAT,B,5.994332623
MOBY,M4,100,HPG,BONCAT,B,38.39139617
MOBY,M4,100,HPG,BONCAT,B,8.788384403
MOBY,M4,100,HPG,BONCAT,B,4.558930375
MOBY,M4,100,HPG,BONCAT,B,12.01488347
MOBY,M4,100,HPG,BONCAT,B,3.759355693
MOBY,M4,100,HPG,BONCAT,B,26.51881557
MOBY,M4,100,HPG,BONCAT,B,7.530218504
MOBY,M4,100,HPG,BONCAT,B,1.835726686
MOBY,M4,100,HPG,BONCAT,B,4.844664961
MOBY,M4,100,HPG,BONCAT,B,1.820278375
MOBY,M4,100,HPG,BONCAT,B,11.13170237
MOBY,M4,100,HPG,BONCAT,B,8.351552819
MOBY,M4,100,HPG,BONCAT,B,2.039394613
MOBY,M4,100,HPG,BONCAT,B,42.39760038
MOBY,M4,100,HPG,BONCAT,B,2.691310469
MOBY,M4,100,HPG,BONCAT,B,25.1169287
MOBY,M4,100,HPG,BONCAT,B,8.214503152
MOBY,M4,100,HPG,BONCAT,B,3.176744076
MOBY,M4,100,HPG,BONCAT,B,15.23975749
MOBY,M4,100,HPG,BONCAT,B,1.695138697
MOBY,M4,100,HPG,BONCAT,B,3.139696008
MOBY,M4,100,HPG,BONCAT,B,7.75458226
MOBY,M4,100,HPG,BONCAT,B,55.95112856
MOBY,M4,100,HPG,BONCAT,B,12.07015149
MOBY,M4,100,HPG,BONCAT,B,17.54049974
MOBY,M4,100,HPG,BONCAT,B,16.19391936
MOBY,M4,100,HPG,BONCAT,B,5.872775075
MOBY,M4,100,HPG,BONCAT,B,7.282490953
MOBY,M4,100,HPG,BONCAT,B,12.97856923
MOBY,M4,100,HPG,BONCAT,B,6.49680611
MOBY,M4,100,HPG,BONCAT,B,1.952276907
MOBY,M4,100,HPG,BONCAT,B,4.827266619
MOBY,M4,100,HPG,BONCAT,B,1.231973549
MOBY,M4,100,HPG,BONCAT,B,3.318019273
MOBY,M4,100,HPG,BONCAT,B,13.00837544
MOBY,M4,100,HPG,BONCAT,B,4.985675812
MOBY,M4,100,HPG,BONCAT,B,2.779067024
MOBY,M4,100,HPG,BONCAT,B,5.776968868
MOBY,M4,100,HPG,BONCAT,B,10.69479336
MOBY,M4,100,HPG,BONCAT,B,3.74761083
MOBY,M4,100,HPG,BONCAT,B,4.212955421
MOBY,M4,100,HPG,BONCAT,B,3.509699132
MOBY,M4,100,HPG,BONCAT,B,15.54805355
MOBY,M4,100,HPG,BONCAT,B,1.627418692
MOBY,M4,100,HPG,BONCAT,B,7.522831104
MOBY,M4,100,HPG,BONCAT,B,4.603293386
MOBY,M4,100,HPG,BONCAT,B,2.163474714
MOBY,M4,100,HPG,BONCAT,B,12.35034409
MOBY,M4,100,HPG,BONCAT,B,10.13493057
MOBY,M4,100,HPG,BONCAT,B,15.9799726
MOBY,M4,100,HPG,BONCAT,B,8.418192512
MOBY,M4,100,HPG,BONCAT,B,3.882225757
MOBY,M4,100,HPG,BONCAT,B,19.08632856
MOBY,M4,100,HPG,BONCAT,B,3.794980866
MOBY,M4,100,HPG,BONCAT,B,4.391180285
MOBY,M4,100,HPG,BONCAT,B,19.15161823
MOBY,M4,100,HPG,BONCAT,B,6.018263678
MOBY,M4,100,HPG,BONCAT,B,28.00298619
MOBY,M4,100,HPG,BONCAT,B,9.392015972
MOBY,M4,100,HPG,BONCAT,B,13.37506998
MOBY,M4,100,HPG,BONCAT,B,2.852005187
MOBY,M4,100,HPG,BONCAT,B,7.446981566
MOBY,M4,100,HPG,BONCAT,B,17.28289773
MOBY,M4,100,HPG,BONCAT,B,7.748411495
MOBY,M4,100,HPG,BONCAT,B,31.64917042
MOBY,M4,100,HPG,BONCAT,B,6.993985942
MOBY,M4,100,HPG,BONCAT,B,5.721477501
MOBY,M4,100,HPG,BONCAT,B,10.99446513
MOBY,M4,100,HPG,BONCAT,B,0.965459616
MOBY,M4,100,HPG,BONCAT,B,10.87821213
MOBY,M4,100,HPG,BONCAT,B,1.720254583
MOBY,M4,100,HPG,BONCAT,B,4.282851435
MOBY,M4,100,HPG,BONCAT,B,7.418171906
MOBY,M4,100,HPG,BONCAT,B,14.40087125
MOBY,M4,100,HPG,BONCAT,B,5.221048082
MOBY,M4,100,HPG,BONCAT,B,5.030905492
MOBY,M4,100,HPG,BONCAT,B,7.611990603
MOBY,M4,100,HPG,BONCAT,B,2.897888755
MOBY,M4,100,HPG,BONCAT,B,6.104009567
MOBY,M4,100,HPG,BONCAT,B,6.780111125
MOBY,M4,100,HPG,BONCAT,B,9.491215351
MOBY,M4,100,HPG,BONCAT,B,8.053920945
MOBY,M4,100,HPG,BONCAT,B,45.39831922
MOBY,M4,100,HPG,BONCAT,B,1.538481826
MOBY,M4,100,HPG,BONCAT,B,16.59573773
MOBY,M4,100,HPG,BONCAT,B,9.33191576
MOBY,M4,100,HPG,BONCAT,B,27.69036241
MOBY,M4,100,HPG,BONCAT,B,0.578704891
MOBY,M4,100,HPG,BONCAT,B,8.012076491
MOBY,M4,100,HPG,BONCAT,B,35.37933085
MOBY,M4,100,HPG,BONCAT,B,7.286809106
MOBY,M4,100,HPG,BONCAT,B,5.507809667
MOBY,M4,100,HPG,BONCAT,B,1.847030032
MOBY,M4,100,HPG,BONCAT,B,2.059371543
MOBY,M4,100,HPG,BONCAT,B,9.956144702
MOBY,M4,100,HPG,BONCAT,B,7.731132975
MOBY,M4,100,HPG,BONCAT,B,15.90080719
MOBY,M4,100,HPG,BONCAT,B,7.370938558
MOBY,M4,100,HPG,BONCAT,B,29.29343383
MOBY,M4,100,HPG,BONCAT,B,8.638861992
MOBY,M4,100,HPG,BONCAT,B,14.08497278
MOBY,M4,100,HPG,BONCAT,B,3.575039958
MOBY,M4,100,HPG,BONCAT,B,4.407059506
MOBY,M4,100,HPG,BONCAT,B,12.45263993
MOBY,M4,100,HPG,BONCAT,B,10.06292536
MOBY,M4,100,HPG,BONCAT,B,0.48938303
MOBY,M4,100,HPG,BONCAT,B,5.599776009
MOBY,M4,100,HPG,BONCAT,B,7.111337706
MOBY,M4,100,HPG,BONCAT,B,7.567660582
MOBY,M4,100,HPG,BONCAT,B,1.289532288
MOBY,M4,100,HPG,BONCAT,B,16.16451784
MOBY,M4,100,HPG,BONCAT,B,5.282727874
MOBY,M4,100,HPG,BONCAT,B,2.795109251
MOBY,M4,100,HPG,BONCAT,B,3.977038083
MOBY,M4,100,HPG,BONCAT,B,1.878806919
MOBY,M4,100,HPG,BONCAT,B,10.66528434
MOBY,M4,100,HPG,BONCAT,B,2.482000282
MOBY,M4,100,HPG,BONCAT,B,11.37920597
MOBY,M4,100,HPG,BONCAT,B,2.924733685
MOBY,M4,100,HPG,BONCAT,B,7.171819572
MOBY,M4,100,HPG,BONCAT,B,2.433578114
MOBY,M4,100,HPG,BONCAT,B,1.747727367
MOBY,M4,100,HPG,BONCAT,B,2.227028198
MOBY,M4,100,HPG,BONCAT,B,17.55775164
MOBY,M4,100,HPG,BONCAT,B,2.676148961
MOBY,M4,100,HPG,BONCAT,B,1.619945776
MOBY,M4,100,HPG,BONCAT,B,10.95168523
MOBY,M4,100,HPG,BONCAT,B,8.069981544
MOBY,M4,100,HPG,BONCAT,B,3.691178962
MOBY,M4,100,HPG,BONCAT,B,7.535577863
MOBY,M4,100,HPG,BONCAT,B,9.794408656
MOBY,M4,100,HPG,BONCAT,B,11.42349765
MOBY,M4,100,HPG,BONCAT,B,27.02415895
MOBY,M4,100,HPG,BONCAT,B,4.40749826
MOBY,M4,100,HPG,BONCAT,B,50.32296805
MOBY,M4,100,HPG,BONCAT,B,5.753744003
MOBY,M4,100,HPG,BONCAT,B,15.82866399
MOBY,M4,100,HPG,BONCAT,B,21.20976914
MOBY,M4,100,HPG,BONCAT,B,3.142548299
MOBY,M4,100,HPG,BONCAT,B,17.60936101
MOBY,M4,100,HPG,BONCAT,B,1.878171844
MOBY,M4,100,HPG,BONCAT,B,33.97688301
MOBY,M4,100,HPG,BONCAT,B,9.093800574
MOBY,M4,100,HPG,BONCAT,B,6.92359358
MOBY,M4,100,HPG,BONCAT,B,4.261140779
MOBY,M4,100,HPG,BONCAT,B,4.026735144
MOBY,M4,100,HPG,BONCAT,B,3.684173115
MOBY,M4,100,HPG,BONCAT,B,54.4619866
MOBY,M4,100,HPG,BONCAT,B,1.290849349
MOBY,M4,100,HPG,BONCAT,B,1.128764863
MOBY,M4,100,HPG,BONCAT,B,39.27613078
MOBY,M4,100,HPG,BONCAT,B,3.521659975
MOBY,M4,100,HPG,BONCAT,B,4.940569305
MOBY,M4,100,HPG,BONCAT,B,5.230607609
MOBY,M4,100,HPG,BONCAT,B,6.036569035
MOBY,M4,100,HPG,BONCAT,B,8.317318295
MOBY,M4,100,HPG,BONCAT,B,1.701392269
MOBY,M4,100,HPG,BONCAT,B,5.583711306
MOBY,M4,100,HPG,BONCAT,B,4.196942763
MOBY,M4,100,HPG,BONCAT,B,7.004338652
MOBY,M4,100,HPG,BONCAT,B,5.144757289
MOBY,M4,100,HPG,BONCAT,B,8.424179833
MOBY,M4,100,HPG,BONCAT,B,5.554623053
MOBY,M4,100,HPG,BONCAT,B,2.64789707
MOBY,M4,100,HPG,BONCAT,B,1.13268408
MOBY,M4,100,HPG,BONCAT,B,2.306470563
MOBY,M4,100,HPG,BONCAT,B,2.81535254
MOBY,M4,100,HPG,BONCAT,B,11.80119271
MOBY,M4,100,HPG,BONCAT,B,3.30747243
MOBY,M4,100,HPG,BONCAT,B,16.29419332
MOBY,M4,100,HPG,BONCAT,B,5.768092302
MOBY,M4,100,HPG,BONCAT,B,4.567394185
MOBY,M4,100,HPG,BONCAT,B,5.508751868
MOBY,M4,100,HPG,BONCAT,B,22.06467737
MOBY,M4,100,HPG,BONCAT,B,53.5032986
MOBY,M4,100,HPG,BONCAT,B,6.041908749
MOBY,M4,100,HPG,BONCAT,B,8.55554207
MOBY,M4,100,HPG,BONCAT,B,10.21760031
MOBY,M4,100,HPG,BONCAT,B,2.940796654
MOBY,M4,100,HPG,BONCAT,B,2.04828346
MOBY,M4,100,HPG,BONCAT,B,8.866109227
MOBY,M4,100,HPG,BONCAT,B,2.559745821
MOBY,M4,100,HPG,BONCAT,B,2.08674449
MOBY,M4,100,HPG,BONCAT,B,2.522011235
MOBY,M4,100,HPG,BONCAT,B,4.016724582
MOBY,M4,100,HPG,BONCAT,B,3.734056777
MOBY,M4,100,HPG,BONCAT,B,2.060549979
MOBY,M4,100,HPG,BONCAT,B,27.55018288
MOBY,M4,100,HPG,BONCAT,B,4.009570856
MOBY,M4,100,HPG,BONCAT,B,11.55247789
MOBY,M4,100,HPG,BONCAT,B,4.887071045
MOBY,M4,100,HPG,BONCAT,B,40.15239163
MOBY,M4,100,HPG,BONCAT,B,5.681828361
MOBY,M4,100,HPG,BONCAT,B,0.638500003
MOBY,M4,100,HPG,BONCAT,B,4.918230132
MOBY,M4,100,HPG,BONCAT,B,10.37534016
MOBY,M4,100,HPG,BONCAT,B,3.083349122
MOBY,M4,100,HPG,BONCAT,B,7.331259592
MOBY,M4,100,HPG,BONCAT,B,3.337278633
MOBY,M4,100,HPG,BONCAT,B,6.24901178
MOBY,M4,100,HPG,BONCAT,B,31.39571391
MOBY,M4,100,HPG,BONCAT,B,28.97791241
MOBY,M4,100,HPG,BONCAT,B,4.513308838
MOBY,M4,100,HPG,BONCAT,B,10.83181105
MOBY,M4,100,HPG,BONCAT,B,22.65167762
MOBY,M4,100,HPG,BONCAT,B,7.328749232
MOBY,M4,100,HPG,BONCAT,B,15.43804672
MOBY,M4,100,HPG,BONCAT,B,3.680563002
MOBY,M4,100,HPG,BONCAT,B,1.468240798
MOBY,M4,100,HPG,BONCAT,B,4.485318178
MOBY,M4,100,HPG,BONCAT,B,5.62684918
MOBY,M4,100,HPG,BONCAT,B,0.724629444
MOBY,M4,100,HPG,BONCAT,B,62.02627888
MOBY,M4,100,HPG,BONCAT,B,2.292682342
MOBY,M4,100,HPG,BONCAT,B,7.797920208
MOBY,M4,100,HPG,BONCAT,B,11.09738087
MOBY,M4,100,HPG,BONCAT,B,1.205836327
MOBY,M4,100,HPG,BONCAT,B,15.79000073
MOBY,M4,100,HPG,BONCAT,B,3.313776814
MOBY,M4,100,HPG,BONCAT,B,7.965561066
MOBY,M4,100,HPG,BONCAT,B,0.989362721
MOBY,M4,100,HPG,BONCAT,B,9.371818205
MOBY,M4,100,HPG,BONCAT,B,14.60953398
MOBY,M4,100,HPG,BONCAT,B,6.461337304
MOBY,M4,100,HPG,BONCAT,B,1.127622858
MOBY,M4,100,HPG,BONCAT,B,1.143177971
MOBY,M4,100,HPG,BONCAT,B,5.566968918
MOBY,M4,100,HPG,BONCAT,B,3.027399282
MOBY,M4,100,HPG,BONCAT,B,6.271479716
MOBY,M4,100,HPG,BONCAT,B,2.171647433
MOBY,M4,100,HPG,BONCAT,B,2.440676563
MOBY,M4,100,HPG,BONCAT,B,2.711832074
MOBY,M4,100,HPG,BONCAT,B,4.23561829
MOBY,M4,100,HPG,BONCAT,B,3.148947291
MOBY,M4,100,HPG,BONCAT,B,41.15767208
MOBY,M4,100,HPG,BONCAT,B,6.579246004
MOBY,M4,100,HPG,BONCAT,B,2.485314834
MOBY,M4,100,HPG,BONCAT,B,21.98341035
MOBY,M4,100,HPG,BONCAT,B,4.601642922
MOBY,M4,100,HPG,BONCAT,B,28.18787739
MOBY,M4,100,HPG,BONCAT,B,3.510207165
MOBY,M4,100,HPG,BONCAT,B,16.19198961
MOBY,M4,100,HPG,BONCAT,B,19.94094976
MOBY,M4,100,HPG,BONCAT,B,0.410258677
MOBY,M4,100,HPG,BONCAT,B,2.420609597
MOBY,M4,100,HPG,BONCAT,B,4.684052406
MOBY,M4,100,HPG,BONCAT,B,2.444673303
MOBY,M4,100,HPG,BONCAT,B,3.462195319
MOBY,M4,100,HPG,BONCAT,B,4.56438422
MOBY,M4,100,HPG,BONCAT,B,7.590939674
MOBY,M4,100,HPG,BONCAT,B,6.358781001
MOBY,M4,100,HPG,BONCAT,B,10.3186449
MOBY,M4,100,HPG,BONCAT,B,14.44943572
MOBY,M4,100,HPG,BONCAT,B,3.628619874
MOBY,M4,100,HPG,BONCAT,B,6.500450528
MOBY,M4,100,HPG,BONCAT,B,6.029216353
MOBY,M4,100,HPG,BONCAT,B,7.797123095
MOBY,M4,100,HPG,BONCAT,B,6.206715314
MOBY,M4,100,HPG,BONCAT,B,3.433371813
MOBY,M4,100,HPG,BONCAT,B,3.288450002
MOBY,M4,100,HPG,BONCAT,B,8.44789295
MOBY,M4,100,HPG,BONCAT,B,0.595920839
MOBY,M4,100,HPG,BONCAT,B,9.308341763
MOBY,M4,100,HPG,BONCAT,B,3.083171877
MOBY,M4,100,HPG,BONCAT,B,3.010617651
MOBY,M4,100,HPG,BONCAT,B,4.512357817
MOBY,M4,100,HPG,BONCAT,B,3.865880462
MOBY,M4,100,HPG,BONCAT,B,2.367350492
MOBY,M4,100,HPG,BONCAT,B,0.518221487
MOBY,M4,100,HPG,BONCAT,B,3.578861297
MOBY,M4,100,HPG,BONCAT,B,12.87726418
MOBY,M4,100,HPG,BONCAT,B,8.088531366
MOBY,M4,100,HPG,BONCAT,B,1.574278825
MOBY,M4,100,HPG,BONCAT,B,3.289876609
MOBY,M4,100,HPG,BONCAT,B,3.631199418
MOBY,M4,100,HPG,BONCAT,B,2.453998899
MOBY,M4,100,HPG,BONCAT,B,5.595307118
MOBY,M4,100,HPG,BONCAT,B,7.644769291
MOBY,M4,100,HPG,BONCAT,B,7.477814599
MOBY,M4,100,HPG,BONCAT,B,6.072371061
MOBY,M4,100,HPG,BONCAT,B,1.234210247
MOBY,M4,100,HPG,BONCAT,B,4.477608025
MOBY,M4,100,HPG,BONCAT,B,6.758650523
MOBY,M4,100,HPG,BONCAT,B,6.270528282
MOBY,M4,100,HPG,BONCAT,B,2.889790267
MOBY,M4,100,HPG,BONCAT,B,15.06855622
MOBY,M4,100,HPG,BONCAT,B,2.034351688
MOBY,M4,100,HPG,BONCAT,B,6.440917278
MOBY,M4,100,HPG,BONCAT,B,7.263743732
MOBY,M4,100,HPG,BONCAT,B,1.418042485
MOBY,M4,100,HPG,BONCAT,B,19.34080931
MOBY,M4,100,HPG,BONCAT,B,4.007742076
MOBY,M4,100,HPG,BONCAT,B,3.599212254
MOBY,M4,100,HPG,BONCAT,B,1.266325334
MOBY,M4,100,HPG,BONCAT,B,8.907532397
MOBY,M4,100,HPG,BONCAT,B,0.810290947
MOBY,M4,100,HPG,BONCAT,B,0.505425907
MOBY,M4,100,HPG,BONCAT,B,16.63040668
MOBY,M4,100,HPG,BONCAT,B,4.698586439
MOBY,M4,100,HPG,BONCAT,B,1.941337495
MOBY,M4,100,HPG,BONCAT,B,0.657700969
MOBY,M4,100,HPG,BONCAT,B,2.132927115
MOBY,M4,100,HPG,BONCAT,B,4.948959203
MOBY,M4,100,HPG,BONCAT,B,9.308410114
MOBY,M4,100,HPG,BONCAT,B,6.753347085
MOBY,M4,100,HPG,BONCAT,B,5.888440585
MOBY,M4,100,HPG,BONCAT,B,7.686316977
MOBY,M4,100,HPG,BONCAT,B,13.30635774
MOBY,M4,100,HPG,BONCAT,B,1.088265122
MOBY,M4,100,HPG,BONCAT,B,5.282678747
MOBY,M4,100,HPG,BONCAT,B,33.63607827
MOBY,M4,100,HPG,BONCAT,B,1.495826161
MOBY,M4,100,HPG,BONCAT,B,8.735681482
MOBY,M4,100,HPG,BONCAT,B,1.610494534
MOBY,M4,100,HPG,BONCAT,B,6.265516247
MOBY,M4,100,HPG,BONCAT,B,9.799376266
MOBY,M4,100,HPG,BONCAT,B,83.94882218
MOBY,M4,100,HPG,BONCAT,B,1.995209281
MOBY,M4,100,HPG,BONCAT,B,13.89185785
MOBY,M4,100,HPG,BONCAT,B,5.884224918
MOBY,M4,100,HPG,BONCAT,B,0.586911237
MOBY,M4,100,HPG,BONCAT,B,8.097561562
MOBY,M4,100,HPG,BONCAT,B,6.393400269
MOBY,M4,100,HPG,BONCAT,B,13.14869152
MOBY,M4,100,HPG,BONCAT,B,4.492591623
MOBY,M4,100,HPG,BONCAT,B,11.1166184
MOBY,M4,100,HPG,BONCAT,B,6.380260252
MOBY,M4,100,HPG,BONCAT,B,7.164727484
MOBY,M4,100,HPG,BONCAT,B,11.66522494
MOBY,M4,100,HPG,BONCAT,B,35.01060285
MOBY,M4,100,HPG,BONCAT,B,12.56717794
MOBY,M4,100,HPG,BONCAT,B,2.939222758
MOBY,M4,100,HPG,BONCAT,B,23.32581352
MOBY,M4,100,HPG,BONCAT,B,19.67232535
MOBY,M4,100,HPG,BONCAT,B,4.185453752
MOBY,M4,100,HPG,BONCAT,B,1.025555993
MOBY,M4,100,HPG,BONCAT,B,1.21445219
MOBY,M4,100,HPG,BONCAT,B,1.072303562
MOBY,M4,100,HPG,BONCAT,B,24.03121234
MOBY,M4,100,HPG,BONCAT,B,47.03924053
MOBY,M4,100,HPG,BONCAT,B,0.659554671
MOBY,M4,100,HPG,BONCAT,B,17.76793821
MOBY,M4,100,HPG,BONCAT,B,0.616877608
MOBY,M4,100,HPG,BONCAT,B,4.678722962
MOBY,M4,100,HPG,BONCAT,B,4.409195303
MOBY,M4,100,HPG,BONCAT,B,8.192454636
MOBY,M4,100,HPG,BONCAT,B,2.432592626
MOBY,M4,100,HPG,BONCAT,B,4.901009463
MOBY,M4,100,HPG,BONCAT,B,0.478060493
MOBY,M4,100,HPG,BONCAT,B,13.42361317
MOBY,M4,100,HPG,BONCAT,B,16.26497748
MOBY,M4,100,HPG,BONCAT,B,3.116912404
MOBY,M4,100,HPG,BONCAT,B,43.64357242
MOBY,M4,100,HPG,BONCAT,B,10.38540673
MOBY,M4,100,HPG,BONCAT,B,21.73054434
MOBY,M4,100,HPG,BONCAT,B,1.124307569
MOBY,M4,100,HPG,BONCAT,B,24.08457446
MOBY,M4,100,HPG,BONCAT,B,7.888016909
MOBY,M4,100,HPG,BONCAT,B,9.660867857
MOBY,M4,100,HPG,BONCAT,B,1.501600307
MOBY,M4,100,HPG,BONCAT,B,9.074029848
MOBY,M4,100,HPG,BONCAT,B,6.138908966
MOBY,M4,100,HPG,BONCAT,B,2.261571772
MOBY,M4,100,HPG,BONCAT,B,16.4442641
MOBY,M4,100,HPG,BONCAT,B,3.426866596
MOBY,M4,100,HPG,BONCAT,B,6.881597744
MOBY,M4,100,HPG,BONCAT,B,7.504998731
MOBY,M4,100,HPG,BONCAT,B,9.052860291
MOBY,M4,100,HPG,BONCAT,B,15.27552697
MOBY,M4,100,HPG,BONCAT,B,24.67621194
MOBY,M4,100,HPG,BONCAT,B,3.510826694
MOBY,M4,100,HPG,BONCAT,B,8.789117501
MOBY,M4,100,HPG,BONCAT,B,7.797932402
MOBY,M4,100,HPG,BONCAT,B,12.00023549
MOBY,M4,100,HPG,BONCAT,B,2.687321349
MOBY,M4,100,HPG,BONCAT,B,12.71254887
MOBY,M4,100,HPG,BONCAT,B,7.225746784
MOBY,M4,100,HPG,BONCAT,B,1.773565782
MOBY,M4,100,HPG,BONCAT,B,29.83982896
MOBY,M4,100,HPG,BONCAT,B,14.61282093
MOBY,M4,100,HPG,BONCAT,B,6.982458799
MOBY,M4,100,HPG,BONCAT,B,4.938589801
MOBY,M4,100,HPG,BONCAT,B,8.65577288
MOBY,M4,100,HPG,BONCAT,B,1.448453029
MOBY,M4,100,HPG,BONCAT,B,63.99428134
MOBY,M4,100,HPG,BONCAT,B,102.2536297
MOBY,M4,100,HPG,BONCAT,B,2.061966038
MOBY,M4,100,HPG,BONCAT,B,26.0848487
MOBY,M4,100,HPG,BONCAT,B,1.047733136
MOBY,M4,100,HPG,BONCAT,B,9.754312336
MOBY,M4,100,HPG,BONCAT,B,13.44193071
MOBY,M4,100,HPG,BONCAT,B,3.819523057
MOBY,M4,100,HPG,BONCAT,B,3.948119509
MOBY,M4,100,HPG,BONCAT,B,12.31252598
MOBY,M4,100,HPG,BONCAT,B,3.867499779
MOBY,M4,100,HPG,BONCAT,B,2.235898781
MOBY,M4,100,HPG,BONCAT,B,9.116086265
MOBY,M4,100,HPG,BONCAT,B,3.178107581
MOBY,M4,100,HPG,BONCAT,B,6.843637444
MOBY,M4,100,HPG,BONCAT,B,2.326681465
MOBY,M4,100,HPG,BONCAT,B,17.3443651
MOBY,M4,100,HPG,BONCAT,B,1.710082559
MOBY,M4,100,HPG,BONCAT,B,5.778526939
MOBY,M4,100,HPG,BONCAT,B,8.701279568
MOBY,M4,100,HPG,BONCAT,B,16.64196241
MOBY,M4,100,HPG,BONCAT,B,15.03340265
MOBY,M4,100,HPG,BONCAT,B,17.70636658
MOBY,M4,100,HPG,BONCAT,B,8.705027163
MOBY,M4,100,HPG,BONCAT,B,2.73259981
MOBY,M4,100,HPG,BONCAT,B,4.390170898
MOBY,M4,100,HPG,BONCAT,B,10.1841272
MOBY,M4,100,HPG,BONCAT,B,27.42469992
MOBY,M4,100,HPG,BONCAT,B,3.572171836
MOBY,M4,100,HPG,BONCAT,B,4.819275238
MOBY,M4,100,HPG,BONCAT,B,1.790759253
MOBY,M4,100,HPG,BONCAT,B,2.257895197
MOBY,M4,100,HPG,BONCAT,B,4.659279881
MOBY,M4,100,HPG,BONCAT,B,7.088733833
MOBY,M4,100,HPG,BONCAT,B,3.017304673
MOBY,M4,100,HPG,BONCAT,B,6.367229075
MOBY,M4,100,HPG,BONCAT,B,7.086932861
MOBY,M4,100,HPG,BONCAT,B,7.758016409
MOBY,M4,100,HPG,BONCAT,B,1.031616401
MOBY,M4,100,HPG,BONCAT,B,2.629855498
MOBY,M4,100,HPG,BONCAT,B,7.27121276
MOBY,M4,100,HPG,BONCAT,B,19.73132619
MOBY,M4,100,HPG,BONCAT,B,5.747696609
MOBY,M4,100,HPG,BONCAT,B,11.9480789
MOBY,M4,100,HPG,BONCAT,B,1.997862379
MOBY,M4,100,HPG,BONCAT,B,6.113419548
MOBY,M4,100,HPG,BONCAT,B,5.896482468
MOBY,M4,100,HPG,BONCAT,B,11.20185296
MOBY,M4,100,HPG,BONCAT,B,7.447041761
MOBY,M4,100,HPG,BONCAT,B,52.94889936
MOBY,M4,100,HPG,BONCAT,B,7.275433623
MOBY,M4,100,HPG,BONCAT,B,1.598357644
MOBY,M4,100,HPG,BONCAT,B,5.906344142
MOBY,M4,100,HPG,BONCAT,B,3.70593665
MOBY,M4,100,HPG,BONCAT,B,25.51565407
MOBY,M4,100,HPG,BONCAT,B,8.127244408
MOBY,M4,100,HPG,BONCAT,B,6.372444456
MOBY,M4,100,HPG,BONCAT,B,6.655403739
MOBY,M4,100,HPG,BONCAT,B,1.27899461
MOBY,M4,100,HPG,BONCAT,B,14.05138478
MOBY,M4,100,HPG,BONCAT,B,3.752906789
MOBY,M4,100,HPG,BONCAT,B,11.04148611
MOBY,M4,100,HPG,BONCAT,B,14.45192305
MOBY,M4,100,HPG,BONCAT,B,5.645443909
MOBY,M4,100,HPG,BONCAT,B,1.895572909
MOBY,M4,100,HPG,BONCAT,B,4.51742815
MOBY,M4,100,HPG,BONCAT,B,3.216827668
MOBY,M4,100,HPG,BONCAT,B,23.90851897
MOBY,M4,100,HPG,BONCAT,B,1.456368087
MOBY,M4,100,HPG,BONCAT,B,6.914296314
MOBY,M4,100,HPG,BONCAT,B,6.199131932
MOBY,M4,100,HPG,BONCAT,B,15.95681088
MOBY,M4,100,HPG,BONCAT,B,8.169122191
MOBY,M4,100,HPG,BONCAT,B,8.279927192
MOBY,M4,100,HPG,BONCAT,B,3.154284397
MOBY,M4,100,HPG,BONCAT,B,1.332569485
MOBY,M4,100,HPG,BONCAT,B,3.438382629
MOBY,M4,100,HPG,BONCAT,B,3.527526039
MOBY,M4,100,HPG,BONCAT,B,3.222118303
MOBY,M4,100,HPG,BONCAT,B,0.915814973
MOBY,M4,100,HPG,BONCAT,B,8.20291091
MOBY,M4,100,HPG,BONCAT,B,5.745986532
MOBY,M4,100,HPG,BONCAT,B,5.004116591
MOBY,M4,100,HPG,BONCAT,B,3.414300571
MOBY,M4,100,HPG,BONCAT,B,3.715326288
MOBY,M4,100,HPG,BONCAT,B,8.683333639
MOBY,M4,100,HPG,BONCAT,B,2.154175592
MOBY,M4,100,HPG,BONCAT,B,10.0361352
MOBY,M4,100,HPG,BONCAT,B,12.40234488
MOBY,M4,100,HPG,BONCAT,B,42.00129873
MOBY,M4,100,HPG,BONCAT,B,27.60403321
MOBY,M4,100,HPG,BONCAT,B,7.718621143
MOBY,M4,100,HPG,BONCAT,B,15.00533022
MOBY,M4,100,HPG,BONCAT,B,2.291138794
MOBY,M4,100,HPG,BONCAT,B,5.914396593
MOBY,M4,100,HPG,BONCAT,B,47.3050135
MOBY,M4,100,HPG,BONCAT,B,3.060394586
MOBY,M4,100,HPG,BONCAT,B,15.40774092
MOBY,M4,100,HPG,BONCAT,B,8.510229596
MOBY,M4,100,HPG,BONCAT,B,1.852309462
MOBY,M4,100,HPG,BONCAT,B,25.79356914
MOBY,M4,100,HPG,BONCAT,B,5.171135901
MOBY,M4,100,HPG,BONCAT,B,2.696619564
MOBY,M4,100,HPG,BONCAT,B,4.096552192
MOBY,M4,100,HPG,BONCAT,B,7.001172285
MOBY,M4,100,HPG,BONCAT,B,15.34906077
MOBY,M4,100,HPG,BONCAT,B,1.195725386
MOBY,M4,100,HPG,BONCAT,B,1.799858823
MOBY,M4,100,HPG,BONCAT,B,3.412677976
MOBY,M4,100,HPG,BONCAT,B,3.312883028
MOBY,M4,100,HPG,BONCAT,B,12.09143881
MOBY,M4,100,HPG,BONCAT,B,9.391328668
MOBY,M4,100,HPG,BONCAT,B,6.126941647
MOBY,M4,100,HPG,BONCAT,B,2.026117304
MOBY,M4,100,HPG,BONCAT,B,6.043928329
MOBY,M4,100,HPG,BONCAT,B,6.535342523
MOBY,M4,100,HPG,BONCAT,B,1.07351261
MOBY,M4,100,HPG,BONCAT,B,20.81423453
MOBY,M4,100,HPG,BONCAT,B,0.96418559
MOBY,M4,100,HPG,BONCAT,B,20.95954166
MOBY,M4,100,HPG,BONCAT,B,2.599752228
MOBY,M4,100,HPG,BONCAT,B,1.676824838
MOBY,M4,100,HPG,BONCAT,B,1.693627747
MOBY,M4,100,HPG,BONCAT,B,5.462770591
MOBY,M4,100,HPG,BONCAT,B,9.146228195
MOBY,M4,100,HPG,BONCAT,B,2.386807188
MOBY,M4,100,HPG,BONCAT,B,2.467993738
MOBY,M4,100,HPG,BONCAT,B,1.321387918
MOBY,M4,100,HPG,BONCAT,B,3.572648295
MOBY,M4,100,HPG,BONCAT,B,4.053412672
MOBY,M4,100,HPG,BONCAT,B,18.34016325
MOBY,M4,100,HPG,BONCAT,B,2.717258801
MOBY,M4,100,HPG,BONCAT,B,8.670014555
MOBY,M4,100,HPG,BONCAT,B,3.853494975
MOBY,M4,100,HPG,BONCAT,B,0.512260246
MOBY,M4,100,HPG,BONCAT,B,1.403544646
MOBY,M4,100,HPG,BONCAT,B,1.501649487
MOBY,M4,100,HPG,BONCAT,B,3.474949224
MOBY,M4,100,HPG,BONCAT,B,3.207448062
MOBY,M4,100,HPG,BONCAT,B,1.529572033
MOBY,M4,100,HPG,BONCAT,B,7.202826464
MOBY,M4,100,HPG,BONCAT,B,5.470296135
MOBY,M4,100,HPG,BONCAT,B,1.202070625
MOBY,M4,100,HPG,BONCAT,B,6.914813838
MOBY,M4,100,HPG,BONCAT,B,2.052992298
MOBY,M4,100,HPG,BONCAT,B,2.733999387
MOBY,M4,100,HPG,BONCAT,B,26.75717313
MOBY,M4,100,HPG,BONCAT,B,6.443504998
MOBY,M4,100,HPG,BONCAT,B,1.531909544
MOBY,M4,100,HPG,BONCAT,B,4.441252389
MOBY,M4,100,HPG,BONCAT,B,0.840041359
MOBY,M4,100,HPG,BONCAT,B,1.975898845
MOBY,M4,100,HPG,BONCAT,B,12.55573864
MOBY,M4,100,HPG,BONCAT,B,6.45658308
MOBY,M4,100,HPG,BONCAT,B,12.85683765
MOBY,M4,100,HPG,BONCAT,B,3.856995775
MOBY,M4,100,HPG,BONCAT,B,1.877556177
MOBY,M4,100,HPG,BONCAT,B,4.404595176
MOBY,M4,100,HPG,BONCAT,B,2.031693903
MOBY,M4,100,HPG,BONCAT,B,32.66405707
MOBY,M4,100,HPG,BONCAT,B,2.251607104
MOBY,M4,100,HPG,BONCAT,B,0.623343752
MOBY,M4,100,HPG,BONCAT,B,0.926617276
MOBY,M4,100,HPG,BONCAT,B,3.105467662
MOBY,M4,100,HPG,BONCAT,B,45.51768798
MOBY,M4,100,HPG,BONCAT,B,2.31542352
MOBY,M4,100,HPG,BONCAT,B,4.860890516
MOBY,M4,100,HPG,BONCAT,B,1.09507313
MOBY,M4,100,HPG,BONCAT,B,2.384693028
MOBY,M4,100,HPG,BONCAT,B,2.533784232
MOBY,M4,100,HPG,BONCAT,B,0.575493659
MOBY,M4,100,HPG,BONCAT,B,0.527112542
MOBY,M4,100,HPG,BONCAT,B,7.971767496
MOBY,M4,100,HPG,BONCAT,B,3.16291729
MOBY,M4,100,HPG,BONCAT,B,0.838186627
MOBY,M4,100,HPG,BONCAT,B,0.521269848
MOBY,M4,100,HPG,BONCAT,B,1.557430672
MOBY,M4,100,HPG,BONCAT,B,3.351483152
MOBY,M4,100,HPG,BONCAT,B,3.876478017
MOBY,M4,100,HPG,BONCAT,B,8.661982528
MOBY,M4,100,HPG,BONCAT,B,10.19676984
MOBY,M4,100,HPG,BONCAT,B,6.582983736
MOBY,M4,100,HPG,BONCAT,B,4.676952894
MOBY,M4,100,HPG,BONCAT,B,10.35254519
MOBY,M4,100,HPG,BONCAT,B,2.84606116
MOBY,M4,100,HPG,BONCAT,B,1.80019881
MOBY,M4,100,HPG,BONCAT,B,10.4146581
MOBY,M4,100,HPG,BONCAT,B,1.369302704
MOBY,M4,100,HPG,BONCAT,B,0.859637996
MOBY,M4,100,HPG,BONCAT,B,7.279256032
MOBY,M4,100,HPG,BONCAT,B,7.497376742
MOBY,M4,100,HPG,BONCAT,B,3.544345049
MOBY,M4,100,HPG,BONCAT,B,3.684773744
MOBY,M4,100,HPG,BONCAT,B,5.809996139
MOBY,M4,100,HPG,BONCAT,B,2.078380564
MOBY,M4,100,HPG,BONCAT,B,10.22271953
MOBY,M4,100,HPG,BONCAT,B,12.13515746
MOBY,M4,100,HPG,BONCAT,B,2.970493956
MOBY,M4,100,HPG,BONCAT,B,3.67676353
MOBY,M4,100,HPG,BONCAT,B,8.116348209
MOBY,M4,100,HPG,BONCAT,B,1.307301378
MOBY,M4,100,HPG,BONCAT,B,3.485190663
MOBY,M4,100,HPG,BONCAT,B,13.03768218
MOBY,M4,100,HPG,BONCAT,B,6.808151039
MOBY,M4,100,HPG,BONCAT,B,10.01119448
MOBY,M4,100,HPG,BONCAT,B,2.677947434
MOBY,M4,100,HPG,BONCAT,B,3.324350172
MOBY,M4,100,HPG,BONCAT,B,4.817826439
MOBY,M4,100,HPG,BONCAT,B,2.612499312
MOBY,M4,100,HPG,BONCAT,B,9.0303137
MOBY,M4,100,HPG,BONCAT,B,4.320965805
MOBY,M4,100,HPG,BONCAT,B,2.216859073
MOBY,M4,100,HPG,BONCAT,B,4.278581594
MOBY,M4,100,HPG,BONCAT,B,1.200576277
MOBY,M4,100,HPG,BONCAT,B,3.136764175
MOBY,M4,100,HPG,BONCAT,B,0.702748981
MOBY,M4,100,HPG,BONCAT,B,4.71045491
MOBY,M4,100,HPG,BONCAT,B,6.325785738
MOBY,M4,100,HPG,BONCAT,B,4.5157151
MOBY,M4,100,HPG,BONCAT,B,6.818109427
MOBY,M4,100,HPG,BONCAT,B,3.799717506
MOBY,M4,100,HPG,BONCAT,B,2.473576155
MOBY,M4,100,HPG,BONCAT,B,10.87086422
MOBY,M4,100,HPG,BONCAT,B,9.72111737
MOBY,M4,100,HPG,BONCAT,B,6.867400013
MOBY,M4,100,HPG,BONCAT,B,7.909624475
MOBY,M4,100,HPG,BONCAT,B,20.55833777
MOBY,M4,100,HPG,BONCAT,B,4.429760655
MOBY,M4,100,HPG,BONCAT,B,12.48908845
MOBY,M4,100,HPG,BONCAT,B,35.91271848
MOBY,M4,100,HPG,BONCAT,B,2.38472219
MOBY,M4,100,HPG,BONCAT,B,3.453587017
MOBY,M4,100,HPG,BONCAT,B,9.961430832
MOBY,M4,100,HPG,BONCAT,B,6.428169199
MOBY,M4,100,HPG,BONCAT,B,4.884456046
MOBY,M4,100,HPG,BONCAT,B,8.123534213
MOBY,M4,100,HPG,BONCAT,B,18.58903827
MOBY,M4,100,HPG,BONCAT,B,3.163343857
MOBY,M4,100,HPG,BONCAT,B,4.573567978
MOBY,M4,100,HPG,BONCAT,B,2.06111295
MOBY,M4,100,HPG,BONCAT,B,3.075495655
MOBY,M4,100,HPG,BONCAT,B,15.00444274
MOBY,M4,100,HPG,BONCAT,B,6.688444247
MOBY,M4,100,HPG,BONCAT,B,1.804660751
MOBY,M4,100,HPG,BONCAT,B,3.528385914
MOBY,M4,100,HPG,BONCAT,B,0.66860733
MOBY,M4,100,HPG,BONCAT,B,1.470224841
MOBY,M4,100,HPG,BONCAT,B,3.482887355
MOBY,M4,100,HPG,BONCAT,B,5.952434253
MOBY,M4,100,HPG,BONCAT,B,2.234628245
MOBY,M4,100,HPG,BONCAT,B,3.99847377
MOBY,M4,100,HPG,BONCAT,B,14.95686282
MOBY,M4,100,HPG,BONCAT,B,8.357128408
MOBY,M4,100,HPG,BONCAT,B,1.048678758
MOBY,M4,100,HPG,BONCAT,B,57.31459178
MOBY,M4,100,HPG,BONCAT,B,7.550211286
MOBY,M4,100,HPG,BONCAT,B,5.413933581
MOBY,M4,100,HPG,BONCAT,B,2.490120576
MOBY,M4,100,HPG,BONCAT,B,1.30510525
MOBY,M4,100,HPG,BONCAT,B,19.75152971
MOBY,M4,100,HPG,BONCAT,B,4.92719474
MOBY,M4,100,HPG,BONCAT,B,1.513372857
MOBY,M4,100,HPG,BONCAT,B,9.443133271
MOBY,M4,100,HPG,BONCAT,B,1.801816379
MOBY,M4,100,HPG,BONCAT,B,2.611298799
MOBY,M4,100,HPG,BONCAT,B,5.241135187
MOBY,M4,100,HPG,BONCAT,B,1.691566492
MOBY,M4,100,HPG,BONCAT,B,2.472669308
MOBY,M4,100,HPG,BONCAT,B,4.835311307
MOBY,M4,100,HPG,BONCAT,B,29.4995524
MOBY,M4,100,HPG,BONCAT,B,12.37522198
MOBY,M4,100,HPG,BONCAT,B,5.439748388
MOBY,M4,100,HPG,BONCAT,B,2.407736833
MOBY,M4,100,HPG,BONCAT,B,4.781114485
MOBY,M4,100,HPG,BONCAT,B,7.145523307
MOBY,M4,100,HPG,BONCAT,B,1.57193851
MOBY,M4,100,HPG,BONCAT,B,93.14287064
MOBY,M4,100,HPG,BONCAT,B,5.281379211
MOBY,M4,100,HPG,BONCAT,B,35.85525591
MOBY,M4,100,HPG,BONCAT,B,2.467611365
MOBY,M4,100,HPG,BONCAT,B,4.464125961
MOBY,M4,100,HPG,BONCAT,B,9.982992097
MOBY,M4,100,HPG,BONCAT,B,3.910264046
MOBY,M4,100,HPG,BONCAT,B,5.801346121
MOBY,M4,100,HPG,BONCAT,B,5.271556251
MOBY,M4,100,HPG,BONCAT,B,4.817749357
MOBY,M4,100,HPG,BONCAT,B,2.285024824
MOBY,M4,100,HPG,BONCAT,B,4.813969557
MOBY,M4,100,HPG,BONCAT,B,10.28624217
MOBY,M4,100,HPG,BONCAT,B,0.39502894
MOBY,M4,100,HPG,BONCAT,B,6.896162051
MOBY,M4,100,HPG,BONCAT,B,6.211172419
MOBY,M4,100,HPG,BONCAT,B,14.59865769
MOBY,M4,100,HPG,BONCAT,B,1.529667894
MOBY,M4,100,HPG,BONCAT,B,1.561370856
MOBY,M4,100,HPG,BONCAT,B,2.240630516
MOBY,M4,100,HPG,BONCAT,B,26.9751524
MOBY,M4,100,HPG,BONCAT,B,1.300069729
MOBY,M4,100,HPG,BONCAT,B,16.92621706
MOBY,M4,100,HPG,BONCAT,B,2.940543633
MOBY,M4,100,HPG,BONCAT,B,21.82717551
MOBY,M4,100,HPG,BONCAT,B,0.902750487
MOBY,M4,100,HPG,BONCAT,B,27.94644138
MOBY,M4,100,HPG,BONCAT,B,1.606055421
MOBY,M4,100,HPG,BONCAT,B,6.781156374
MOBY,M4,100,HPG,BONCAT,B,5.284883959
MOBY,M4,100,HPG,BONCAT,B,46.12716258
MOBY,M4,100,HPG,BONCAT,B,1.262449552
MOBY,M4,100,HPG,BONCAT,B,5.399144684
MOBY,M4,100,HPG,BONCAT,B,29.49011508
MOBY,M4,100,HPG,BONCAT,B,1.731391115
MOBY,M4,100,HPG,BONCAT,B,1.947451615
MOBY,M4,100,HPG,BONCAT,B,4.996002848
MOBY,M4,100,HPG,BONCAT,B,11.29773647
MOBY,M4,100,HPG,BONCAT,B,10.24016124
MOBY,M4,100,HPG,BONCAT,B,29.51303219
MOBY,M4,100,HPG,BONCAT,B,4.614389761
MOBY,M4,100,HPG,BONCAT,B,3.472228921
MOBY,M4,100,HPG,BONCAT,B,4.103314989
MOBY,M4,100,HPG,BONCAT,B,12.50634847
MOBY,M4,100,HPG,BONCAT,B,8.13720178
MOBY,M4,100,HPG,BONCAT,B,3.519882509
MOBY,M4,100,HPG,BONCAT,B,9.952922448
MOBY,M4,100,HPG,BONCAT,B,4.287761532
MOBY,M4,100,HPG,BONCAT,B,6.975992818
MOBY,M4,100,HPG,BONCAT,B,0.466145308
MOBY,M4,100,HPG,BONCAT,B,3.476946877
MOBY,M4,100,HPG,BONCAT,B,4.729475373
MOBY,M4,100,HPG,BONCAT,B,4.269506479
MOBY,M4,100,HPG,BONCAT,B,49.24632836
MOBY,M4,100,HPG,BONCAT,B,31.28237461
MOBY,M4,100,HPG,BONCAT,B,10.17816379
MOBY,M4,100,HPG,BONCAT,B,0.861760428
MOBY,M4,100,HPG,BONCAT,B,30.29693418
MOBY,M4,100,HPG,BONCAT,B,3.71811707
MOBY,M4,100,HPG,BONCAT,B,4.964661117
MOBY,M4,100,HPG,BONCAT,B,8.262717564
MOBY,M4,100,HPG,BONCAT,B,15.53192203
MOBY,M4,100,HPG,BONCAT,B,2.308425335
MOBY,M4,100,HPG,BONCAT,B,0.823057655
MOBY,M4,100,HPG,BONCAT,B,5.561998666
MOBY,M4,100,HPG,BONCAT,B,13.69997426
MOBY,M4,100,HPG,BONCAT,B,3.124118853
MOBY,M4,100,HPG,BONCAT,B,2.69271949
MOBY,M4,100,HPG,BONCAT,B,0.797263774
MOBY,M4,100,HPG,BONCAT,B,5.160682547
MOBY,M4,100,HPG,BONCAT,B,4.740929558
MOBY,M4,100,HPG,BONCAT,B,5.703359617
MOBY,M4,100,HPG,BONCAT,B,4.00190441
MOBY,M4,100,HPG,BONCAT,B,2.223208282
MOBY,M4,100,HPG,BONCAT,B,5.283629044
MOBY,M4,100,HPG,BONCAT,B,12.66888312
MOBY,M4,100,HPG,BONCAT,B,1.084505476
MOBY,M4,100,HPG,BONCAT,B,0.442012445
MOBY,M4,100,HPG,BONCAT,B,13.78117746
MOBY,M4,100,HPG,BONCAT,B,0.834815674
MOBY,M4,100,HPG,BONCAT,B,6.468496483
MOBY,M4,100,HPG,BONCAT,B,3.151707285
MOBY,M4,100,HPG,BONCAT,B,4.719835993
MOBY,M4,100,HPG,BONCAT,B,1.232892949
MOBY,M4,100,HPG,BONCAT,B,31.45881825
MOBY,M4,100,HPG,BONCAT,B,10.02388932
MOBY,M4,100,HPG,BONCAT,B,7.711323772
MOBY,M4,100,HPG,BONCAT,B,0.666067028
MOBY,M4,100,HPG,BONCAT,B,1.431917096
MOBY,M4,100,HPG,BONCAT,B,2.893860555
MOBY,M4,100,HPG,BONCAT,B,6.661287537
MOBY,M4,100,HPG,BONCAT,B,10.39503779
MOBY,M4,100,HPG,BONCAT,B,3.12359549
MOBY,M4,100,HPG,BONCAT,B,1.357058844
MOBY,M4,100,HPG,BONCAT,B,2.262900492
MOBY,M4,100,HPG,BONCAT,B,1.498471354
MOBY,M4,100,HPG,BONCAT,B,11.17119085
MOBY,M4,100,HPG,BONCAT,B,4.044777103
MOBY,M4,100,HPG,BONCAT,B,1.924130821
MOBY,M4,100,HPG,BONCAT,B,2.288793967
MOBY,M4,100,HPG,BONCAT,B,41.58445389
MOBY,M4,100,HPG,BONCAT,B,5.739744977
MOBY,M4,100,HPG,BONCAT,B,11.92533554
MOBY,M4,100,HPG,BONCAT,B,2.519353795
MOBY,M4,100,HPG,BONCAT,B,2.611009394
MOBY,M4,100,HPG,BONCAT,B,2.286352554
MOBY,M4,100,HPG,BONCAT,B,12.12945777
MOBY,M4,100,HPG,BONCAT,B,5.230480594
MOBY,M4,100,HPG,BONCAT,B,1.01630114
MOBY,M4,100,HPG,BONCAT,B,4.819275238
MOBY,M4,100,HPG,BONCAT,B,4.499437871
MOBY,M4,100,HPG,BONCAT,B,1.747275877
MOBY,M4,100,HPG,BONCAT,B,3.503871193
MOBY,M4,100,HPG,BONCAT,B,3.182086485
MOBY,M4,100,HPG,BONCAT,B,0.450903499
MOBY,M4,100,HPG,BONCAT,B,2.192878228
MOBY,M4,100,HPG,BONCAT,B,2.022134112
MOBY,M4,100,HPG,BONCAT,B,1.725218677
MOBY,M4,100,HPG,BONCAT,B,2.801409577
MOBY,M4,100,HPG,BONCAT,B,9.614416921
MOBY,M4,100,HPG,BONCAT,B,5.637259193
MOBY,M4,100,HPG,BONCAT,B,5.465656617
MOBY,M4,100,HPG,BONCAT,B,2.440594575
MOBY,M4,100,HPG,BONCAT,B,4.415043842
MOBY,M4,100,HPG,BONCAT,B,2.984420227
MOBY,M4,100,HPG,BONCAT,B,5.917781046
MOBY,M4,100,HPG,BONCAT,B,8.465148324
MOBY,M4,100,HPG,BONCAT,B,3.30572857
MOBY,M4,100,HPG,BONCAT,B,3.734394671
MOBY,M4,100,HPG,BONCAT,B,32.34182905
MOBY,M4,100,HPG,BONCAT,B,0.771209426
MOBY,M4,100,HPG,BONCAT,B,3.266508904
MOBY,M4,100,HPG,BONCAT,B,6.619864441
MOBY,M4,100,HPG,BONCAT,B,2.74992829
MOBY,M4,100,HPG,BONCAT,B,2.105051365
MOBY,M4,100,HPG,BONCAT,B,3.04004159
MOBY,M4,100,HPG,BONCAT,B,4.560764554
MOBY,M4,100,HPG,BONCAT,B,0.776420262
MOBY,M4,100,HPG,BONCAT,B,4.325197446
MOBY,M4,100,HPG,BONCAT,B,26.40155797
MOBY,M4,100,HPG,BONCAT,B,2.94213082
MOBY,M4,100,HPG,BONCAT,B,0.979830568
MOBY,M4,100,HPG,BONCAT,B,13.40766326
MOBY,M4,100,HPG,BONCAT,B,13.5885378
MOBY,M4,100,HPG,BONCAT,B,0.825923623
MOBY,M4,100,HPG,BONCAT,B,0.922679809
MOBY,M4,100,HPG,BONCAT,B,2.422024972
MOBY,M4,100,HPG,BONCAT,B,2.845639388
MOBY,M4,100,HPG,BONCAT,B,1.145802949
MOBY,M4,100,HPG,BONCAT,B,1.872271198
MOBY,M4,100,HPG,BONCAT,B,13.36509716
MOBY,M4,100,HPG,BONCAT,B,10.23664241
MOBY,M4,100,HPG,BONCAT,B,4.127946436
MOBY,M4,100,HPG,BONCAT,B,24.46471471
MOBY,M4,100,HPG,BONCAT,B,2.465879374
MOBY,M4,100,HPG,BONCAT,B,2.422024972
MOBY,M4,100,HPG,BONCAT,B,4.451080355
MOBY,M4,100,HPG,BONCAT,B,3.141688492
MOBY,M4,100,HPG,BONCAT,B,37.32793489
MOBY,M4,100,HPG,BONCAT,B,4.68340742
MOBY,M4,100,HPG,BONCAT,B,1.757747338
MOBY,M4,100,HPG,BONCAT,B,4.764059246
MOBY,M4,100,HPG,BONCAT,B,5.692739647
MOBY,M4,100,HPG,BONCAT,B,11.97850311
MOBY,M4,100,HPG,BONCAT,B,3.119669254
MOBY,M4,100,HPG,BONCAT,B,0.45217365
MOBY,M4,100,HPG,BONCAT,B,3.137025664
MOBY,M4,100,HPG,BONCAT,B,2.302763816
MOBY,M4,100,HPG,BONCAT,B,4.755790037
MOBY,M4,100,HPG,BONCAT,B,3.363706479
MOBY,M4,100,HPG,BONCAT,B,52.92777638
MOBY,M4,100,HPG,BONCAT,B,9.31475809
MOBY,M4,100,HPG,BONCAT,B,32.22821614
MOBY,M4,100,HPG,BONCAT,B,1.447171274
MOBY,M4,100,HPG,BONCAT,B,19.18464648
MOBY,M4,100,HPG,BONCAT,B,5.672662392
MOBY,M4,100,HPG,BONCAT,B,15.07696584
MOBY,M4,100,HPG,BONCAT,B,3.374581415
MOBY,M4,100,HPG,BONCAT,B,5.798156052
MOBY,M4,100,HPG,BONCAT,B,4.022577403
MOBY,M4,100,HPG,BONCAT,B,6.68491755
MOBY,M4,100,HPG,BONCAT,B,6.937889963
MOBY,M4,100,HPG,BONCAT,B,2.397802487
MOBY,M4,100,HPG,BONCAT,B,10.4756822
MOBY,M4,100,HPG,BONCAT,B,45.62302473
MOBY,M4,100,HPG,BONCAT,B,1.455694317
MOBY,M4,100,HPG,BONCAT,B,13.79574694
MOBY,M4,100,HPG,BONCAT,B,40.58972098
MOBY,M4,100,HPG,BONCAT,B,18.02093609
MOBY,M4,100,HPG,BONCAT,B,2.09965628
MOBY,M4,100,HPG,BONCAT,B,3.506539525
MOBY,M4,100,HPG,BONCAT,B,0.439060831
MOBY,M4,100,HPG,BONCAT,B,4.226370576
MOBY,M4,100,HPG,BONCAT,B,16.58578233
MOBY,M4,100,HPG,BONCAT,B,10.87074595
MOBY,M4,100,HPG,BONCAT,B,4.455594633
MOBY,M4,100,HPG,BONCAT,B,5.243199036
MOBY,M4,100,HPG,BONCAT,B,5.429533782
MOBY,M4,100,HPG,BONCAT,B,3.072922906
MOBY,M4,100,HPG,BONCAT,B,5.223713793
MOBY,M4,100,HPG,BONCAT,B,3.635552356
MOBY,M4,100,HPG,BONCAT,B,3.139692967
MOBY,M4,100,HPG,BONCAT,B,4.26438847
MOBY,M4,100,HPG,BONCAT,B,4.101637137
MOBY,M4,100,HPG,BONCAT,B,1.624115481
MOBY,M4,100,HPG,BONCAT,B,11.08188692
MOBY,M4,100,HPG,BONCAT,B,41.78091545
MOBY,M4,100,HPG,BONCAT,B,8.547083727
MOBY,M4,100,HPG,BONCAT,B,10.28128608
MOBY,M4,100,HPG,BONCAT,B,5.324221692
MOBY,M4,100,HPG,BONCAT,B,17.3618507
MOBY,M4,100,HPG,BONCAT,B,0.679445949
MOBY,M4,100,HPG,BONCAT,B,23.40180755
MOBY,M4,100,HPG,BONCAT,B,4.328673595
MOBY,M4,100,HPG,BONCAT,B,2.137006751
MOBY,M4,100,HPG,BONCAT,B,5.930977512
MOBY,M4,100,HPG,BONCAT,B,16.24374822
MOBY,M4,100,HPG,BONCAT,B,4.023072897
MOBY,M4,100,HPG,BONCAT,B,4.220759694
MOBY,M4,100,HPG,BONCAT,B,2.978518904
MOBY,M4,100,HPG,BONCAT,B,3.222118303
MOBY,M4,100,HPG,BONCAT,B,2.816436097
MOBY,M4,100,HPG,BONCAT,B,1.475987776
MOBY,M4,100,HPG,BONCAT,B,15.85461449
MOBY,M4,100,HPG,BONCAT,B,34.72748382
MOBY,M4,100,HPG,BONCAT,B,14.94440552
MOBY,M4,100,HPG,BONCAT,B,0.495358774
MOBY,M4,100,HPG,BONCAT,B,8.00401581
MOBY,M4,100,HPG,BONCAT,B,1.930520682
MOBY,M4,100,HPG,BONCAT,B,2.022392518
MOBY,M4,100,HPG,BONCAT,B,2.563076508
MOBY,M4,100,HPG,BONCAT,B,2.665518857
MOBY,M4,100,HPG,BONCAT,B,7.198738638
MOBY,M4,100,HPG,BONCAT,B,6.895557649
MOBY,M4,100,HPG,BONCAT,B,4.323869072
MOBY,M4,100,HPG,BONCAT,B,20.5571943
MOBY,M4,100,HPG,BONCAT,B,3.34874386
MOBY,M4,100,HPG,BONCAT,B,5.34889251
MOBY,M4,100,HPG,BONCAT,B,1.462762093
MOBY,M4,100,HPG,BONCAT,B,2.472241332
MOBY,M4,100,HPG,BONCAT,B,21.74349026
MOBY,M4,100,HPG,BONCAT,B,98.65062059
MOBY,M4,100,HPG,BONCAT,B,33.52947585
MOBY,M4,100,HPG,BONCAT,B,2.278054799
MOBY,M4,100,HPG,BONCAT,B,3.086816071
MOBY,M4,100,HPG,BONCAT,B,0.525842391
MOBY,M4,100,HPG,BONCAT,B,13.50364601
MOBY,M4,100,HPG,BONCAT,B,27.88177615
MOBY,M4,100,HPG,BONCAT,B,5.612095862
MOBY,M4,100,HPG,BONCAT,B,32.24410671
MOBY,M4,100,HPG,BONCAT,B,2.969744879
MOBY,M4,100,HPG,BONCAT,B,1.109842767
MOBY,M4,100,HPG,BONCAT,B,9.168337962
MOBY,M4,100,HPG,BONCAT,B,3.899580331
MOBY,M4,100,HPG,BONCAT,B,15.44198418
MOBY,M4,100,HPG,BONCAT,B,6.554755974
MOBY,M4,100,HPG,BONCAT,B,1.295428917
MOBY,M4,100,HPG,BONCAT,B,4.296967869
MOBY,M4,100,HPG,BONCAT,B,1.565922365
MOBY,M4,100,HPG,BONCAT,B,1.407558607
MOBY,M4,100,HPG,BONCAT,B,21.6322441
MOBY,M4,100,HPG,BONCAT,B,43.19295655
MOBY,M4,100,HPG,BONCAT,B,0.949782379
MOBY,M4,100,HPG,BONCAT,B,5.401059584
MOBY,M4,100,HPG,BONCAT,B,20.60966128
MOBY,M4,100,HPG,BONCAT,B,0.606217527
MOBY,M4,100,HPG,BONCAT,B,17.50072458
MOBY,M4,100,HPG,BONCAT,B,3.839866258
MOBY,M4,100,HPG,BONCAT,B,8.382325827
MOBY,M4,100,HPG,BONCAT,B,24.23562586
MOBY,M4,100,HPG,BONCAT,B,5.897604387
MOBY,M4,100,HPG,BONCAT,B,8.007966215
MOBY,M4,100,HPG,BONCAT,B,1.151052905
MOBY,M4,100,HPG,BONCAT,B,2.983509099
MOBY,M4,100,HPG,BONCAT,B,2.161545853
MOBY,M4,100,HPG,BONCAT,B,2.224365888
MOBY,M4,100,HPG,BONCAT,B,9.647768369
MOBY,M4,100,HPG,BONCAT,B,7.208127592
MOBY,M4,100,HPG,BONCAT,B,2.230587858
MOBY,M4,100,HPG,BONCAT,B,17.22574318
MOBY,M4,100,HPG,BONCAT,B,2.415363604
MOBY,M4,100,HPG,BONCAT,B,9.59285552
MOBY,M4,100,HPG,BONCAT,B,3.395805226
MOBY,M4,100,HPG,BONCAT,B,19.2914333
MOBY,M4,100,HPG,BONCAT,B,39.04756408
MOBY,M4,100,HPG,BONCAT,B,1.094615876
MOBY,M4,100,HPG,BONCAT,B,2.267162765
MOBY,M4,100,HPG,BONCAT,B,5.730205245
MOBY,M4,100,HPG,BONCAT,B,2.983393478
MOBY,M4,100,HPG,BONCAT,B,5.406696221
MOBY,M4,100,HPG,BONCAT,B,1.273725889
MOBY,M4,100,HPG,BONCAT,B,12.38301887
MOBY,M4,100,HPG,BONCAT,B,0.608791699
MOBY,M4,100,HPG,BONCAT,B,3.969241214
MOBY,M4,100,HPG,BONCAT,B,8.35923572
MOBY,M4,100,HPG,BONCAT,B,7.559489178
MOBY,M4,100,HPG,BONCAT,B,7.919358165
MOBY,M4,100,HPG,BONCAT,B,10.1821291
MOBY,M4,100,HPG,BONCAT,B,3.782883267
MOBY,M4,100,HPG,BONCAT,B,3.279446876
MOBY,M4,100,HPG,BONCAT,B,10.72241538
MOBY,M4,100,HPG,BONCAT,B,0.706316641
MOBY,M4,100,HPG,BONCAT,B,1.469374796
MOBY,M4,100,HPG,BONCAT,B,3.485414968
MOBY,M4,100,HPG,BONCAT,B,8.054700106
MOBY,M4,100,HPG,BONCAT,B,3.280999949
MOBY,M4,100,HPG,BONCAT,B,4.282162932
MOBY,M4,100,HPG,BONCAT,B,1.901310603
MOBY,M4,100,HPG,BONCAT,B,1.71131638
MOBY,M4,100,HPG,BONCAT,B,3.084685788
MOBY,M4,100,HPG,BONCAT,B,9.055504548
MOBY,M4,100,HPG,BONCAT,B,5.234150347
MOBY,M4,100,HPG,BONCAT,B,1.398893178
MOBY,M4,100,HPG,BONCAT,B,6.776600726
MOBY,M4,100,HPG,BONCAT,B,1.334472774
MOBY,M4,100,HPG,BONCAT,B,2.599215737
MOBY,M4,100,HPG,BONCAT,B,1.04277881
MOBY,M4,100,HPG,BONCAT,B,2.666590728
MOBY,M4,100,HPG,BONCAT,B,21.08130088
MOBY,M4,100,HPG,BONCAT,B,2.879279225
MOBY,M4,100,HPG,BONCAT,B,0.53869446
MOBY,M4,100,HPG,BONCAT,B,6.244102515
MOBY,M4,100,HPG,BONCAT,B,2.891298346
MOBY,M4,100,HPG,BONCAT,B,7.466715846
MOBY,M4,100,HPG,BONCAT,B,0.851799377
MOBY,M4,100,HPG,BONCAT,B,1.370182034
MOBY,M4,100,HPG,BONCAT,B,0.361061506
MOBY,M4,100,HPG,BONCAT,B,41.14400289
MOBY,M4,100,HPG,BONCAT,B,5.975762064
MOBY,M4,100,HPG,BONCAT,B,6.397461717
MOBY,M4,100,HPG,BONCAT,B,1.086300622
MOBY,M4,100,HPG,BONCAT,B,2.254161855
MOBY,M4,100,HPG,BONCAT,B,9.340947581
MOBY,M4,100,HPG,BONCAT,B,2.179187684
MOBY,M4,100,HPG,BONCAT,B,1.837605703
MOBY,M4,100,HPG,BONCAT,B,7.079732393
MOBY,M4,100,HPG,BONCAT,B,3.735394669
MOBY,M4,100,HPG,BONCAT,B,1.183299227
MOBY,M4,100,HPG,BONCAT,B,4.983078811
MOBY,M4,100,HPG,BONCAT,B,1.323131493
MOBY,M4,100,HPG,BONCAT,B,4.212984672
MOBY,M4,100,HPG,BONCAT,B,0.725614234
MOBY,M4,100,HPG,BONCAT,B,5.487588021
MOBY,M4,100,HPG,BONCAT,B,3.669632735
MOBY,M4,100,HPG,BONCAT,B,7.187470471
MOBY,M4,100,HPG,BONCAT,B,2.620018536
MOBY,M4,100,HPG,BONCAT,B,4.424144557
MOBY,M4,100,HPG,BONCAT,B,3.258359936
MOBY,M4,100,HPG,BONCAT,B,0.973130872
MOBY,M4,100,HPG,BONCAT,B,11.61003611
MOBY,M4,100,HPG,BONCAT,B,2.473562607
MOBY,M4,100,HPG,BONCAT,B,2.135426555
MOBY,M4,100,HPG,BONCAT,B,3.030071516
MOBY,M4,100,HPG,BONCAT,B,2.626874877
MOBY,M4,100,HPG,BONCAT,B,1.634187071
MOBY,M4,100,HPG,BONCAT,B,19.00728623
MOBY,M4,100,HPG,BONCAT,B,8.36250477
MOBY,M4,100,HPG,BONCAT,B,5.58316571
MOBY,M4,100,HPG,BONCAT,B,2.066845462
MOBY,M4,100,HPG,BONCAT,B,28.58830849
MOBY,M4,100,HPG,BONCAT,B,3.873094166
MOBY,M4,100,HPG,BONCAT,B,6.176629793
MOBY,M4,100,HPG,BONCAT,B,4.597211999
MOBY,M4,100,HPG,BONCAT,B,13.10964709
MOBY,M4,100,HPG,BONCAT,B,17.01377942
MOBY,M4,100,HPG,BONCAT,B,4.360737523
MOBY,M4,100,HPG,BONCAT,B,7.534173313
MOBY,M4,100,HPG,BONCAT,B,1.047733136
MOBY,M4,100,HPG,BONCAT,B,5.591792743
MOBY,M4,100,HPG,BONCAT,B,19.14758525
MOBY,M4,100,HPG,BONCAT,B,1.666211811
MOBY,M4,100,HPG,BONCAT,B,1.858973831
MOBY,M4,100,HPG,BONCAT,B,17.43389718
MOBY,M4,100,HPG,BONCAT,B,1.557430672
MOBY,M4,100,HPG,BONCAT,B,0.719112234
MOBY,M4,100,HPG,BONCAT,B,1.931768302
MOBY,M4,100,HPG,BONCAT,B,3.133018396
MOBY,M4,100,HPG,BONCAT,B,5.971488254
MOBY,M4,100,HPG,BONCAT,B,4.168856229
MOBY,M4,100,HPG,BONCAT,B,1.199261377
MOBY,M4,100,HPG,BONCAT,B,5.454219252
MOBY,M4,100,HPG,BONCAT,B,2.274147829
MOBY,M4,100,HPG,BONCAT,B,2.702880695
MOBY,M4,100,HPG,BONCAT,B,1.451143276
MOBY,M4,100,HPG,BONCAT,B,80.9362738
MOBY,M4,100,HPG,BONCAT,B,4.331903232
MOBY,M4,100,HPG,BONCAT,B,6.835855092
MOBY,M4,100,HPG,BONCAT,B,27.91414
MOBY,M4,100,HPG,BONCAT,B,5.684111767
MOBY,M4,100,HPG,BONCAT,B,9.760330852
MOBY,M4,100,HPG,BONCAT,B,0.865005144
MOBY,M4,100,HPG,BONCAT,B,17.493355
MOBY,M4,100,HPG,BONCAT,B,4.214222882
MOBY,M4,100,HPG,BONCAT,B,4.493858523
MOBY,M4,100,HPG,BONCAT,B,10.73508328
MOBY,M4,100,HPG,BONCAT,B,9.977830001
MOBY,M4,100,HPG,BONCAT,B,8.731369018
MOBY,M4,100,HPG,BONCAT,B,3.998896205
MOBY,M4,100,HPG,BONCAT,B,8.955720831
MOBY,M4,100,HPG,BONCAT,B,5.569207126
MOBY,M4,100,HPG,BONCAT,B,2.561470584
MOBY,M4,100,HPG,BONCAT,B,2.240861081
MOBY,M4,100,HPG,BONCAT,B,2.046946435
MOBY,M4,100,HPG,BONCAT,B,2.608346671
MOBY,M4,100,HPG,BONCAT,B,12.89822797
MOBY,M4,100,HPG,BONCAT,B,0.893664994
MOBY,M4,100,HPG,BONCAT,B,2.474175592
MOBY,M4,100,HPG,BONCAT,B,2.496608221
MOBY,M4,100,HPG,BONCAT,B,11.14573886
MOBY,M4,100,HPG,BONCAT,B,27.38289144
MOBY,M4,100,HPG,BONCAT,B,1.995579494
MOBY,M4,100,HPG,BONCAT,B,7.273723465
MOBY,M4,100,HPG,BONCAT,B,2.351368297
MOBY,M4,100,HPG,BONCAT,B,4.006418417
MOBY,M4,100,HPG,BONCAT,B,9.94486495
MOBY,M4,100,HPG,BONCAT,B,2.822043965
MOBY,M4,100,HPG,BONCAT,B,0.667314073
MOBY,M4,100,HPG,BONCAT,B,2.779343768
MOBY,M4,100,HPG,BONCAT,B,3.578876186
MOBY,M4,100,HPG,BONCAT,B,2.091756864
MOBY,M4,100,HPG,BONCAT,B,6.245882149
MOBY,M4,100,HPG,BONCAT,B,20.27290551
MOBY,M4,100,HPG,BONCAT,B,10.28591193
MOBY,M4,100,HPG,BONCAT,B,4.418943137
MOBY,M4,100,HPG,BONCAT,B,9.071612226
MOBY,M4,100,HPG,BONCAT,B,16.86801408
MOBY,M4,100,HPG,BONCAT,B,0.785170848
MOBY,M4,100,HPG,BONCAT,B,21.76583651
MOBY,M4,100,HPG,BONCAT,B,20.24883172
MOBY,M4,100,HPG,BONCAT,B,2.221608807
MOBY,M4,100,HPG,BONCAT,B,6.639303031
MOBY,M4,100,HPG,BONCAT,B,2.591107433
MOBY,M4,100,HPG,BONCAT,B,19.10865523
MOBY,M4,100,HPG,BONCAT,B,2.112953647
MOBY,M4,100,HPG,BONCAT,B,9.891899531
MOBY,M4,100,HPG,BONCAT,B,5.866962127
MOBY,M4,100,HPG,BONCAT,B,5.306450441
MOBY,M4,100,HPG,BONCAT,B,3.540062426
MOBY,M4,100,HPG,BONCAT,B,7.695658173
MOBY,M4,100,HPG,BONCAT,B,5.728293637
MOBY,M4,100,HPG,BONCAT,B,5.663267253
MOBY,M4,100,HPG,BONCAT,B,28.03687036
MOBY,M4,100,HPG,BONCAT,B,3.393436229
MOBY,M4,100,HPG,BONCAT,B,6.716585028
MOBY,M4,100,HPG,BONCAT,B,6.649562238
MOBY,M4,100,HPG,BONCAT,B,3.978350057
MOBY,M4,100,HPG,BONCAT,B,3.263618699
MOBY,M4,100,HPG,BONCAT,B,11.89535796
MOBY,M4,100,HPG,BONCAT,B,15.65475448
MOBY,M4,100,HPG,BONCAT,B,0.658261414
MOBY,M4,100,HPG,BONCAT,B,6.159032299
MOBY,M4,100,HPG,BONCAT,B,11.97182198
MOBY,M4,100,HPG,BONCAT,B,2.884726268
MOBY,M4,100,HPG,BONCAT,B,2.419360345
MOBY,M4,100,HPG,BONCAT,B,0.454713952
MOBY,M4,100,HPG,BONCAT,B,5.355446738
MOBY,M4,100,HPG,BONCAT,B,3.381310524
MOBY,M4,100,HPG,BONCAT,B,1.506406652
MOBY,M4,100,HPG,BONCAT,B,1.342408072
MOBY,M4,100,HPG,BONCAT,B,4.175390995
MOBY,M4,100,HPG,BONCAT,B,4.492591623
MOBY,M4,100,HPG,BONCAT,B,5.242343666
MOBY,M4,100,HPG,BONCAT,B,3.740562746
MOBY,M4,100,HPG,BONCAT,B,0.832437295
MOBY,M4,100,HPG,BONCAT,B,9.397746011
MOBY,M4,100,HPG,BONCAT,B,6.431145653
MOBY,M4,100,HPG,BONCAT,B,2.835357414
MOBY,M4,100,HPG,BONCAT,B,7.474428655
MOBY,M4,100,HPG,BONCAT,B,12.08994653
MOBY,M4,100,HPG,BONCAT,B,3.156798205
MOBY,M4,100,HPG,BONCAT,B,4.09240113
MOBY,M4,100,HPG,BONCAT,B,12.84287466
MOBY,M4,100,HPG,BONCAT,B,6.527575426
MOBY,M4,100,HPG,BONCAT,B,6.866882503
MOBY,M4,100,HPG,BONCAT,B,6.349219679
MOBY,M4,100,HPG,BONCAT,B,5.439401119
MOBY,M4,100,HPG,BONCAT,B,4.341459778
MOBY,M4,100,HPG,BONCAT,B,0.880541099
MOBY,M4,100,HPG,BONCAT,B,3.210476264
MOBY,M4,100,HPG,BONCAT,B,1.91193245
MOBY,M4,100,HPG,BONCAT,B,3.415354559
MOBY,M4,100,HPG,BONCAT,B,7.019604807
MOBY,M4,100,HPG,BONCAT,B,2.911218069
MOBY,M4,100,HPG,BONCAT,B,6.038495139
MOBY,M4,100,HPG,BONCAT,B,3.907262256
MOBY,M4,100,HPG,BONCAT,B,0.902360155
MOBY,M4,100,HPG,BONCAT,B,4.910270629
MOBY,M4,100,HPG,BONCAT,B,3.414682924
MOBY,M4,100,HPG,BONCAT,B,4.659447765
MOBY,M4,100,HPG,BONCAT,B,4.917039604
MOBY,M4,100,HPG,BONCAT,B,0.996179196
MOBY,M4,100,HPG,BONCAT,B,7.599531102
MOBY,M4,100,HPG,BONCAT,B,1.160364587
MOBY,M4,100,HPG,BONCAT,B,4.21224896
MOBY,M4,100,HPG,BONCAT,B,2.068899787
MOBY,M4,100,HPG,BONCAT,B,5.434110057
MOBY,M4,100,HPG,BONCAT,B,3.327915861
MOBY,M4,100,HPG,BONCAT,B,1.115127116
MOBY,M4,100,HPG,BONCAT,B,29.00222384
MOBY,M4,100,HPG,BONCAT,B,1.02023014
MOBY,M4,100,HPG,BONCAT,B,2.271392516
MOBY,M4,100,HPG,BONCAT,B,7.108838997
MOBY,M4,100,HPG,BONCAT,B,3.321320568
MOBY,M4,100,HPG,BONCAT,B,5.185238354
MOBY,M4,100,HPG,BONCAT,B,7.069804116
MOBY,M4,100,HPG,BONCAT,B,4.75132477
MOBY,M4,100,HPG,BONCAT,B,1.242927139
MOBY,M4,100,HPG,BONCAT,B,5.677089561
MOBY,M4,100,HPG,BONCAT,B,2.685987691
MOBY,M4,100,HPG,BONCAT,B,5.714222102
MOBY,M4,100,HPG,BONCAT,B,3.508286751
MOBY,M4,100,HPG,BONCAT,B,1.630210788
MOBY,M4,100,HPG,BONCAT,B,12.68971142
MOBY,M4,100,HPG,BONCAT,B,3.147154814
MOBY,M4,100,HPG,BONCAT,B,1.766740046
MOBY,M4,100,HPG,BONCAT,B,6.2335276
MOBY,M4,100,HPG,BONCAT,B,1.629067172
MOBY,M4,100,HPG,BONCAT,B,11.73803756
MOBY,M4,100,HPG,BONCAT,B,2.789426163
MOBY,M4,100,HPG,BONCAT,B,3.126341481
MOBY,M4,100,HPG,BONCAT,B,4.845805597
MOBY,M4,100,HPG,BONCAT,B,2.166143114
MOBY,M4,100,HPG,BONCAT,B,1.848897512
MOBY,M4,100,HPG,BONCAT,B,26.48922458
MOBY,M4,100,HPG,BONCAT,B,0.508060281
MOBY,M4,100,HPG,BONCAT,B,2.272722991
MOBY,M4,100,HPG,BONCAT,B,12.07333283
MOBY,M4,100,HPG,BONCAT,B,1.119047519
MOBY,M4,100,HPG,BONCAT,B,12.37274271
MOBY,M4,100,HPG,BONCAT,B,7.746871842
MOBY,M4,100,HPG,BONCAT,B,7.54177569
MOBY,M4,100,HPG,BONCAT,B,1.305338687
MOBY,M4,100,HPG,BONCAT,B,3.961550211
MOBY,M4,100,HPG,BONCAT,B,22.30969201
MOBY,M4,100,HPG,BONCAT,B,3.961811733
MOBY,M4,100,HPG,BONCAT,B,3.854318642
MOBY,M4,100,HPG,BONCAT,B,4.980006875
MOBY,M4,100,HPG,BONCAT,B,11.51589288
MOBY,M4,100,HPG,BONCAT,B,11.0711449
MOBY,M4,100,HPG,BONCAT,B,4.008360928
MOBY,M4,100,HPG,BONCAT,B,2.753994879
MOBY,M4,100,HPG,BONCAT,B,12.28888892
MOBY,M4,100,HPG,BONCAT,B,5.834789643
MOBY,M4,100,HPG,BONCAT,B,11.79860587
MOBY,M4,100,HPG,BONCAT,B,1.226306929
MOBY,M4,100,HPG,BONCAT,B,3.974924776
MOBY,M4,100,HPG,BONCAT,B,3.605928147
MOBY,M4,100,HPG,BONCAT,B,15.98006121
MOBY,M4,100,HPG,BONCAT,B,5.332277238
MOBY,M4,100,HPG,BONCAT,B,5.979039676
MOBY,M4,100,HPG,BONCAT,B,4.282162932
MOBY,M4,100,HPG,BONCAT,B,2.363406372
MOBY,M4,100,HPG,BONCAT,B,10.10186418
MOBY,M4,100,HPG,BONCAT,B,4.620407945
MOBY,M4,100,HPG,BONCAT,B,4.352450816
MOBY,M4,100,HPG,BONCAT,B,2.277841068
MOBY,M4,100,HPG,BONCAT,B,9.582652857
MOBY,M4,100,HPG,BONCAT,B,4.11669391
MOBY,M4,100,HPG,BONCAT,B,4.72672189
MOBY,M4,100,HPG,BONCAT,B,12.98931484
MOBY,M4,100,HPG,BONCAT,B,3.792532849
MOBY,M4,100,HPG,BONCAT,B,3.51237142
MOBY,M4,100,HPG,BONCAT,B,17.45643954
MOBY,M4,100,HPG,BONCAT,B,2.577974482
MOBY,M4,100,HPG,BONCAT,B,3.155711755
MOBY,M4,100,HPG,BONCAT,B,1.560632258
MOBY,M4,100,HPG,BONCAT,B,16.5942964
MOBY,M4,100,HPG,BONCAT,B,1.03292889
MOBY,M4,100,HPG,BONCAT,B,6.927543173
MOBY,M4,100,HPG,BONCAT,B,4.517433942
MOBY,M4,100,HPG,BONCAT,B,3.966736795
MOBY,M4,100,HPG,BONCAT,B,0.561406611
MOBY,M4,100,HPG,BONCAT,B,6.884785836
MOBY,M4,100,HPG,BONCAT,B,19.97848397
MOBY,M4,100,HPG,BONCAT,B,0.653839711
MOBY,M4,100,HPG,BONCAT,B,0.836345464
MOBY,M4,100,HPG,BONCAT,B,43.2789043
MOBY,M4,100,HPG,BONCAT,B,4.609038193
MOBY,M4,100,HPG,BONCAT,B,0.962054481
MOBY,M4,100,HPG,BONCAT,B,6.769485416
MOBY,M4,100,HPG,BONCAT,B,3.825117133
MOBY,M4,100,HPG,BONCAT,B,40.1144696
MOBY,M4,100,HPG,BONCAT,B,13.68573407
MOBY,M4,100,HPG,BONCAT,B,5.314840609
MOBY,M4,100,HPG,BONCAT,B,12.0647945
MOBY,M4,100,HPG,BONCAT,B,7.642688012
MOBY,M4,100,HPG,BONCAT,B,4.344135563
MOBY,M4,100,HPG,BONCAT,B,4.468575628
MOBY,M4,100,HPG,BONCAT,B,5.217086438
MOBY,M4,100,HPG,BONCAT,B,19.7126064
MOBY,M4,100,HPG,BONCAT,B,8.484713251
MOBY,M4,100,HPG,BONCAT,B,3.510826694
MOBY,M4,100,HPG,BONCAT,B,2.196877008
MOBY,M4,100,HPG,BONCAT,B,2.223489477
MOBY,M4,100,HPG,BONCAT,B,2.18756257
MOBY,M4,100,HPG,BONCAT,B,4.671592275
MOBY,M4,100,HPG,BONCAT,B,2.941601286
MOBY,M4,100,HPG,BONCAT,B,2.906104808
MOBY,M4,100,HPG,BONCAT,B,0.939330827
MOBY,M4,100,HPG,BONCAT,B,6.617447619
MOBY,M4,100,HPG,BONCAT,B,4.116478167
MOBY,M4,100,HPG,BONCAT,B,7.502911551
MOBY,M4,100,HPG,BONCAT,B,1.080178496
MOBY,M4,100,HPG,BONCAT,B,1.257172763
MOBY,M4,100,HPG,BONCAT,B,2.862998582
MOBY,M4,100,HPG,BONCAT,B,3.498789533
MOBY,M4,100,HPG,BONCAT,B,14.90899934
MOBY,M4,100,HPG,BONCAT,B,7.409016057
MOBY,M4,100,HPG,BONCAT,B,4.91973229
MOBY,M4,100,HPG,BONCAT,B,5.829206488
MOBY,M4,100,HPG,BONCAT,B,9.466748184
MOBY,M4,100,HPG,BONCAT,B,14.84447569
MOBY,M4,100,HPG,BONCAT,B,10.40537885
MOBY,M4,100,HPG,BONCAT,B,4.464125961
MOBY,M4,100,HPG,BONCAT,B,31.16092632
MOBY,M4,100,HPG,BONCAT,B,1.530241874
MOBY,M4,100,HPG,BONCAT,B,10.71895447
MOBY,M4,100,HPG,BONCAT,B,2.381949177
MOBY,M4,100,HPG,BONCAT,B,6.943348522
MOBY,M4,100,HPG,BONCAT,B,5.06973259
MOBY,M4,100,HPG,BONCAT,B,9.019240898
MOBY,M4,100,HPG,BONCAT,B,1.906621526
MOBY,M4,100,HPG,BONCAT,B,3.71666418
MOBY,M4,100,HPG,BONCAT,B,5.328429603
MOBY,M4,100,HPG,BONCAT,B,2.717863359
MOBY,M4,100,HPG,BONCAT,B,1.136142345
MOBY,M4,100,HPG,BONCAT,B,7.715758529
MOBY,M4,100,HPG,BONCAT,B,16.76610071
MOBY,M4,100,HPG,BONCAT,B,13.36466334
MOBY,M4,100,HPG,BONCAT,B,5.078713761
MOBY,M4,100,HPG,BONCAT,B,8.026653011
MOBY,M4,100,HPG,BONCAT,B,1.676824838
MOBY,M4,100,HPG,BONCAT,B,0.592059581
MOBY,M4,100,HPG,BONCAT,B,1.12883465
MOBY,M4,100,HPG,BONCAT,B,3.07882259
MOBY,M4,100,HPG,BONCAT,B,3.50168339
MOBY,M4,100,HPG,BONCAT,B,2.339969355
MOBY,M4,100,HPG,BONCAT,B,3.402585853
MOBY,M4,100,HPG,BONCAT,B,1.62243395
MOBY,M4,100,HPG,BONCAT,B,6.971870078
MOBY,M4,100,HPG,BONCAT,B,5.182261161
MOBY,M4,100,HPG,BONCAT,B,2.419256043
MOBY,M4,100,HPG,BONCAT,B,4.570141112
MOBY,M4,100,HPG,BONCAT,B,1.954419837
MOBY,M4,100,HPG,BONCAT,B,31.04442688
MOBY,M4,100,HPG,BONCAT,B,1.825734028
MOBY,M4,100,HPG,BONCAT,B,3.643695167
MOBY,M4,100,HPG,BONCAT,B,5.835488822
MOBY,M4,100,HPG,BONCAT,B,5.408263513
MOBY,M4,100,HPG,BONCAT,B,0.432770611
MOBY,M4,100,HPG,BONCAT,B,8.166485155
MOBY,M4,100,HPG,BONCAT,B,6.702331228
MOBY,M4,100,HPG,BONCAT,B,1.809789044
MOBY,M4,100,HPG,BONCAT,B,6.910901286
MOBY,M4,100,HPG,BONCAT,B,3.047439598
MOBY,M4,100,HPG,BONCAT,B,3.523102866
MOBY,M4,100,HPG,BONCAT,B,3.01918894
MOBY,M4,100,HPG,BONCAT,B,7.380269999
MOBY,M4,100,HPG,BONCAT,B,3.608461383
MOBY,M4,100,HPG,BONCAT,B,3.120760276
MOBY,M4,100,HPG,BONCAT,B,21.57432177
MOBY,M4,100,HPG,BONCAT,B,9.079646895
MOBY,M4,100,HPG,BONCAT,B,2.624639412
MOBY,M4,100,HPG,BONCAT,B,3.275144662
MOBY,M4,100,HPG,BONCAT,B,5.861208751
MOBY,M4,100,HPG,BONCAT,B,2.301776472
MOBY,M4,100,HPG,BONCAT,B,2.37242071
MOBY,M4,100,HPG,BONCAT,B,9.599534819
MOBY,M4,100,HPG,BONCAT,B,16.33338712
MOBY,M4,100,HPG,BONCAT,B,13.19602825
MOBY,M4,100,HPG,BONCAT,B,6.520681658
MOBY,M4,100,HPG,BONCAT,B,3.27190821
MOBY,M4,100,HPG,BONCAT,B,7.168798985
MOBY,M4,100,HPG,BONCAT,B,1.282946269
MOBY,M4,100,HPG,BONCAT,B,3.747435698
MOBY,M4,100,HPG,BONCAT,B,4.780288379
MOBY,M4,100,HPG,BONCAT,B,7.638050979
MOBY,M4,100,HPG,BONCAT,B,6.999201011
MOBY,M4,100,HPG,BONCAT,B,15.85865661
MOBY,M4,100,HPG,BONCAT,B,4.259593485
MOBY,M4,100,HPG,BONCAT,B,2.279474414
MOBY,M4,100,HPG,BONCAT,B,3.498019469
MOBY,M4,100,HPG,BONCAT,B,7.55140157
MOBY,M4,100,HPG,BONCAT,B,1.813673591
MOBY,M4,100,HPG,BONCAT,B,6.746610917
MOBY,M4,100,HPG,BONCAT,B,1.708158555
MOBY,M4,100,HPG,BONCAT,B,1.921471491
MOBY,M4,100,HPG,BONCAT,B,4.724096911
MOBY,M4,100,HPG,BONCAT,B,1.123538995
MOBY,M4,100,HPG,BONCAT,B,3.844521926
MOBY,M4,100,HPG,BONCAT,B,3.171148571
MOBY,M4,100,HPG,BONCAT,B,4.269043068
MOBY,M4,100,HPG,BONCAT,B,4.868871669
MOBY,M4,100,HPG,BONCAT,B,15.03115736
MOBY,M4,100,HPG,BONCAT,B,15.05700875
MOBY,M4,100,HPG,BONCAT,B,4.778771175
MOBY,M4,100,HPG,BONCAT,B,10.00400059
MOBY,M4,100,HPG,BONCAT,B,3.888828874
MOBY,M4,100,HPG,BONCAT,B,3.158328191
MOBY,M4,100,HPG,BONCAT,B,10.07619901
MOBY,M4,100,HPG,BONCAT,B,3.025616112
MOBY,M4,100,HPG,BONCAT,B,2.228352393
MOBY,M4,100,HPG,BONCAT,B,3.139602505
MOBY,M4,100,HPG,BONCAT,B,10.84211993
MOBY,M4,100,HPG,BONCAT,B,6.310743766
MOBY,M4,100,HPG,BONCAT,B,7.332049388
MOBY,M4,100,HPG,BONCAT,B,2.813392606
MOBY,M4,100,HPG,BONCAT,B,1.647648352
MOBY,M4,100,HPG,BONCAT,B,3.047731204
MOBY,M4,100,HPG,BONCAT,B,5.81259188
MOBY,M4,100,HPG,BONCAT,B,24.41875151
MOBY,M4,100,HPG,BONCAT,B,3.025096123
MOBY,M4,100,HPG,BONCAT,B,10.66393649
MOBY,M4,100,HPG,BONCAT,B,4.120636119
MOBY,M4,100,HPG,BONCAT,B,4.118031802
MOBY,M4,100,HPG,BONCAT,B,6.920283601
MOBY,M4,100,HPG,BONCAT,B,3.542925963
MOBY,M4,100,HPG,BONCAT,B,2.682016353
MOBY,M4,100,HPG,BONCAT,B,9.975725616
MOBY,M4,100,HPG,BONCAT,B,11.18178072
MOBY,M4,100,HPG,BONCAT,B,51.80166469
MOBY,M4,100,HPG,BONCAT,B,1.878171844
MOBY,M4,100,HPG,BONCAT,B,11.00418866
MOBY,M4,100,HPG,BONCAT,B,5.446106132
MOBY,M4,100,HPG,BONCAT,B,1.300676658
MOBY,M4,100,HPG,BONCAT,B,22.021288
MOBY,M4,100,HPG,BONCAT,B,2.725777279
MOBY,M4,100,HPG,BONCAT,B,3.217113021
MOBY,M4,100,HPG,BONCAT,B,6.254061987
MOBY,M4,100,HPG,BONCAT,B,41.26044807
MOBY,M4,100,HPG,BONCAT,B,11.07847906
MOBY,M4,100,HPG,BONCAT,B,17.95506189
MOBY,M4,100,HPG,BONCAT,B,11.33687229
MOBY,M4,100,HPG,BONCAT,B,3.03047304
MOBY,M4,100,HPG,BONCAT,B,6.282308567
MOBY,M4,100,HPG,BONCAT,B,11.97866087
MOBY,M4,100,HPG,BONCAT,B,3.833636992
MOBY,M4,100,HPG,BONCAT,B,16.07042515
MOBY,M4,100,HPG,BONCAT,B,44.15442548
MOBY,M4,100,HPG,BONCAT,B,18.35730724
MOBY,M4,100,HPG,BONCAT,B,14.25885913
MOBY,M4,100,HPG,BONCAT,B,2.995502756
MOBY,M4,100,HPG,BONCAT,B,5.32719942
MOBY,M4,100,HPG,BONCAT,B,0.791557918
MOBY,M4,100,HPG,BONCAT,B,23.76659423
MOBY,M4,100,HPG,BONCAT,B,3.9516635
MOBY,M4,100,HPG,BONCAT,B,22.02741379
MOBY,M4,100,HPG,BONCAT,B,42.35097426
MOBY,M4,100,HPG,BONCAT,B,24.21932627
MOBY,M4,100,HPG,BONCAT,B,7.412106615
MOBY,M4,100,HPG,BONCAT,B,9.075909265
MOBY,M4,100,HPG,BONCAT,B,4.875445671
MOBY,M4,100,HPG,BONCAT,B,1.942360695
MOBY,M4,100,HPG,BONCAT,B,9.392384146
MOBY,M4,100,HPG,BONCAT,B,8.312627476
MOBY,M4,100,HPG,BONCAT,B,4.68940852
MOBY,M4,100,HPG,BONCAT,B,5.50972435
MOBY,M4,100,HPG,BONCAT,B,0.900098108
MOBY,M4,100,HPG,BONCAT,B,2.390868866
MOBY,M4,100,HPG,BONCAT,B,1.248957253
MOBY,M4,100,HPG,BONCAT,B,28.22284345
MOBY,M4,100,HPG,BONCAT,B,4.856849676
MOBY,M4,100,HPG,BONCAT,B,6.739063444
MOBY,M4,100,HPG,BONCAT,B,1.236080831
MOBY,M4,100,HPG,BONCAT,B,20.2189535
MOBY,M4,100,HPG,BONCAT,B,7.425809068
MOBY,M4,100,HPG,BONCAT,B,6.116339716
MOBY,M4,100,HPG,BONCAT,B,2.589782006
MOBY,M4,100,HPG,BONCAT,B,5.032853856
MOBY,M4,100,HPG,BONCAT,B,3.93562546
MOBY,M4,100,HPG,BONCAT,B,29.35329959
MOBY,M4,100,HPG,BONCAT,B,3.474605525
MOBY,M4,100,HPG,BONCAT,B,2.332823135
MOBY,M4,100,HPG,BONCAT,B,6.265600646
MOBY,M4,100,HPG,BONCAT,B,1.699179226
MOBY,M4,100,HPG,BONCAT,B,3.946858435
MOBY,M4,100,HPG,BONCAT,B,3.482978711
MOBY,M4,100,HPG,BONCAT,B,2.571226628
MOBY,M4,100,HPG,BONCAT,B,2.051679714
MOBY,M4,100,HPG,BONCAT,B,7.183548991
MOBY,M4,100,HPG,BONCAT,B,5.030558873
MOBY,M4,100,HPG,BONCAT,B,8.876829231
MOBY,M4,100,HPG,BONCAT,B,5.774457485
MOBY,M4,100,HPG,BONCAT,B,1.958973616
MOBY,M4,100,HPG,BONCAT,B,1.17739012
MOBY,M4,100,HPG,BONCAT,B,6.553428921
MOBY,M4,100,HPG,BONCAT,B,3.879611814
MOBY,M4,100,HPG,BONCAT,B,10.88579496
MOBY,M4,100,HPG,BONCAT,B,11.41000133
MOBY,M4,100,HPG,BONCAT,B,9.755921735
MOBY,M4,100,HPG,BONCAT,B,5.029234848
MOBY,M4,100,HPG,BONCAT,B,3.826129263
MOBY,M4,100,HPG,BONCAT,B,15.09477782
MOBY,M4,100,HPG,BONCAT,B,4.262855605
MOBY,M4,100,HPG,BONCAT,B,2.284077867
MOBY,M4,100,HPG,BONCAT,B,6.305380479
MOBY,M4,100,HPG,BONCAT,B,4.347780753
MOBY,M4,100,HPG,BONCAT,B,9.395836856
MOBY,M4,100,HPG,BONCAT,B,3.24884898
MOBY,M4,100,HPG,BONCAT,B,9.666735885
MOBY,M4,100,HPG,BONCAT,B,1.020369755
MOBY,M4,100,HPG,BONCAT,B,4.145951205
MOBY,M4,100,HPG,BONCAT,B,5.18757155
MOBY,M4,100,HPG,BONCAT,B,3.17807392
MOBY,M4,100,HPG,BONCAT,B,3.668348047
MOBY,M4,100,HPG,BONCAT,B,21.09185695
MOBY,M4,100,HPG,BONCAT,B,6.508215803
MOBY,M4,100,HPG,BONCAT,B,4.077619942
MOBY,M4,100,HPG,BONCAT,B,3.606018169
MOBY,M4,100,HPG,BONCAT,B,4.390710295
MOBY,M4,100,HPG,BONCAT,B,0.606382017
MOBY,M4,100,HPG,BONCAT,B,1.447792578
MOBY,M4,100,HPG,BONCAT,B,4.670692196
MOBY,M4,100,HPG,BONCAT,B,8.265632713
MOBY,M4,100,HPG,BONCAT,B,1.867950328
MOBY,M4,100,HPG,BONCAT,B,7.763990385
MOBY,M4,100,HPG,BONCAT,B,7.557666562
MOBY,M4,100,HPG,BONCAT,B,6.523917392
MOBY,M4,100,HPG,BONCAT,B,2.748402896
MOBY,M4,100,HPG,BONCAT,B,7.586584338
MOBY,M4,100,HPG,BONCAT,B,1.012733494
MOBY,M4,100,HPG,BONCAT,B,1.684690363
MOBY,M4,100,HPG,BONCAT,B,4.514047856
MOBY,M4,100,HPG,BONCAT,B,28.27955924
MOBY,M4,100,HPG,BONCAT,B,1.973509356
MOBY,M4,100,HPG,BONCAT,B,4.110903798
MOBY,M4,100,HPG,BONCAT,B,3.553688847
MOBY,M4,100,HPG,BONCAT,B,3.209489482
MOBY,M4,100,HPG,BONCAT,B,16.24059195
MOBY,M4,100,HPG,BONCAT,B,7.924277171
MOBY,M4,100,HPG,BONCAT,B,5.288687366
MOBY,M4,100,HPG,BONCAT,B,6.230301566
MOBY,M4,100,HPG,BONCAT,B,29.28130474
MOBY,M4,100,HPG,BONCAT,B,6.966561187
MOBY,M4,100,HPG,BONCAT,B,6.655196105
MOBY,M4,100,HPG,BONCAT,B,3.037121544
MOBY,M4,100,HPG,BONCAT,B,33.93896972
MOBY,M4,100,HPG,BONCAT,B,23.27200479
MOBY,M4,100,HPG,BONCAT,B,22.19915557
MOBY,M4,100,HPG,BONCAT,B,57.52112479
MOBY,M4,100,HPG,BONCAT,B,13.50463808
MOBY,M4,100,HPG,BONCAT,B,3.696156144
MOBY,M4,100,HPG,BONCAT,B,7.01773505
MOBY,M4,100,HPG,BONCAT,B,11.26710992
MOBY,M4,100,HPG,BONCAT,B,2.32073086
MOBY,M4,100,HPG,BONCAT,B,4.332994315
MOBY,M4,100,HPG,BONCAT,B,5.69829742
MOBY,M4,100,HPG,BONCAT,B,69.6645299
MOBY,M4,100,HPG,BONCAT,B,6.005743663
MOBY,M4,100,HPG,BONCAT,B,8.500302844
MOBY,M4,100,HPG,BONCAT,B,13.10773536
MOBY,M4,100,HPG,BONCAT,B,15.49181982
MOBY,M4,100,HPG,BONCAT,B,5.034088673
MOBY,M4,100,HPG,BONCAT,B,2.620913637
MOBY,M4,100,HPG,BONCAT,B,18.09762001
MOBY,M4,100,HPG,BONCAT,B,3.730242091
MOBY,M4,100,HPG,BONCAT,B,1.129587358
MOBY,M4,100,HPG,BONCAT,B,9.26587612
MOBY,M4,100,HPG,BONCAT,B,42.28811705
MOBY,M4,100,HPG,BONCAT,B,4.050933974
MOBY,M4,100,HPG,BONCAT,B,1.721571645
MOBY,M4,100,HPG,BONCAT,B,5.198166293
MOBY,M4,100,HPG,BONCAT,B,9.862425531
MOBY,M4,100,HPG,BONCAT,B,14.83647957
MOBY,M4,100,HPG,BONCAT,B,5.909013118
MOBY,M4,100,HPG,BONCAT,B,8.888287209
MOBY,M4,100,HPG,BONCAT,B,25.4187165
MOBY,M4,100,HPG,BONCAT,B,9.462490368
MOBY,M4,100,HPG,BONCAT,B,1.688641785
MOBY,M4,100,HPG,BONCAT,B,2.086933421
MOBY,M4,100,HPG,BONCAT,B,6.228957401
MOBY,M4,100,HPG,BONCAT,B,3.349974274
MOBY,M4,100,HPG,BONCAT,B,7.764861539
MOBY,M4,100,HPG,BONCAT,B,9.075164719
MOBY,M4,100,HPG,BONCAT,B,1.231069182
MOBY,M4,100,HPG,BONCAT,B,15.9792685
MOBY,M4,100,HPG,BONCAT,B,2.493159596
MOBY,M4,100,HPG,BONCAT,B,4.638790406
MOBY,M4,100,HPG,BONCAT,B,17.9900331
MOBY,M4,100,HPG,BONCAT,B,2.138628947
MOBY,M4,100,HPG,BONCAT,B,11.8113468
MOBY,M4,100,HPG,BONCAT,B,29.85505993
MOBY,M4,100,HPG,BONCAT,B,2.874537329
MOBY,M4,100,HPG,BONCAT,B,15.70919476
MOBY,M4,100,HPG,BONCAT,B,1.008304224
MOBY,M4,100,HPG,BONCAT,B,12.59949157
MOBY,M4,100,HPG,BONCAT,B,5.623676371
MOBY,M4,100,HPG,BONCAT,B,1.647669325
MOBY,M4,100,HPG,BONCAT,B,39.44007811
MOBY,M4,100,HPG,BONCAT,B,6.211479843
MOBY,M4,100,HPG,BONCAT,B,5.17441648
MOBY,M4,100,HPG,BONCAT,B,13.72972789
MOBY,M4,100,HPG,BONCAT,B,7.352648388
MOBY,M4,100,HPG,BONCAT,B,9.054156833
MOBY,M4,100,HPG,BONCAT,B,12.66395243
MOBY,M4,100,HPG,BONCAT,B,4.511339149
MOBY,M4,100,HPG,BONCAT,B,4.597931995
MOBY,M4,100,HPG,BONCAT,B,21.05975913
MOBY,M4,100,HPG,BONCAT,B,5.401927791
MOBY,M4,100,HPG,BONCAT,B,14.52900846
MOBY,M4,100,HPG,BONCAT,B,11.50068074
MOBY,M4,100,HPG,BONCAT,B,11.24402617
MOBY,M4,100,HPG,BONCAT,B,9.256813205
MOBY,M4,100,HPG,BONCAT,B,8.475439051
MOBY,M4,100,HPG,BONCAT,B,13.26624042
MOBY,M4,100,HPG,BONCAT,B,8.41109911
MOBY,M4,100,HPG,BONCAT,B,3.917407807
MOBY,M4,100,HPG,BONCAT,B,2.245626442
MOBY,M4,100,HPG,BONCAT,B,8.771021342
MOBY,M4,100,HPG,BONCAT,B,9.099698341
MOBY,M4,100,HPG,BONCAT,B,13.97617134
MOBY,M4,100,HPG,BONCAT,B,5.503389475
MOBY,M4,100,HPG,BONCAT,B,2.340735327
MOBY,M4,100,HPG,BONCAT,B,3.033526326
MOBY,M4,100,HPG,BONCAT,B,11.32613413
MOBY,M4,100,HPG,BONCAT,B,0.817638346
MOBY,M4,100,HPG,BONCAT,B,13.70218256
MOBY,M4,100,HPG,BONCAT,B,4.825064341
MOBY,M4,100,HPG,BONCAT,B,1.044941359
MOBY,M4,100,HPG,BONCAT,B,11.0310895
MOBY,M4,100,HPG,BONCAT,B,6.547606008
MOBY,M4,100,HPG,BONCAT,B,6.090626649
MOBY,M4,100,HPG,BONCAT,B,35.44062852
MOBY,M4,100,HPG,BONCAT,B,2.799098425
MOBY,M4,100,HPG,BONCAT,B,19.3367556
MOBY,M4,100,HPG,BONCAT,B,6.95674851
MOBY,M4,100,HPG,BONCAT,B,3.565780946
MOBY,M4,100,HPG,BONCAT,B,10.62194212
MOBY,M4,100,HPG,BONCAT,B,6.729303538
MOBY,M4,100,HPG,BONCAT,B,11.59583705
MOBY,M4,100,HPG,BONCAT,B,15.64906109
MOBY,M4,100,HPG,BONCAT,B,9.884341423
MOBY,M4,100,HPG,BONCAT,B,10.13178046
MOBY,M4,100,HPG,BONCAT,B,8.339045662
MOBY,M4,100,HPG,BONCAT,B,7.479959013
MOBY,M4,100,HPG,BONCAT,B,9.694292736
MOBY,M4,100,HPG,BONCAT,B,7.745310566
MOBY,M4,100,HPG,BONCAT,B,9.183111542
MOBY,M4,100,HPG,BONCAT,B,9.286393491
MOBY,M4,100,HPG,BONCAT,B,6.27397646
MOBY,M4,100,HPG,BONCAT,B,1.765038945
MOBY,M4,100,HPG,BONCAT,B,9.236722266
MOBY,M4,100,HPG,BONCAT,B,8.754369497
MOBY,M4,100,HPG,BONCAT,B,9.220847957
MOBY,M4,100,HPG,BONCAT,B,179.5666052
MOBY,M4,100,HPG,BONCAT,B,3.012621339
MOBY,M4,100,HPG,BONCAT,B,22.60945185
MOBY,M4,100,HPG,BONCAT,B,4.889745854
MOBY,M4,100,HPG,BONCAT,B,8.151335814
MOBY,M4,100,HPG,BONCAT,B,5.392449263
MOBY,M4,100,HPG,BONCAT,B,8.941803502
MOBY,M4,100,HPG,BONCAT,B,9.482558214
MOBY,M4,100,HPG,BONCAT,B,1.149667784
MOBY,M4,100,HPG,BONCAT,B,0.790270832
MOBY,M4,100,HPG,BONCAT,B,22.28219491
MOBY,M4,100,HPG,BONCAT,B,3.180970365
MOBY,M4,100,HPG,BONCAT,B,24.04662608
MOBY,M4,100,HPG,BONCAT,B,6.745375111
MOBY,M4,100,HPG,BONCAT,B,15.72746935
MOBY,M4,100,HPG,BONCAT,B,9.28510085
MOBY,M4,100,HPG,BONCAT,B,5.487789823
MOBY,M4,100,HPG,BONCAT,B,2.620010603
MOBY,M4,100,HPG,BONCAT,B,6.664692429
MOBY,M4,100,HPG,BONCAT,B,12.39009995
MOBY,M4,100,HPG,BONCAT,B,6.02249055
MOBY,M4,100,HPG,BONCAT,B,5.887819031
MOBY,M4,100,HPG,BONCAT,B,0.879406133
MOBY,M4,100,HPG,BONCAT,B,8.840643823
MOBY,M4,100,HPG,BONCAT,B,3.772065038
MOBY,M4,100,HPG,BONCAT,B,0.959587231
MOBY,M4,100,HPG,BONCAT,B,1.296739191
MOBY,M4,100,HPG,BONCAT,B,6.341167229
MOBY,M4,100,HPG,BONCAT,B,11.06984867
MOBY,M4,100,HPG,BONCAT,B,2.076861925
MOBY,M4,100,HPG,BONCAT,B,1.184941657
MOBY,M4,100,HPG,BONCAT,B,3.986654994
MOBY,M4,100,HPG,BONCAT,B,64.0532122
MOBY,M4,100,HPG,BONCAT,B,2.715209625
MOBY,M4,100,HPG,BONCAT,B,2.563243016
MOBY,M4,100,HPG,BONCAT,B,12.86735552
MOBY,M4,100,HPG,BONCAT,B,0.977677334
MOBY,M4,100,HPG,BONCAT,B,26.60652757
MOBY,M4,100,HPG,BONCAT,B,13.8342111
MOBY,M4,100,HPG,BONCAT,B,20.5510845
MOBY,M4,100,HPG,BONCAT,B,7.480352753
MOBY,M4,100,HPG,BONCAT,B,2.640513606
MOBY,M4,100,HPG,BONCAT,B,3.46140492
MOBY,M4,100,HPG,BONCAT,B,10.83369291
MOBY,M4,100,HPG,BONCAT,B,4.592526234
MOBY,M4,100,HPG,BONCAT,B,0.897573163
MOBY,M4,100,HPG,BONCAT,B,11.9490602
MOBY,M4,100,HPG,BONCAT,B,2.973967198
MOBY,M4,100,HPG,BONCAT,B,3.336437515
MOBY,M4,100,HPG,BONCAT,B,7.528272633
MOBY,M4,100,HPG,BONCAT,B,4.395040717
MOBY,M4,100,HPG,BONCAT,B,2.889286021
MOBY,M4,100,HPG,BONCAT,B,3.403798593
MOBY,M4,100,HPG,BONCAT,B,0.854583473
MOBY,M4,100,HPG,BONCAT,B,4.198280167
MOBY,M4,100,HPG,BONCAT,B,8.889652144
MOBY,M4,100,HPG,BONCAT,B,5.435462486
MOBY,M4,100,HPG,BONCAT,B,6.244102515
MOBY,M4,100,HPG,BONCAT,B,3.705961044
MOBY,M4,100,HPG,BONCAT,B,2.417946488
MOBY,M4,100,HPG,BONCAT,B,4.480645765
MOBY,M4,100,HPG,BONCAT,B,2.820651114
MOBY,M4,100,HPG,BONCAT,B,53.0879121
MOBY,M4,100,HPG,BONCAT,B,2.776402796
MOBY,M4,100,HPG,BONCAT,B,1.568982628
MOBY,M4,100,HPG,BONCAT,B,10.77063152
MOBY,M4,100,HPG,BONCAT,B,23.05905376
MOBY,M4,100,HPG,BONCAT,B,9.18277121
MOBY,M4,100,HPG,BONCAT,B,8.539352763
MOBY,M4,100,HPG,BONCAT,B,6.219590639
MOBY,M4,100,HPG,BONCAT,B,18.32564045
MOBY,M4,100,HPG,BONCAT,B,4.574332677
MOBY,M4,100,HPG,BONCAT,B,9.967323315
MOBY,M4,100,HPG,BONCAT,B,2.172289058
MOBY,M4,100,HPG,BONCAT,B,8.9753283
MOBY,M4,100,HPG,BONCAT,B,7.064574753
MOBY,M4,100,HPG,BONCAT,B,8.209969628
MOBY,M4,100,HPG,BONCAT,B,3.000369398
MOBY,M4,100,HPG,BONCAT,B,4.313301635
MOBY,M4,100,HPG,BONCAT,B,17.17907615
MOBY,M4,100,HPG,BONCAT,B,0.764307373
MOBY,M4,100,HPG,BONCAT,B,4.673138465
MOBY,M4,100,HPG,BONCAT,B,5.098942588
MOBY,M4,100,HPG,BONCAT,B,2.322080715
MOBY,M4,100,HPG,BONCAT,B,0.733639046
MOBY,M4,100,HPG,BONCAT,B,1.016120562
MOBY,M4,100,HPG,BONCAT,B,3.433500745
MOBY,M4,100,HPG,BONCAT,B,9.313842362
MOBY,M4,100,HPG,BONCAT,B,3.228466644
MOBY,M4,100,HPG,BONCAT,B,2.236325058
MOBY,M4,100,HPG,BONCAT,B,4.646109658
MOBY,M4,100,HPG,BONCAT,B,5.63556091
MOBY,M4,100,HPG,BONCAT,B,13.83859674
MOBY,M4,100,HPG,BONCAT,B,9.413728029
MOBY,M4,100,HPG,BONCAT,B,1.309719514
MOBY,M4,100,HPG,BONCAT,B,8.829923819
MOBY,M4,100,HPG,BONCAT,B,1.009606891
MOBY,M4,100,HPG,BONCAT,B,3.744759914
MOBY,M4,100,HPG,BONCAT,B,9.389703214
MOBY,M4,100,HPG,BONCAT,B,4.147218517
MOBY,M4,100,HPG,BONCAT,B,2.278319004
MOBY,M4,100,HPG,BONCAT,B,11.39172762
MOBY,M4,100,HPG,BONCAT,B,7.516277669
MOBY,M4,100,HPG,BONCAT,B,1.217989847
MOBY,M4,100,HPG,BONCAT,B,43.06352407
MOBY,M4,100,HPG,BONCAT,B,1.800357331
MOBY,M4,100,HPG,BONCAT,B,1.397800848
MOBY,M4,100,HPG,BONCAT,B,8.148261304
MOBY,M4,100,HPG,BONCAT,B,2.429007766
MOBY,M4,100,HPG,BONCAT,B,1.46488718
MOBY,M4,100,HPG,BONCAT,B,7.520638113
MOBY,M4,100,HPG,BONCAT,B,5.347918877
MOBY,M4,100,HPG,BONCAT,B,2.103369564
MOBY,M4,100,HPG,BONCAT,B,4.179555463
MOBY,M4,100,HPG,BONCAT,B,3.76891818
MOBY,M4,100,HPG,BONCAT,B,3.909389735
MOBY,M4,100,HPG,BONCAT,B,5.358699767
MOBY,M4,100,HPG,BONCAT,B,8.946489308
MOBY,M4,100,HPG,BONCAT,B,3.334568978
MOBY,M4,100,HPG,BONCAT,B,8.68955962
MOBY,M4,100,HPG,BONCAT,B,6.627232263
MOBY,M4,100,HPG,BONCAT,B,24.60692492
MOBY,M4,100,HPG,BONCAT,B,20.64130192
MOBY,M4,100,HPG,BONCAT,B,10.29099253
MOBY,M4,100,HPG,BONCAT,B,3.80164573
MOBY,M4,100,HPG,BONCAT,B,1.935740304
MOBY,M4,100,HPG,BONCAT,B,5.437294999
MOBY,M4,100,HPG,BONCAT,B,12.26040686
MOBY,M4,100,HPG,BONCAT,B,5.093473671
MOBY,M4,100,HPG,BONCAT,B,1.237677183
MOBY,M4,100,HPG,BONCAT,B,3.678993841
MOBY,M4,100,HPG,BONCAT,B,22.45905042
MOBY,M4,100,HPG,BONCAT,B,11.20856816
MOBY,M4,100,HPG,BONCAT,B,5.660497599
MOBY,M4,100,HPG,BONCAT,B,1.321676483
MOBY,M4,100,HPG,BONCAT,B,1.315114038
MOBY,M4,100,HPG,BONCAT,B,6.570926517
MOBY,M4,100,HPG,BONCAT,B,4.793808777
MOBY,M4,100,HPG,BONCAT,B,3.713701518
MOBY,M4,100,HPG,BONCAT,B,20.66732422
MOBY,M4,100,HPG,BONCAT,B,83.8272777
MOBY,M4,100,HPG,BONCAT,B,3.87055883
MOBY,M4,100,HPG,BONCAT,B,7.306952647
MOBY,M4,100,HPG,BONCAT,B,59.80093705
MOBY,M4,100,HPG,BONCAT,B,6.565477401
MOBY,M4,100,HPG,BONCAT,B,12.98420938
MOBY,M4,100,HPG,BONCAT,B,4.001643321
MOBY,M4,100,HPG,BONCAT,B,31.81295049
MOBY,M4,100,HPG,BONCAT,B,8.620868326
MOBY,M4,100,HPG,BONCAT,B,3.427816228
MOBY,M4,100,HPG,BONCAT,B,5.202182469
MOBY,M4,100,HPG,BONCAT,B,9.098703762
MOBY,M4,100,HPG,BONCAT,B,6.619110276
MOBY,M4,100,HPG,BONCAT,B,4.394721431
MOBY,M4,100,HPG,BONCAT,B,2.287061793
MOBY,M4,100,HPG,BONCAT,B,10.22841515
MOBY,M4,100,HPG,BONCAT,B,1.182328906
MOBY,M4,100,HPG,BONCAT,B,6.395124111
MOBY,M4,100,HPG,BONCAT,B,7.934105292
MOBY,M4,100,HPG,BONCAT,B,4.116624983
MOBY,M4,100,HPG,BONCAT,B,24.11429476
MOBY,M4,100,HPG,BONCAT,B,4.518107339
MOBY,M4,100,HPG,BONCAT,B,0.606511112
MOBY,M4,100,HPG,BONCAT,B,3.489437573
MOBY,M4,100,HPG,BONCAT,B,5.920924761
MOBY,M4,100,HPG,BONCAT,B,8.296734334
MOBY,M4,100,HPG,BONCAT,B,1.845524541
MOBY,M4,100,HPG,BONCAT,B,3.848861465
MOBY,M4,100,HPG,BONCAT,B,11.53797796
MOBY,M4,100,HPG,BONCAT,B,4.027055141
MOBY,M4,100,HPG,BONCAT,B,1.524965336
MOBY,M4,100,HPG,BONCAT,B,1.504112462
MOBY,M4,100,HPG,BONCAT,B,1.526627086
MOBY,M4,100,HPG,BONCAT,B,6.04902584
MOBY,M4,100,HPG,BONCAT,B,8.038462093
MOBY,M4,100,HPG,BONCAT,B,2.972243099
MOBY,M4,100,HPG,BONCAT,B,1.247915607
MOBY,M4,100,HPG,BONCAT,B,24.75799847
MOBY,M4,100,HPG,BONCAT,B,4.598335057
MOBY,M4,100,HPG,BONCAT,B,10.32974459
MOBY,M4,100,HPG,BONCAT,B,9.51485709
MOBY,M4,100,HPG,BONCAT,B,5.016036275
MOBY,M4,100,HPG,BONCAT,B,1.615988372
MOBY,M4,100,HPG,BONCAT,B,5.067069772
MOBY,M4,100,HPG,BONCAT,B,7.327568906
MOBY,M4,100,HPG,BONCAT,B,13.59256842
MOBY,M4,100,HPG,BONCAT,B,10.40260267
MOBY,M4,100,HPG,BONCAT,B,28.45336056
MOBY,M4,100,HPG,BONCAT,B,18.02561073
MOBY,M4,100,HPG,BONCAT,B,7.22763223
MOBY,M4,100,HPG,BONCAT,B,2.2379771
MOBY,M4,100,HPG,BONCAT,B,2.197899409
MOBY,M4,100,HPG,BONCAT,B,6.957806698
MOBY,M4,100,HPG,BONCAT,B,9.218032761
MOBY,M4,100,HPG,BONCAT,B,4.835503015
MOBY,M4,100,HPG,BONCAT,B,12.74798594
MOBY,M4,100,HPG,BONCAT,B,2.693423011
MOBY,M4,100,HPG,BONCAT,B,3.80164573
MOBY,M4,100,HPG,BONCAT,B,8.349773727
MOBY,M4,100,HPG,BONCAT,B,5.210290278
MOBY,M4,100,HPG,BONCAT,B,5.254872364
MOBY,M4,100,HPG,BONCAT,B,6.595807922
MOBY,M4,100,HPG,BONCAT,B,4.00301131
MOBY,M4,100,HPG,BONCAT,B,4.330834815
MOBY,M4,100,HPG,BONCAT,B,5.243681829
MOBY,M4,100,HPG,BONCAT,B,4.044306118
MOBY,M4,100,HPG,BONCAT,B,4.09220008
MOBY,M4,100,HPG,BONCAT,B,2.404520602
MOBY,M4,100,HPG,BONCAT,B,6.53196168
MOBY,M4,100,HPG,BONCAT,B,9.679246497
MOBY,M4,100,HPG,BONCAT,B,3.371826732
MOBY,M4,100,HPG,BONCAT,B,8.459784291
MOBY,M4,100,HPG,BONCAT,B,6.789972168
MOBY,M4,100,HPG,BONCAT,B,11.17853503
MOBY,M4,100,HPG,BONCAT,B,26.52403707
MOBY,M4,100,HPG,BONCAT,B,0.698639376
MOBY,M4,100,HPG,BONCAT,B,6.717090379
MOBY,M4,100,HPG,BONCAT,B,4.063178227
MOBY,M4,100,HPG,BONCAT,B,7.254361281
MOBY,M4,100,HPG,BONCAT,B,8.515364392
MOBY,M4,100,HPG,BONCAT,B,26.26677723
MOBY,M4,100,HPG,BONCAT,B,13.06321208
MOBY,M4,100,HPG,BONCAT,B,4.295783804
MOBY,M4,100,HPG,BONCAT,B,48.9014777
MOBY,M4,100,HPG,BONCAT,B,19.59947987
MOBY,M4,100,HPG,BONCAT,B,22.41552768
MOBY,M4,100,HPG,BONCAT,B,12.2738985
MOBY,M4,100,HPG,BONCAT,B,4.893318805
MOBY,M4,100,HPG,BONCAT,B,0.797165372
MOBY,M4,100,HPG,BONCAT,B,11.8521225
MOBY,M4,100,HPG,BONCAT,B,9.39104368
MOBY,M4,100,HPG,BONCAT,B,10.86838489
MOBY,M4,100,HPG,BONCAT,B,5.009474371
MOBY,M4,100,HPG,BONCAT,B,6.196782594
MOBY,M4,100,HPG,BONCAT,B,4.838198661
MOBY,M4,100,HPG,BONCAT,B,3.336010968
MOBY,M4,100,HPG,BONCAT,B,2.769844361
MOBY,M4,100,HPG,BONCAT,B,4.176621707
MOBY,M4,100,HPG,BONCAT,B,0.813438381
MOBY,M4,100,HPG,BONCAT,B,3.008213767
MOBY,M4,100,HPG,BONCAT,B,7.370261144
MOBY,M4,100,HPG,BONCAT,B,4.850638978
MOBY,M4,100,HPG,BONCAT,B,9.865721894
MOBY,M4,100,HPG,BONCAT,B,8.758268893
MOBY,M4,100,HPG,BONCAT,B,3.16291729
MOBY,M4,100,HPG,BONCAT,B,5.239706968
MOBY,M4,100,HPG,BONCAT,B,3.964174214
MOBY,M4,100,HPG,BONCAT,B,0.739585207
MOBY,M4,100,HPG,BONCAT,B,3.820989441
MOBY,M4,100,HPG,BONCAT,B,6.167201495
MOBY,M4,100,HPG,BONCAT,B,7.160161418
MOBY,M4,100,HPG,BONCAT,B,1.501600307
MOBY,M4,100,HPG,BONCAT,B,9.262264692
MOBY,M4,100,HPG,BONCAT,B,5.942047672
MOBY,M4,100,HPG,BONCAT,B,3.011542206
MOBY,M4,100,HPG,BONCAT,B,4.966255377
MOBY,M4,100,HPG,BONCAT,B,5.651205861
MOBY,M4,100,HPG,BONCAT,B,1.671518325
MOBY,M4,100,HPG,BONCAT,B,39.78317826
MOBY,M4,100,HPG,BONCAT,B,14.71037934
MOBY,M4,100,HPG,BONCAT,B,0.623643995
MOBY,M4,100,HPG,BONCAT,B,3.708139172
MOBY,M4,100,HPG,BONCAT,B,3.573536439
MOBY,M4,100,HPG,BONCAT,B,1.069532093
MOBY,M4,100,HPG,BONCAT,B,5.764407782
MOBY,M4,100,HPG,BONCAT,B,10.37918069
MOBY,M4,100,HPG,BONCAT,B,1.3676136
MOBY,M4,100,HPG,BONCAT,B,5.609229372
MOBY,M4,100,HPG,BONCAT,B,5.254593026
MOBY,M4,100,HPG,BONCAT,B,2.241592593
MOBY,M4,100,HPG,BONCAT,B,4.516097771
MOBY,M4,100,HPG,BONCAT,B,2.433730681
MOBY,M4,100,HPG,BONCAT,B,4.080608122
MOBY,M4,100,HPG,BONCAT,B,12.24900381
MOBY,M4,100,HPG,BONCAT,B,5.897279906
MOBY,M4,100,HPG,BONCAT,B,8.200864714
MOBY,M4,100,HPG,BONCAT,B,12.9888143
MOBY,M4,100,HPG,BONCAT,B,2.417762211
MOBY,M4,100,HPG,BONCAT,B,7.376957717
MOBY,M4,100,HPG,BONCAT,B,2.882035452
MOBY,M4,100,HPG,BONCAT,B,12.31619411
MOBY,M4,100,HPG,BONCAT,B,0.547253528
MOBY,M4,100,HPG,BONCAT,B,6.325350499
MOBY,M4,100,HPG,BONCAT,B,6.409900719
MOBY,M4,100,HPG,BONCAT,B,7.983894116
MOBY,M4,100,HPG,BONCAT,B,7.962071843
MOBY,M4,100,HPG,BONCAT,B,2.441340204
MOBY,M4,100,HPG,BONCAT,B,3.01052681
MOBY,M4,100,HPG,BONCAT,B,6.356139494
MOBY,M4,100,HPG,BONCAT,B,8.635121923
MOBY,M4,100,HPG,BONCAT,B,4.354455324
MOBY,M4,100,HPG,BONCAT,B,7.885860701
MOBY,M4,100,HPG,BONCAT,B,7.23228281
MOBY,M4,100,HPG,BONCAT,B,4.874474829
MOBY,M4,100,HPG,BONCAT,B,6.0183567
MOBY,M4,100,HPG,BONCAT,B,6.352566272
MOBY,M4,100,HPG,BONCAT,B,9.115515951
MOBY,M4,100,HPG,BONCAT,B,9.551952319
MOBY,M4,100,HPG,BONCAT,B,7.422744245
MOBY,M4,100,HPG,BONCAT,B,0.582999173
MOBY,M4,100,HPG,BONCAT,B,1.434423527
MOBY,M4,100,HPG,BONCAT,B,4.49658955
MOBY,M4,100,HPG,BONCAT,B,10.19463375
MOBY,M4,100,HPG,BONCAT,B,1.922500104
MOBY,M4,100,HPG,BONCAT,B,1.580370488
MOBY,M4,100,HPG,BONCAT,B,7.624323258
MOBY,M4,100,HPG,BONCAT,B,4.306384584
MOBY,M4,100,HPG,BONCAT,B,3.35739427
MOBY,M4,100,HPG,BONCAT,B,6.287359377
MOBY,M4,100,HPG,BONCAT,B,4.712120224
MOBY,M4,100,HPG,BONCAT,B,8.977334664
MOBY,M4,100,HPG,BONCAT,B,7.000252832
MOBY,M4,100,HPG,BONCAT,B,2.9429334
MOBY,M4,100,HPG,BONCAT,B,7.387510603
MOBY,M4,100,HPG,BONCAT,B,6.236394834
MOBY,M4,100,HPG,BONCAT,B,0.509511857
MOBY,M4,100,HPG,BONCAT,B,1.571630435
MOBY,M4,100,HPG,BONCAT,B,3.172964927
MOBY,M4,100,HPG,BONCAT,B,0.630822724
MOBY,M4,100,HPG,BONCAT,B,5.2056714
MOBY,M4,100,HPG,BONCAT,B,4.06013519
MOBY,M4,100,HPG,BONCAT,B,3.708607929
MOBY,M4,100,HPG,BONCAT,B,1.758193409
MOBY,M4,100,HPG,BONCAT,B,3.522551282
MOBY,M4,100,HPG,BONCAT,B,13.42270896
MOBY,M4,100,HPG,BONCAT,B,2.436969707
MOBY,M4,100,HPG,BONCAT,B,1.55971443
MOBY,M4,100,HPG,BONCAT,B,11.9913065
MOBY,M4,100,HPG,BONCAT,B,9.909724656
MOBY,M4,100,HPG,BONCAT,B,4.600075536
MOBY,M4,100,HPG,BONCAT,B,2.976768534
MOBY,M4,100,HPG,BONCAT,B,2.012454893
MOBY,M4,100,HPG,BONCAT,B,6.600521841
MOBY,M4,100,HPG,BONCAT,B,14.97171349
MOBY,M4,100,HPG,BONCAT,B,3.836871243
MOBY,M4,100,HPG,BONCAT,B,4.268553128
MOBY,M4,100,HPG,BONCAT,B,1.799075326
MOBY,M4,100,HPG,BONCAT,B,1.38172074
MOBY,M4,100,HPG,BONCAT,B,3.203447087
MOBY,M4,100,HPG,BONCAT,B,6.930302482
MOBY,M4,100,HPG,BONCAT,B,21.27058585
MOBY,M4,100,HPG,BONCAT,B,1.009752873
MOBY,M4,100,HPG,BONCAT,B,1.860150946
MOBY,M4,100,HPG,BONCAT,B,2.218071027
MOBY,M4,100,HPG,BONCAT,B,10.4863642
MOBY,M4,100,HPG,BONCAT,B,1.66379253
MOBY,M4,100,HPG,BONCAT,B,5.513100993
MOBY,M4,100,HPG,BONCAT,B,3.180774897
MOBY,M4,100,HPG,BONCAT,B,1.603407614
MOBY,M4,100,HPG,BONCAT,B,1.157182097
MOBY,M4,100,HPG,BONCAT,B,2.306103215
MOBY,M4,100,HPG,BONCAT,B,6.399264952
MOBY,M4,100,HPG,BONCAT,B,6.097544662
MOBY,M4,100,HPG,BONCAT,B,2.507326681
MOBY,M4,100,HPG,BONCAT,B,3.998998576
MOBY,M4,100,HPG,BONCAT,B,3.002174468
MOBY,M4,100,HPG,BONCAT,B,6.724115024
MOBY,M4,100,HPG,BONCAT,B,15.21803812
MOBY,M4,100,HPG,BONCAT,B,2.340125655
MOBY,M4,100,HPG,BONCAT,B,1.44598366
MOBY,M4,100,HPG,BONCAT,B,0.927243884
MOBY,M4,100,HPG,BONCAT,B,7.697542467
MOBY,M4,100,HPG,BONCAT,B,9.999312619
MOBY,M4,100,HPG,BONCAT,B,1.916491579
MOBY,M4,100,HPG,BONCAT,B,4.971764552
MOBY,M4,100,HPG,BONCAT,B,17.9849212
MOBY,M4,100,HPG,BONCAT,B,3.231673968
MOBY,M4,100,HPG,BONCAT,B,1.784542329
MOBY,M4,100,HPG,BONCAT,B,16.20020339
MOBY,M4,100,HPG,BONCAT,B,5.550682964
MOBY,M4,100,HPG,BONCAT,B,22.33107248
MOBY,M4,100,HPG,BONCAT,B,4.75198747
MOBY,M4,100,HPG,BONCAT,B,2.511151955
MOBY,M4,100,HPG,BONCAT,B,22.01798012
MOBY,M4,100,HPG,BONCAT,B,4.785779027
MOBY,M4,100,HPG,BONCAT,B,7.772577145
MOBY,M4,100,HPG,BONCAT,B,8.428201232
MOBY,M4,100,HPG,BONCAT,B,0.505425907
MOBY,M4,100,HPG,BONCAT,B,4.104592084
MOBY,M4,100,HPG,BONCAT,B,0.780531154
MOBY,M4,100,HPG,BONCAT,B,17.04931566
MOBY,M4,100,HPG,BONCAT,B,11.11618377
MOBY,M4,100,HPG,BONCAT,B,5.19075028
MOBY,M4,100,HPG,BONCAT,B,3.27190821
MOBY,M4,100,HPG,BONCAT,B,1.882778921
MOBY,M4,100,HPG,BONCAT,B,2.895372034
MOBY,M4,100,HPG,BONCAT,B,2.866529452
MOBY,M4,100,HPG,BONCAT,B,6.458224521
MOBY,M4,100,HPG,BONCAT,B,4.098565635
MOBY,M4,100,HPG,BONCAT,B,4.707385169
MOBY,M4,100,HPG,BONCAT,B,5.080602811
MOBY,M4,100,HPG,BONCAT,B,8.974825727
MOBY,M4,100,HPG,BONCAT,B,0.387480641
MOBY,M4,100,HPG,BONCAT,B,3.167563033
MOBY,M4,100,HPG,BONCAT,B,11.3239179
MOBY,M4,100,HPG,BONCAT,B,2.204033241
MOBY,M4,100,HPG,BONCAT,B,4.676166369
MOBY,M4,100,HPG,BONCAT,B,0.499169226
MOBY,M4,100,HPG,BONCAT,B,2.872699844
MOBY,M4,100,HPG,BONCAT,B,4.725434803
MOBY,M4,100,HPG,BONCAT,B,5.279251942
MOBY,M4,100,HPG,BONCAT,B,2.80231551
MOBY,M4,100,HPG,BONCAT,B,5.455386111
MOBY,M4,100,HPG,BONCAT,B,7.174591678
MOBY,M4,100,HPG,BONCAT,B,30.16961698
MOBY,M4,100,HPG,BONCAT,B,10.09196534
MOBY,M4,100,HPG,BONCAT,B,14.17327298
MOBY,M4,100,HPG,BONCAT,B,38.96952114
MOBY,M4,100,HPG,BONCAT,B,2.176150892
MOBY,M4,100,HPG,BONCAT,B,3.31973775
MOBY,M4,100,HPG,BONCAT,B,3.961993646
MOBY,M4,100,HPG,BONCAT,B,12.10125758
MOBY,M4,100,HPG,BONCAT,B,24.86498939
MOBY,M4,100,HPG,BONCAT,B,1.382085399
MOBY,M4,100,HPG,BONCAT,B,8.162566757
MOBY,M4,100,HPG,BONCAT,B,24.73256978
MOBY,M4,100,HPG,BONCAT,B,17.41358933
MOBY,M4,100,HPG,BONCAT,B,4.894314041
MOBY,M4,100,HPG,BONCAT,B,16.33608492
MOBY,M4,100,HPG,BONCAT,B,0.44031891
MOBY,M4,100,HPG,BONCAT,B,4.810484095
MOBY,M4,100,HPG,BONCAT,B,5.20753737
MOBY,M4,100,HPG,BONCAT,B,6.329088908
MOBY,M4,100,HPG,BONCAT,B,1.259236789
MOBY,M4,100,HPG,BONCAT,B,2.568572271
MOBY,M4,100,HPG,BONCAT,B,37.12279837
MOBY,M4,100,HPG,BONCAT,B,19.54829002
MOBY,M4,100,HPG,BONCAT,B,1.268118462
MOBY,M4,100,HPG,BONCAT,B,13.83765426
MOBY,M4,100,HPG,BONCAT,B,1.759017503
MOBY,M4,100,HPG,BONCAT,B,36.89903731
MOBY,M4,100,HPG,BONCAT,B,9.729265235
MOBY,M4,100,HPG,BONCAT,B,3.297191938
MOBY,M4,100,HPG,BONCAT,B,3.756053721
MOBY,M4,100,HPG,BONCAT,B,31.40497856
MOBY,M4,100,HPG,BONCAT,B,4.688861407
MOBY,M4,100,HPG,BONCAT,B,30.84773574
MOBY,M4,100,HPG,BONCAT,B,13.0047573
MOBY,M4,100,HPG,BONCAT,B,0.548705104
MOBY,M4,100,HPG,BONCAT,B,0.743615541
MOBY,M4,100,HPG,BONCAT,B,7.557253205
MOBY,M4,100,HPG,BONCAT,B,36.11670996
MOBY,M4,100,HPG,BONCAT,B,11.90073567
MOBY,M4,100,HPG,BONCAT,B,2.287360072
MOBY,M4,100,HPG,BONCAT,B,9.565697056
MOBY,M4,100,HPG,BONCAT,B,4.975858935
MOBY,M4,100,HPG,BONCAT,B,20.73497922
MOBY,M4,100,HPG,BONCAT,B,3.106250007
MOBY,M4,100,HPG,BONCAT,B,1.007133606
MOBY,M4,100,HPG,BONCAT,B,1.787448549
MOBY,M4,100,HPG,BONCAT,B,16.46921907
MOBY,M4,100,HPG,BONCAT,B,7.252724555
MOBY,M4,100,HPG,BONCAT,B,1.712727751
MOBY,M4,100,HPG,BONCAT,B,3.675334208
MOBY,M4,100,HPG,BONCAT,B,14.59890841
MOBY,M4,100,HPG,BONCAT,B,2.304771853
MOBY,M4,100,HPG,BONCAT,B,3.40534059
MOBY,M4,100,HPG,BONCAT,B,29.05210588
MOBY,M4,100,HPG,BONCAT,B,4.385079375
MOBY,M4,100,HPG,BONCAT,B,7.06566207
MOBY,M4,100,HPG,BONCAT,B,5.621483068
MOBY,M4,100,HPG,BONCAT,B,7.757958557
MOBY,M4,100,HPG,BONCAT,B,8.519392362
MOBY,M4,100,HPG,BONCAT,B,1.393047877
MOBY,M4,100,HPG,BONCAT,B,2.127686446
MOBY,M4,100,HPG,BONCAT,B,3.568631503
MOBY,M4,100,HPG,BONCAT,B,16.56835044
MOBY,M4,100,HPG,BONCAT,B,8.833966556
MOBY,M4,100,HPG,BONCAT,B,9.969213773
MOBY,M4,100,HPG,BONCAT,B,9.292490959
MOBY,M4,100,HPG,BONCAT,B,3.163721149
MOBY,M4,100,HPG,BONCAT,B,5.368442107
MOBY,M4,100,HPG,BONCAT,B,2.097079134
MOBY,M4,100,HPG,BONCAT,B,40.25454765
MOBY,M4,100,HPG,BONCAT,B,1.635775891
MOBY,M4,100,HPG,BONCAT,B,6.961845032
MOBY,M4,100,HPG,BONCAT,B,11.49240099
MOBY,M4,100,HPG,BONCAT,B,5.724539411
MOBY,M4,100,HPG,BONCAT,B,30.21692871
MOBY,M4,100,HPG,BONCAT,B,6.417830551
MOBY,M4,100,HPG,BONCAT,B,0.455415596
MOBY,M4,100,HPG,BONCAT,B,10.48785099
MOBY,M4,100,HPG,BONCAT,B,17.23884904
MOBY,M4,100,HPG,BONCAT,B,4.92334155
MOBY,M4,100,HPG,BONCAT,B,8.054974188
MOBY,M4,100,HPG,BONCAT,B,1.591051134
MOBY,M4,100,HPG,BONCAT,B,20.856093
MOBY,M4,100,HPG,BONCAT,B,1.94247026
MOBY,M4,100,HPG,BONCAT,B,4.242416597
MOBY,M4,100,HPG,BONCAT,B,9.707518561
MOBY,M4,100,HPG,BONCAT,B,7.519446339
MOBY,M4,100,HPG,BONCAT,B,1.182628852
MOBY,M4,100,HPG,BONCAT,B,8.292670258
MOBY,M4,100,HPG,BONCAT,B,21.26673455
MOBY,M4,100,HPG,BONCAT,B,4.938459209
MOBY,M4,100,HPG,BONCAT,B,1.818413895
MOBY,M4,100,HPG,BONCAT,B,1.924444145
MOBY,M4,100,HPG,BONCAT,B,0.529652843
MOBY,M4,100,HPG,BONCAT,B,7.264160348
MOBY,M4,100,HPG,BONCAT,B,4.08453742
MOBY,M4,100,HPG,BONCAT,B,2.102663712
MOBY,M4,100,HPG,BONCAT,B,8.67248515
MOBY,M4,100,HPG,BONCAT,B,3.256429307
MOBY,M4,100,HPG,BONCAT,B,22.57541614
MOBY,M4,100,HPG,BONCAT,B,7.740150198
MOBY,M4,100,HPG,BONCAT,B,3.646956264
MOBY,M4,100,HPG,BONCAT,B,7.171406892
MOBY,M4,100,HPG,BONCAT,B,4.167518824
MOBY,M4,100,HPG,BONCAT,B,4.666232273
MOBY,M4,100,HPG,BONCAT,B,2.092395462
MOBY,M4,100,HPG,BONCAT,B,6.070756276
MOBY,M4,100,HPG,BONCAT,B,5.048267395
MOBY,M4,100,HPG,BONCAT,B,2.899938074
MOBY,M4,100,HPG,BONCAT,B,22.11863256
MOBY,M4,100,HPG,BONCAT,B,4.531440453
MOBY,M4,100,HPG,BONCAT,B,5.650985153
MOBY,M4,100,HPG,BONCAT,B,6.211193209
MOBY,M4,100,HPG,BONCAT,B,19.74221758
MOBY,M4,100,HPG,BONCAT,B,26.11306142
MOBY,M4,100,HPG,BONCAT,B,12.64830925
MOBY,M4,100,HPG,BONCAT,B,14.30625221
MOBY,M4,100,HPG,BONCAT,B,1.976636643
MOBY,M4,100,HPG,BONCAT,B,2.966804802
MOBY,M4,100,HPG,BONCAT,B,7.791934716
MOBY,M4,100,HPG,BONCAT,B,10.83217035
MOBY,M4,100,HPG,BONCAT,B,16.31763644
MOBY,M4,100,HPG,BONCAT,B,1.048678758
MOBY,M4,100,HPG,BONCAT,B,3.481402755
MOBY,M4,100,HPG,BONCAT,B,20.70593301
MOBY,M4,100,HPG,BONCAT,B,16.41351568
MOBY,M4,100,HPG,BONCAT,B,7.221357367
MOBY,M4,100,HPG,BONCAT,B,97.23310985
MOBY,M4,100,HPG,BONCAT,B,2.133663505
MOBY,M4,100,HPG,BONCAT,B,26.12752258
MOBY,M4,100,HPG,BONCAT,B,1.173365219
MOBY,M4,100,HPG,BONCAT,B,10.21866792
MOBY,M4,100,HPG,BONCAT,B,3.45845101
MOBY,M4,100,HPG,BONCAT,B,5.364837995
MOBY,M4,100,HPG,BONCAT,B,3.74893558
MOBY,M4,100,HPG,BONCAT,B,62.02547926
MOBY,M4,100,HPG,BONCAT,B,6.336004923
MOBY,M4,100,HPG,BONCAT,B,2.936272431
MOBY,M4,100,HPG,BONCAT,B,4.724217058
MOBY,M4,100,HPG,BONCAT,B,41.46165356
MOBY,M4,100,HPG,BONCAT,B,16.64909172
MOBY,M4,100,HPG,BONCAT,B,12.87892168
MOBY,M4,100,HPG,BONCAT,B,13.13922562
MOBY,M4,100,HPG,BONCAT,B,1.576660442
MOBY,M4,100,HPG,BONCAT,B,2.688614125
MOBY,M4,100,HPG,BONCAT,B,6.930499515
MOBY,M4,100,HPG,BONCAT,B,12.82697312
MOBY,M4,100,HPG,BONCAT,B,3.273243616
MOBY,M4,100,HPG,BONCAT,B,87.04048151
MOBY,M4,100,HPG,BONCAT,B,4.796343083
MOBY,M4,100,HPG,BONCAT,B,13.4958481
MOBY,M4,100,HPG,BONCAT,B,19.66925179
MOBY,M4,100,HPG,BONCAT,B,1.412835395
MOBY,M4,100,HPG,BONCAT,B,71.25902669
MOBY,M4,100,HPG,BONCAT,B,1.172433775
MOBY,M4,100,HPG,BONCAT,B,2.846026679
MOBY,M4,100,HPG,BONCAT,B,6.152519942
MOBY,M4,100,HPG,BONCAT,B,3.427816228
MOBY,M4,100,HPG,BONCAT,B,3.550833304
MOBY,M4,100,HPG,BONCAT,B,10.18886158
MOBY,M4,100,HPG,BONCAT,B,10.73347898
MOBY,M4,100,HPG,BONCAT,B,9.984781215
MOBY,M4,100,HPG,BONCAT,B,7.026855477
MOBY,M4,100,HPG,BONCAT,B,2.90322015
MOBY,M4,100,HPG,BONCAT,B,6.186938133
MOBY,M4,100,HPG,BONCAT,B,8.76106546
MOBY,M4,100,HPG,BONCAT,B,3.206114404
MOBY,M4,100,HPG,BONCAT,B,11.85884786
MOBY,M4,100,HPG,BONCAT,B,3.144968461
MOBY,M4,100,HPG,BONCAT,B,7.578227152
MOBY,M4,100,HPG,BONCAT,B,6.942495116
MOBY,M4,100,HPG,BONCAT,B,11.43417423
MOBY,M4,100,HPG,BONCAT,B,31.70701586
MOBY,M4,100,HPG,BONCAT,B,0.73068311
MOBY,M4,100,HPG,BONCAT,B,4.041681682
MOBY,M4,100,HPG,BONCAT,B,3.209107868
MOBY,M4,100,HPG,BONCAT,B,5.926475624
MOBY,M4,100,HPG,BONCAT,B,19.74399335
MOBY,M4,100,HPG,BONCAT,B,4.023041465
MOBY,M4,100,HPG,BONCAT,B,0.775130635
MOBY,M4,100,HPG,BONCAT,B,3.388825582
MOBY,M4,100,HPG,BONCAT,B,3.008251851
MOBY,M4,100,HPG,BONCAT,B,4.000737619
MOBY,M4,100,HPG,BONCAT,B,2.656816563
MOBY,M4,100,HPG,BONCAT,B,3.510826694
MOBY,M4,100,HPG,BONCAT,B,2.519280411
MOBY,M4,100,HPG,BONCAT,B,0.992894871
MOBY,M4,100,HPG,BONCAT,B,5.706205215
MOBY,M4,100,HPG,BONCAT,B,8.313988942
MOBY,M4,100,HPG,BONCAT,B,3.055179781
MOBY,M4,100,HPG,BONCAT,B,21.71836004
MOBY,M4,100,HPG,BONCAT,B,13.42629736
MOBY,M4,100,HPG,BONCAT,B,6.427324857
MOBY,M4,100,HPG,BONCAT,B,10.12841948
MOBY,M4,100,HPG,BONCAT,B,2.704053115
MOBY,M4,100,HPG,BONCAT,B,0.412641696
MOBY,M4,100,HPG,BONCAT,B,10.95805312
MOBY,M4,100,HPG,BONCAT,B,2.027850427
MOBY,M4,100,HPG,BONCAT,B,1.839620128
MOBY,M4,100,HPG,BONCAT,B,2.460660267
MOBY,M4,100,HPG,BONCAT,B,4.379772679
MOBY,M4,100,HPG,BONCAT,B,6.89151628
MOBY,M4,100,HPG,BONCAT,B,1.052616226
MOBY,M4,100,HPG,BONCAT,B,4.311630428
MOBY,M4,100,HPG,BONCAT,B,7.43318907
MOBY,M4,100,HPG,BONCAT,B,4.956549684
MOBY,M4,100,HPG,BONCAT,B,1.435261433
MOBY,M4,100,HPG,BONCAT,B,0.958927464
MOBY,M4,100,HPG,BONCAT,B,3.150281898
MOBY,M4,100,HPG,BONCAT,B,12.41923097
MOBY,M4,100,HPG,BONCAT,B,4.721496781
MOBY,M4,100,HPG,BONCAT,B,46.7678522
MOBY,M4,100,HPG,BONCAT,B,2.501963224
MOBY,M4,100,HPG,BONCAT,B,10.54102437
MOBY,M4,100,HPG,BONCAT,B,2.242537436
MOBY,M4,100,HPG,BONCAT,B,10.02740287
MOBY,M4,100,HPG,BONCAT,B,2.735102874
MOBY,M4,100,HPG,BONCAT,B,3.064886449
MOBY,M4,100,HPG,BONCAT,B,0.367351814
MOBY,M4,100,HPG,BONCAT,B,7.792831815
MOBY,M4,100,HPG,BONCAT,B,2.929983641
MOBY,M4,100,HPG,BONCAT,B,1.228151053
MOBY,M4,100,HPG,BONCAT,B,15.54052288
MOBY,M4,100,HPG,BONCAT,B,20.50732344
MOBY,M4,100,HPG,BONCAT,B,14.86643988
MOBY,M4,100,HPG,BONCAT,B,10.47517299
MOBY,M4,100,HPG,BONCAT,B,3.1462597
MOBY,M4,100,HPG,BONCAT,B,0.565030774
MOBY,M4,100,HPG,BONCAT,B,4.08974831
MOBY,M4,100,HPG,BONCAT,B,21.41929801
MOBY,M4,100,HPG,BONCAT,B,3.893129652
MOBY,M4,100,HPG,BONCAT,B,1.524384067
MOBY,M4,100,HPG,BONCAT,B,3.777026822
MOBY,M4,100,HPG,BONCAT,B,21.13901389
MOBY,M4,100,HPG,BONCAT,B,5.519661698
MOBY,M4,100,HPG,BONCAT,B,6.182022027
MOBY,M4,100,HPG,BONCAT,B,7.572862036
MOBY,M4,100,HPG,BONCAT,B,10.96913195
MOBY,M4,100,HPG,BONCAT,B,1.983969152
MOBY,M4,100,HPG,BONCAT,B,2.51223707
MOBY,M4,100,HPG,BONCAT,B,7.590556082
MOBY,M4,100,HPG,BONCAT,B,2.181845469
MOBY,M4,100,HPG,BONCAT,B,0.792009475
MOBY,M4,100,HPG,BONCAT,B,59.03231799
MOBY,M4,100,HPG,BONCAT,B,2.713532362
MOBY,M4,100,HPG,BONCAT,B,5.260591633
MOBY,M4,100,HPG,BONCAT,B,4.36364333
MOBY,M4,100,HPG,BONCAT,B,1.023741466
MOBY,M4,100,HPG,BONCAT,B,31.71587751
MOBY,M4,100,HPG,BONCAT,B,7.722149791
MOBY,M4,100,HPG,BONCAT,B,2.91001299
MOBY,M4,100,HPG,BONCAT,B,7.896764264
MOBY,M4,100,HPG,BONCAT,B,10.48433196
MOBY,M4,100,HPG,BONCAT,B,17.70797368
MOBY,M4,100,HPG,BONCAT,B,3.018047423
MOBY,M4,100,HPG,BONCAT,B,1.412102745
MOBY,M4,100,HPG,BONCAT,B,24.96054097
MOBY,M4,100,HPG,BONCAT,B,15.90101638
MOBY,M4,100,HPG,BONCAT,B,5.125708423
MOBY,M4,100,HPG,BONCAT,B,2.402836748
MOBY,M4,100,HPG,BONCAT,B,11.78161579
MOBY,M4,100,HPG,BONCAT,B,2.456663526
MOBY,M4,100,HPG,BONCAT,B,1.085652188
MOBY,M4,100,HPG,BONCAT,B,0.786842102
MOBY,M4,100,HPG,BONCAT,B,0.603643355
MOBY,M4,100,HPG,BONCAT,B,6.342942371
MOBY,M4,100,HPG,BONCAT,B,0.679050739
MOBY,M4,100,HPG,BONCAT,B,4.099103488
MOBY,M4,100,HPG,BONCAT,B,9.946765638
MOBY,M4,100,HPG,BONCAT,B,5.325495623
MOBY,M4,100,HPG,BONCAT,B,2.673936535
MOBY,M4,100,HPG,BONCAT,B,4.088598177
MOBY,M4,100,HPG,BONCAT,B,4.764689946
MOBY,M4,100,HPG,BONCAT,B,5.789108372
MOBY,M4,100,HPG,BONCAT,B,5.849379306
MOBY,M4,100,HPG,BONCAT,B,1.330365228
MOBY,M4,100,HPG,BONCAT,B,23.38193373
MOBY,M4,100,HPG,BONCAT,B,3.862348393
MOBY,M4,100,HPG,BONCAT,B,5.518485619
MOBY,M4,100,HPG,BONCAT,B,5.96256213
MOBY,M4,100,HPG,BONCAT,B,29.15700115
MOBY,M4,100,HPG,BONCAT,B,25.82843765
MOBY,M4,100,HPG,BONCAT,B,6.047531757
MOBY,M4,100,HPG,BONCAT,B,0.848069802
MOBY,M4,100,HPG,BONCAT,B,7.796253432
MOBY,M4,100,HPG,BONCAT,B,5.938955414
MOBY,M4,100,HPG,BONCAT,B,12.29269673
MOBY,M4,100,HPG,BONCAT,B,2.245307739
MOBY,M4,100,HPG,BONCAT,B,1.441217627
MOBY,M4,100,HPG,BONCAT,B,5.954533152
MOBY,M4,100,HPG,BONCAT,B,2.425745802
MOBY,M4,100,HPG,BONCAT,B,3.981043834
MOBY,M4,100,HPG,BONCAT,B,1.080098629
MOBY,M4,100,HPG,BONCAT,B,8.47465718
MOBY,M4,100,HPG,BONCAT,B,0.845267226
MOBY,M4,100,HPG,BONCAT,B,9.362792954
MOBY,M4,100,HPG,BONCAT,B,41.90420265
MOBY,M4,100,HPG,BONCAT,B,6.901794068
MOBY,M4,100,HPG,BONCAT,B,3.543099177
MOBY,M4,100,HPG,BONCAT,B,1.176906724
MOBY,M4,100,HPG,BONCAT,B,20.28367842
MOBY,M4,100,HPG,BONCAT,B,27.97679968
MOBY,M4,100,HPG,BONCAT,B,21.20899066
MOBY,M4,100,HPG,BONCAT,B,3.719572825
MOBY,M4,100,HPG,BONCAT,B,4.179582567
MOBY,M4,100,HPG,BONCAT,B,7.819574388
MOBY,M4,100,HPG,BONCAT,B,10.3543215
MOBY,M4,100,HPG,BONCAT,B,3.099167714
MOBY,M4,100,HPG,BONCAT,B,2.442728848
MOBY,M4,100,HPG,BONCAT,B,1.275641398
MOBY,M4,100,HPG,BONCAT,B,0.418932004
MOBY,M4,100,HPG,BONCAT,B,3.538447791
MOBY,M4,100,HPG,BONCAT,B,4.861682704
MOBY,M4,100,HPG,BONCAT,B,6.51173282
MOBY,M4,100,HPG,BONCAT,B,4.006045541
MOBY,M4,100,HPG,BONCAT,B,3.850511313
MOBY,M4,100,HPG,BONCAT,B,9.259063235
MOBY,M4,100,HPG,BONCAT,B,5.230421821
MOBY,M4,100,HPG,BONCAT,B,7.088719742
MOBY,M4,100,HPG,BONCAT,B,3.276743582
MOBY,M4,100,HPG,BONCAT,B,0.725614234
MOBY,M4,100,HPG,BONCAT,B,1.042116313
MOBY,M4,100,HPG,BONCAT,B,3.924956194
MOBY,M4,100,HPG,BONCAT,B,11.44094545
MOBY,M4,100,HPG,BONCAT,B,1.039491335
MOBY,M4,100,HPG,BONCAT,B,2.61602674
MOBY,M4,100,HPG,BONCAT,B,7.508626349
MOBY,M4,100,HPG,BONCAT,B,52.44185926
MOBY,M4,100,HPG,BONCAT,B,5.430573395
MOBY,M4,100,HPG,BONCAT,B,0.977217634
MOBY,M4,100,HPG,BONCAT,B,3.129826334
MOBY,M4,100,HPG,BONCAT,B,14.08385234
MOBY,M4,100,HPG,BONCAT,B,3.553692891
MOBY,M4,100,HPG,BONCAT,B,15.74603313
MOBY,M4,100,HPG,BONCAT,B,4.206024896
MOBY,M4,100,HPG,BONCAT,B,5.971187368
MOBY,M4,100,HPG,BONCAT,B,20.83730236
MOBY,M4,100,HPG,BONCAT,B,3.179636199
MOBY,M4,100,HPG,BONCAT,B,24.41847872
MOBY,M4,100,HPG,BONCAT,B,4.750852978
MOBY,M4,100,HPG,BONCAT,B,16.5628329
MOBY,M4,100,HPG,BONCAT,B,8.132595909
MOBY,M4,100,HPG,BONCAT,B,24.01563853
MOBY,M4,100,HPG,BONCAT,B,1.236364694
MOBY,M4,100,HPG,BONCAT,B,9.323668248
MOBY,M4,100,HPG,BONCAT,B,1.546083979
MOBY,M4,100,HPG,BONCAT,B,6.155336323
MOBY,M4,100,HPG,BONCAT,B,3.375970776
MOBY,M4,100,HPG,BONCAT,B,2.322695305
MOBY,M4,100,HPG,BONCAT,B,25.48090843
MOBY,M4,100,HPG,BONCAT,B,4.912950512
MOBY,M4,100,HPG,BONCAT,B,4.036738662
MOBY,M4,100,HPG,BONCAT,B,6.250385256
MOBY,M4,100,HPG,BONCAT,B,6.717082927
MOBY,M4,100,HPG,BONCAT,B,6.080678829
MOBY,M4,100,HPG,BONCAT,B,4.670712044
MOBY,M4,100,HPG,BONCAT,B,32.63100795
MOBY,M4,100,HPG,BONCAT,B,4.040460197
MOBY,M4,100,HPG,BONCAT,B,3.742245015
MOBY,M4,100,HPG,BONCAT,B,24.31203928
MOBY,M4,100,HPG,BONCAT,B,0.924624616
MOBY,M4,100,HPG,BONCAT,B,6.517268577
MOBY,M4,100,HPG,BONCAT,B,3.130095884
MOBY,M4,100,HPG,BONCAT,B,4.799069674
MOBY,M4,100,HPG,BONCAT,B,1.882908876
MOBY,M4,100,HPG,BONCAT,B,7.145970549
MOBY,M4,100,HPG,BONCAT,B,1.408343099
MOBY,M4,100,HPG,BONCAT,B,2.712660856
MOBY,M4,100,HPG,BONCAT,B,6.499479693
MOBY,M4,100,HPG,BONCAT,B,12.4204891
MOBY,M4,100,HPG,BONCAT,B,0.499169226
MOBY,M4,100,HPG,BONCAT,B,0.543812646
MOBY,M4,100,HPG,BONCAT,B,4.651085702
MOBY,M4,100,HPG,BONCAT,B,6.119568134
MOBY,M4,100,HPG,BONCAT,B,1.212411054
MOBY,M4,100,HPG,BONCAT,B,3.729856412
MOBY,M4,100,HPG,BONCAT,B,7.807294598
MOBY,M4,100,HPG,BONCAT,B,8.939222285
MOBY,M4,100,HPG,BONCAT,B,6.625748897
MOBY,M4,100,HPG,BONCAT,B,3.472290735
MOBY,M4,100,HPG,BONCAT,B,38.44960965
MOBY,M4,100,HPG,BONCAT,B,2.035870233
MOBY,M4,100,HPG,BONCAT,B,2.192928194
MOBY,M4,100,HPG,BONCAT,B,8.122314598
MOBY,M4,100,HPG,BONCAT,B,3.241192471
MOBY,M4,100,HPG,BONCAT,B,3.794094965
MOBY,M4,100,HPG,BONCAT,B,4.053579221
MOBY,M4,100,HPG,BONCAT,B,1.634023476
MOBY,M4,100,HPG,BONCAT,B,5.806658251
MOBY,M4,100,HPG,BONCAT,B,13.15143911
MOBY,M4,100,HPG,BONCAT,B,2.938268411
MOBY,M4,100,HPG,BONCAT,B,22.43884832
MOBY,M4,100,HPG,BONCAT,B,23.60628488
MOBY,M4,100,HPG,BONCAT,B,7.295368384
MOBY,M4,100,HPG,BONCAT,B,6.786825507
MOBY,M4,100,HPG,BONCAT,B,2.376512288
MOBY,M4,100,HPG,BONCAT,B,0.464221975
MOBY,M4,100,HPG,BONCAT,B,0.447867209
MOBY,M4,100,HPG,BONCAT,B,8.51232443
MOBY,M4,100,HPG,BONCAT,B,1.005698891
MOBY,M4,100,HPG,BONCAT,B,11.92617926
MOBY,M4,100,HPG,BONCAT,B,1.726963045
MOBY,M4,100,HPG,BONCAT,B,4.338340485
MOBY,M4,100,HPG,BONCAT,B,4.123516807
MOBY,M4,100,HPG,BONCAT,B,17.74204109
MOBY,M4,100,HPG,BONCAT,B,27.56635871
MOBY,M4,100,HPG,BONCAT,B,9.689854728
MOBY,M4,100,HPG,BONCAT,B,24.33476834
MOBY,M4,100,HPG,BONCAT,B,4.646109658
MOBY,M4,100,HPG,BONCAT,B,1.635184211
MOBY,M4,100,HPG,BONCAT,B,5.013283604
MOBY,M4,100,HPG,BONCAT,B,10.01948864
MOBY,M4,100,HPG,BONCAT,B,2.007238374
MOBY,M4,100,HPG,BONCAT,B,1.883357412
MOBY,M4,100,HPG,BONCAT,B,23.66004687
MOBY,M4,100,HPG,BONCAT,B,6.781358379
MOBY,M4,100,HPG,BONCAT,B,10.43786721
MOBY,M4,100,HPG,BONCAT,B,4.242110921
MOBY,M4,100,HPG,BONCAT,B,4.851355871
MOBY,M4,100,HPG,BONCAT,B,13.49986435
MOBY,M4,100,HPG,BONCAT,B,1.585865417
MOBY,M4,100,HPG,BONCAT,B,2.802015958
MOBY,M4,100,HPG,BONCAT,B,1.007133606
MOBY,M4,100,HPG,BONCAT,B,4.332219368
MOBY,M4,100,HPG,BONCAT,B,2.581021536
MOBY,M4,100,HPG,BONCAT,B,4.534809116
MOBY,M4,100,HPG,BONCAT,B,0.530922994
MOBY,M4,100,HPG,BONCAT,B,12.91521412
MOBY,M4,100,HPG,BONCAT,B,7.21760461
MOBY,M4,100,HPG,BONCAT,B,11.90338416
MOBY,M4,100,HPG,BONCAT,B,2.709171125
MOBY,M4,100,HPG,BONCAT,B,3.120875423
MOBY,M4,100,HPG,BONCAT,B,7.491839387
MOBY,M4,100,HPG,BONCAT,B,2.292468279
MOBY,M4,100,HPG,BONCAT,B,5.766771651
MOBY,M4,100,HPG,BONCAT,B,7.794633058
MOBY,M4,100,HPG,BONCAT,B,9.161452932
MOBY,M4,100,HPG,BONCAT,B,4.066945731
MOBY,M4,100,HPG,BONCAT,B,6.191001274
MOBY,M4,100,HPG,BONCAT,B,6.654282043
MOBY,M4,100,HPG,BONCAT,B,4.288889284
MOBY,M4,100,HPG,BONCAT,B,9.382247598
MOBY,M4,100,HPG,BONCAT,B,3.259889089
MOBY,M4,100,HPG,BONCAT,B,5.987236382
MOBY,M4,100,HPG,BONCAT,B,3.254679188
MOBY,M4,100,HPG,BONCAT,B,16.47594985
MOBY,M4,100,HPG,BONCAT,B,10.15475373
MOBY,M4,100,HPG,BONCAT,B,51.93672541
MOBY,M4,100,HPG,BONCAT,B,11.04752274
MOBY,M4,100,HPG,BONCAT,B,1.335004205
MOBY,M4,100,HPG,BONCAT,B,15.2841031
MOBY,M4,100,HPG,BONCAT,B,5.140430181
MOBY,M4,100,HPG,BONCAT,B,1.042116313
MOBY,M4,100,HPG,BONCAT,B,0.953437148
MOBY,M4,100,HPG,BONCAT,B,3.674661211
MOBY,M4,100,HPG,BONCAT,B,11.15716466
MOBY,M4,100,HPG,BONCAT,B,4.538129913
MOBY,M4,100,HPG,BONCAT,B,7.165180241
MOBY,M4,100,HPG,BONCAT,B,20.58372392
MOBY,M4,100,HPG,BONCAT,B,12.35512894
MOBY,M4,100,HPG,BONCAT,B,8.85866174
MOBY,M4,100,HPG,BONCAT,B,23.55705459
MOBY,M4,100,HPG,BONCAT,B,11.09738391
MOBY,M4,100,HPG,BONCAT,B,5.860634873
MOBY,M4,100,HPG,BONCAT,B,2.901633877
MOBY,M4,100,HPG,BONCAT,B,4.259802853
MOBY,M4,100,HPG,BONCAT,B,7.901234876
MOBY,M4,100,HPG,BONCAT,B,3.909389735
MOBY,M4,100,HPG,BONCAT,B,3.343392292
MOBY,M4,100,HPG,BONCAT,B,7.595773251
MOBY,M4,100,HPG,BONCAT,B,3.744242254
MOBY,M4,100,HPG,BONCAT,B,9.516070676
MOBY,M4,100,HPG,BONCAT,B,0.46995576
MOBY,M4,100,HPG,BONCAT,B,6.542752007
MOBY,M4,100,HPG,BONCAT,B,3.415881337
MOBY,M4,100,HPG,BONCAT,B,0.610078786
MOBY,M4,100,HPG,BONCAT,B,14.88314612
MOBY,M4,100,HPG,BONCAT,B,0.612652958
MOBY,M4,100,HPG,BONCAT,B,10.74078839
MOBY,M4,100,HPG,BONCAT,B,12.77871017
MOBY,M4,100,HPG,BONCAT,B,16.26869791
MOBY,M4,100,HPG,BONCAT,B,0.824620957
MOBY,M4,100,HPG,BONCAT,B,10.82064043
MOBY,M4,100,HPG,BONCAT,B,0.854583473
MOBY,M4,100,HPG,BONCAT,B,27.9552187
MOBY,M4,100,HPG,BONCAT,B,2.608381483
MOBY,M4,100,HPG,BONCAT,B,12.86332795
MOBY,M4,100,HPG,BONCAT,B,5.071948851
