cruise,st,depth_m,substrate,method,repl,silver.grain_um2/h
MOBY,M2,100,Met,MAR,A,0.033774082
MOBY,M2,100,Met,MAR,A,0.045932752
MOBY,M2,100,Met,MAR,A,0.016211559
MOBY,M2,100,Met,MAR,A,0.071601054
MOBY,M2,100,Met,MAR,A,0.091865504
MOBY,M2,100,Met,MAR,A,0.181029081
MOBY,M2,100,Met,MAR,A,0.301264813
MOBY,M2,100,Met,MAR,A,0.055389495
MOBY,M2,100,Met,MAR,A,0.082408761
MOBY,M2,100,Met,MAR,A,0.407990913
MOBY,M2,100,Met,MAR,A,0.014860596
MOBY,M2,100,Met,MAR,A,0.020264449
MOBY,M2,100,Met,MAR,A,0.160764631
MOBY,M2,100,Met,MAR,A,0.154009815
MOBY,M2,100,Met,MAR,A,0.117533806
MOBY,M2,100,Met,MAR,A,0.245875318
MOBY,M2,100,Met,MAR,A,0.056740458
MOBY,M2,100,Met,MAR,A,0.058091421
MOBY,M2,100,Met,MAR,A,0.051336605
MOBY,M2,100,Met,MAR,A,0.104024173
MOBY,M2,100,Met,MAR,A,0.40258706
MOBY,M2,100,Met,MAR,A,0.09456743
MOBY,M2,100,Met,MAR,A,0.318827336
MOBY,M2,100,Met,MAR,A,0.125639586
MOBY,M2,100,Met,MAR,A,0.08646165
MOBY,M2,100,Met,MAR,A,0.160764631
MOBY,M2,100,Met,MAR,A,0.009456743
MOBY,M2,100,Met,MAR,A,0.121586696
MOBY,M2,100,Met,MAR,A,0.040528899
MOBY,M2,100,Met,MAR,A,0.035125045
MOBY,M2,100,Met,MAR,A,0.117533806
MOBY,M2,100,Met,MAR,A,0.077004907
MOBY,M2,100,Met,MAR,A,0.179678117
MOBY,M2,100,Met,MAR,A,0.064846238
MOBY,M2,100,Met,MAR,A,0.29586096
MOBY,M2,100,Met,MAR,A,0.105375136
MOBY,M2,100,Met,MAR,A,0.29180807
MOBY,M2,100,Met,MAR,A,0.19318775
MOBY,M2,100,Met,MAR,A,0.30801963
MOBY,M2,100,Met,MAR,A,0.052687568
MOBY,M2,100,Met,MAR,A,0.231014722
MOBY,M2,100,Met,MAR,A,0.079706834
MOBY,M2,100,Met,MAR,A,0.256683025
MOBY,M2,100,Met,MAR,A,0.166168484
MOBY,M2,100,Met,MAR,A,0.064846238
MOBY,M2,100,Met,MAR,A,0.10267321
MOBY,M2,100,Met,MAR,A,0.154009815
MOBY,M2,100,Met,MAR,A,0.028370229
MOBY,M2,100,Met,MAR,A,0.128341512
MOBY,M2,100,Met,MAR,A,0.036476009
MOBY,M2,100,Met,MAR,A,0.183731007
MOBY,M2,100,Met,MAR,A,0.224259906
MOBY,M2,100,Met,MAR,A,0.120235733
MOBY,M2,100,Met,MAR,A,0.041879862
MOBY,M2,100,Met,MAR,A,0.067548164
MOBY,M2,100,Met,MAR,A,0.191836787
MOBY,M2,100,Met,MAR,A,0.171572338
MOBY,M2,100,Met,MAR,A,0.041879862
MOBY,M2,100,Met,MAR,A,0.043230825
MOBY,M2,100,Met,MAR,A,0.040528899
MOBY,M2,100,Met,MAR,A,0.058091421
MOBY,M2,100,Met,MAR,A,0.235067612
MOBY,M2,100,Met,MAR,A,0.235067612
MOBY,M2,100,Met,MAR,A,0.112129953
MOBY,M2,100,Met,MAR,A,0.071601054
MOBY,M2,100,Met,MAR,A,0.241822429
MOBY,M2,100,Met,MAR,A,0.104024173
MOBY,M2,100,Met,MAR,A,0.289106144
MOBY,M2,100,Met,MAR,A,0.120235733
MOBY,M2,100,Met,MAR,A,0.129692476
MOBY,M2,100,Met,MAR,A,0.340442749
MOBY,M2,100,Met,MAR,A,0.590370957
MOBY,M2,100,Met,MAR,A,0.081057797
MOBY,M2,100,Met,MAR,A,0.164817521
MOBY,M2,100,Met,MAR,A,0.166168484
MOBY,M2,100,Met,MAR,A,0.131043439
MOBY,M2,100,Met,MAR,A,0.476890041
MOBY,M2,100,Met,MAR,A,0.164817521
MOBY,M2,100,Met,MAR,A,0.699798983
MOBY,M2,100,Met,MAR,A,0.077004907
MOBY,M2,100,Met,MAR,A,0.372865868
MOBY,M2,100,Met,MAR,A,0.104024173
MOBY,M2,100,Met,MAR,A,0.033774082
MOBY,M2,100,Met,MAR,A,0.336389859
MOBY,M2,100,Met,MAR,A,0.10267321
MOBY,M2,100,Met,MAR,A,0.083759724
MOBY,M2,100,Met,MAR,A,0.421500546
MOBY,M2,100,Met,MAR,A,0.081057797
MOBY,M2,100,Met,MAR,A,0.085110687
MOBY,M2,100,Met,MAR,A,0.129692476
MOBY,M2,100,Met,MAR,A,0.045932752
MOBY,M2,100,Met,MAR,A,0.289106144
MOBY,M2,100,Met,MAR,A,0.370163941
MOBY,M2,100,Met,MAR,A,0.040528899
MOBY,M2,100,Met,MAR,A,0.224259906
MOBY,M2,100,Met,MAR,A,0.20939931
MOBY,M2,100,Met,MAR,A,0.064846238
MOBY,M2,100,Met,MAR,A,0.036476009
MOBY,M2,100,Met,MAR,A,0.033774082
MOBY,M2,100,Met,MAR,A,0.258033988
MOBY,M2,100,Met,MAR,A,0.085110687
MOBY,M2,100,Met,MAR,A,0.212101236
MOBY,M2,100,Met,MAR,A,0.047283715
MOBY,M2,100,Met,MAR,A,0.006754816
MOBY,M2,100,Met,MAR,A,0.058091421
MOBY,M2,100,Met,MAR,A,0.104024173
MOBY,M2,100,Met,MAR,A,0.016211559
MOBY,M2,100,Met,MAR,A,0.013509633
MOBY,M2,100,Met,MAR,A,0.191836787
MOBY,M2,100,Met,MAR,A,0.054038532
MOBY,M2,100,Met,MAR,A,0.152658852
MOBY,M2,100,Met,MAR,A,0.039177935
MOBY,M2,100,Met,MAR,A,0.070250091
MOBY,M2,100,Met,MAR,A,0.078355871
MOBY,M2,100,Met,MAR,A,0.132394402
MOBY,M2,100,Met,MAR,A,0.067548164
MOBY,M2,100,Met,MAR,A,0.364760088
MOBY,M2,100,Met,MAR,A,0.017562523
MOBY,M2,100,Met,MAR,A,0.345846602
MOBY,M2,100,Met,MAR,A,0.01215867
MOBY,M2,100,Met,MAR,A,0.048634678
MOBY,M2,100,Met,MAR,A,0.027019266
MOBY,M2,100,Met,MAR,A,0.20129353
MOBY,M2,100,Met,MAR,A,0.393130317
MOBY,M2,100,Met,MAR,A,0.020264449
MOBY,M2,100,Met,MAR,A,0.116182843
MOBY,M2,100,Met,MAR,A,0.074302981
MOBY,M2,100,Met,MAR,A,0.051336605
MOBY,M2,100,Met,MAR,A,0.164817521
MOBY,M2,100,Met,MAR,A,0.078355871
MOBY,M2,100,Met,MAR,A,0.043230825
MOBY,M2,100,Met,MAR,A,0.149956925
MOBY,M2,100,Met,MAR,A,0.225610869
MOBY,M2,100,Met,MAR,A,0.324231189
MOBY,M2,100,Met,MAR,A,0.056740458
MOBY,M2,100,Met,MAR,A,0.132394402
MOBY,M2,100,Met,MAR,A,0.154009815
MOBY,M2,100,Met,MAR,A,0.039177935
MOBY,M2,100,Met,MAR,A,0.229663759
MOBY,M2,100,Met,MAR,A,0.031072156
MOBY,M2,100,Met,MAR,A,0.09456743
MOBY,M2,100,Met,MAR,A,0.136447292
MOBY,M2,100,Met,MAR,A,0.067548164
MOBY,M2,100,Met,MAR,A,0.091865504
MOBY,M2,100,Met,MAR,A,0.024317339
MOBY,M2,100,Met,MAR,A,0.418798619
MOBY,M2,100,Met,MAR,A,0.067548164
MOBY,M2,100,Met,MAR,A,0.374216831
MOBY,M2,100,Met,MAR,A,0.586318067
MOBY,M2,100,Met,MAR,A,0.141851145
MOBY,M2,100,Met,MAR,A,0.085110687
MOBY,M2,100,Met,MAR,A,0.010807706
MOBY,M2,100,Met,MAR,A,0.170221374
MOBY,M2,100,Met,MAR,A,0.083759724
MOBY,M2,100,Met,MAR,A,0.079706834
MOBY,M2,100,Met,MAR,A,0.079706834
MOBY,M2,100,Met,MAR,A,0.231014722
MOBY,M2,100,Met,MAR,A,0.037826972
MOBY,M2,100,Met,MAR,A,0.214803163
MOBY,M2,100,Met,MAR,A,0.187783897
MOBY,M2,100,Met,MAR,A,0.01215867
MOBY,M2,100,Met,MAR,A,0.362058161
MOBY,M2,100,Met,MAR,A,0.00810578
MOBY,M2,100,Met,MAR,A,0.041879862
MOBY,M2,100,Met,MAR,A,0.025668302
MOBY,M2,100,Met,MAR,A,0.039177935
MOBY,M2,100,Met,MAR,A,0.191836787
MOBY,M2,100,Met,MAR,A,0.105375136
MOBY,M2,100,Met,MAR,A,0.104024173
MOBY,M2,100,Met,MAR,A,0.085110687
MOBY,M2,100,Met,MAR,A,0.047283715
MOBY,M2,100,Met,MAR,A,0.255332062
MOBY,M2,100,Met,MAR,A,0.162115595
MOBY,M2,100,Met,MAR,A,0.241822429
MOBY,M2,100,Met,MAR,A,0.179678117
MOBY,M2,100,Met,MAR,A,0.128341512
MOBY,M2,100,Met,MAR,A,0.024317339
MOBY,M2,100,Met,MAR,A,0.120235733
MOBY,M2,100,Met,MAR,A,0.229663759
MOBY,M2,100,Met,MAR,A,0.383673574
MOBY,M2,100,Met,MAR,A,0.174274264
MOBY,M2,100,Met,MAR,A,0.033774082
MOBY,M2,100,Met,MAR,A,0.20129353
MOBY,M2,100,Met,MAR,A,0.237769539
MOBY,M2,100,Met,MAR,A,0.232365686
MOBY,M2,100,Met,MAR,A,0.058091421
MOBY,M2,100,Met,MAR,A,0.166168484
MOBY,M2,100,Met,MAR,A,0.171572338
MOBY,M2,100,Met,MAR,A,0.031072156
MOBY,M2,100,Met,MAR,A,0.131043439
MOBY,M2,100,Met,MAR,A,0.529577609
MOBY,M2,100,Met,MAR,A,0.078355871
MOBY,M2,100,Met,MAR,A,0.186432934
MOBY,M2,100,Met,MAR,A,0.089163577
MOBY,M2,100,Met,MAR,A,0.135096329
MOBY,M2,100,Met,MAR,A,0.141851145
MOBY,M2,100,Met,MAR,A,0.199942567
MOBY,M2,100,Met,MAR,A,0.035125045
MOBY,M2,100,Met,MAR,A,0.18913486
MOBY,M2,100,Met,MAR,A,1.141563979
MOBY,M2,100,Met,MAR,A,0.152658852
MOBY,M2,100,Met,MAR,A,0.236418575
MOBY,M2,100,Met,MAR,A,0.195889677
MOBY,M2,100,Met,MAR,A,0.022966376
MOBY,M2,100,Met,MAR,A,0.128341512
MOBY,M2,100,Met,MAR,A,0.11077899
MOBY,M2,100,Met,MAR,A,0.225610869
MOBY,M2,100,Met,MAR,A,0.218856053
MOBY,M2,100,Met,MAR,A,0.085110687
MOBY,M2,100,Met,MAR,A,0.009456743
MOBY,M2,100,Met,MAR,A,0.258033988
MOBY,M2,100,Met,MAR,A,0.217505089
MOBY,M2,100,Met,MAR,A,0.212101236
MOBY,M2,100,Met,MAR,A,0.029721192
MOBY,M2,100,Met,MAR,A,0.182380044
MOBY,M2,100,Met,MAR,A,0.289106144
MOBY,M2,100,Met,MAR,A,0.027019266
MOBY,M2,100,Met,MAR,A,0.267490731
MOBY,M2,100,Met,MAR,A,0.036476009
MOBY,M2,100,Met,MAR,A,0.154009815
MOBY,M2,100,Met,MAR,A,0.459327518
MOBY,M2,100,Met,MAR,A,0.047283715
MOBY,M2,100,Met,MAR,A,0.256683025
MOBY,M2,100,Met,MAR,A,0.109428026
MOBY,M2,100,Met,MAR,A,0.154009815
MOBY,M2,100,Met,MAR,A,0.48904871
MOBY,M2,100,Met,MAR,A,0.738976919
MOBY,M2,100,Met,MAR,A,0.41069284
MOBY,M2,100,Met,MAR,A,0.137798255
MOBY,M2,100,Met,MAR,A,0.021615413
MOBY,M2,100,Met,MAR,A,0.109428026
MOBY,M2,100,Met,MAR,A,0.078355871
MOBY,M2,100,Met,MAR,A,0.518769903
MOBY,M2,100,Met,MAR,A,0.035125045
MOBY,M2,100,Met,MAR,A,0.143202109
MOBY,M2,100,Met,MAR,A,0.380971647
MOBY,M2,100,Met,MAR,A,0.175625227
MOBY,M2,100,Met,MAR,A,0.239120502
MOBY,M2,100,Met,MAR,A,0.413394766
MOBY,M2,100,Met,MAR,A,0.208048346
MOBY,M2,100,Met,MAR,A,0.074302981
MOBY,M2,100,Met,MAR,A,0.059442385
MOBY,M2,100,Met,MAR,A,0.11077899
MOBY,M2,100,Met,MAR,A,0.09862032
MOBY,M2,100,Met,MAR,A,0.253981098
MOBY,M2,100,Met,MAR,A,0.083759724
MOBY,M2,100,Met,MAR,A,0.170221374
MOBY,M2,100,Met,MAR,A,0.067548164
MOBY,M2,100,Met,MAR,A,0.118884769
MOBY,M2,100,Met,MAR,A,0.490399674
MOBY,M2,100,Met,MAR,A,0.337740822
MOBY,M2,100,Met,MAR,A,0.064846238
MOBY,M2,100,Met,MAR,A,0.112129953
MOBY,M2,100,Met,MAR,A,0.147254998
MOBY,M2,100,Met,MAR,A,0.1067261
MOBY,M2,100,Met,MAR,A,0.661972011
MOBY,M2,100,Met,MAR,A,0.253981098
MOBY,M2,100,Met,MAR,A,0.047283715
MOBY,M2,100,Met,MAR,A,0.328284079
MOBY,M2,100,Met,MAR,A,0.555245912
MOBY,M2,100,Met,MAR,A,0.032423119
MOBY,M2,100,Met,MAR,A,0.074302981
MOBY,M2,100,Met,MAR,A,0.332336969
MOBY,M2,100,Met,MAR,A,0.221557979
MOBY,M2,100,Met,MAR,A,0.074302981
MOBY,M2,100,Met,MAR,A,0.11483188
MOBY,M2,100,Met,MAR,A,0.091865504
MOBY,M2,100,Met,MAR,A,0.067548164
MOBY,M2,100,Met,MAR,A,1.21586696
MOBY,M2,100,Met,MAR,A,0.443115959
MOBY,M2,100,Met,MAR,A,0.010807706
MOBY,M2,100,Met,MAR,A,0.145904035
MOBY,M2,100,Met,MAR,A,0.424202473
MOBY,M2,100,Met,MAR,A,0.101322247
MOBY,M2,100,Met,MAR,A,0.11077899
MOBY,M2,100,Met,MAR,A,0.117533806
MOBY,M2,100,Met,MAR,A,0.018913486
MOBY,M2,100,Met,MAR,A,0.022966376
MOBY,M2,100,Met,MAR,A,0.1067261
MOBY,M2,100,Met,MAR,A,0.024317339
MOBY,M2,100,Met,MAR,A,0.027019266
MOBY,M2,100,Met,MAR,A,0.453923665
MOBY,M2,100,Met,MAR,A,0.085110687
MOBY,M2,100,Met,MAR,A,0.075653944
MOBY,M2,100,Met,MAR,A,0.052687568
MOBY,M2,100,Met,MAR,A,0.077004907
MOBY,M2,100,Met,MAR,A,0.1067261
MOBY,M2,100,Met,MAR,A,0.248577245
MOBY,M2,100,Met,MAR,A,0.294509997
MOBY,M2,100,Met,MAR,A,0.070250091
MOBY,M2,100,Met,MAR,A,0.031072156
MOBY,M2,100,Met,MAR,A,0.035125045
MOBY,M2,100,Met,MAR,A,0.178327154
MOBY,M2,100,Met,MAR,A,0.154009815
MOBY,M2,100,Met,MAR,A,0.1067261
MOBY,M2,100,Met,MAR,A,0.066197201
MOBY,M2,100,Met,MAR,A,0.358005271
MOBY,M2,100,Met,MAR,A,0.416096693
MOBY,M2,100,Met,MAR,A,0.121586696
MOBY,M2,100,Met,MAR,A,0.035125045
MOBY,M2,100,Met,MAR,A,0.022966376
MOBY,M2,100,Met,MAR,A,0.01215867
MOBY,M2,100,Met,MAR,A,0.31207252
MOBY,M2,100,Met,MAR,A,0.081057797
MOBY,M2,100,Met,MAR,A,0.029721192
MOBY,M2,100,Met,MAR,A,0.20129353
MOBY,M2,100,Met,MAR,A,0.079706834
MOBY,M2,100,Met,MAR,A,0.052687568
MOBY,M2,100,Met,MAR,A,0.140500182
MOBY,M2,100,Met,MAR,A,0.054038532
MOBY,M2,100,Met,MAR,A,0.183731007
MOBY,M2,100,Met,MAR,A,0.256683025
MOBY,M2,100,Met,MAR,A,0.221557979
MOBY,M2,100,Met,MAR,A,0.104024173
MOBY,M2,100,Met,MAR,A,0.1067261
MOBY,M2,100,Met,MAR,A,0.11483188
MOBY,M2,100,Met,MAR,A,0.286404217
MOBY,M2,100,Met,MAR,A,0.070250091
MOBY,M2,100,Met,MAR,A,0.145904035
MOBY,M2,100,Met,MAR,A,0.09862032
MOBY,M2,100,Met,MAR,A,0.285053254
MOBY,M2,100,Met,MAR,A,0.229663759
MOBY,M2,100,Met,MAR,A,0.00810578
MOBY,M2,100,Met,MAR,A,0.198591603
MOBY,M2,100,Met,MAR,A,0.126990549
MOBY,M2,100,Met,MAR,A,0.020264449
MOBY,M2,100,Met,MAR,A,0.202644493
MOBY,M2,100,Met,MAR,A,0.018913486
MOBY,M2,100,Met,MAR,A,0.447168848
MOBY,M2,100,Met,MAR,A,0.182380044
MOBY,M2,100,Met,MAR,A,0.11077899
MOBY,M2,100,Met,MAR,A,0.559298801
MOBY,M2,100,Met,MAR,A,0.070250091
MOBY,M2,100,Met,MAR,A,0.175625227
MOBY,M2,100,Met,MAR,A,0.078355871
MOBY,M2,100,Met,MAR,A,0.124288623
MOBY,M2,100,Met,MAR,A,0.085110687
MOBY,M2,100,Met,MAR,A,0.10267321
MOBY,M2,100,Met,MAR,A,0.078355871
MOBY,M2,100,Met,MAR,A,0.09456743
MOBY,M2,100,Met,MAR,A,0.276947474
MOBY,M2,100,Met,MAR,A,0.19724064
MOBY,M2,100,Met,MAR,A,0.170221374
MOBY,M2,100,Met,MAR,A,0.089163577
MOBY,M2,100,Met,MAR,A,0.072952018
MOBY,M2,100,Met,MAR,A,0.036476009
MOBY,M2,100,Met,MAR,A,0.075653944
MOBY,M2,100,Met,MAR,A,0.208048346
MOBY,M2,100,Met,MAR,A,0.093216467
MOBY,M2,100,Met,MAR,A,0.275596511
MOBY,M2,100,Met,MAR,A,0.159413668
MOBY,M2,100,Met,MAR,A,0.467433298
MOBY,M2,100,Met,MAR,A,0.630899856
MOBY,M2,100,Met,MAR,A,0.29180807
MOBY,M2,100,Met,MAR,A,0.047283715
MOBY,M2,100,Met,MAR,A,0.112129953
MOBY,M2,100,Met,MAR,A,0.195889677
MOBY,M2,100,Met,MAR,A,0.112129953
MOBY,M2,100,Met,MAR,A,0.060793348
MOBY,M2,100,Met,MAR,A,0.063495275
MOBY,M2,100,Met,MAR,A,0.079706834
MOBY,M2,100,Met,MAR,A,0.041879862
MOBY,M2,100,Met,MAR,A,0.118884769
MOBY,M2,100,Met,MAR,A,0.140500182
MOBY,M2,100,Met,MAR,A,1.124001456
MOBY,M2,100,Met,MAR,A,0.154009815
MOBY,M2,100,Met,MAR,A,0.152658852
MOBY,M2,100,Met,MAR,A,0.181029081
MOBY,M2,100,Met,MAR,A,0.089163577
MOBY,M2,100,Met,MAR,A,0.022966376
MOBY,M2,100,Met,MAR,A,0.247226282
MOBY,M2,100,Met,MAR,A,0.089163577
MOBY,M2,100,Met,MAR,A,0.19318775
MOBY,M2,100,Met,MAR,A,1.1996554
MOBY,M2,100,Met,MAR,A,0.072952018
MOBY,M2,100,Met,MAR,A,0.040528899
MOBY,M2,100,Met,MAR,A,0.214803163
MOBY,M2,100,Met,MAR,A,0.075653944
MOBY,M2,100,Met,MAR,A,0.356654308
MOBY,M2,100,Met,MAR,A,0.055389495
MOBY,M2,100,Met,MAR,A,0.206697383
MOBY,M2,100,Met,MAR,A,0.632250819
MOBY,M2,100,Met,MAR,A,0.036476009
MOBY,M2,100,Met,MAR,A,0.140500182
MOBY,M2,100,Met,MAR,A,0.054038532
MOBY,M2,100,Met,MAR,A,0.353952382
MOBY,M2,100,Met,MAR,A,0.159413668
MOBY,M2,100,Met,MAR,A,0.186432934
MOBY,M2,100,Met,MAR,A,0.345846602
MOBY,M2,100,Met,MAR,A,0.059442385
MOBY,M2,100,Met,MAR,A,0.105375136
MOBY,M2,100,Met,MAR,A,0.117533806
MOBY,M2,100,Met,MAR,A,0.140500182
MOBY,M2,100,Met,MAR,A,0.141851145
MOBY,M2,100,Met,MAR,A,0.113480916
MOBY,M2,100,Met,MAR,A,0.210750273
MOBY,M2,100,Met,MAR,A,0.162115595
MOBY,M2,100,Met,MAR,A,0.203995457
MOBY,M2,100,Met,MAR,A,0.279649401
MOBY,M2,100,Met,MAR,A,0.068899128
MOBY,M2,100,Met,MAR,A,0.325582152
MOBY,M2,100,Met,MAR,A,0.087812614
MOBY,M2,100,Met,MAR,A,0.179678117
MOBY,M2,100,Met,MAR,A,0.087812614
MOBY,M2,100,Met,MAR,A,0.162115595
MOBY,M2,100,Met,MAR,A,0.182380044
MOBY,M2,100,Met,MAR,A,0.403938023
MOBY,M2,100,Met,MAR,A,0.062144311
MOBY,M2,100,Met,MAR,A,0.022966376
MOBY,M2,100,Met,MAR,A,0.167519448
MOBY,M2,100,Met,MAR,A,0.332336969
MOBY,M2,100,Met,MAR,A,0.144553072
MOBY,M2,100,Met,MAR,A,0.356654308
MOBY,M2,100,Met,MAR,A,0.182380044
MOBY,M2,100,Met,MAR,A,0.237769539
MOBY,M2,100,Met,MAR,A,0.031072156
MOBY,M2,100,Met,MAR,A,0.426904399
MOBY,M2,100,Met,MAR,A,0.309370593
MOBY,M2,100,Met,MAR,A,0.268841694
MOBY,M2,100,Met,MAR,A,0.118884769
MOBY,M2,100,Met,MAR,A,0.037826972
MOBY,M2,100,Met,MAR,A,0.024317339
MOBY,M2,100,Met,MAR,A,0.170221374
MOBY,M2,100,Met,MAR,A,0.054038532
MOBY,M2,100,Met,MAR,A,0.11077899
MOBY,M2,100,Met,MAR,A,0.087812614
MOBY,M2,100,Met,MAR,A,0.131043439
MOBY,M2,100,Met,MAR,A,0.049985642
MOBY,M2,100,Met,MAR,A,0.079706834
MOBY,M2,100,Met,MAR,A,0.154009815
MOBY,M2,100,Met,MAR,A,0.31207252
MOBY,M2,100,Met,MAR,A,0.108077063
MOBY,M2,100,Met,MAR,A,0.045932752
MOBY,M2,100,Met,MAR,A,0.029721192
MOBY,M2,100,Met,MAR,A,0.072952018
MOBY,M2,100,Met,MAR,A,0.108077063
MOBY,M2,100,Met,MAR,A,0.486346784
MOBY,M2,100,Met,MAR,A,0.01215867
MOBY,M2,100,Met,MAR,A,0.181029081
MOBY,M2,100,Met,MAR,A,0.156711741
MOBY,M2,100,Met,MAR,A,0.067548164
MOBY,M2,100,Met,MAR,A,0.055389495
MOBY,M2,100,Met,MAR,A,0.056740458
MOBY,M2,100,Met,MAR,A,0.039177935
MOBY,M2,100,Met,MAR,A,0.024317339
MOBY,M2,100,Met,MAR,A,0.066197201
MOBY,M2,100,Met,MAR,A,0.422851509
MOBY,M2,100,Met,MAR,A,0.048634678
MOBY,M2,100,Met,MAR,A,0.032423119
MOBY,M2,100,Met,MAR,A,0.480942931
MOBY,M2,100,Met,MAR,A,0.087812614
MOBY,M2,100,Met,MAR,A,0.194538714
MOBY,M2,100,Met,MAR,A,0.058091421
MOBY,M2,100,Met,MAR,A,0.083759724
MOBY,M2,100,Met,MAR,A,0.152658852
MOBY,M2,100,Met,MAR,A,0.326933116
MOBY,M2,100,Met,MAR,A,0.037826972
MOBY,M2,100,Met,MAR,A,0.433659216
MOBY,M2,100,Met,MAR,A,0.151307888
MOBY,M2,100,Met,MAR,A,0.39042839
MOBY,M2,100,Met,MAR,A,0.224259906
MOBY,M2,100,Met,MAR,A,0.062144311
MOBY,M2,100,Met,MAR,A,0.252630135
MOBY,M2,100,Met,MAR,A,0.017562523
MOBY,M2,100,Met,MAR,A,0.144553072
MOBY,M2,100,Met,MAR,A,0.2134522
MOBY,M2,100,Met,MAR,A,0.187783897
MOBY,M2,100,Met,MAR,A,0.118884769
MOBY,M2,100,Met,MAR,A,0.426904399
MOBY,M2,100,Met,MAR,A,0.151307888
MOBY,M2,100,Met,MAR,A,0.251279172
MOBY,M2,100,Met,MAR,A,0.078355871
MOBY,M2,100,Met,MAR,A,0.054038532
MOBY,M2,100,Met,MAR,A,0.09051454
MOBY,M2,100,Met,MAR,A,0.056740458
MOBY,M2,100,Met,MAR,A,0.356654308
MOBY,M2,100,Met,MAR,A,0.105375136
MOBY,M2,100,Met,MAR,A,0.224259906
MOBY,M2,100,Met,MAR,A,0.032423119
MOBY,M2,100,Met,MAR,A,0.136447292
MOBY,M2,100,Met,MAR,A,0.060793348
MOBY,M2,100,Met,MAR,A,0.283702291
MOBY,M2,100,Met,MAR,A,0.40258706
MOBY,M2,100,Met,MAR,A,0.101322247
MOBY,M2,100,Met,MAR,A,0.348548528
MOBY,M2,100,Met,MAR,A,0.044581789
MOBY,M2,100,Met,MAR,A,0.025668302
MOBY,M2,100,Met,MAR,A,0.194538714
MOBY,M2,100,Met,MAR,A,0.293159034
MOBY,M2,100,Met,MAR,A,0.194538714
MOBY,M2,100,Met,MAR,A,0.147254998
MOBY,M2,100,Met,MAR,A,0.176976191
MOBY,M2,100,Met,MAR,A,0.025668302
MOBY,M2,100,Met,MAR,A,0.029721192
MOBY,M2,100,Met,MAR,A,0.014860596
MOBY,M2,100,Met,MAR,A,0.020264449
MOBY,M2,100,Met,MAR,A,0.236418575
MOBY,M2,100,Met,MAR,A,0.224259906
MOBY,M2,100,Met,MAR,A,0.347197565
MOBY,M2,100,Met,MAR,A,0.056740458
MOBY,M2,100,Met,MAR,A,0.11077899
MOBY,M2,100,Met,MAR,A,0.443115959
MOBY,M2,100,Met,MAR,A,0.267490731
MOBY,M2,100,Met,MAR,A,0.052687568
MOBY,M2,100,Met,MAR,A,0.077004907
MOBY,M2,100,Met,MAR,A,0.131043439
MOBY,M2,100,Met,MAR,A,0.206697383
MOBY,M2,100,Met,MAR,A,0.378269721
MOBY,M2,100,Met,MAR,A,0.066197201
MOBY,M2,100,Met,MAR,A,0.091865504
MOBY,M2,100,Met,MAR,A,0.133745366
MOBY,M2,100,Met,MAR,A,0.375567794
MOBY,M2,100,Met,MAR,A,0.543087242
MOBY,M2,100,Met,MAR,A,0.047283715
MOBY,M2,100,Met,MAR,A,0.028370229
MOBY,M2,100,Met,MAR,A,0.072952018
MOBY,M2,100,Met,MAR,A,0.195889677
MOBY,M2,100,Met,MAR,A,0.466082334
MOBY,M2,100,Met,MAR,A,0.060793348
MOBY,M2,100,Met,MAR,A,0.085110687
MOBY,M2,100,Met,MAR,A,0.017562523
MOBY,M2,100,Met,MAR,A,0.044581789
MOBY,M2,100,Met,MAR,A,0.059442385
MOBY,M2,100,Met,MAR,A,0.590370957
MOBY,M2,100,Met,MAR,A,0.376918757
MOBY,M2,100,Met,MAR,A,0.040528899
MOBY,M2,100,Met,MAR,A,0.09456743
MOBY,M2,100,Met,MAR,A,0.131043439
MOBY,M2,100,Met,MAR,A,0.309370593
MOBY,M2,100,Met,MAR,A,0.058091421
MOBY,M2,100,Met,MAR,A,0.144553072
MOBY,M2,100,Met,MAR,A,0.320178299
MOBY,M2,100,Met,MAR,A,0.099971283
MOBY,M2,100,Met,MAR,A,0.444466922
MOBY,M2,100,Met,MAR,A,0.222908943
MOBY,M2,100,Met,MAR,A,0.028370229
MOBY,M2,100,Met,MAR,A,0.171572338
MOBY,M2,100,Met,MAR,A,0.168870411
MOBY,M2,100,Met,MAR,A,0.025668302
MOBY,M2,100,Met,MAR,A,0.163466558
MOBY,M2,100,Met,MAR,A,0.117533806
MOBY,M2,100,Met,MAR,A,0.027019266
MOBY,M2,100,Met,MAR,A,0.506611233
MOBY,M2,100,Met,MAR,A,0.253981098
MOBY,M2,100,Met,MAR,A,0.08646165
MOBY,M2,100,Met,MAR,A,0.121586696
MOBY,M2,100,Met,MAR,A,0.537683389
MOBY,M2,100,Met,MAR,A,0.09051454
MOBY,M2,100,Met,MAR,A,0.368812978
MOBY,M2,100,Met,MAR,A,0.035125045
MOBY,M2,100,Met,MAR,A,0.449870775
MOBY,M2,100,Met,MAR,A,0.166168484
MOBY,M2,100,Met,MAR,A,0.1067261
MOBY,M2,100,Met,MAR,A,0.11077899
MOBY,M2,100,Met,MAR,A,0.231014722
MOBY,M2,100,Met,MAR,A,0.131043439
MOBY,M2,100,Met,MAR,A,0.055389495
MOBY,M2,100,Met,MAR,A,0.060793348
MOBY,M2,100,Met,MAR,A,0.167519448
MOBY,M2,100,Met,MAR,A,0.044581789
MOBY,M2,100,Met,MAR,A,0.081057797
MOBY,M2,100,Met,MAR,A,0.048634678
MOBY,M2,100,Met,MAR,A,0.028370229
MOBY,M2,100,Met,MAR,A,0.208048346
MOBY,M2,100,Met,MAR,A,0.155360778
MOBY,M2,100,Met,MAR,A,0.437712105
MOBY,M2,100,Met,MAR,A,0.198591603
MOBY,M2,100,Met,MAR,A,0.174274264
MOBY,M2,100,Met,MAR,A,0.101322247
MOBY,M2,100,Met,MAR,A,0.016211559
MOBY,M2,100,Met,MAR,A,0.068899128
MOBY,M2,100,Met,MAR,A,0.151307888
MOBY,M2,100,Met,MAR,A,0.174274264
MOBY,M2,100,Met,MAR,A,0.071601054
MOBY,M2,100,Met,MAR,A,0.316125409
MOBY,M2,100,Met,MAR,A,0.39448128
MOBY,M2,100,Met,MAR,A,0.124288623
MOBY,M2,100,Met,MAR,A,0.124288623
MOBY,M2,100,Met,MAR,A,0.181029081
MOBY,M2,100,Met,MAR,A,0.330986006
MOBY,M2,100,Met,MAR,A,0.266139768
MOBY,M2,100,Met,MAR,A,0.122937659
MOBY,M2,100,Met,MAR,A,0.145904035
MOBY,M2,100,Met,MAR,A,0.039177935
MOBY,M2,100,Met,MAR,A,0.059442385
MOBY,M2,100,Met,MAR,A,0.341793712
MOBY,M2,100,Met,MAR,A,0.089163577
MOBY,M2,100,Met,MAR,A,0.117533806
MOBY,M2,100,Met,MAR,A,0.135096329
MOBY,M2,100,Met,MAR,A,0.655217195
MOBY,M2,100,Met,MAR,A,0.266139768
MOBY,M2,100,Met,MAR,A,0.144553072
MOBY,M2,100,Met,MAR,A,0.368812978
MOBY,M2,100,Met,MAR,A,0.027019266
MOBY,M2,100,Met,MAR,A,0.083759724
MOBY,M2,100,Met,MAR,A,0.022966376
MOBY,M2,100,Met,MAR,A,0.017562523
MOBY,M2,100,Met,MAR,A,0.305317703
MOBY,M2,100,Met,MAR,A,0.020264449
MOBY,M2,100,Met,MAR,A,0.122937659
MOBY,M2,100,Met,MAR,A,0.30396674
MOBY,M2,100,Met,MAR,A,0.225610869
MOBY,M2,100,Met,MAR,A,1.380684481
MOBY,M2,100,Met,MAR,A,0.072952018
MOBY,M2,100,Met,MAR,A,0.125639586
MOBY,M2,100,Met,MAR,A,0.194538714
MOBY,M2,100,Met,MAR,A,0.047283715
MOBY,M2,100,Met,MAR,A,0.172923301
MOBY,M2,100,Met,MAR,A,0.151307888
MOBY,M2,100,Met,MAR,A,0.054038532
MOBY,M2,100,Met,MAR,A,0.056740458
MOBY,M2,100,Met,MAR,A,0.353952382
MOBY,M2,100,Met,MAR,A,0.20939931
MOBY,M2,100,Met,MAR,A,0.199942567
MOBY,M2,100,Met,MAR,A,0.525524719
MOBY,M2,100,Met,MAR,A,0.031072156
MOBY,M2,100,Met,MAR,A,0.056740458
MOBY,M2,100,Met,MAR,A,0.054038532
MOBY,M2,100,Met,MAR,A,0.347197565
MOBY,M2,100,Met,MAR,A,0.097269357
MOBY,M2,100,Met,MAR,A,0.066197201
MOBY,M2,100,Met,MAR,A,0.305317703
MOBY,M2,100,Met,MAR,A,0.125639586
MOBY,M2,100,Met,MAR,A,0.135096329
MOBY,M2,100,Met,MAR,A,0.241822429
MOBY,M2,100,Met,MAR,A,0.341793712
MOBY,M2,100,Met,MAR,A,0.383673574
MOBY,M2,100,Met,MAR,A,0.058091421
MOBY,M2,100,Met,MAR,A,0.070250091
MOBY,M2,100,Met,MAR,A,0.08646165
MOBY,M2,100,Met,MAR,A,0.11077899
MOBY,M2,100,Met,MAR,A,0.259384951
MOBY,M2,100,Met,MAR,A,0.713308616
MOBY,M2,100,Met,MAR,A,0.680885497
MOBY,M2,100,Met,MAR,A,0.187783897
MOBY,M2,100,Met,MAR,A,0.032423119
MOBY,M2,100,Met,MAR,A,0.037826972
MOBY,M2,100,Met,MAR,A,0.095918393
MOBY,M2,100,Met,MAR,A,0.147254998
MOBY,M2,100,Met,MAR,A,0.052687568
MOBY,M2,100,Met,MAR,A,0.066197201
MOBY,M2,100,Met,MAR,A,0.068899128
MOBY,M2,100,Met,MAR,A,0.047283715
MOBY,M2,100,Met,MAR,A,0.059442385
MOBY,M2,100,Met,MAR,A,0.145904035
MOBY,M2,100,Met,MAR,A,0.097269357
MOBY,M2,100,Met,MAR,A,0.248577245
MOBY,M2,100,Met,MAR,A,0.212101236
MOBY,M2,100,Met,MAR,A,0.20129353
MOBY,M2,100,Met,MAR,A,0.033774082
MOBY,M2,100,Met,MAR,A,0.105375136
MOBY,M2,100,Met,MAR,A,0.133745366
MOBY,M2,100,Met,MAR,A,0.052687568
MOBY,M2,100,Met,MAR,A,0.143202109
MOBY,M2,100,Met,MAR,A,0.047283715
MOBY,M2,100,Met,MAR,A,0.162115595
MOBY,M2,100,Met,MAR,A,0.172923301
MOBY,M2,100,Met,MAR,A,0.037826972
MOBY,M2,100,Met,MAR,A,0.203995457
MOBY,M2,100,Met,MAR,A,0.077004907
MOBY,M2,100,Met,MAR,A,0.270192658
MOBY,M2,100,Met,MAR,A,1.657631955
MOBY,M2,100,Met,MAR,A,0.236418575
MOBY,M2,100,Met,MAR,A,0.083759724
MOBY,M2,100,Met,MAR,A,0.343144675
MOBY,M2,100,Met,MAR,A,0.487697747
MOBY,M2,100,Met,MAR,A,0.066197201
MOBY,M2,100,Met,MAR,A,0.044581789
MOBY,M2,100,Met,MAR,A,0.035125045
MOBY,M2,100,Met,MAR,A,0.056740458
MOBY,M2,100,Met,MAR,A,0.020264449
MOBY,M2,100,Met,MAR,A,0.028370229
MOBY,M2,100,Met,MAR,A,0.244524355
MOBY,M2,100,Met,MAR,A,0.687640314
MOBY,M2,100,Met,MAR,A,0.082408761
MOBY,M2,100,Met,MAR,A,0.018913486
MOBY,M2,100,Met,MAR,A,0.19724064
MOBY,M2,100,Met,MAR,A,0.048634678
MOBY,M2,100,Met,MAR,A,0.29180807
MOBY,M2,100,Met,MAR,A,0.302615777
MOBY,M2,100,Met,MAR,A,0.047283715
MOBY,M2,100,Met,MAR,A,0.078355871
MOBY,M2,100,Met,MAR,A,0.185081971
MOBY,M2,100,Met,MAR,A,0.033774082
MOBY,M2,100,Met,MAR,A,0.112129953
MOBY,M2,100,Met,MAR,A,0.167519448
MOBY,M2,100,Met,MAR,A,0.183731007
MOBY,M2,100,Met,MAR,A,0.140500182
MOBY,M2,100,Met,MAR,A,0.143202109
MOBY,M2,100,Met,MAR,A,0.032423119
MOBY,M2,100,Met,MAR,A,0.317476373
MOBY,M2,100,Met,MAR,A,0.413394766
MOBY,M2,100,Met,MAR,A,0.271543621
MOBY,M2,100,Met,MAR,A,0.043230825
MOBY,M2,100,Met,MAR,A,0.472837151
MOBY,M2,100,Met,MAR,A,0.035125045
MOBY,M2,100,Met,MAR,A,0.220207016
MOBY,M2,100,Met,MAR,A,0.051336605
MOBY,M2,100,Met,MAR,A,0.11077899
MOBY,M2,100,Met,MAR,A,0.08646165
MOBY,M2,100,Met,MAR,A,0.070250091
MOBY,M2,100,Met,MAR,A,0.049985642
MOBY,M2,100,Met,MAR,A,0.298562887
MOBY,M2,100,Met,MAR,A,0.124288623
MOBY,M2,100,Met,MAR,A,0.999712833
MOBY,M2,100,Met,MAR,A,0.052687568
MOBY,M2,100,Met,MAR,A,0.310721556
MOBY,M2,100,Met,MAR,A,0.060793348
MOBY,M2,100,Met,MAR,A,0.024317339
MOBY,M2,100,Met,MAR,A,0.190485824
MOBY,M2,100,Met,MAR,A,0.105375136
MOBY,M2,100,Met,MAR,A,0.324231189
MOBY,M2,100,Met,MAR,A,0.066197201
MOBY,M2,100,Met,MAR,A,0.035125045
MOBY,M2,100,Met,MAR,A,0.117533806
MOBY,M2,100,Met,MAR,A,0.639005635
MOBY,M2,100,Met,MAR,A,0.068899128
MOBY,M2,100,Met,MAR,A,0.101322247
MOBY,M2,100,Met,MAR,A,0.056740458
MOBY,M2,100,Met,MAR,A,0.367462014
MOBY,M2,100,Met,MAR,A,0.131043439
MOBY,M2,100,Met,MAR,A,0.041879862
MOBY,M2,100,Met,MAR,A,0.070250091
MOBY,M2,100,Met,MAR,A,0.067548164
MOBY,M2,100,Met,MAR,A,0.176976191
MOBY,M2,100,Met,MAR,A,0.056740458
MOBY,M2,100,Met,MAR,A,0.326933116
MOBY,M2,100,Met,MAR,A,0.095918393
MOBY,M2,100,Met,MAR,A,0.039177935
MOBY,M2,100,Met,MAR,A,0.241822429
MOBY,M2,100,Met,MAR,A,0.113480916
MOBY,M2,100,Met,MAR,A,0.029721192
MOBY,M2,100,Met,MAR,A,0.128341512
MOBY,M2,100,Met,MAR,A,0.162115595
MOBY,M2,100,Met,MAR,A,0.112129953
MOBY,M2,100,Met,MAR,A,0.125639586
MOBY,M2,100,Met,MAR,A,0.232365686
MOBY,M2,100,Met,MAR,A,0.154009815
MOBY,M2,100,Met,MAR,A,0.140500182
MOBY,M2,100,Met,MAR,A,0.081057797
MOBY,M2,100,Met,MAR,A,0.151307888
MOBY,M2,100,Met,MAR,A,0.033774082
MOBY,M2,100,Met,MAR,A,0.521471829
MOBY,M2,100,Met,MAR,A,0.033774082
MOBY,M2,100,Met,MAR,A,0.082408761
MOBY,M2,100,Met,MAR,A,0.074302981
MOBY,M2,100,Met,MAR,A,0.064846238
MOBY,M2,100,Met,MAR,A,0.082408761
MOBY,M2,100,Met,MAR,A,0.020264449
MOBY,M2,100,Met,MAR,A,0.1067261
MOBY,M2,100,Met,MAR,A,0.091865504
MOBY,M2,100,Met,MAR,A,0.268841694
MOBY,M2,100,Met,MAR,A,0.378269721
MOBY,M2,100,Met,MAR,A,0.112129953
MOBY,M2,100,Met,MAR,A,0.027019266
MOBY,M2,100,Met,MAR,A,0.132394402
MOBY,M2,100,Met,MAR,A,0.048634678
MOBY,M2,100,Met,MAR,A,0.08646165
MOBY,M2,100,Met,MAR,A,0.097269357
MOBY,M2,100,Met,MAR,A,0.09051454
MOBY,M2,100,Met,MAR,A,0.186432934
MOBY,M2,100,Met,MAR,A,0.152658852
MOBY,M2,100,Met,MAR,A,0.245875318
MOBY,M2,100,Met,MAR,A,0.602529627
MOBY,M2,100,Met,MAR,A,0.018913486
MOBY,M2,100,Met,MAR,A,0.171572338
MOBY,M2,100,Met,MAR,A,0.41069284
MOBY,M2,100,Met,MAR,A,0.121586696
MOBY,M2,100,Met,MAR,A,0.085110687
MOBY,M2,100,Met,MAR,A,0.480942931
MOBY,M2,100,Met,MAR,A,0.071601054
MOBY,M2,100,Met,MAR,A,0.233716649
MOBY,M2,100,Met,MAR,A,0.062144311
MOBY,M2,100,Met,MAR,A,0.145904035
MOBY,M2,100,Met,MAR,A,0.089163577
MOBY,M2,100,Met,MAR,A,0.041879862
MOBY,M2,100,Met,MAR,A,0.258033988
MOBY,M2,100,Met,MAR,A,0.10267321
MOBY,M2,100,Met,MAR,A,0.136447292
MOBY,M2,100,Met,MAR,A,0.118884769
MOBY,M2,100,Met,MAR,A,0.149956925
MOBY,M2,100,Met,MAR,A,0.044581789
MOBY,M2,100,Met,MAR,A,0.060793348
MOBY,M2,100,Met,MAR,A,0.140500182
MOBY,M2,100,Met,MAR,A,0.144553072
MOBY,M2,100,Met,MAR,A,0.170221374
MOBY,M2,100,Met,MAR,A,0.360707198
MOBY,M2,100,Met,MAR,A,0.170221374
MOBY,M2,100,Met,MAR,A,0.132394402
MOBY,M2,100,Met,MAR,A,0.166168484
MOBY,M2,100,Met,MAR,A,0.047283715
MOBY,M2,100,Met,MAR,A,0.158062705
MOBY,M2,100,Met,MAR,A,0.09456743
MOBY,M2,100,Met,MAR,A,0.385024537
MOBY,M2,100,Met,MAR,A,0.206697383
MOBY,M2,100,Met,MAR,A,0.135096329
MOBY,M2,100,Met,MAR,A,0.058091421
MOBY,M2,100,Met,MAR,A,0.293159034
MOBY,M2,100,Met,MAR,A,0.135096329
MOBY,M2,100,Met,MAR,A,0.035125045
MOBY,M2,100,Met,MAR,A,0.229663759
MOBY,M2,100,Met,MAR,A,0.049985642
MOBY,M2,100,Met,MAR,A,0.322880226
MOBY,M2,100,Met,MAR,A,0.095918393
MOBY,M2,100,Met,MAR,A,0.032423119
MOBY,M2,100,Met,MAR,A,0.162115595
MOBY,M2,100,Met,MAR,A,0.131043439
MOBY,M2,100,Met,MAR,A,0.228312796
MOBY,M2,100,Met,MAR,A,0.155360778
MOBY,M2,100,Met,MAR,A,0.067548164
MOBY,M2,100,Met,MAR,A,0.703851873
MOBY,M2,100,Met,MAR,A,0.352601418
MOBY,M2,100,Met,MAR,A,0.439063069
MOBY,M2,100,Met,MAR,A,0.052687568
MOBY,M2,100,Met,MAR,A,0.067548164
MOBY,M2,100,Met,MAR,A,0.521471829
MOBY,M2,100,Met,MAR,A,0.152658852
MOBY,M2,100,Met,MAR,A,0.29180807
MOBY,M2,100,Met,MAR,A,0.079706834
MOBY,M2,100,Met,MAR,A,0.051336605
MOBY,M2,100,Met,MAR,A,0.480942931
MOBY,M2,100,Met,MAR,A,0.132394402
MOBY,M2,100,Met,MAR,A,0.095918393
MOBY,M2,100,Met,MAR,A,0.41069284
MOBY,M2,100,Met,MAR,A,0.339091785
MOBY,M2,100,Met,MAR,A,0.143202109
MOBY,M2,100,Met,MAR,A,0.375567794
MOBY,M2,100,Met,MAR,A,0.166168484
MOBY,M2,100,Met,MAR,A,0.529577609
MOBY,M2,100,Met,MAR,A,0.070250091
MOBY,M2,100,Met,MAR,A,0.371514904
MOBY,M2,100,Met,MAR,A,0.060793348
MOBY,M2,100,Met,MAR,A,0.18913486
MOBY,M2,100,Met,MAR,A,0.117533806
MOBY,M2,100,Met,MAR,A,0.2134522
MOBY,M2,100,Met,MAR,A,0.09456743
MOBY,M2,100,Met,MAR,A,0.286404217
MOBY,M2,100,Met,MAR,A,0.216154126
MOBY,M2,100,Met,MAR,A,0.109428026
MOBY,M2,100,Met,MAR,A,0.1067261
MOBY,M2,100,Met,MAR,A,0.043230825
MOBY,M2,100,Met,MAR,A,0.067548164
MOBY,M2,100,Met,MAR,A,0.548491095
MOBY,M2,100,Met,MAR,A,0.116182843
MOBY,M2,100,Met,MAR,A,0.439063069
MOBY,M2,100,Met,MAR,A,0.117533806
MOBY,M2,100,Met,MAR,A,0.055389495
MOBY,M2,100,Met,MAR,A,0.10267321
MOBY,M2,100,Met,MAR,A,0.081057797
MOBY,M2,100,Met,MAR,A,0.158062705
MOBY,M2,100,Met,MAR,A,0.159413668
MOBY,M2,100,Met,MAR,A,0.006754816
MOBY,M2,100,Met,MAR,A,0.185081971
MOBY,M2,100,Met,MAR,A,0.251279172
MOBY,M2,100,Met,MAR,A,0.067548164
MOBY,M2,100,Met,MAR,A,0.071601054
MOBY,M2,100,Met,MAR,A,0.133745366
MOBY,M2,100,Met,MAR,A,0.302615777
MOBY,M2,100,Met,MAR,A,0.412043803
MOBY,M2,100,Met,MAR,A,0.105375136
MOBY,M2,100,Met,MAR,A,0.083759724
MOBY,M2,100,Met,MAR,A,0.152658852
MOBY,M2,100,Met,MAR,A,0.276947474
MOBY,M2,100,Met,MAR,A,0.212101236
MOBY,M2,100,Met,MAR,B,0.325517821
MOBY,M2,100,Met,MAR,B,0.195310693
MOBY,M2,100,Met,MAR,B,0.069049235
MOBY,M2,100,Met,MAR,B,0.248577245
MOBY,M2,100,Met,MAR,B,0.106533105
MOBY,M2,100,Met,MAR,B,0.181500846
MOBY,M2,100,Met,MAR,B,0.039456706
MOBY,M2,100,Met,MAR,B,0.029592529
MOBY,M2,100,Met,MAR,B,0.100614599
MOBY,M2,100,Met,MAR,B,0.183473681
MOBY,M2,100,Met,MAR,B,0.199256363
MOBY,M2,100,Met,MAR,B,0.086804752
MOBY,M2,100,Met,MAR,B,0.209120539
MOBY,M2,100,Met,MAR,B,0.274224104
MOBY,M2,100,Met,MAR,B,0.120342952
MOBY,M2,100,Met,MAR,B,0.197283528
MOBY,M2,100,Met,MAR,B,0.086804752
MOBY,M2,100,Met,MAR,B,0.185446516
MOBY,M2,100,Met,MAR,B,0.140071305
MOBY,M2,100,Met,MAR,B,0.291979621
MOBY,M2,100,Met,MAR,B,0.074967741
MOBY,M2,100,Met,MAR,B,0.102587434
MOBY,M2,100,Met,MAR,B,0.126261458
MOBY,M2,100,Met,MAR,B,0.159799658
MOBY,M2,100,Met,MAR,B,0.047348047
MOBY,M2,100,Met,MAR,B,0.055239388
MOBY,M2,100,Met,MAR,B,0.118370117
MOBY,M2,100,Met,MAR,B,0.189392187
MOBY,M2,100,Met,MAR,B,0.047348047
MOBY,M2,100,Met,MAR,B,0.151908316
MOBY,M2,100,Met,MAR,B,0.134152799
MOBY,M2,100,Met,MAR,B,0.094696093
MOBY,M2,100,Met,MAR,B,0.07102207
MOBY,M2,100,Met,MAR,B,0.051293717
MOBY,M2,100,Met,MAR,B,0.38864855
MOBY,M2,100,Met,MAR,B,0.023674023
MOBY,M2,100,Met,MAR,B,0.078913411
MOBY,M2,100,Met,MAR,B,0.262387092
MOBY,M2,100,Met,MAR,B,0.080886246
MOBY,M2,100,Met,MAR,B,0.072994905
MOBY,M2,100,Met,MAR,B,0.501100161
MOBY,M2,100,Met,MAR,B,0.254495751
MOBY,M2,100,Met,MAR,B,0.147962646
MOBY,M2,100,Met,MAR,B,0.157826822
MOBY,M2,100,Met,MAR,B,0.035511035
MOBY,M2,100,Met,MAR,B,0.096668929
MOBY,M2,100,Met,MAR,B,0.061157894
MOBY,M2,100,Met,MAR,B,0.14204414
MOBY,M2,100,Met,MAR,B,0.07102207
MOBY,M2,100,Met,MAR,B,0.218984716
MOBY,M2,100,Met,MAR,B,0.063130729
MOBY,M2,100,Met,MAR,B,0.090750423
MOBY,M2,100,Met,MAR,B,0.096668929
MOBY,M2,100,Met,MAR,B,0.049320882
MOBY,M2,100,Met,MAR,B,0.272251268
MOBY,M2,100,Met,MAR,B,0.222930386
MOBY,M2,100,Met,MAR,B,0.128234293
MOBY,M2,100,Met,MAR,B,0.305789468
MOBY,M2,100,Met,MAR,B,0.051293717
MOBY,M2,100,Met,MAR,B,0.118370117
MOBY,M2,100,Met,MAR,B,0.325517821
MOBY,M2,100,Met,MAR,B,0.078913411
MOBY,M2,100,Met,MAR,B,0.059185058
MOBY,M2,100,Met,MAR,B,0.207147704
MOBY,M2,100,Met,MAR,B,0.244631575
MOBY,M2,100,Met,MAR,B,0.361028856
MOBY,M2,100,Met,MAR,B,0.072994905
MOBY,M2,100,Met,MAR,B,0.057212223
MOBY,M2,100,Met,MAR,B,0.224903222
MOBY,M2,100,Met,MAR,B,0.027619694
MOBY,M2,100,Met,MAR,B,0.305789468
MOBY,M2,100,Met,MAR,B,0.114424446
MOBY,M2,100,Met,MAR,B,0.185446516
MOBY,M2,100,Met,MAR,B,0.270278433
MOBY,M2,100,Met,MAR,B,0.159799658
MOBY,M2,100,Met,MAR,B,0.149935481
MOBY,M2,100,Met,MAR,B,0.333409162
MOBY,M2,100,Met,MAR,B,0.220957551
MOBY,M2,100,Met,MAR,B,0.17952801
MOBY,M2,100,Met,MAR,B,0.173609504
MOBY,M2,100,Met,MAR,B,0.051293717
MOBY,M2,100,Met,MAR,B,0.268305598
MOBY,M2,100,Met,MAR,B,0.035511035
MOBY,M2,100,Met,MAR,B,0.187419351
MOBY,M2,100,Met,MAR,B,0.112451611
MOBY,M2,100,Met,MAR,B,0.090750423
MOBY,M2,100,Met,MAR,B,0.088777588
MOBY,M2,100,Met,MAR,B,0.039456706
MOBY,M2,100,Met,MAR,B,0.410349738
MOBY,M2,100,Met,MAR,B,0.035511035
MOBY,M2,100,Met,MAR,B,0.10850594
MOBY,M2,100,Met,MAR,B,0.313680809
MOBY,M2,100,Met,MAR,B,0.195310693
MOBY,M2,100,Met,MAR,B,0.242658739
MOBY,M2,100,Met,MAR,B,0.149935481
MOBY,M2,100,Met,MAR,B,0.406404067
MOBY,M2,100,Met,MAR,B,0.112451611
MOBY,M2,100,Met,MAR,B,0.094696093
MOBY,M2,100,Met,MAR,B,0.025646859
MOBY,M2,100,Met,MAR,B,0.074967741
MOBY,M2,100,Met,MAR,B,0.078913411
MOBY,M2,100,Met,MAR,B,0.418241079
MOBY,M2,100,Met,MAR,B,0.205174869
MOBY,M2,100,Met,MAR,B,0.031565364
MOBY,M2,100,Met,MAR,B,0.136125634
MOBY,M2,100,Met,MAR,B,0.726003382
MOBY,M2,100,Met,MAR,B,0.327490656
MOBY,M2,100,Met,MAR,B,0.341300503
MOBY,M2,100,Met,MAR,B,0.130207128
MOBY,M2,100,Met,MAR,B,0.268305598
MOBY,M2,100,Met,MAR,B,0.049320882
MOBY,M2,100,Met,MAR,B,0.0335382
MOBY,M2,100,Met,MAR,B,0.084831917
MOBY,M2,100,Met,MAR,B,0.061157894
MOBY,M2,100,Met,MAR,B,0.078913411
MOBY,M2,100,Met,MAR,B,0.0335382
MOBY,M2,100,Met,MAR,B,0.126261458
MOBY,M2,100,Met,MAR,B,0.315653645
MOBY,M2,100,Met,MAR,B,0.242658739
MOBY,M2,100,Met,MAR,B,0.031565364
MOBY,M2,100,Met,MAR,B,0.110478776
MOBY,M2,100,Met,MAR,B,0.138098469
MOBY,M2,100,Met,MAR,B,0.372865868
MOBY,M2,100,Met,MAR,B,0.138098469
MOBY,M2,100,Met,MAR,B,0.025646859
MOBY,M2,100,Met,MAR,B,0.435996596
MOBY,M2,100,Met,MAR,B,0.106533105
MOBY,M2,100,Met,MAR,B,0.059185058
MOBY,M2,100,Met,MAR,B,0.063130729
MOBY,M2,100,Met,MAR,B,0.286061115
MOBY,M2,100,Met,MAR,B,0.069049235
MOBY,M2,100,Met,MAR,B,0.288033951
MOBY,M2,100,Met,MAR,B,0.339327668
MOBY,M2,100,Met,MAR,B,0.149935481
MOBY,M2,100,Met,MAR,B,0.015782682
MOBY,M2,100,Met,MAR,B,0.029592529
MOBY,M2,100,Met,MAR,B,0.039456706
MOBY,M2,100,Met,MAR,B,0.25055008
MOBY,M2,100,Met,MAR,B,0.041429541
MOBY,M2,100,Met,MAR,B,0.116397281
MOBY,M2,100,Met,MAR,B,0.021701188
MOBY,M2,100,Met,MAR,B,0.252522916
MOBY,M2,100,Met,MAR,B,0.207147704
MOBY,M2,100,Met,MAR,B,0.299870962
MOBY,M2,100,Met,MAR,B,0.076940576
MOBY,M2,100,Met,MAR,B,0.149935481
MOBY,M2,100,Met,MAR,B,0.248577245
MOBY,M2,100,Met,MAR,B,0.153881152
MOBY,M2,100,Met,MAR,B,0.21306621
MOBY,M2,100,Met,MAR,B,0.051293717
MOBY,M2,100,Met,MAR,B,0.291979621
MOBY,M2,100,Met,MAR,B,0.124288623
MOBY,M2,100,Met,MAR,B,0.345246174
MOBY,M2,100,Met,MAR,B,0.295925292
MOBY,M2,100,Met,MAR,B,0.589877748
MOBY,M2,100,Met,MAR,B,0.027619694
MOBY,M2,100,Met,MAR,B,0.027619694
MOBY,M2,100,Met,MAR,B,0.043402376
MOBY,M2,100,Met,MAR,B,0.165718163
MOBY,M2,100,Met,MAR,B,0.069049235
MOBY,M2,100,Met,MAR,B,0.118370117
MOBY,M2,100,Met,MAR,B,0.159799658
MOBY,M2,100,Met,MAR,B,0.041429541
MOBY,M2,100,Met,MAR,B,0.60171476
MOBY,M2,100,Met,MAR,B,0.451779279
MOBY,M2,100,Met,MAR,B,0.297898127
MOBY,M2,100,Met,MAR,B,0.32157215
MOBY,M2,100,Met,MAR,B,0.290006786
MOBY,M2,100,Met,MAR,B,0.128234293
MOBY,M2,100,Met,MAR,B,0.088777588
MOBY,M2,100,Met,MAR,B,0.580013572
MOBY,M2,100,Met,MAR,B,0.072994905
MOBY,M2,100,Met,MAR,B,0.185446516
MOBY,M2,100,Met,MAR,B,0.03748387
MOBY,M2,100,Met,MAR,B,0.069049235
MOBY,M2,100,Met,MAR,B,0.118370117
MOBY,M2,100,Met,MAR,B,0.088777588
MOBY,M2,100,Met,MAR,B,0.011837012
MOBY,M2,100,Met,MAR,B,0.224903222
MOBY,M2,100,Met,MAR,B,0.151908316
MOBY,M2,100,Met,MAR,B,0.076940576
MOBY,M2,100,Met,MAR,B,0.128234293
MOBY,M2,100,Met,MAR,B,0.07102207
MOBY,M2,100,Met,MAR,B,0.045375211
MOBY,M2,100,Met,MAR,B,0.134152799
MOBY,M2,100,Met,MAR,B,0.24660441
MOBY,M2,100,Met,MAR,B,0.061157894
MOBY,M2,100,Met,MAR,B,0.074967741
MOBY,M2,100,Met,MAR,B,0.0335382
MOBY,M2,100,Met,MAR,B,0.268305598
MOBY,M2,100,Met,MAR,B,0.120342952
MOBY,M2,100,Met,MAR,B,0.078913411
MOBY,M2,100,Met,MAR,B,0.021701188
MOBY,M2,100,Met,MAR,B,0.031565364
MOBY,M2,100,Met,MAR,B,0.114424446
MOBY,M2,100,Met,MAR,B,0.183473681
MOBY,M2,100,Met,MAR,B,0.03748387
MOBY,M2,100,Met,MAR,B,0.03748387
MOBY,M2,100,Met,MAR,B,0.554366713
MOBY,M2,100,Met,MAR,B,0.258441421
MOBY,M2,100,Met,MAR,B,0.124288623
MOBY,M2,100,Met,MAR,B,0.084831917
MOBY,M2,100,Met,MAR,B,0.102587434
MOBY,M2,100,Met,MAR,B,0.205174869
MOBY,M2,100,Met,MAR,B,0.067076399
MOBY,M2,100,Met,MAR,B,0.061157894
MOBY,M2,100,Met,MAR,B,0.019728353
MOBY,M2,100,Met,MAR,B,0.090750423
MOBY,M2,100,Met,MAR,B,0.207147704
MOBY,M2,100,Met,MAR,B,0.126261458
MOBY,M2,100,Met,MAR,B,0.161772493
MOBY,M2,100,Met,MAR,B,0.055239388
MOBY,M2,100,Met,MAR,B,0.167690999
MOBY,M2,100,Met,MAR,B,0.03748387
MOBY,M2,100,Met,MAR,B,0.228848892
MOBY,M2,100,Met,MAR,B,0.153881152
MOBY,M2,100,Met,MAR,B,0.124288623
MOBY,M2,100,Met,MAR,B,0.35511035
MOBY,M2,100,Met,MAR,B,0.0335382
MOBY,M2,100,Met,MAR,B,0.053266553
MOBY,M2,100,Met,MAR,B,0.325517821
MOBY,M2,100,Met,MAR,B,0.217011881
MOBY,M2,100,Met,MAR,B,0.072994905
MOBY,M2,100,Met,MAR,B,0.0335382
MOBY,M2,100,Met,MAR,B,0.412322573
MOBY,M2,100,Met,MAR,B,0.031565364
MOBY,M2,100,Met,MAR,B,0.102587434
MOBY,M2,100,Met,MAR,B,0.17952801
MOBY,M2,100,Met,MAR,B,0.434023761
MOBY,M2,100,Met,MAR,B,0.165718163
MOBY,M2,100,Met,MAR,B,0.072994905
MOBY,M2,100,Met,MAR,B,0.378784373
MOBY,M2,100,Met,MAR,B,0.132179964
MOBY,M2,100,Met,MAR,B,0.181500846
MOBY,M2,100,Met,MAR,B,0.025646859
MOBY,M2,100,Met,MAR,B,0.333409162
MOBY,M2,100,Met,MAR,B,0.147962646
MOBY,M2,100,Met,MAR,B,0.264359927
MOBY,M2,100,Met,MAR,B,0.086804752
MOBY,M2,100,Met,MAR,B,0.100614599
MOBY,M2,100,Met,MAR,B,0.116397281
MOBY,M2,100,Met,MAR,B,0.041429541
MOBY,M2,100,Met,MAR,B,0.035511035
MOBY,M2,100,Met,MAR,B,0.286061115
MOBY,M2,100,Met,MAR,B,0.224903222
MOBY,M2,100,Met,MAR,B,0.092723258
MOBY,M2,100,Met,MAR,B,0.144016975
MOBY,M2,100,Met,MAR,B,0.173609504
MOBY,M2,100,Met,MAR,B,0.061157894
MOBY,M2,100,Met,MAR,B,0.063130729
MOBY,M2,100,Met,MAR,B,0.116397281
MOBY,M2,100,Met,MAR,B,0.07102207
MOBY,M2,100,Met,MAR,B,0.270278433
MOBY,M2,100,Met,MAR,B,0.138098469
MOBY,M2,100,Met,MAR,B,0.207147704
MOBY,M2,100,Met,MAR,B,0.291979621
MOBY,M2,100,Met,MAR,B,0.100614599
MOBY,M2,100,Met,MAR,B,0.124288623
MOBY,M2,100,Met,MAR,B,0.147962646
MOBY,M2,100,Met,MAR,B,0.025646859
MOBY,M2,100,Met,MAR,B,0.236740233
MOBY,M2,100,Met,MAR,B,0.248577245
MOBY,M2,100,Met,MAR,B,0.252522916
MOBY,M2,100,Met,MAR,B,0.189392187
MOBY,M2,100,Met,MAR,B,0.339327668
MOBY,M2,100,Met,MAR,B,0.157826822
MOBY,M2,100,Met,MAR,B,0.084831917
MOBY,M2,100,Met,MAR,B,0.053266553
MOBY,M2,100,Met,MAR,B,0.151908316
MOBY,M2,100,Met,MAR,B,0.025646859
MOBY,M2,100,Met,MAR,B,0.102587434
MOBY,M2,100,Met,MAR,B,0.027619694
MOBY,M2,100,Met,MAR,B,0.082859082
MOBY,M2,100,Met,MAR,B,0.025646859
MOBY,M2,100,Met,MAR,B,0.017755518
MOBY,M2,100,Met,MAR,B,0.069049235
MOBY,M2,100,Met,MAR,B,0.266332763
MOBY,M2,100,Met,MAR,B,0.045375211
MOBY,M2,100,Met,MAR,B,0.222930386
MOBY,M2,100,Met,MAR,B,0.386675715
MOBY,M2,100,Met,MAR,B,0.015782682
MOBY,M2,100,Met,MAR,B,0.262387092
MOBY,M2,100,Met,MAR,B,0.082859082
MOBY,M2,100,Met,MAR,B,0.518855678
MOBY,M2,100,Met,MAR,B,0.31762648
MOBY,M2,100,Met,MAR,B,0.258441421
MOBY,M2,100,Met,MAR,B,0.047348047
MOBY,M2,100,Met,MAR,B,0.14204414
MOBY,M2,100,Met,MAR,B,0.185446516
MOBY,M2,100,Met,MAR,B,0.485317478
MOBY,M2,100,Met,MAR,B,0.114424446
MOBY,M2,100,Met,MAR,B,0.043402376
MOBY,M2,100,Met,MAR,B,0.272251268
MOBY,M2,100,Met,MAR,B,0.03748387
MOBY,M2,100,Met,MAR,B,0.171636669
MOBY,M2,100,Met,MAR,B,0.106533105
MOBY,M2,100,Met,MAR,B,0.276196939
MOBY,M2,100,Met,MAR,B,0.327490656
MOBY,M2,100,Met,MAR,B,0.112451611
MOBY,M2,100,Met,MAR,B,0.017755518
MOBY,M2,100,Met,MAR,B,0.041429541
MOBY,M2,100,Met,MAR,B,0.047348047
MOBY,M2,100,Met,MAR,B,0.842400664
MOBY,M2,100,Met,MAR,B,0.120342952
MOBY,M2,100,Met,MAR,B,0.155853987
MOBY,M2,100,Met,MAR,B,0.134152799
MOBY,M2,100,Met,MAR,B,0.224903222
MOBY,M2,100,Met,MAR,B,0.084831917
MOBY,M2,100,Met,MAR,B,0.047348047
MOBY,M2,100,Met,MAR,B,0.011837012
MOBY,M2,100,Met,MAR,B,0.163745328
MOBY,M2,100,Met,MAR,B,0.311707974
MOBY,M2,100,Met,MAR,B,0.017755518
MOBY,M2,100,Met,MAR,B,0.441915102
MOBY,M2,100,Met,MAR,B,0.053266553
MOBY,M2,100,Met,MAR,B,0.092723258
MOBY,M2,100,Met,MAR,B,0.063130729
MOBY,M2,100,Met,MAR,B,0.134152799
MOBY,M2,100,Met,MAR,B,0.165718163
MOBY,M2,100,Met,MAR,B,0.027619694
MOBY,M2,100,Met,MAR,B,0.074967741
MOBY,M2,100,Met,MAR,B,0.074967741
MOBY,M2,100,Met,MAR,B,0.169663834
MOBY,M2,100,Met,MAR,B,0.043402376
MOBY,M2,100,Met,MAR,B,0.183473681
MOBY,M2,100,Met,MAR,B,0.305789468
MOBY,M2,100,Met,MAR,B,0.132179964
MOBY,M2,100,Met,MAR,B,0.076940576
MOBY,M2,100,Met,MAR,B,0.049320882
MOBY,M2,100,Met,MAR,B,0.031565364
MOBY,M2,100,Met,MAR,B,0.211093375
MOBY,M2,100,Met,MAR,B,0.163745328
MOBY,M2,100,Met,MAR,B,0.337354833
MOBY,M2,100,Met,MAR,B,0.386675715
MOBY,M2,100,Met,MAR,B,1.008118827
MOBY,M2,100,Met,MAR,B,0.10456027
MOBY,M2,100,Met,MAR,B,0.248577245
MOBY,M2,100,Met,MAR,B,0.051293717
MOBY,M2,100,Met,MAR,B,0.260414257
MOBY,M2,100,Met,MAR,B,0.067076399
MOBY,M2,100,Met,MAR,B,0.128234293
MOBY,M2,100,Met,MAR,B,0.031565364
MOBY,M2,100,Met,MAR,B,0.015782682
MOBY,M2,100,Met,MAR,B,0.291979621
MOBY,M2,100,Met,MAR,B,0.100614599
MOBY,M2,100,Met,MAR,B,0.084831917
MOBY,M2,100,Met,MAR,B,0.065103564
MOBY,M2,100,Met,MAR,B,0.171636669
MOBY,M2,100,Met,MAR,B,0.195310693
MOBY,M2,100,Met,MAR,B,0.138098469
MOBY,M2,100,Met,MAR,B,0.063130729
MOBY,M2,100,Met,MAR,B,0.278169774
MOBY,M2,100,Met,MAR,B,0.063130729
MOBY,M2,100,Met,MAR,B,0.307762303
MOBY,M2,100,Met,MAR,B,0.029592529
MOBY,M2,100,Met,MAR,B,0.10456027
MOBY,M2,100,Met,MAR,B,0.065103564
MOBY,M2,100,Met,MAR,B,0.199256363
MOBY,M2,100,Met,MAR,B,0.039456706
MOBY,M2,100,Met,MAR,B,0.065103564
MOBY,M2,100,Met,MAR,B,0.319599315
MOBY,M2,100,Met,MAR,B,0.262387092
MOBY,M2,100,Met,MAR,B,0.268305598
MOBY,M2,100,Met,MAR,B,0.238713069
MOBY,M2,100,Met,MAR,B,0.035511035
MOBY,M2,100,Met,MAR,B,0.074967741
MOBY,M2,100,Met,MAR,B,0.086804752
MOBY,M2,100,Met,MAR,B,0.499127325
MOBY,M2,100,Met,MAR,B,0.092723258
MOBY,M2,100,Met,MAR,B,0.090750423
MOBY,M2,100,Met,MAR,B,0.169663834
MOBY,M2,100,Met,MAR,B,0.487290314
MOBY,M2,100,Met,MAR,B,0.370893032
MOBY,M2,100,Met,MAR,B,0.027619694
MOBY,M2,100,Met,MAR,B,0.124288623
MOBY,M2,100,Met,MAR,B,0.106533105
MOBY,M2,100,Met,MAR,B,0.031565364
MOBY,M2,100,Met,MAR,B,0.084831917
MOBY,M2,100,Met,MAR,B,0.25055008
MOBY,M2,100,Met,MAR,B,0.230821728
MOBY,M2,100,Met,MAR,B,0.039456706
MOBY,M2,100,Met,MAR,B,0.035511035
MOBY,M2,100,Met,MAR,B,0.069049235
MOBY,M2,100,Met,MAR,B,0.100614599
MOBY,M2,100,Met,MAR,B,0.078913411
MOBY,M2,100,Met,MAR,B,0.094696093
MOBY,M2,100,Met,MAR,B,0.157826822
MOBY,M2,100,Met,MAR,B,0.10850594
MOBY,M2,100,Met,MAR,B,0.28408828
MOBY,M2,100,Met,MAR,B,0.39259422
MOBY,M2,100,Met,MAR,B,0.157826822
MOBY,M2,100,Met,MAR,B,0.03748387
MOBY,M2,100,Met,MAR,B,0.173609504
MOBY,M2,100,Met,MAR,B,0.074967741
MOBY,M2,100,Met,MAR,B,0.0335382
MOBY,M2,100,Met,MAR,B,0.167690999
MOBY,M2,100,Met,MAR,B,0.019728353
MOBY,M2,100,Met,MAR,B,0.211093375
MOBY,M2,100,Met,MAR,B,0.21306621
MOBY,M2,100,Met,MAR,B,0.106533105
MOBY,M2,100,Met,MAR,B,0.380757209
MOBY,M2,100,Met,MAR,B,0.035511035
MOBY,M2,100,Met,MAR,B,0.096668929
MOBY,M2,100,Met,MAR,B,0.120342952
MOBY,M2,100,Met,MAR,B,0.045375211
MOBY,M2,100,Met,MAR,B,0.404431232
MOBY,M2,100,Met,MAR,B,0.053266553
MOBY,M2,100,Met,MAR,B,0.238713069
MOBY,M2,100,Met,MAR,B,0.065103564
MOBY,M2,100,Met,MAR,B,0.080886246
MOBY,M2,100,Met,MAR,B,0.043402376
MOBY,M2,100,Met,MAR,B,0.136125634
MOBY,M2,100,Met,MAR,B,0.199256363
MOBY,M2,100,Met,MAR,B,0.057212223
MOBY,M2,100,Met,MAR,B,0.218984716
MOBY,M2,100,Met,MAR,B,0.222930386
MOBY,M2,100,Met,MAR,B,0.055239388
MOBY,M2,100,Met,MAR,B,0.173609504
MOBY,M2,100,Met,MAR,B,0.349191844
MOBY,M2,100,Met,MAR,B,0.804916794
MOBY,M2,100,Met,MAR,B,0.112451611
MOBY,M2,100,Met,MAR,B,0.10850594
MOBY,M2,100,Met,MAR,B,0.191365022
MOBY,M2,100,Met,MAR,B,0.481371808
MOBY,M2,100,Met,MAR,B,0.088777588
MOBY,M2,100,Met,MAR,B,0.234767398
MOBY,M2,100,Met,MAR,B,0.114424446
MOBY,M2,100,Met,MAR,B,0.106533105
MOBY,M2,100,Met,MAR,B,0.057212223
MOBY,M2,100,Met,MAR,B,0.266332763
MOBY,M2,100,Met,MAR,B,0.207147704
MOBY,M2,100,Met,MAR,B,0.171636669
MOBY,M2,100,Met,MAR,B,0.072994905
MOBY,M2,100,Met,MAR,B,0.171636669
MOBY,M2,100,Met,MAR,B,0.14204414
MOBY,M2,100,Met,MAR,B,0.061157894
MOBY,M2,100,Met,MAR,B,0.069049235
MOBY,M2,100,Met,MAR,B,0.069049235
MOBY,M2,100,Met,MAR,B,0.147962646
MOBY,M2,100,Met,MAR,B,0.049320882
MOBY,M2,100,Met,MAR,B,0.082859082
MOBY,M2,100,Met,MAR,B,0.027619694
MOBY,M2,100,Met,MAR,B,0.147962646
MOBY,M2,100,Met,MAR,B,0.53463836
MOBY,M2,100,Met,MAR,B,0.069049235
MOBY,M2,100,Met,MAR,B,0.189392187
MOBY,M2,100,Met,MAR,B,0.057212223
MOBY,M2,100,Met,MAR,B,0.082859082
MOBY,M2,100,Met,MAR,B,0.126261458
MOBY,M2,100,Met,MAR,B,0.201229198
MOBY,M2,100,Met,MAR,B,0.418241079
MOBY,M2,100,Met,MAR,B,0.163745328
MOBY,M2,100,Met,MAR,B,0.262387092
MOBY,M2,100,Met,MAR,B,0.053266553
MOBY,M2,100,Met,MAR,B,0.153881152
MOBY,M2,100,Met,MAR,B,0.059185058
MOBY,M2,100,Met,MAR,B,0.124288623
MOBY,M2,100,Met,MAR,B,0.305789468
MOBY,M2,100,Met,MAR,B,0.102587434
MOBY,M2,100,Met,MAR,B,0.140071305
MOBY,M2,100,Met,MAR,B,0.021701188
MOBY,M2,100,Met,MAR,B,0.039456706
MOBY,M2,100,Met,MAR,B,0.467561961
MOBY,M2,100,Met,MAR,B,0.116397281
MOBY,M2,100,Met,MAR,B,0.102587434
MOBY,M2,100,Met,MAR,B,0.209120539
MOBY,M2,100,Met,MAR,B,0.039456706
MOBY,M2,100,Met,MAR,B,0.031565364
MOBY,M2,100,Met,MAR,B,0.112451611
MOBY,M2,100,Met,MAR,B,0.140071305
MOBY,M2,100,Met,MAR,B,0.149935481
MOBY,M2,100,Met,MAR,B,0.100614599
MOBY,M2,100,Met,MAR,B,0.116397281
MOBY,M2,100,Met,MAR,B,0.140071305
MOBY,M2,100,Met,MAR,B,0.076940576
MOBY,M2,100,Met,MAR,B,0.130207128
MOBY,M2,100,Met,MAR,B,0.366947362
MOBY,M2,100,Met,MAR,B,0.088777588
MOBY,M2,100,Met,MAR,B,0.025646859
MOBY,M2,100,Met,MAR,B,0.218984716
MOBY,M2,100,Met,MAR,B,0.076940576
MOBY,M2,100,Met,MAR,B,0.120342952
MOBY,M2,100,Met,MAR,B,0.03748387
MOBY,M2,100,Met,MAR,B,0.157826822
MOBY,M2,100,Met,MAR,B,0.067076399
MOBY,M2,100,Met,MAR,B,0.047348047
MOBY,M2,100,Met,MAR,B,0.151908316
MOBY,M2,100,Met,MAR,B,0.258441421
MOBY,M2,100,Met,MAR,B,0.049320882
MOBY,M2,100,Met,MAR,B,0.043402376
MOBY,M2,100,Met,MAR,B,0.067076399
MOBY,M2,100,Met,MAR,B,0.096668929
MOBY,M2,100,Met,MAR,B,0.114424446
MOBY,M2,100,Met,MAR,B,0.144016975
MOBY,M2,100,Met,MAR,B,0.0335382
MOBY,M2,100,Met,MAR,B,0.353137515
MOBY,M2,100,Met,MAR,B,0.145989811
MOBY,M2,100,Met,MAR,B,0.361028856
MOBY,M2,100,Met,MAR,B,0.0335382
MOBY,M2,100,Met,MAR,B,0.074967741
MOBY,M2,100,Met,MAR,B,0.416268244
MOBY,M2,100,Met,MAR,B,0.122315787
MOBY,M2,100,Met,MAR,B,0.090750423
MOBY,M2,100,Met,MAR,B,0.254495751
MOBY,M2,100,Met,MAR,B,0.049320882
MOBY,M2,100,Met,MAR,B,0.069049235
MOBY,M2,100,Met,MAR,B,0.043402376
MOBY,M2,100,Met,MAR,B,0.047348047
MOBY,M2,100,Met,MAR,B,0.035511035
MOBY,M2,100,Met,MAR,B,0.07102207
MOBY,M2,100,Met,MAR,B,0.311707974
MOBY,M2,100,Met,MAR,B,0.035511035
MOBY,M2,100,Met,MAR,B,0.244631575
MOBY,M2,100,Met,MAR,B,0.132179964
MOBY,M2,100,Met,MAR,B,0.025646859
MOBY,M2,100,Met,MAR,B,0.076940576
MOBY,M2,100,Met,MAR,B,0.25055008
MOBY,M2,100,Met,MAR,B,0.053266553
MOBY,M2,100,Met,MAR,B,0.161772493
MOBY,M2,100,Met,MAR,B,0.248577245
MOBY,M2,100,Met,MAR,B,0.209120539
MOBY,M2,100,Met,MAR,B,0.138098469
MOBY,M2,100,Met,MAR,B,0.043402376
MOBY,M2,100,Met,MAR,B,0.122315787
MOBY,M2,100,Met,MAR,B,0.325517821
MOBY,M2,100,Met,MAR,B,0.021701188
MOBY,M2,100,Met,MAR,B,0.10456027
MOBY,M2,100,Met,MAR,B,0.218984716
MOBY,M2,100,Met,MAR,B,0.171636669
MOBY,M2,100,Met,MAR,B,0.061157894
MOBY,M2,100,Met,MAR,B,0.049320882
MOBY,M2,100,Met,MAR,B,0.193337857
MOBY,M2,100,Met,MAR,B,0.130207128
MOBY,M2,100,Met,MAR,B,0.159799658
MOBY,M2,100,Met,MAR,B,0.201229198
MOBY,M2,100,Met,MAR,B,0.290006786
MOBY,M2,100,Met,MAR,B,0.045375211
MOBY,M2,100,Met,MAR,B,0.065103564
MOBY,M2,100,Met,MAR,B,0.17558234
MOBY,M2,100,Met,MAR,B,0.134152799
MOBY,M2,100,Met,MAR,B,0.106533105
MOBY,M2,100,Met,MAR,B,0.043402376
MOBY,M2,100,Met,MAR,B,0.043402376
MOBY,M2,100,Met,MAR,B,0.076940576
MOBY,M2,100,Met,MAR,B,0.015782682
MOBY,M2,100,Met,MAR,B,0.211093375
MOBY,M2,100,Met,MAR,B,0.576067901
MOBY,M2,100,Met,MAR,B,0.053266553
MOBY,M2,100,Met,MAR,B,0.041429541
MOBY,M2,100,Met,MAR,B,0.094696093
MOBY,M2,100,Met,MAR,B,0.031565364
MOBY,M2,100,Met,MAR,B,0.0335382
MOBY,M2,100,Met,MAR,B,0.061157894
MOBY,M2,100,Met,MAR,B,0.28408828
MOBY,M2,100,Met,MAR,B,0.153881152
MOBY,M2,100,Met,MAR,B,0.080886246
MOBY,M2,100,Met,MAR,B,0.147962646
MOBY,M2,100,Met,MAR,B,0.363001691
MOBY,M2,100,Met,MAR,B,0.013809847
MOBY,M2,100,Met,MAR,B,0.063130729
MOBY,M2,100,Met,MAR,B,0.055239388
MOBY,M2,100,Met,MAR,B,0.270278433
MOBY,M2,100,Met,MAR,B,0.098641764
MOBY,M2,100,Met,MAR,B,0.10456027
MOBY,M2,100,Met,MAR,B,0.122315787
MOBY,M2,100,Met,MAR,B,0.331436327
MOBY,M2,100,Met,MAR,B,0.207147704
MOBY,M2,100,Met,MAR,B,0.096668929
MOBY,M2,100,Met,MAR,B,0.453752114
MOBY,M2,100,Met,MAR,B,0.082859082
MOBY,M2,100,Met,MAR,B,0.078913411
MOBY,M2,100,Met,MAR,B,0.0335382
MOBY,M2,100,Met,MAR,B,0.035511035
MOBY,M2,100,Met,MAR,B,0.067076399
MOBY,M2,100,Met,MAR,B,0.295925292
MOBY,M2,100,Met,MAR,B,0.232794563
MOBY,M2,100,Met,MAR,B,0.07102207
MOBY,M2,100,Met,MAR,B,0.130207128
MOBY,M2,100,Met,MAR,B,0.025646859
MOBY,M2,100,Met,MAR,B,0.248577245
MOBY,M2,100,Met,MAR,B,0.078913411
MOBY,M2,100,Met,MAR,B,0.090750423
MOBY,M2,100,Met,MAR,B,0.140071305
MOBY,M2,100,Met,MAR,B,0.069049235
MOBY,M2,100,Met,MAR,B,0.065103564
MOBY,M2,100,Met,MAR,B,0.057212223
MOBY,M2,100,Met,MAR,B,0.414295408
MOBY,M2,100,Met,MAR,B,0.065103564
MOBY,M2,100,Met,MAR,B,0.063130729
MOBY,M2,100,Met,MAR,B,0.134152799
MOBY,M2,100,Met,MAR,B,0.161772493
MOBY,M2,100,Met,MAR,B,0.226876057
MOBY,M2,100,Met,MAR,B,0.126261458
MOBY,M2,100,Met,MAR,B,0.031565364
MOBY,M2,100,Met,MAR,B,0.420213914
MOBY,M2,100,Met,MAR,B,0.029592529
MOBY,M2,100,Met,MAR,B,0.187419351
MOBY,M2,100,Met,MAR,B,0.144016975
MOBY,M2,100,Met,MAR,B,0.013809847
MOBY,M2,100,Met,MAR,B,0.209120539
MOBY,M2,100,Met,MAR,B,0.114424446
MOBY,M2,100,Met,MAR,B,0.080886246
MOBY,M2,100,Met,MAR,B,0.047348047
MOBY,M2,100,Met,MAR,B,0.28014261
MOBY,M2,100,Met,MAR,B,1.092950744
MOBY,M2,100,Met,MAR,B,0.183473681
MOBY,M2,100,Met,MAR,B,0.106533105
MOBY,M2,100,Met,MAR,B,0.057212223
MOBY,M2,100,Met,MAR,B,0.096668929
MOBY,M2,100,Met,MAR,B,0.475453302
MOBY,M2,100,Met,MAR,B,0.072994905
MOBY,M2,100,Met,MAR,B,0.072994905
MOBY,M2,100,Met,MAR,B,0.076940576
MOBY,M2,100,Met,MAR,B,0.082859082
MOBY,M2,100,Met,MAR,B,0.017755518
MOBY,M2,100,Met,MAR,B,0.252522916
MOBY,M2,100,Met,MAR,B,0.082859082
MOBY,M2,100,Met,MAR,B,0.195310693
MOBY,M2,100,Met,MAR,B,0.157826822
MOBY,M2,100,Met,MAR,B,0.063130729
MOBY,M2,100,Met,MAR,B,0.063130729
MOBY,M2,100,Met,MAR,B,0.181500846
MOBY,M2,100,Met,MAR,B,0.07102207
MOBY,M2,100,Met,MAR,B,0.027619694
MOBY,M2,100,Met,MAR,B,0.140071305
MOBY,M2,100,Met,MAR,B,0.14204414
MOBY,M2,100,Met,MAR,B,0.309735139
MOBY,M2,100,Met,MAR,B,0.088777588
MOBY,M2,100,Met,MAR,B,0.025646859
MOBY,M2,100,Met,MAR,B,0.307762303
MOBY,M2,100,Met,MAR,B,0.163745328
MOBY,M2,100,Met,MAR,B,0.323544986
MOBY,M2,100,Met,MAR,B,0.106533105
MOBY,M2,100,Met,MAR,B,0.053266553
MOBY,M2,100,Met,MAR,B,0.291979621
MOBY,M2,100,Met,MAR,B,0.078913411
MOBY,M2,100,Met,MAR,B,0.307762303
MOBY,M2,100,Met,MAR,B,0.475453302
MOBY,M2,100,Met,MAR,B,0.041429541
MOBY,M2,100,Met,MAR,B,0.094696093
MOBY,M2,100,Met,MAR,B,0.698383689
MOBY,M2,100,Met,MAR,B,0.041429541
MOBY,M2,100,Met,MAR,B,0.147962646
MOBY,M2,100,Met,MAR,B,0.029592529
MOBY,M2,100,Met,MAR,B,0.094696093
MOBY,M2,100,Met,MAR,B,0.110478776
MOBY,M2,100,Met,MAR,B,0.027619694
MOBY,M2,100,Met,MAR,B,0.07102207
MOBY,M2,100,Met,MAR,B,0.094696093
MOBY,M2,100,Met,MAR,B,0.161772493
MOBY,M2,100,Met,MAR,B,0.122315787
MOBY,M2,100,Met,MAR,B,0.169663834
MOBY,M2,100,Met,MAR,B,0.201229198
MOBY,M2,100,Met,MAR,B,0.560285219
MOBY,M2,100,Met,MAR,B,0.378784373
MOBY,M2,100,Met,MAR,B,0.041429541
MOBY,M2,100,Met,MAR,B,0.591850583
MOBY,M2,100,Met,MAR,B,0.106533105
MOBY,M2,100,Met,MAR,B,0.254495751
MOBY,M2,100,Met,MAR,B,0.069049235
MOBY,M2,100,Met,MAR,B,0.556339548
MOBY,M2,100,Met,MAR,B,0.291979621
MOBY,M2,100,Met,MAR,B,0.072994905
MOBY,M2,100,Met,MAR,B,0.396539891
MOBY,M2,100,Met,MAR,B,0.276196939
MOBY,M2,100,Met,MAR,B,0.061157894
MOBY,M2,100,Met,MAR,B,0.264359927
MOBY,M2,100,Met,MAR,B,0.211093375
MOBY,M2,100,Met,MAR,B,0.274224104
MOBY,M2,100,Met,MAR,B,0.432050926
MOBY,M2,100,Met,MAR,B,0.339327668
MOBY,M2,100,Met,MAR,B,0.258441421
MOBY,M2,100,Met,MAR,B,0.262387092
MOBY,M2,100,Met,MAR,B,0.072994905
MOBY,M2,100,Met,MAR,B,0.041429541
MOBY,M2,100,Met,MAR,B,0.169663834
MOBY,M2,100,Met,MAR,B,0.177555175
MOBY,M2,100,Met,MAR,B,0.25055008
MOBY,M2,100,Met,MAR,B,0.286061115
MOBY,M2,100,Met,MAR,B,0.025646859
MOBY,M2,100,Met,MAR,B,1.067303886
MOBY,M2,100,Met,MAR,B,0.059185058
MOBY,M2,100,Met,MAR,B,0.120342952
MOBY,M2,100,Met,MAR,B,0.203202034
MOBY,M2,100,Met,MAR,B,0.057212223
MOBY,M2,100,Met,MAR,B,0.10456027
MOBY,M2,100,Met,MAR,B,0.069049235
MOBY,M2,100,Met,MAR,B,0.100614599
MOBY,M2,100,Met,MAR,B,0.084831917
MOBY,M2,100,Met,MAR,B,0.023674023
MOBY,M2,100,Met,MAR,B,0.067076399
MOBY,M2,100,Met,MAR,B,0.065103564
MOBY,M2,100,Met,MAR,B,0.128234293
MOBY,M2,100,Met,MAR,B,0.096668929
MOBY,M2,100,Met,MAR,B,0.222930386
MOBY,M2,100,Met,MAR,B,0.043402376
MOBY,M2,100,Met,MAR,B,0.14204414
MOBY,M2,100,Met,MAR,B,0.078913411
MOBY,M2,100,Met,MAR,B,0.023674023
MOBY,M2,100,Met,MAR,B,0.120342952
MOBY,M2,100,Met,MAR,B,0.153881152
MOBY,M2,100,Met,MAR,B,0.122315787
MOBY,M2,100,Met,MAR,B,0.074967741
MOBY,M2,100,Met,MAR,B,0.303816633
MOBY,M2,100,Met,MAR,B,0.106533105
MOBY,M2,100,Met,MAR,B,0.076940576
MOBY,M2,100,Met,MAR,B,0.420213914
MOBY,M2,100,Met,MAR,B,0.021701188
MOBY,M2,100,Met,MAR,B,0.161772493
MOBY,M2,100,Met,MAR,B,0.076940576
MOBY,M2,100,Met,MAR,B,0.268305598
MOBY,M2,100,Met,MAR,B,0.607633266
MOBY,M2,100,Met,MAR,B,0.32157215
MOBY,M2,100,Met,MAR,B,0.049320882
MOBY,M2,100,Met,MAR,B,0.242658739
MOBY,M2,100,Met,MAR,B,0.086804752
MOBY,M2,100,Met,MAR,B,0.049320882
MOBY,M2,100,Met,MAR,B,0.10456027
MOBY,M2,100,Met,MAR,B,0.130207128
MOBY,M2,100,Met,MAR,B,0.0335382
MOBY,M2,100,Met,MAR,B,0.051293717
MOBY,M2,100,Met,MAR,B,0.041429541
MOBY,M2,100,Met,MAR,B,0.217011881
MOBY,M2,100,Met,MAR,B,0.025646859
MOBY,M2,100,Met,MAR,B,0.353137515
MOBY,M2,100,Met,MAR,B,0.416268244
MOBY,M2,100,Met,MAR,B,0.049320882
MOBY,M2,100,Met,MAR,B,0.42613242
MOBY,M2,100,Met,MAR,B,0.031565364
MOBY,M2,100,Met,MAR,B,0.076940576
MOBY,M2,100,Met,MAR,B,0.053266553
MOBY,M2,100,Met,MAR,B,0.140071305
MOBY,M2,100,Met,MAR,B,0.124288623
MOBY,M2,100,Met,MAR,B,0.03748387
MOBY,M2,100,Met,MAR,B,0.112451611
MOBY,M2,100,Met,MAR,B,0.244631575
MOBY,M2,100,Met,MAR,B,0.197283528
MOBY,M2,100,Met,MAR,B,0.118370117
MOBY,M2,100,Met,MAR,B,1.296152778
MOBY,M2,100,Met,MAR,B,0.07102207
MOBY,M2,100,Met,MAR,B,0.38864855
MOBY,M2,100,Met,MAR,B,0.041429541
MOBY,M2,100,Met,MAR,B,0.400485561
MOBY,M2,100,Met,MAR,B,0.065103564
MOBY,M2,100,Met,MAR,B,0.145989811
MOBY,M2,100,Met,MAR,B,0.17952801
MOBY,M2,100,Met,MAR,B,0.516882843
MOBY,M2,100,Met,MAR,B,0.100614599
MOBY,M2,100,Met,MAR,B,0.023674023
MOBY,M2,100,Met,MAR,B,0.234767398
MOBY,M2,100,Met,MAR,B,0.191365022
MOBY,M2,100,Met,MAR,B,0.28014261
MOBY,M2,100,Met,MAR,B,0.278169774
MOBY,M2,100,Met,MAR,B,0.059185058
MOBY,M2,100,Met,MAR,B,0.337354833
MOBY,M2,100,Met,MAR,B,0.228848892
MOBY,M2,100,Met,MAR,B,0.027619694
MOBY,M2,100,Met,MAR,B,0.039456706
MOBY,M2,100,Met,MAR,B,0.082859082
MOBY,M2,100,Met,MAR,B,0.138098469
MOBY,M2,100,Met,MAR,B,0.528719855
MOBY,M2,100,Met,MAR,B,0.14204414
MOBY,M2,100,Met,MAR,B,0.130207128
MOBY,M2,100,Met,MAR,B,0.132179964
MOBY,M2,100,Met,MAR,B,0.301843798
MOBY,M2,100,Met,MAR,B,0.082859082
MOBY,M2,100,Met,MAR,B,0.072994905
MOBY,M2,100,Met,MAR,B,0.092723258
MOBY,M2,100,Met,MAR,B,0.019728353
MOBY,M2,100,Met,MAR,B,0.171636669
MOBY,M2,100,Met,MAR,B,0.053266553
MOBY,M2,100,Met,MAR,B,0.084831917
MOBY,M2,100,Met,MAR,B,0.439942267
MOBY,M2,100,Met,MAR,B,0.372865868
MOBY,M2,100,Met,MAR,B,0.313680809
MOBY,M2,100,Met,MAR,B,0.061157894
MOBY,M2,100,Met,MAR,B,0.090750423
MOBY,M2,100,Met,MAR,B,0.359056021
MOBY,M2,100,Met,MAR,B,0.10850594
MOBY,M2,100,Met,MAR,B,0.189392187
MOBY,M2,100,Met,MAR,B,0.363001691
MOBY,M2,100,Met,MAR,B,0.368920197
MOBY,M2,100,Met,MAR,B,0.195310693
MOBY,M2,100,Met,MAR,B,0.140071305
MOBY,M2,100,Met,MAR,B,0.244631575
MOBY,M2,100,Met,MAR,B,0.293952456
MOBY,M2,100,Met,MAR,B,0.469534796
MOBY,M2,100,Met,MAR,B,0.546475372
MOBY,M2,100,Met,MAR,B,0.244631575
MOBY,M2,100,Met,MAR,B,1.140298791
MOBY,M2,100,Met,MAR,B,0.065103564
MOBY,M2,100,Met,MAR,B,0.222930386
MOBY,M2,100,Met,MAR,B,0.197283528
MOBY,M2,100,Met,MAR,B,0.347219009
MOBY,M2,100,Met,MAR,B,0.173609504
MOBY,M2,100,Met,MAR,B,0.021701188
MOBY,M2,100,Met,MAR,B,0.03748387
MOBY,M2,100,Met,MAR,B,0.118370117
MOBY,M2,100,Met,MAR,B,0.072994905
MOBY,M2,100,Met,MAR,B,0.161772493
MOBY,M2,100,Met,MAR,B,0.163745328
MOBY,M2,100,Met,MAR,B,0.124288623
MOBY,M2,100,Met,MAR,B,0.313680809
MOBY,M2,100,Met,MAR,B,0.035511035
MOBY,M2,100,Met,MAR,B,0.960770781
MOBY,M2,100,Met,MAR,B,0.331436327
MOBY,M2,100,Met,MAR,B,0.297898127
MOBY,M2,100,Met,MAR,B,0.313680809
MOBY,M2,100,Met,MAR,B,0.313680809
MOBY,M2,100,Met,MAR,B,0.215039045
MOBY,M2,100,Met,MAR,B,0.096668929
MOBY,M2,100,Met,MAR,B,1.031792851
MOBY,M2,100,Met,MAR,B,0.067076399
MOBY,M2,100,Met,MAR,B,0.25055008
MOBY,M2,100,Met,MAR,B,0.520828513
MOBY,M2,100,Met,MAR,B,0.102587434
MOBY,M2,100,Met,MAR,B,0.353137515
MOBY,M2,100,Met,MAR,B,0.159799658
MOBY,M2,100,Met,MAR,B,0.138098469
MOBY,M2,100,Met,MAR,B,0.124288623
MOBY,M2,100,Met,MAR,B,0.027619694
MOBY,M2,100,Met,MAR,B,0.274224104
MOBY,M2,100,Met,MAR,B,0.147962646
MOBY,M2,100,Met,MAR,B,0.187419351
MOBY,M2,100,Met,MAR,B,0.019728353
MOBY,M2,100,Met,MAR,B,0.124288623
MOBY,M2,100,Met,MAR,B,0.347219009
MOBY,M2,100,Met,MAR,B,0.065103564
MOBY,M2,100,Met,MAR,B,0.173609504
MOBY,M2,400,Met,MAR,A,0.015405106
MOBY,M2,400,Met,MAR,A,0.032910908
MOBY,M2,400,Met,MAR,A,0.011903946
MOBY,M2,400,Met,MAR,A,0.098732725
MOBY,M2,400,Met,MAR,A,0.00350116
MOBY,M2,400,Met,MAR,A,0.015405106
MOBY,M2,400,Met,MAR,A,0.030810212
MOBY,M2,400,Met,MAR,A,0.213570789
MOBY,M2,400,Met,MAR,A,0.10013319
MOBY,M2,400,Met,MAR,A,0.00350116
MOBY,M2,400,Met,MAR,A,0.149149436
MOBY,M2,400,Met,MAR,A,0.085428316
MOBY,M2,400,Met,MAR,A,0.022407427
MOBY,M2,400,Met,MAR,A,0.006302089
MOBY,M2,400,Met,MAR,A,0.119039456
MOBY,M2,400,Met,MAR,A,0.008402785
MOBY,M2,400,Met,MAR,A,0.127442241
MOBY,M2,400,Met,MAR,A,0.060920192
MOBY,M2,400,Met,MAR,A,0.033611141
MOBY,M2,400,Met,MAR,A,0.095931797
MOBY,M2,400,Met,MAR,A,0.02660882
MOBY,M2,400,Met,MAR,A,0.146348508
MOBY,M2,400,Met,MAR,A,0.084027851
MOBY,M2,400,Met,MAR,A,0.032910908
MOBY,M2,400,Met,MAR,A,0.084728084
MOBY,M2,400,Met,MAR,A,0.009803249
MOBY,M2,400,Met,MAR,A,0.098032493
MOBY,M2,400,Met,MAR,A,0.038512765
MOBY,M2,400,Met,MAR,A,0.011903946
MOBY,M2,400,Met,MAR,A,0.16035315
MOBY,M2,400,Met,MAR,A,0.025208355
MOBY,M2,400,Met,MAR,A,0.058819496
MOBY,M2,400,Met,MAR,A,0.0567188
MOBY,M2,400,Met,MAR,A,0.01330441
MOBY,M2,400,Met,MAR,A,0.118339224
MOBY,M2,400,Met,MAR,A,0.0567188
MOBY,M2,400,Met,MAR,A,0.107835743
MOBY,M2,400,Met,MAR,A,0.007002321
MOBY,M2,400,Met,MAR,A,0.105034814
MOBY,M2,400,Met,MAR,A,0.144948044
MOBY,M2,400,Met,MAR,A,0.036412069
MOBY,M2,400,Met,MAR,A,0.049016247
MOBY,M2,400,Met,MAR,A,0.081226923
MOBY,M2,400,Met,MAR,A,0.021006963
MOBY,M2,400,Met,MAR,A,0.105735046
MOBY,M2,400,Met,MAR,A,0.198165683
MOBY,M2,400,Met,MAR,A,0.037112301
MOBY,M2,400,Met,MAR,A,0.056018568
MOBY,M2,400,Met,MAR,A,0.083327619
MOBY,M2,400,Met,MAR,A,0.076325298
MOBY,M2,400,Met,MAR,A,0.018906267
MOBY,M2,400,Met,MAR,A,0.262587036
MOBY,M2,400,Met,MAR,A,0.023807891
MOBY,M2,400,Met,MAR,A,0.031510444
MOBY,M2,400,Met,MAR,A,0.074224602
MOBY,M2,400,Met,MAR,A,0.158952686
MOBY,M2,400,Met,MAR,A,0.114137832
MOBY,M2,400,Met,MAR,A,0.04341439
MOBY,M2,400,Met,MAR,A,0.007702553
MOBY,M2,400,Met,MAR,A,0.053917871
MOBY,M2,400,Met,MAR,A,0.039913229
MOBY,M2,400,Met,MAR,A,0.038512765
MOBY,M2,400,Met,MAR,A,0.042714158
MOBY,M2,400,Met,MAR,A,0.042714158
MOBY,M2,400,Met,MAR,A,0.029409748
MOBY,M2,400,Met,MAR,A,0.081927155
MOBY,M2,400,Met,MAR,A,0.04691555
MOBY,M2,400,Met,MAR,A,0.020306731
MOBY,M2,400,Met,MAR,A,0.014704874
MOBY,M2,400,Met,MAR,A,0.170856631
MOBY,M2,400,Met,MAR,A,0.100833422
MOBY,M2,400,Met,MAR,A,0.105034814
MOBY,M2,400,Met,MAR,A,0.059519728
MOBY,M2,400,Met,MAR,A,0.040613462
MOBY,M2,400,Met,MAR,A,0.032210676
MOBY,M2,400,Met,MAR,A,0.205168004
MOBY,M2,400,Met,MAR,A,0.047615782
MOBY,M2,400,Met,MAR,A,0.021707195
MOBY,M2,400,Met,MAR,A,0.01330441
MOBY,M2,400,Met,MAR,A,0.077725763
MOBY,M2,400,Met,MAR,A,0.005601857
MOBY,M2,400,Met,MAR,A,0.024508123
MOBY,M2,400,Met,MAR,A,0.042714158
MOBY,M2,400,Met,MAR,A,0.084728084
MOBY,M2,400,Met,MAR,A,0.047615782
MOBY,M2,400,Met,MAR,A,0.062320656
MOBY,M2,400,Met,MAR,A,0.035011605
MOBY,M2,400,Met,MAR,A,0.032910908
MOBY,M2,400,Met,MAR,A,0.045515086
MOBY,M2,400,Met,MAR,A,0.091730404
MOBY,M2,400,Met,MAR,A,0.01330441
MOBY,M2,400,Met,MAR,A,0.011903946
MOBY,M2,400,Met,MAR,A,0.019606499
MOBY,M2,400,Met,MAR,A,0.011203714
MOBY,M2,400,Met,MAR,A,0.049716479
MOBY,M2,400,Met,MAR,A,0.147748972
MOBY,M2,400,Met,MAR,A,0.181360113
MOBY,M2,400,Met,MAR,A,0.055318336
MOBY,M2,400,Met,MAR,A,0.032910908
MOBY,M2,400,Met,MAR,A,0.012604178
MOBY,M2,400,Met,MAR,A,0.021006963
MOBY,M2,400,Met,MAR,A,0.067922513
MOBY,M2,400,Met,MAR,A,0.01680557
MOBY,M2,400,Met,MAR,A,0.005601857
MOBY,M2,400,Met,MAR,A,0.191863594
MOBY,M2,400,Met,MAR,A,0.114137832
MOBY,M2,400,Met,MAR,A,0.0567188
MOBY,M2,400,Met,MAR,A,0.02660882
MOBY,M2,400,Met,MAR,A,0.079826459
MOBY,M2,400,Met,MAR,A,0.021006963
MOBY,M2,400,Met,MAR,A,0.079126227
MOBY,M2,400,Met,MAR,A,0.094531333
MOBY,M2,400,Met,MAR,A,0.055318336
MOBY,M2,400,Met,MAR,A,0.156151757
MOBY,M2,400,Met,MAR,A,0.04341439
MOBY,M2,400,Met,MAR,A,0.058819496
MOBY,M2,400,Met,MAR,A,0.228275663
MOBY,M2,400,Met,MAR,A,0.023807891
MOBY,M2,400,Met,MAR,A,0.049716479
MOBY,M2,400,Met,MAR,A,0.106435278
MOBY,M2,400,Met,MAR,A,0.044114622
MOBY,M2,400,Met,MAR,A,0.017505802
MOBY,M2,400,Met,MAR,A,0.129542938
MOBY,M2,400,Met,MAR,A,0.067922513
MOBY,M2,400,Met,MAR,A,0.056018568
MOBY,M2,400,Met,MAR,A,0.087529012
MOBY,M2,400,Met,MAR,A,0.028009284
MOBY,M2,400,Met,MAR,A,0.094531333
MOBY,M2,400,Met,MAR,A,0.024508123
MOBY,M2,400,Met,MAR,A,0.063020889
MOBY,M2,400,Met,MAR,A,0.095931797
MOBY,M2,400,Met,MAR,A,0.151250133
MOBY,M2,400,Met,MAR,A,0.011903946
MOBY,M2,400,Met,MAR,A,0.128142473
MOBY,M2,400,Met,MAR,A,0.046215318
MOBY,M2,400,Met,MAR,A,0.232477056
MOBY,M2,400,Met,MAR,A,0.236678448
MOBY,M2,400,Met,MAR,A,0.137245491
MOBY,M2,400,Met,MAR,A,0.020306731
MOBY,M2,400,Met,MAR,A,0.072824138
MOBY,M2,400,Met,MAR,A,0.033611141
MOBY,M2,400,Met,MAR,A,0.020306731
MOBY,M2,400,Met,MAR,A,0.119039456
MOBY,M2,400,Met,MAR,A,0.040613462
MOBY,M2,400,Met,MAR,A,0.10363435
MOBY,M2,400,Met,MAR,A,0.268889125
MOBY,M2,400,Met,MAR,A,0.128842706
MOBY,M2,400,Met,MAR,A,0.107835743
MOBY,M2,400,Met,MAR,A,0.161053382
MOBY,M2,400,Met,MAR,A,0.062320656
MOBY,M2,400,Met,MAR,A,0.181360113
MOBY,M2,400,Met,MAR,A,0.049016247
MOBY,M2,400,Met,MAR,A,0.028709516
MOBY,M2,400,Met,MAR,A,0.023807891
MOBY,M2,400,Met,MAR,A,0.097332261
MOBY,M2,400,Met,MAR,A,0.066522049
MOBY,M2,400,Met,MAR,A,0.07352437
MOBY,M2,400,Met,MAR,A,0.049016247
MOBY,M2,400,Met,MAR,A,0.042714158
MOBY,M2,400,Met,MAR,A,0.051817175
MOBY,M2,400,Met,MAR,A,0.116238528
MOBY,M2,400,Met,MAR,A,0.028709516
MOBY,M2,400,Met,MAR,A,0.063721121
MOBY,M2,400,Met,MAR,A,0.007702553
MOBY,M2,400,Met,MAR,A,0.10363435
MOBY,M2,400,Met,MAR,A,0.058119264
MOBY,M2,400,Met,MAR,A,0.121140152
MOBY,M2,400,Met,MAR,A,0.032210676
MOBY,M2,400,Met,MAR,A,0.060920192
MOBY,M2,400,Met,MAR,A,0.021006963
MOBY,M2,400,Met,MAR,A,0.037812533
MOBY,M2,400,Met,MAR,A,0.011203714
MOBY,M2,400,Met,MAR,A,0.186261737
MOBY,M2,400,Met,MAR,A,0.084728084
MOBY,M2,400,Met,MAR,A,0.109236207
MOBY,M2,400,Met,MAR,A,0.00350116
MOBY,M2,400,Met,MAR,A,0.125341545
MOBY,M2,400,Met,MAR,A,0.052517407
MOBY,M2,400,Met,MAR,A,0.025908588
MOBY,M2,400,Met,MAR,A,0.058819496
MOBY,M2,400,Met,MAR,A,0.031510444
MOBY,M2,400,Met,MAR,A,0.16035315
MOBY,M2,400,Met,MAR,A,0.044814854
MOBY,M2,400,Met,MAR,A,0.028709516
MOBY,M2,400,Met,MAR,A,0.022407427
MOBY,M2,400,Met,MAR,A,0.134444562
MOBY,M2,400,Met,MAR,A,0.050416711
MOBY,M2,400,Met,MAR,A,0.025208355
MOBY,M2,400,Met,MAR,A,0.247882162
MOBY,M2,400,Met,MAR,A,0.068622745
MOBY,M2,400,Met,MAR,A,0.053217639
MOBY,M2,400,Met,MAR,A,0.025208355
MOBY,M2,400,Met,MAR,A,0.140746651
MOBY,M2,400,Met,MAR,A,0.045515086
MOBY,M2,400,Met,MAR,A,0.016105338
MOBY,M2,400,Met,MAR,A,0.031510444
MOBY,M2,400,Met,MAR,A,0.021006963
MOBY,M2,400,Met,MAR,A,0.044114622
MOBY,M2,400,Met,MAR,A,0.025208355
MOBY,M2,400,Met,MAR,A,0.099432958
MOBY,M2,400,Met,MAR,A,0.054618103
MOBY,M2,400,Met,MAR,A,0.032210676
MOBY,M2,400,Met,MAR,A,0.044114622
MOBY,M2,400,Met,MAR,A,0.067222281
MOBY,M2,400,Met,MAR,A,0.063721121
MOBY,M2,400,Met,MAR,A,0.059519728
MOBY,M2,400,Met,MAR,A,0.088929476
MOBY,M2,400,Met,MAR,A,0.005601857
MOBY,M2,400,Met,MAR,A,0.033611141
MOBY,M2,400,Met,MAR,A,0.032910908
MOBY,M2,400,Met,MAR,A,0.028009284
MOBY,M2,400,Met,MAR,A,0.028709516
MOBY,M2,400,Met,MAR,A,0.12043992
MOBY,M2,400,Met,MAR,A,0.085428316
MOBY,M2,400,Met,MAR,A,0.082627387
MOBY,M2,400,Met,MAR,A,0.028009284
MOBY,M2,400,Met,MAR,A,0.011903946
MOBY,M2,400,Met,MAR,A,0.005601857
MOBY,M2,400,Met,MAR,A,0.011903946
MOBY,M2,400,Met,MAR,A,0.008402785
MOBY,M2,400,Met,MAR,A,0.101533654
MOBY,M2,400,Met,MAR,A,0.082627387
MOBY,M2,400,Met,MAR,A,0.018206034
MOBY,M2,400,Met,MAR,A,0.027309052
MOBY,M2,400,Met,MAR,A,0.098032493
MOBY,M2,400,Met,MAR,A,0.029409748
MOBY,M2,400,Met,MAR,A,0.144948044
MOBY,M2,400,Met,MAR,A,0.022407427
MOBY,M2,400,Met,MAR,A,0.089629708
MOBY,M2,400,Met,MAR,A,0.01680557
MOBY,M2,400,Met,MAR,A,0.112037135
MOBY,M2,400,Met,MAR,A,0.082627387
MOBY,M2,400,Met,MAR,A,0.072123906
MOBY,M2,400,Met,MAR,A,0.008402785
MOBY,M2,400,Met,MAR,A,0.070723442
MOBY,M2,400,Met,MAR,A,0.009803249
MOBY,M2,400,Met,MAR,A,0.006302089
MOBY,M2,400,Met,MAR,A,0.038512765
MOBY,M2,400,Met,MAR,A,0.079826459
MOBY,M2,400,Met,MAR,A,0.007002321
MOBY,M2,400,Met,MAR,A,0.072824138
MOBY,M2,400,Met,MAR,A,0.017505802
MOBY,M2,400,Met,MAR,A,0.078425995
MOBY,M2,400,Met,MAR,A,0.07002321
MOBY,M2,400,Met,MAR,A,0.007702553
MOBY,M2,400,Met,MAR,A,0.011203714
MOBY,M2,400,Met,MAR,A,0.025208355
MOBY,M2,400,Met,MAR,A,0.007002321
MOBY,M2,400,Met,MAR,A,0.018906267
MOBY,M2,400,Met,MAR,A,0.132343866
MOBY,M2,400,Met,MAR,A,0.065121585
MOBY,M2,400,Met,MAR,A,0.063721121
MOBY,M2,400,Met,MAR,A,0.017505802
MOBY,M2,400,Met,MAR,A,0.024508123
MOBY,M2,400,Met,MAR,A,0.025208355
MOBY,M2,400,Met,MAR,A,0.065121585
MOBY,M2,400,Met,MAR,A,0.035711837
MOBY,M2,400,Met,MAR,A,0.088229244
MOBY,M2,400,Met,MAR,A,0.067222281
MOBY,M2,400,Met,MAR,A,0.082627387
MOBY,M2,400,Met,MAR,A,0.067222281
MOBY,M2,400,Met,MAR,A,0.028709516
MOBY,M2,400,Met,MAR,A,0.086128548
MOBY,M2,400,Met,MAR,A,0.058819496
MOBY,M2,400,Met,MAR,A,0.01680557
MOBY,M2,400,Met,MAR,A,0.014704874
MOBY,M2,400,Met,MAR,A,0.051817175
MOBY,M2,400,Met,MAR,A,0.036412069
MOBY,M2,400,Met,MAR,A,0.017505802
MOBY,M2,400,Met,MAR,A,0.163154078
MOBY,M2,400,Met,MAR,A,0.007702553
MOBY,M2,400,Met,MAR,A,0.009103017
MOBY,M2,400,Met,MAR,A,0.011203714
MOBY,M2,400,Met,MAR,A,0.063721121
MOBY,M2,400,Met,MAR,A,0.118339224
MOBY,M2,400,Met,MAR,A,0.112037135
MOBY,M2,400,Met,MAR,A,0.030810212
MOBY,M2,400,Met,MAR,A,0.07002321
MOBY,M2,400,Met,MAR,A,0.074924834
MOBY,M2,400,Met,MAR,A,0.058819496
MOBY,M2,400,Met,MAR,A,0.042714158
MOBY,M2,400,Met,MAR,A,0.028009284
MOBY,M2,400,Met,MAR,A,0.032210676
MOBY,M2,400,Met,MAR,A,0.017505802
MOBY,M2,400,Met,MAR,A,0.014004642
MOBY,M2,400,Met,MAR,A,0.076325298
MOBY,M2,400,Met,MAR,A,0.116238528
MOBY,M2,400,Met,MAR,A,0.004201393
MOBY,M2,400,Met,MAR,A,0.01680557
MOBY,M2,400,Met,MAR,A,0.011203714
MOBY,M2,400,Met,MAR,A,0.065821817
MOBY,M2,400,Met,MAR,A,0.097332261
MOBY,M2,400,Met,MAR,A,0.041313694
MOBY,M2,400,Met,MAR,A,0.011903946
MOBY,M2,400,Met,MAR,A,0.035711837
MOBY,M2,400,Met,MAR,A,0.019606499
MOBY,M2,400,Met,MAR,A,0.021006963
MOBY,M2,400,Met,MAR,A,0.119739688
MOBY,M2,400,Met,MAR,A,0.005601857
MOBY,M2,400,Met,MAR,A,0.070723442
MOBY,M2,400,Met,MAR,A,0.084728084
MOBY,M2,400,Met,MAR,A,0.119739688
MOBY,M2,400,Met,MAR,A,0.201666843
MOBY,M2,400,Met,MAR,A,0.006302089
MOBY,M2,400,Met,MAR,A,0.025208355
MOBY,M2,400,Met,MAR,A,0.005601857
MOBY,M2,400,Met,MAR,A,0.018906267
MOBY,M2,400,Met,MAR,A,0.062320656
MOBY,M2,400,Met,MAR,A,0.007702553
MOBY,M2,400,Met,MAR,A,0.029409748
MOBY,M2,400,Met,MAR,A,0.004201393
MOBY,M2,400,Met,MAR,A,0.021006963
MOBY,M2,400,Met,MAR,A,0.027309052
MOBY,M2,400,Met,MAR,A,0.012604178
MOBY,M2,400,Met,MAR,A,0.037812533
MOBY,M2,400,Met,MAR,A,0.046215318
MOBY,M2,400,Met,MAR,A,0.088929476
MOBY,M2,400,Met,MAR,A,0.037812533
MOBY,M2,400,Met,MAR,A,0.095231565
MOBY,M2,400,Met,MAR,A,0.054618103
MOBY,M2,400,Met,MAR,A,0.024508123
MOBY,M2,400,Met,MAR,A,0.033611141
MOBY,M2,400,Met,MAR,A,0.005601857
MOBY,M2,400,Met,MAR,A,0.028709516
MOBY,M2,400,Met,MAR,A,0.018906267
MOBY,M2,400,Met,MAR,A,0.035711837
MOBY,M2,400,Met,MAR,A,0.007002321
MOBY,M2,400,Met,MAR,A,0.058119264
MOBY,M2,400,Met,MAR,A,0.022407427
MOBY,M2,400,Met,MAR,A,0.021006963
MOBY,M2,400,Met,MAR,A,0.020306731
MOBY,M2,400,Met,MAR,A,0.111336903
MOBY,M2,400,Met,MAR,A,0.058819496
MOBY,M2,400,Met,MAR,A,0.051116943
MOBY,M2,400,Met,MAR,A,0.032910908
MOBY,M2,400,Met,MAR,A,0.015405106
MOBY,M2,400,Met,MAR,A,0.039913229
MOBY,M2,400,Met,MAR,A,0.022407427
MOBY,M2,400,Met,MAR,A,0.1505499
MOBY,M2,400,Met,MAR,A,0.052517407
MOBY,M2,400,Met,MAR,A,0.031510444
MOBY,M2,400,Met,MAR,A,0.015405106
MOBY,M2,400,Met,MAR,A,0.022407427
MOBY,M2,400,Met,MAR,A,0.17365756
MOBY,M2,400,Met,MAR,A,0.129542938
MOBY,M2,400,Met,MAR,A,0.032210676
MOBY,M2,400,Met,MAR,A,0.07352437
MOBY,M2,400,Met,MAR,A,0.065821817
MOBY,M2,400,Met,MAR,A,0.053917871
MOBY,M2,400,Met,MAR,A,0.007002321
MOBY,M2,400,Met,MAR,A,0.184161041
MOBY,M2,400,Met,MAR,A,0.010503481
MOBY,M2,400,Met,MAR,A,0.102934118
MOBY,M2,400,Met,MAR,A,0.148449204
MOBY,M2,400,Met,MAR,A,0.02660882
MOBY,M2,400,Met,MAR,A,0.018206034
MOBY,M2,400,Met,MAR,A,0.087529012
MOBY,M2,400,Met,MAR,A,0.028709516
MOBY,M2,400,Met,MAR,A,0.027309052
MOBY,M2,400,Met,MAR,A,0.006302089
MOBY,M2,400,Met,MAR,A,0.007702553
MOBY,M2,400,Met,MAR,A,0.019606499
MOBY,M2,400,Met,MAR,A,0.086128548
MOBY,M2,400,Met,MAR,A,0.020306731
MOBY,M2,400,Met,MAR,A,0.020306731
MOBY,M2,400,Met,MAR,A,0.023807891
MOBY,M2,400,Met,MAR,A,0.041313694
MOBY,M2,400,Met,MAR,A,0.045515086
MOBY,M2,400,Met,MAR,A,0.066522049
MOBY,M2,400,Met,MAR,A,0.020306731
MOBY,M2,400,Met,MAR,A,0.038512765
MOBY,M2,400,Met,MAR,A,0.012604178
MOBY,M2,400,Met,MAR,A,0.023107659
MOBY,M2,400,Met,MAR,A,0.009103017
MOBY,M2,400,Met,MAR,A,0.081226923
MOBY,M2,400,Met,MAR,A,0.037812533
MOBY,M2,400,Met,MAR,A,0.004901625
MOBY,M2,400,Met,MAR,A,0.025908588
MOBY,M2,400,Met,MAR,A,0.008402785
MOBY,M2,400,Met,MAR,A,0.021707195
MOBY,M2,400,Met,MAR,A,0.039212997
MOBY,M2,400,Met,MAR,A,0.053917871
MOBY,M2,400,Met,MAR,A,0.009803249
MOBY,M2,400,Met,MAR,A,0.04691555
MOBY,M2,400,Met,MAR,A,0.018206034
MOBY,M2,400,Met,MAR,A,0.067222281
MOBY,M2,400,Met,MAR,A,0.025908588
MOBY,M2,400,Met,MAR,A,0.035711837
MOBY,M2,400,Met,MAR,A,0.015405106
MOBY,M2,400,Met,MAR,A,0.025208355
MOBY,M2,400,Met,MAR,A,0.00350116
MOBY,M2,400,Met,MAR,A,0.009103017
MOBY,M2,400,Met,MAR,A,0.064421353
MOBY,M2,400,Met,MAR,A,0.105735046
MOBY,M2,400,Met,MAR,A,0.028709516
MOBY,M2,400,Met,MAR,A,0.088929476
MOBY,M2,400,Met,MAR,A,0.006302089
MOBY,M2,400,Met,MAR,A,0.033611141
MOBY,M2,400,Met,MAR,A,0.023807891
MOBY,M2,400,Met,MAR,A,0.018906267
MOBY,M2,400,Met,MAR,A,0.072824138
MOBY,M2,400,Met,MAR,A,0.030810212
MOBY,M2,400,Met,MAR,A,0.025208355
MOBY,M2,400,Met,MAR,A,0.091730404
MOBY,M2,400,Met,MAR,A,0.135144794
MOBY,M2,400,Met,MAR,A,0.040613462
MOBY,M2,400,Met,MAR,A,0.057419032
MOBY,M2,400,Met,MAR,A,0.06021996
MOBY,M2,400,Met,MAR,A,0.051817175
MOBY,M2,400,Met,MAR,A,0.048316015
MOBY,M2,400,Met,MAR,A,0.038512765
MOBY,M2,400,Met,MAR,A,0.091730404
MOBY,M2,400,Met,MAR,A,0.004901625
MOBY,M2,400,Met,MAR,A,0.049016247
MOBY,M2,400,Met,MAR,A,0.014704874
MOBY,M2,400,Met,MAR,A,0.062320656
MOBY,M2,400,Met,MAR,A,0.028709516
MOBY,M2,400,Met,MAR,A,0.151250133
MOBY,M2,400,Met,MAR,A,0.086128548
MOBY,M2,400,Met,MAR,A,0.02660882
MOBY,M2,400,Met,MAR,A,0.03010998
MOBY,M2,400,Met,MAR,A,0.018206034
MOBY,M2,400,Met,MAR,A,0.033611141
MOBY,M2,400,Met,MAR,A,0.030810212
MOBY,M2,400,Met,MAR,A,0.004901625
MOBY,M2,400,Met,MAR,A,0.049716479
MOBY,M2,400,Met,MAR,A,0.012604178
MOBY,M2,400,Met,MAR,A,0.132343866
MOBY,M2,400,Met,MAR,A,0.037112301
MOBY,M2,400,Met,MAR,A,0.011203714
MOBY,M2,400,Met,MAR,A,0.132343866
MOBY,M2,400,Met,MAR,A,0.099432958
MOBY,M2,400,Met,MAR,A,0.08682878
MOBY,M2,400,Met,MAR,A,0.112737367
MOBY,M2,400,Met,MAR,A,0.014704874
MOBY,M2,400,Met,MAR,A,0.072824138
MOBY,M2,400,Met,MAR,A,0.005601857
MOBY,M2,400,Met,MAR,A,0.014704874
MOBY,M2,400,Met,MAR,A,0.021707195
MOBY,M2,400,Met,MAR,A,0.102934118
MOBY,M2,400,Met,MAR,A,0.110636671
MOBY,M2,400,Met,MAR,A,0.051116943
MOBY,M2,400,Met,MAR,A,0.022407427
MOBY,M2,400,Met,MAR,A,0.014004642
MOBY,M2,400,Met,MAR,A,0.046215318
MOBY,M2,400,Met,MAR,A,0.012604178
MOBY,M2,400,Met,MAR,A,0.010503481
MOBY,M2,400,Met,MAR,A,0.081226923
MOBY,M2,400,Met,MAR,A,0.044114622
MOBY,M2,400,Met,MAR,A,0.084728084
MOBY,M2,400,Met,MAR,A,0.121840385
MOBY,M2,400,Met,MAR,A,0.00350116
MOBY,M2,400,Met,MAR,A,0.044114622
MOBY,M2,400,Met,MAR,A,0.057419032
MOBY,M2,400,Met,MAR,A,0.063020889
MOBY,M2,400,Met,MAR,A,0.119739688
MOBY,M2,400,Met,MAR,A,0.062320656
MOBY,M2,400,Met,MAR,A,0.014004642
MOBY,M2,400,Met,MAR,A,0.039913229
MOBY,M2,400,Met,MAR,A,0.166655239
MOBY,M2,400,Met,MAR,A,0.049716479
MOBY,M2,400,Met,MAR,A,0.181360113
MOBY,M2,400,Met,MAR,A,0.011903946
MOBY,M2,400,Met,MAR,A,0.152650597
MOBY,M2,400,Met,MAR,A,0.038512765
MOBY,M2,400,Met,MAR,A,0.044814854
MOBY,M2,400,Met,MAR,A,0.01680557
MOBY,M2,400,Met,MAR,A,0.037812533
MOBY,M2,400,Met,MAR,A,0.029409748
MOBY,M2,400,Met,MAR,A,0.028709516
MOBY,M2,400,Met,MAR,A,0.032910908
MOBY,M2,400,Met,MAR,A,0.099432958
MOBY,M2,400,Met,MAR,A,0.030810212
MOBY,M2,400,Met,MAR,A,0.039913229
MOBY,M2,400,Met,MAR,A,0.007702553
MOBY,M2,400,Met,MAR,A,0.016105338
MOBY,M2,400,Met,MAR,A,0.095231565
MOBY,M2,400,Met,MAR,A,0.094531333
MOBY,M2,400,Met,MAR,A,0.034311373
MOBY,M2,400,Met,MAR,A,0.007002321
MOBY,M2,400,Met,MAR,A,0.009103017
MOBY,M2,400,Met,MAR,A,0.035011605
MOBY,M2,400,Met,MAR,A,0.147748972
MOBY,M2,400,Met,MAR,A,0.054618103
MOBY,M2,400,Met,MAR,A,0.008402785
MOBY,M2,400,Met,MAR,A,0.019606499
MOBY,M2,400,Met,MAR,A,0.092430637
MOBY,M2,400,Met,MAR,A,0.01680557
MOBY,M2,400,Met,MAR,A,0.022407427
MOBY,M2,400,Met,MAR,A,0.038512765
MOBY,M2,400,Met,MAR,A,0.093831101
MOBY,M2,400,Met,MAR,A,0.005601857
MOBY,M2,400,Met,MAR,A,0.014704874
MOBY,M2,400,Met,MAR,A,0.042714158
MOBY,M2,400,Met,MAR,A,0.009103017
MOBY,M2,400,Met,MAR,A,0.042714158
MOBY,M2,400,Met,MAR,A,0.102934118
MOBY,M2,400,Met,MAR,A,0.049016247
MOBY,M2,400,Met,MAR,A,0.023107659
MOBY,M2,400,Met,MAR,A,0.021707195
MOBY,M2,400,Met,MAR,A,0.03010998
MOBY,M2,400,Met,MAR,A,0.015405106
MOBY,M2,400,Met,MAR,A,0.067922513
MOBY,M2,400,Met,MAR,A,0.030810212
MOBY,M2,400,Met,MAR,A,0.033611141
MOBY,M2,400,Met,MAR,A,0.035011605
MOBY,M2,400,Met,MAR,A,0.011203714
MOBY,M2,400,Met,MAR,A,0.004901625
MOBY,M2,400,Met,MAR,A,0.029409748
MOBY,M2,400,Met,MAR,A,0.042013926
MOBY,M2,400,Met,MAR,A,0.007002321
MOBY,M2,400,Met,MAR,A,0.020306731
MOBY,M2,400,Met,MAR,A,0.00350116
MOBY,M2,400,Met,MAR,A,0.044814854
MOBY,M2,400,Met,MAR,A,0.091030172
MOBY,M2,400,Met,MAR,A,0.014004642
MOBY,M2,400,Met,MAR,A,0.018906267
MOBY,M2,400,Met,MAR,A,0.064421353
MOBY,M2,400,Met,MAR,A,0.048316015
MOBY,M2,400,Met,MAR,A,0.031510444
MOBY,M2,400,Met,MAR,A,0.016105338
MOBY,M2,400,Met,MAR,A,0.044114622
MOBY,M2,400,Met,MAR,A,0.034311373
MOBY,M2,400,Met,MAR,A,0.010503481
MOBY,M2,400,Met,MAR,A,0.023107659
MOBY,M2,400,Met,MAR,A,0.186261737
MOBY,M2,400,Met,MAR,A,0.088229244
MOBY,M2,400,Met,MAR,A,0.101533654
MOBY,M2,400,Met,MAR,A,0.009103017
MOBY,M2,400,Met,MAR,A,0.005601857
MOBY,M2,400,Met,MAR,A,0.016105338
MOBY,M2,400,Met,MAR,A,0.02660882
MOBY,M2,400,Met,MAR,A,0.0567188
MOBY,M2,400,Met,MAR,A,0.059519728
MOBY,M2,400,Met,MAR,A,0.004201393
MOBY,M2,400,Met,MAR,A,0.095231565
MOBY,M2,400,Met,MAR,A,0.025908588
MOBY,M2,400,Met,MAR,A,0.02660882
MOBY,M2,400,Met,MAR,A,0.079826459
MOBY,M2,400,Met,MAR,A,0.044814854
MOBY,M2,400,Met,MAR,A,0.007002321
MOBY,M2,400,Met,MAR,A,0.038512765
MOBY,M2,400,Met,MAR,A,0.079826459
MOBY,M2,400,Met,MAR,A,0.087529012
MOBY,M2,400,Met,MAR,A,0.098032493
MOBY,M2,400,Met,MAR,A,0.083327619
MOBY,M2,400,Met,MAR,A,0.067922513
MOBY,M2,400,Met,MAR,A,0.006302089
MOBY,M2,400,Met,MAR,A,0.072824138
MOBY,M2,400,Met,MAR,A,0.008402785
MOBY,M2,400,Met,MAR,A,0.109236207
MOBY,M2,400,Met,MAR,A,0.072824138
MOBY,M2,400,Met,MAR,A,0.049016247
MOBY,M2,400,Met,MAR,A,0.01680557
MOBY,M2,400,Met,MAR,A,0.036412069
MOBY,M2,400,Met,MAR,A,0.147748972
MOBY,M2,400,Met,MAR,A,0.088229244
MOBY,M2,400,Met,MAR,A,0.12043992
MOBY,M2,400,Met,MAR,A,0.128842706
MOBY,M2,400,Met,MAR,A,0.028709516
MOBY,M2,400,Met,MAR,A,0.004201393
MOBY,M2,400,Met,MAR,A,0.025208355
MOBY,M2,400,Met,MAR,A,0.089629708
MOBY,M2,400,Met,MAR,A,0.093831101
MOBY,M2,400,Met,MAR,A,0.004901625
MOBY,M2,400,Met,MAR,A,0.071423674
MOBY,M2,400,Met,MAR,A,0.079826459
MOBY,M2,400,Met,MAR,A,0.023807891
MOBY,M2,400,Met,MAR,A,0.051116943
MOBY,M2,400,Met,MAR,A,0.044814854
MOBY,M2,400,Met,MAR,A,0.041313694
MOBY,M2,400,Met,MAR,A,0.050416711
MOBY,M2,400,Met,MAR,A,0.112737367
MOBY,M2,400,Met,MAR,A,0.065821817
MOBY,M2,400,Met,MAR,A,0.050416711
MOBY,M2,400,Met,MAR,A,0.098032493
MOBY,M2,400,Met,MAR,A,0.098032493
MOBY,M2,400,Met,MAR,A,0.018206034
MOBY,M2,400,Met,MAR,A,0.065121585
MOBY,M2,400,Met,MAR,A,0.115538296
MOBY,M2,400,Met,MAR,A,0.12043992
MOBY,M2,400,Met,MAR,A,0.030810212
MOBY,M2,400,Met,MAR,A,0.028709516
MOBY,M2,400,Met,MAR,A,0.035711837
MOBY,M2,400,Met,MAR,A,0.018906267
MOBY,M2,400,Met,MAR,A,0.019606499
MOBY,M2,400,Met,MAR,A,0.024508123
MOBY,M2,400,Met,MAR,A,0.011203714
MOBY,M2,400,Met,MAR,A,0.042013926
MOBY,M2,400,Met,MAR,A,0.063721121
MOBY,M2,400,Met,MAR,A,0.125341545
MOBY,M2,400,Met,MAR,A,0.0567188
MOBY,M2,400,Met,MAR,A,0.059519728
MOBY,M2,400,Met,MAR,A,0.031510444
MOBY,M2,400,Met,MAR,A,0.010503481
MOBY,M2,400,Met,MAR,A,0.046215318
MOBY,M2,400,Met,MAR,A,0.081226923
MOBY,M2,400,Met,MAR,A,0.085428316
MOBY,M2,400,Met,MAR,A,0.087529012
MOBY,M2,400,Met,MAR,A,0.014704874
MOBY,M2,400,Met,MAR,A,0.023807891
MOBY,M2,400,Met,MAR,A,0.019606499
MOBY,M2,400,Met,MAR,A,0.093831101
MOBY,M2,400,Met,MAR,A,0.061620424
MOBY,M2,400,Met,MAR,A,0.046215318
MOBY,M2,400,Met,MAR,A,0.037812533
MOBY,M2,400,Met,MAR,A,0.10013319
MOBY,M2,400,Met,MAR,A,0.093831101
MOBY,M2,400,Met,MAR,A,0.033611141
MOBY,M2,400,Met,MAR,A,0.007702553
MOBY,M2,400,Met,MAR,A,0.022407427
MOBY,M2,400,Met,MAR,A,0.023807891
MOBY,M2,400,Met,MAR,A,0.020306731
MOBY,M2,400,Met,MAR,A,0.094531333
MOBY,M2,400,Met,MAR,A,0.030810212
MOBY,M2,400,Met,MAR,A,0.035711837
MOBY,M2,400,Met,MAR,A,0.030810212
MOBY,M2,400,Met,MAR,A,0.02660882
MOBY,M2,400,Met,MAR,A,0.028009284
MOBY,M2,400,Met,MAR,A,0.075625066
MOBY,M2,400,Met,MAR,A,0.018206034
MOBY,M2,400,Met,MAR,A,0.057419032
MOBY,M2,400,Met,MAR,A,0.028009284
MOBY,M2,400,Met,MAR,A,0.065121585
MOBY,M2,400,Met,MAR,A,0.077725763
MOBY,M2,400,Met,MAR,A,0.076325298
MOBY,M2,400,Met,MAR,A,0.080526691
MOBY,M2,400,Met,MAR,A,0.006302089
MOBY,M2,400,Met,MAR,A,0.060920192
MOBY,M2,400,Met,MAR,A,0.020306731
MOBY,M2,400,Met,MAR,A,0.052517407
MOBY,M2,400,Met,MAR,A,0.033611141
MOBY,M2,400,Met,MAR,A,0.058119264
MOBY,M2,400,Met,MAR,A,0.034311373
MOBY,M2,400,Met,MAR,A,0.014704874
MOBY,M2,400,Met,MAR,A,0.024508123
MOBY,M2,400,Met,MAR,A,0.156851989
MOBY,M2,400,Met,MAR,A,0.086128548
MOBY,M2,400,Met,MAR,A,0.03010998
MOBY,M2,400,Met,MAR,A,0.065121585
MOBY,M2,400,Met,MAR,A,0.218472414
MOBY,M2,400,Met,MAR,A,0.016105338
MOBY,M2,400,Met,MAR,A,0.158952686
MOBY,M2,400,Met,MAR,A,0.08682878
MOBY,M2,400,Met,MAR,A,0.027309052
MOBY,M2,400,Met,MAR,A,0.092430637
MOBY,M2,400,Met,MAR,A,0.021707195
MOBY,M2,400,Met,MAR,A,0.100833422
MOBY,M2,400,Met,MAR,A,0.012604178
MOBY,M2,400,Met,MAR,A,0.039913229
MOBY,M2,400,Met,MAR,A,0.06021996
MOBY,M2,400,Met,MAR,A,0.037812533
MOBY,M2,400,Met,MAR,A,0.13374433
MOBY,M2,400,Met,MAR,A,0.131643634
MOBY,M2,400,Met,MAR,A,0.189762898
MOBY,M2,400,Met,MAR,A,0.045515086
MOBY,M2,400,Met,MAR,A,0.007702553
MOBY,M2,400,Met,MAR,A,0.039212997
MOBY,M2,400,Met,MAR,A,0.022407427
MOBY,M2,400,Met,MAR,A,0.078425995
MOBY,M2,400,Met,MAR,A,0.027309052
MOBY,M2,400,Met,MAR,A,0.044814854
MOBY,M2,400,Met,MAR,A,0.025908588
MOBY,M2,400,Met,MAR,A,0.070723442
MOBY,M2,400,Met,MAR,A,0.121140152
MOBY,M2,400,Met,MAR,A,0.119739688
MOBY,M2,400,Met,MAR,A,0.12043992
MOBY,M2,400,Met,MAR,A,0.018206034
MOBY,M2,400,Met,MAR,A,0.128142473
MOBY,M2,400,Met,MAR,A,0.105034814
MOBY,M2,400,Met,MAR,A,0.042714158
MOBY,M2,400,Met,MAR,A,0.006302089
MOBY,M2,400,Met,MAR,A,0.037812533
MOBY,M2,400,Met,MAR,A,0.069322977
MOBY,M2,400,Met,MAR,A,0.031510444
MOBY,M2,400,Met,MAR,A,0.048316015
MOBY,M2,400,Met,MAR,A,0.039913229
MOBY,M2,400,Met,MAR,A,0.114838064
MOBY,M2,400,Met,MAR,A,0.072123906
MOBY,M2,400,Met,MAR,A,0.119039456
MOBY,M2,400,Met,MAR,A,0.042714158
MOBY,M2,400,Met,MAR,A,0.072824138
MOBY,M2,400,Met,MAR,A,0.018906267
MOBY,M2,400,Met,MAR,A,0.008402785
MOBY,M2,400,Met,MAR,A,0.051817175
MOBY,M2,400,Met,MAR,A,0.004901625
MOBY,M2,400,Met,MAR,A,0.039212997
MOBY,M2,400,Met,MAR,A,0.117638992
MOBY,M2,400,Met,MAR,A,0.084728084
MOBY,M2,400,Met,MAR,A,0.032210676
MOBY,M2,400,Met,MAR,A,0.056018568
MOBY,M2,400,Met,MAR,A,0.042714158
MOBY,M2,400,Met,MAR,A,0.128842706
MOBY,M2,400,Met,MAR,A,0.106435278
MOBY,M2,400,Met,MAR,A,0.009803249
MOBY,M2,400,Met,MAR,A,0.023107659
MOBY,M2,400,Met,MAR,A,0.029409748
MOBY,M2,400,Met,MAR,A,0.016105338
MOBY,M2,400,Met,MAR,A,0.042013926
MOBY,M2,400,Met,MAR,A,0.12043992
MOBY,M2,400,Met,MAR,A,0.029409748
MOBY,M2,400,Met,MAR,A,0.017505802
MOBY,M2,400,Met,MAR,A,0.044814854
MOBY,M2,400,Met,MAR,A,0.034311373
MOBY,M2,400,Met,MAR,A,0.102934118
MOBY,M2,400,Met,MAR,A,0.010503481
MOBY,M2,400,Met,MAR,A,0.015405106
MOBY,M2,400,Met,MAR,A,0.008402785
MOBY,M2,400,Met,MAR,A,0.030810212
MOBY,M2,400,Met,MAR,A,0.083327619
MOBY,M2,400,Met,MAR,A,0.035711837
MOBY,M2,400,Met,MAR,A,0.032910908
MOBY,M2,400,Met,MAR,A,0.017505802
MOBY,M2,400,Met,MAR,A,0.064421353
MOBY,M2,400,Met,MAR,A,0.020306731
MOBY,M2,400,Met,MAR,A,0.032910908
MOBY,M2,400,Met,MAR,A,0.085428316
MOBY,M2,400,Met,MAR,A,0.13024317
MOBY,M2,400,Met,MAR,A,0.048316015
MOBY,M2,400,Met,MAR,A,0.092430637
MOBY,M2,400,Met,MAR,A,0.036412069
MOBY,M2,400,Met,MAR,A,0.014704874
MOBY,M2,400,Met,MAR,A,0.015405106
MOBY,M2,400,Met,MAR,A,0.088229244
MOBY,M2,400,Met,MAR,A,0.079126227
MOBY,M2,400,Met,MAR,A,0.072123906
MOBY,M2,400,Met,MAR,A,0.080526691
MOBY,M2,400,Met,MAR,A,0.041313694
MOBY,M2,400,Met,MAR,A,0.021707195
MOBY,M2,400,Met,MAR,A,0.060920192
MOBY,M2,400,Met,MAR,A,0.064421353
MOBY,M2,400,Met,MAR,A,0.039913229
MOBY,M2,400,Met,MAR,A,0.122540617
MOBY,M2,400,Met,MAR,A,0.121140152
MOBY,M2,400,Met,MAR,A,0.012604178
MOBY,M2,400,Met,MAR,A,0.080526691
MOBY,M2,400,Met,MAR,A,0.022407427
MOBY,M2,400,Met,MAR,A,0.098032493
MOBY,M2,400,Met,MAR,A,0.109236207
MOBY,M2,400,Met,MAR,A,0.037812533
MOBY,M2,400,Met,MAR,A,0.081927155
MOBY,M2,400,Met,MAR,A,0.122540617
MOBY,M2,400,Met,MAR,A,0.04691555
MOBY,M2,400,Met,MAR,A,0.080526691
MOBY,M2,400,Met,MAR,A,0.046215318
MOBY,M2,400,Met,MAR,A,0.146348508
MOBY,M2,400,Met,MAR,A,0.059519728
MOBY,M2,400,Met,MAR,A,0.018906267
MOBY,M2,400,Met,MAR,A,0.076325298
MOBY,M2,400,Met,MAR,A,0.022407427
MOBY,M2,400,Met,MAR,A,0.033611141
MOBY,M2,400,Met,MAR,A,0.063020889
MOBY,M2,400,Met,MAR,A,0.131643634
MOBY,M2,400,Met,MAR,A,0.069322977
MOBY,M2,400,Met,MAR,A,0.116238528
MOBY,M2,400,Met,MAR,A,0.153350829
MOBY,M2,400,Met,MAR,A,0.085428316
MOBY,M2,400,Met,MAR,A,0.901898939
MOBY,M2,400,Met,MAR,A,0.025208355
MOBY,M2,400,Met,MAR,A,0.038512765
MOBY,M2,400,Met,MAR,A,0.051116943
MOBY,M2,400,Met,MAR,A,0.075625066
MOBY,M2,400,Met,MAR,A,0.010503481
MOBY,M2,400,Met,MAR,A,0.038512765
MOBY,M2,400,Met,MAR,A,0.028709516
MOBY,M2,400,Met,MAR,A,0.007702553
MOBY,M2,400,Met,MAR,A,0.018206034
MOBY,M2,400,Met,MAR,A,0.113437599
MOBY,M2,400,Met,MAR,A,0.007002321
MOBY,M2,400,Met,MAR,A,0.015405106
MOBY,M2,400,Met,MAR,A,0.130943402
MOBY,M2,400,Met,MAR,A,0.014004642
MOBY,M2,400,Met,MAR,A,0.079826459
MOBY,M2,400,Met,MAR,A,0.208669164
MOBY,M2,400,Met,MAR,A,0.074924834
MOBY,M2,400,Met,MAR,A,0.102233886
MOBY,M2,400,Met,MAR,A,0.102233886
MOBY,M2,400,Met,MAR,A,0.020306731
MOBY,M2,400,Met,MAR,A,0.181360113
MOBY,M2,400,Met,MAR,A,0.025208355
MOBY,M2,400,Met,MAR,A,0.117638992
MOBY,M2,400,Met,MAR,A,0.124641313
MOBY,M2,400,Met,MAR,A,0.01330441
MOBY,M2,400,Met,MAR,A,0.01680557
MOBY,M2,400,Met,MAR,A,0.060920192
MOBY,M2,400,Met,MAR,A,0.170156399
MOBY,M2,400,Met,MAR,A,0.025908588
MOBY,M2,400,Met,MAR,A,0.124641313
MOBY,M2,400,Met,MAR,A,0.042013926
MOBY,M2,400,Met,MAR,A,0.042013926
MOBY,M2,400,Met,MAR,A,0.159652918
MOBY,M2,400,Met,MAR,A,0.0567188
MOBY,M2,400,Met,MAR,A,0.005601857
MOBY,M2,400,Met,MAR,A,0.04691555
MOBY,M2,400,Met,MAR,A,0.047615782
MOBY,M2,400,Met,MAR,A,0.085428316
MOBY,M2,400,Met,MAR,A,0.105735046
MOBY,M2,400,Met,MAR,A,0.19396429
MOBY,M2,400,Met,MAR,A,0.039212997
MOBY,M2,400,Met,MAR,A,0.071423674
MOBY,M2,400,Met,MAR,A,0.13374433
MOBY,M2,400,Met,MAR,A,0.021006963
MOBY,M2,400,Met,MAR,A,0.147748972
MOBY,M2,400,Met,MAR,A,0.053217639
MOBY,M2,400,Met,MAR,A,0.054618103
MOBY,M2,400,Met,MAR,A,0.128142473
MOBY,M2,400,Met,MAR,A,0.044814854
MOBY,M2,400,Met,MAR,A,0.141446883
MOBY,M2,400,Met,MAR,A,0.064421353
MOBY,M2,400,Met,MAR,A,0.032210676
MOBY,M2,400,Met,MAR,A,0.024508123
MOBY,M2,400,Met,MAR,A,0.018206034
MOBY,M2,400,Met,MAR,A,0.060920192
MOBY,M2,400,Met,MAR,A,0.077725763
MOBY,M2,400,Met,MAR,A,0.065821817
MOBY,M2,400,Met,MAR,A,0.076325298
MOBY,M2,400,Met,MAR,A,0.009803249
MOBY,M2,400,Met,MAR,A,0.053917871
MOBY,M2,400,Met,MAR,A,0.023107659
MOBY,M2,400,Met,MAR,A,0.226174967
MOBY,M2,400,Met,MAR,A,0.110636671
MOBY,M2,400,Met,MAR,A,0.231776824
MOBY,M2,400,Met,MAR,A,0.161053382
MOBY,M2,400,Met,MAR,A,0.024508123
MOBY,M2,400,Met,MAR,A,0.191163362
MOBY,M2,400,Met,MAR,A,0.221273342
MOBY,M2,400,Met,MAR,A,0.040613462
MOBY,M2,400,Met,MAR,A,0.048316015
MOBY,M2,400,Met,MAR,A,0.126041777
MOBY,M2,400,Met,MAR,A,0.102233886
MOBY,M2,400,Met,MAR,A,0.009103017
MOBY,M2,400,Met,MAR,A,0.095931797
MOBY,M2,400,Met,MAR,A,0.100833422
MOBY,M2,400,Met,MAR,A,0.040613462
MOBY,M2,400,Met,MAR,A,0.025908588
MOBY,M2,400,Met,MAR,A,0.037812533
MOBY,M2,400,Met,MAR,A,0.212870557
MOBY,M2,400,Met,MAR,A,0.068622745
MOBY,M2,400,Met,MAR,A,0.081927155
MOBY,M2,400,Met,MAR,A,0.025208355
MOBY,M2,400,Met,MAR,A,0.07352437
MOBY,M2,400,Met,MAR,A,0.115538296
MOBY,M2,400,Met,MAR,A,0.072824138
MOBY,M2,400,Met,MAR,A,0.042714158
MOBY,M2,400,Met,MAR,A,0.179959648
MOBY,M2,400,Met,MAR,A,0.081226923
MOBY,M2,400,Met,MAR,A,0.035011605
MOBY,M2,400,Met,MAR,A,0.067222281
MOBY,M2,400,Met,MAR,A,0.07702553
MOBY,M2,400,Met,MAR,A,0.049716479
MOBY,M2,400,Met,MAR,A,0.011203714
MOBY,M2,400,Met,MAR,A,0.075625066
MOBY,M2,400,Met,MAR,A,0.015405106
MOBY,M2,400,Met,MAR,A,0.071423674
MOBY,M2,400,Met,MAR,A,0.13024317
MOBY,M2,400,Met,MAR,A,0.059519728
MOBY,M2,400,Met,MAR,A,0.084728084
MOBY,M2,400,Met,MAR,A,0.096632029
MOBY,M2,400,Met,MAR,A,0.156851989
MOBY,M2,400,Met,MAR,A,0.182060345
MOBY,M2,400,Met,MAR,A,0.061620424
MOBY,M2,400,Met,MAR,A,0.144247812
MOBY,M2,400,Met,MAR,A,0.051817175
MOBY,M2,400,Met,MAR,A,0.047615782
MOBY,M2,400,Met,MAR,A,0.014704874
MOBY,M2,400,Met,MAR,A,0.037112301
MOBY,M2,400,Met,MAR,A,0.050416711
MOBY,M2,400,Met,MAR,A,0.281493302
MOBY,M2,400,Met,MAR,A,0.045515086
MOBY,M2,400,Met,MAR,A,0.054618103
MOBY,M2,400,Met,MAR,A,0.034311373
MOBY,M2,400,Met,MAR,A,0.063020889
MOBY,M2,400,Met,MAR,A,0.042714158
MOBY,M2,400,Met,MAR,A,0.083327619
MOBY,M2,400,Met,MAR,A,0.032910908
MOBY,M2,400,Met,MAR,A,0.04341439
MOBY,M2,400,Met,MAR,A,0.167355471
MOBY,M2,400,Met,MAR,A,0.007002321
MOBY,M2,400,Met,MAR,A,0.012604178
MOBY,M2,400,Met,MAR,A,0.007002321
MOBY,M2,400,Met,MAR,A,0.055318336
MOBY,M2,400,Met,MAR,A,0.012604178
MOBY,M2,400,Met,MAR,A,0.123941081
MOBY,M2,400,Met,MAR,A,0.034311373
MOBY,M2,400,Met,MAR,A,0.039212997
MOBY,M2,400,Met,MAR,A,0.050416711
MOBY,M2,400,Met,MAR,A,0.058819496
MOBY,M2,400,Met,MAR,A,0.107135511
MOBY,M2,400,Met,MAR,A,0.036412069
MOBY,M2,400,Met,MAR,A,0.038512765
MOBY,M2,400,Met,MAR,A,0.015405106
MOBY,M2,400,Met,MAR,A,0.210769861
MOBY,M2,400,Met,MAR,A,0.047615782
MOBY,M2,400,Met,MAR,A,0.039212997
MOBY,M2,400,Met,MAR,A,0.058819496
MOBY,M2,400,Met,MAR,A,0.009803249
MOBY,M2,400,Met,MAR,A,0.032910908
MOBY,M2,400,Met,MAR,A,0.022407427
MOBY,M2,400,Met,MAR,A,0.094531333
MOBY,M2,400,Met,MAR,A,0.028709516
MOBY,M2,400,Met,MAR,A,0.063721121
MOBY,M2,400,Met,MAR,A,0.163154078
MOBY,M2,400,Met,MAR,A,0.174357792
MOBY,M2,400,Met,MAR,A,0.141446883
MOBY,M2,400,Met,MAR,A,0.018206034
MOBY,M2,400,Met,MAR,A,0.112737367
MOBY,M2,400,Met,MAR,A,0.028709516
MOBY,M2,400,Met,MAR,A,0.004901625
MOBY,M2,400,Met,MAR,A,0.145648276
MOBY,M2,400,Met,MAR,A,0.231776824
MOBY,M2,400,Met,MAR,A,0.018906267
MOBY,M2,400,Met,MAR,A,0.077725763
MOBY,M2,400,Met,MAR,A,0.059519728
MOBY,M2,400,Met,MAR,A,0.249982858
MOBY,M2,400,Met,MAR,A,0.140046419
MOBY,M2,400,Met,MAR,A,0.042714158
MOBY,M2,400,Met,MAR,A,0.091730404
MOBY,M2,400,Met,MAR,A,0.031510444
MOBY,M2,400,Met,MAR,A,0.017505802
MOBY,M2,400,Met,MAR,A,0.022407427
MOBY,M2,400,Met,MAR,A,0.032910908
MOBY,M2,400,Met,MAR,A,0.095931797
MOBY,M2,400,Met,MAR,A,0.114137832
MOBY,M2,400,Met,MAR,A,0.159652918
MOBY,M2,400,Met,MAR,A,0.059519728
MOBY,M2,400,Met,MAR,A,0.065121585
MOBY,M2,400,Met,MAR,A,0.039212997
MOBY,M2,400,Met,MAR,A,0.083327619
MOBY,M2,400,Met,MAR,A,0.085428316
MOBY,M2,400,Met,MAR,A,0.019606499
MOBY,M2,400,Met,MAR,A,0.104334582
MOBY,M2,400,Met,MAR,A,0.053917871
MOBY,M2,400,Met,MAR,A,0.053217639
MOBY,M2,400,Met,MAR,A,0.051817175
MOBY,M2,400,Met,MAR,A,0.084728084
MOBY,M2,400,Met,MAR,A,0.128142473
MOBY,M2,400,Met,MAR,A,0.121140152
MOBY,M2,400,Met,MAR,A,0.01330441
MOBY,M2,400,Met,MAR,A,0.086128548
MOBY,M2,400,Met,MAR,A,0.04691555
MOBY,M2,400,Met,MAR,A,0.011903946
MOBY,M2,400,Met,MAR,A,0.067922513
MOBY,M2,400,Met,MAR,A,0.021006963
MOBY,M2,400,Met,MAR,A,0.105735046
MOBY,M2,400,Met,MAR,A,0.024508123
MOBY,M2,400,Met,MAR,A,0.095231565
MOBY,M2,400,Met,MAR,A,0.047615782
MOBY,M2,400,Met,MAR,A,0.131643634
MOBY,M2,400,Met,MAR,A,0.058119264
MOBY,M2,400,Met,MAR,A,0.044114622
MOBY,M2,400,Met,MAR,A,0.048316015
MOBY,M2,400,Met,MAR,A,0.124641313
MOBY,M2,400,Met,MAR,A,0.028009284
MOBY,M2,400,Met,MAR,A,0.180659881
MOBY,M2,400,Met,MAR,A,0.035711837
MOBY,M2,400,Met,MAR,A,0.04341439
MOBY,M2,400,Met,MAR,A,0.092430637
MOBY,M2,400,Met,MAR,A,0.081226923
MOBY,M2,400,Met,MAR,A,0.03010998
MOBY,M2,400,Met,MAR,A,0.021006963
MOBY,M2,400,Met,MAR,A,0.018906267
MOBY,M2,400,Met,MAR,A,0.018906267
MOBY,M2,400,Met,MAR,A,0.035011605
MOBY,M2,400,Met,MAR,A,0.226174967
MOBY,M2,400,Met,MAR,A,0.019606499
MOBY,M2,400,Met,MAR,A,0.082627387
MOBY,M2,400,Met,MAR,A,0.028709516
MOBY,M2,400,Met,MAR,A,0.035011605
MOBY,M2,400,Met,MAR,A,0.010503481
MOBY,M2,400,Met,MAR,A,0.024508123
MOBY,M2,400,Met,MAR,A,0.0567188
MOBY,M2,400,Met,MAR,A,0.022407427
MOBY,M2,400,Met,MAR,A,0.079826459
MOBY,M2,400,Met,MAR,A,0.243680769
MOBY,M2,400,Met,MAR,A,0.038512765
MOBY,M2,400,Met,MAR,A,0.0567188
MOBY,M2,400,Met,MAR,A,0.028709516
MOBY,M2,400,Met,MAR,A,0.153350829
MOBY,M2,400,Met,MAR,A,0.068622745
MOBY,M2,400,Met,MAR,A,0.032910908
MOBY,M2,400,Met,MAR,A,0.105735046
MOBY,M2,400,Met,MAR,A,0.081226923
MOBY,M2,400,Met,MAR,A,0.025908588
MOBY,M2,400,Met,MAR,A,0.038512765
MOBY,M2,400,Met,MAR,A,0.037112301
MOBY,M2,400,Met,MAR,A,0.023807891
MOBY,M2,400,Met,MAR,A,0.027309052
MOBY,M2,400,Met,MAR,A,0.11693876
MOBY,M2,400,Met,MAR,A,0.014004642
MOBY,M2,400,Met,MAR,A,0.009103017
MOBY,M2,400,Met,MAR,A,0.092430637
MOBY,M2,400,Met,MAR,A,0.0567188
MOBY,M2,400,Met,MAR,A,0.01680557
MOBY,M2,400,Met,MAR,A,0.119039456
MOBY,M2,400,Met,MAR,A,0.018206034
MOBY,M2,400,Met,MAR,A,0.079826459
MOBY,M2,400,Met,MAR,A,0.079126227
MOBY,M2,400,Met,MAR,A,0.015405106
MOBY,M2,400,Met,MAR,A,0.049016247
MOBY,M2,400,Met,MAR,A,0.065821817
MOBY,M2,400,Met,MAR,A,0.037812533
MOBY,M2,400,Met,MAR,A,0.08682878
MOBY,M2,400,Met,MAR,A,0.039212997
MOBY,M2,400,Met,MAR,A,0.031510444
MOBY,M2,400,Met,MAR,A,0.029409748
MOBY,M2,400,Met,MAR,A,0.023807891
MOBY,M2,400,Met,MAR,A,0.050416711
MOBY,M2,400,Met,MAR,A,0.067222281
MOBY,M2,400,Met,MAR,A,0.04341439
MOBY,M2,400,Met,MAR,A,0.045515086
MOBY,M2,400,Met,MAR,A,0.021006963
MOBY,M2,400,Met,MAR,A,0.158952686
MOBY,M2,400,Met,MAR,A,0.051116943
MOBY,M2,400,Met,MAR,A,0.010503481
MOBY,M2,400,Met,MAR,A,0.021006963
MOBY,M2,400,Met,MAR,A,0.081927155
MOBY,M2,400,Met,MAR,A,0.10363435
MOBY,M2,400,Met,MAR,A,0.044114622
MOBY,M2,400,Met,MAR,A,0.009103017
MOBY,M2,400,Met,MAR,A,0.023807891
MOBY,M2,400,Met,MAR,A,0.096632029
MOBY,M2,400,Met,MAR,A,0.059519728
MOBY,M2,400,Met,MAR,A,0.033611141
MOBY,M2,400,Met,MAR,A,0.007002321
MOBY,M2,400,Met,MAR,A,0.050416711
MOBY,M2,400,Met,MAR,A,0.049016247
MOBY,M2,400,Met,MAR,A,0.021707195
MOBY,M2,400,Met,MAR,A,0.020306731
MOBY,M2,400,Met,MAR,A,0.102934118
MOBY,M2,400,Met,MAR,A,0.13374433
MOBY,M2,400,Met,MAR,A,0.007702553
MOBY,M2,400,Met,MAR,A,0.075625066
MOBY,M2,400,Met,MAR,A,0.062320656
MOBY,M2,400,Met,MAR,A,0.042013926
MOBY,M2,400,Met,MAR,A,0.012604178
MOBY,M2,400,Met,MAR,A,0.016105338
MOBY,M2,400,Met,MAR,A,0.069322977
MOBY,M2,400,Met,MAR,A,0.0567188
MOBY,M2,400,Met,MAR,A,0.032910908
MOBY,M2,400,Met,MAR,A,0.066522049
MOBY,M2,400,Met,MAR,A,0.035711837
MOBY,M2,400,Met,MAR,A,0.04341439
MOBY,M2,400,Met,MAR,A,0.040613462
MOBY,M2,400,Met,MAR,A,0.034311373
MOBY,M2,400,Met,MAR,A,0.204467772
MOBY,M2,400,Met,MAR,A,0.06021996
MOBY,M2,400,Met,MAR,A,0.282893766
MOBY,M2,400,Met,MAR,A,0.191863594
MOBY,M2,400,Met,MAR,A,0.088929476
MOBY,M2,400,Met,MAR,A,0.018206034
MOBY,M2,400,Met,MAR,A,0.017505802
MOBY,M2,400,Met,MAR,A,0.046215318
MOBY,M2,400,Met,MAR,A,0.014004642
MOBY,M2,400,Met,MAR,A,0.137945723
MOBY,M2,400,Met,MAR,A,0.162453846
MOBY,M2,400,Met,MAR,A,0.208669164
MOBY,M2,400,Met,MAR,A,0.009803249
MOBY,M2,400,Met,MAR,A,0.079826459
MOBY,M2,400,Met,MAR,A,0.044814854
MOBY,M2,400,Met,MAR,A,0.050416711
MOBY,M2,400,Met,MAR,A,0.086128548
MOBY,M2,400,Met,MAR,A,0.152650597
MOBY,M2,400,Met,MAR,A,0.253484018
MOBY,M2,400,Met,MAR,A,0.011203714
MOBY,M2,400,Met,MAR,A,0.049016247
MOBY,M2,400,Met,MAR,A,0.102233886
MOBY,M2,400,Met,MAR,A,0.129542938
MOBY,M2,400,Met,MAR,A,0.015405106
MOBY,M2,400,Met,MAR,A,0.023107659
MOBY,M2,400,Met,MAR,A,0.07352437
MOBY,M2,400,Met,MAR,A,0.035011605
MOBY,M2,400,Met,MAR,A,0.139346187
MOBY,M2,400,Met,MAR,A,0.191163362
MOBY,M2,400,Met,MAR,A,0.051817175
MOBY,M2,400,Met,MAR,A,0.064421353
MOBY,M2,400,Met,MAR,A,0.126742009
MOBY,M2,400,Met,MAR,A,0.095231565
MOBY,M2,400,Met,MAR,A,0.038512765
MOBY,M2,400,Met,MAR,A,0.011203714
MOBY,M2,400,Met,MAR,A,0.037112301
MOBY,M2,400,Met,MAR,A,0.088929476
MOBY,M2,400,Met,MAR,A,0.010503481
MOBY,M2,400,Met,MAR,A,0.01330441
MOBY,M2,400,Met,MAR,A,0.12043992
MOBY,M2,400,Met,MAR,A,0.121840385
MOBY,M2,400,Met,MAR,A,0.079826459
MOBY,M2,400,Met,MAR,A,0.053917871
MOBY,M2,400,Met,MAR,A,0.031510444
MOBY,M2,400,Met,MAR,A,0.111336903
MOBY,M2,400,Met,MAR,A,0.095931797
MOBY,M2,400,Met,MAR,A,0.075625066
MOBY,M2,400,Met,MAR,A,0.04341439
MOBY,M2,400,Met,MAR,A,0.031510444
MOBY,M2,400,Met,MAR,A,0.051817175
MOBY,M2,400,Met,MAR,A,0.12043992
MOBY,M2,400,Met,MAR,A,0.070723442
MOBY,M2,400,Met,MAR,A,0.189062666
MOBY,M2,400,Met,MAR,A,0.077725763
MOBY,M2,400,Met,MAR,A,0.011203714
MOBY,M2,400,Met,MAR,A,0.011903946
MOBY,M2,400,Met,MAR,A,0.12043992
MOBY,M2,400,Met,MAR,A,0.100833422
MOBY,M2,400,Met,MAR,B,0.018225759
MOBY,M2,400,Met,MAR,B,0.0130184
MOBY,M2,400,Met,MAR,B,0.055979118
MOBY,M2,400,Met,MAR,B,0.052724518
MOBY,M2,400,Met,MAR,B,0.037753359
MOBY,M2,400,Met,MAR,B,0.01236748
MOBY,M2,400,Met,MAR,B,0.102194436
MOBY,M2,400,Met,MAR,B,0.040357039
MOBY,M2,400,Met,MAR,B,0.037102439
MOBY,M2,400,Met,MAR,B,0.015622079
MOBY,M2,400,Met,MAR,B,0.025385879
MOBY,M2,400,Met,MAR,B,0.059884638
MOBY,M2,400,Met,MAR,B,0.016272999
MOBY,M2,400,Met,MAR,B,0.075506717
MOBY,M2,400,Met,MAR,B,0.041658878
MOBY,M2,400,Met,MAR,B,0.079412237
MOBY,M2,400,Met,MAR,B,0.103496276
MOBY,M2,400,Met,MAR,B,0.028640479
MOBY,M2,400,Met,MAR,B,0.075506717
MOBY,M2,400,Met,MAR,B,0.020178519
MOBY,M2,400,Met,MAR,B,0.013669319
MOBY,M2,400,Met,MAR,B,0.026036799
MOBY,M2,400,Met,MAR,B,0.085921437
MOBY,M2,400,Met,MAR,B,0.085921437
MOBY,M2,400,Met,MAR,B,0.01236748
MOBY,M2,400,Met,MAR,B,0.024084039
MOBY,M2,400,Met,MAR,B,0.080063157
MOBY,M2,400,Met,MAR,B,0.021480359
MOBY,M2,400,Met,MAR,B,0.102845356
MOBY,M2,400,Met,MAR,B,0.096987076
MOBY,M2,400,Met,MAR,B,0.023433119
MOBY,M2,400,Met,MAR,B,0.120420196
MOBY,M2,400,Met,MAR,B,0.084619597
MOBY,M2,400,Met,MAR,B,0.089826957
MOBY,M2,400,Met,MAR,B,0.027338639
MOBY,M2,400,Met,MAR,B,0.0130184
MOBY,M2,400,Met,MAR,B,0.022131279
MOBY,M2,400,Met,MAR,B,0.079412237
MOBY,M2,400,Met,MAR,B,0.060535558
MOBY,M2,400,Met,MAR,B,0.098939836
MOBY,M2,400,Met,MAR,B,0.00846196
MOBY,M2,400,Met,MAR,B,0.013669319
MOBY,M2,400,Met,MAR,B,0.293564909
MOBY,M2,400,Met,MAR,B,0.057931878
MOBY,M2,400,Met,MAR,B,0.137344115
MOBY,M2,400,Met,MAR,B,0.039055199
MOBY,M2,400,Met,MAR,B,0.083968677
MOBY,M2,400,Met,MAR,B,0.043611638
MOBY,M2,400,Met,MAR,B,0.095685236
MOBY,M2,400,Met,MAR,B,0.080063157
MOBY,M2,400,Met,MAR,B,0.050771758
MOBY,M2,400,Met,MAR,B,0.042309798
MOBY,M2,400,Met,MAR,B,0.139947795
MOBY,M2,400,Met,MAR,B,0.048168078
MOBY,M2,400,Met,MAR,B,0.01041472
MOBY,M2,400,Met,MAR,B,0.054026358
MOBY,M2,400,Met,MAR,B,0.088525117
MOBY,M2,400,Met,MAR,B,0.016923919
MOBY,M2,400,Met,MAR,B,0.033196919
MOBY,M2,400,Met,MAR,B,0.018876679
MOBY,M2,400,Met,MAR,B,0.00911288
MOBY,M2,400,Met,MAR,B,0.150362514
MOBY,M2,400,Met,MAR,B,0.0130184
MOBY,M2,400,Met,MAR,B,0.041007958
MOBY,M2,400,Met,MAR,B,0.057280958
MOBY,M2,400,Met,MAR,B,0.076157637
MOBY,M2,400,Met,MAR,B,0.029291399
MOBY,M2,400,Met,MAR,B,0.017574839
MOBY,M2,400,Met,MAR,B,0.035149679
MOBY,M2,400,Met,MAR,B,0.072252117
MOBY,M2,400,Met,MAR,B,0.065091998
MOBY,M2,400,Met,MAR,B,0.035149679
MOBY,M2,400,Met,MAR,B,0.034498759
MOBY,M2,400,Met,MAR,B,0.156871714
MOBY,M2,400,Met,MAR,B,0.054026358
MOBY,M2,400,Met,MAR,B,0.01041472
MOBY,M2,400,Met,MAR,B,0.037753359
MOBY,M2,400,Met,MAR,B,0.190719553
MOBY,M2,400,Met,MAR,B,0.063139238
MOBY,M2,400,Met,MAR,B,0.026036799
MOBY,M2,400,Met,MAR,B,0.00781104
MOBY,M2,400,Met,MAR,B,0.027989559
MOBY,M2,400,Met,MAR,B,0.128882155
MOBY,M2,400,Met,MAR,B,0.052073598
MOBY,M2,400,Met,MAR,B,0.029942319
MOBY,M2,400,Met,MAR,B,0.061186478
MOBY,M2,400,Met,MAR,B,0.025385879
MOBY,M2,400,Met,MAR,B,0.058582798
MOBY,M2,400,Met,MAR,B,0.178352073
MOBY,M2,400,Met,MAR,B,0.333271028
MOBY,M2,400,Met,MAR,B,0.021480359
MOBY,M2,400,Met,MAR,B,0.01171656
MOBY,M2,400,Met,MAR,B,0.026036799
MOBY,M2,400,Met,MAR,B,0.042960718
MOBY,M2,400,Met,MAR,B,0.121722035
MOBY,M2,400,Met,MAR,B,0.041007958
MOBY,M2,400,Met,MAR,B,0.068346597
MOBY,M2,400,Met,MAR,B,0.26557535
MOBY,M2,400,Met,MAR,B,0.163380914
MOBY,M2,400,Met,MAR,B,0.067695677
MOBY,M2,400,Met,MAR,B,0.01236748
MOBY,M2,400,Met,MAR,B,0.01106564
MOBY,M2,400,Met,MAR,B,0.059233718
MOBY,M2,400,Met,MAR,B,0.087874197
MOBY,M2,400,Met,MAR,B,0.218058192
MOBY,M2,400,Met,MAR,B,0.039706119
MOBY,M2,400,Met,MAR,B,0.024084039
MOBY,M2,400,Met,MAR,B,0.013669319
MOBY,M2,400,Met,MAR,B,0.077459477
MOBY,M2,400,Met,MAR,B,0.029291399
MOBY,M2,400,Met,MAR,B,0.059884638
MOBY,M2,400,Met,MAR,B,0.096336156
MOBY,M2,400,Met,MAR,B,0.00520736
MOBY,M2,400,Met,MAR,B,0.039706119
MOBY,M2,400,Met,MAR,B,0.083317757
MOBY,M2,400,Met,MAR,B,0.022782199
MOBY,M2,400,Met,MAR,B,0.098939836
MOBY,M2,400,Met,MAR,B,0.104798116
MOBY,M2,400,Met,MAR,B,0.155569874
MOBY,M2,400,Met,MAR,B,0.123674795
MOBY,M2,400,Met,MAR,B,0.050771758
MOBY,M2,400,Met,MAR,B,0.050120838
MOBY,M2,400,Met,MAR,B,0.095034316
MOBY,M2,400,Met,MAR,B,0.119118356
MOBY,M2,400,Met,MAR,B,0.026036799
MOBY,M2,400,Met,MAR,B,0.213501752
MOBY,M2,400,Met,MAR,B,0.030593239
MOBY,M2,400,Met,MAR,B,0.042960718
MOBY,M2,400,Met,MAR,B,0.063790158
MOBY,M2,400,Met,MAR,B,0.27533915
MOBY,M2,400,Met,MAR,B,0.016923919
MOBY,M2,400,Met,MAR,B,0.071601197
MOBY,M2,400,Met,MAR,B,0.137344115
MOBY,M2,400,Met,MAR,B,0.095685236
MOBY,M2,400,Met,MAR,B,0.019527599
MOBY,M2,400,Met,MAR,B,0.039706119
MOBY,M2,400,Met,MAR,B,0.039055199
MOBY,M2,400,Met,MAR,B,0.128882155
MOBY,M2,400,Met,MAR,B,0.00455644
MOBY,M2,400,Met,MAR,B,0.039055199
MOBY,M2,400,Met,MAR,B,0.027989559
MOBY,M2,400,Met,MAR,B,0.024084039
MOBY,M2,400,Met,MAR,B,0.188766793
MOBY,M2,400,Met,MAR,B,0.054677278
MOBY,M2,400,Met,MAR,B,0.059233718
MOBY,M2,400,Met,MAR,B,0.050771758
MOBY,M2,400,Met,MAR,B,0.126278475
MOBY,M2,400,Met,MAR,B,0.037102439
MOBY,M2,400,Met,MAR,B,0.100892596
MOBY,M2,400,Met,MAR,B,0.047517158
MOBY,M2,400,Met,MAR,B,0.112609156
MOBY,M2,400,Met,MAR,B,0.066393838
MOBY,M2,400,Met,MAR,B,0.065742918
MOBY,M2,400,Met,MAR,B,0.084619597
MOBY,M2,400,Met,MAR,B,0.089176037
MOBY,M2,400,Met,MAR,B,0.080714077
MOBY,M2,400,Met,MAR,B,0.020178519
MOBY,M2,400,Met,MAR,B,0.142551475
MOBY,M2,400,Met,MAR,B,0.052724518
MOBY,M2,400,Met,MAR,B,0.078761317
MOBY,M2,400,Met,MAR,B,0.188766793
MOBY,M2,400,Met,MAR,B,0.054026358
MOBY,M2,400,Met,MAR,B,0.061837398
MOBY,M2,400,Met,MAR,B,0.129533075
MOBY,M2,400,Met,MAR,B,0.070950277
MOBY,M2,400,Met,MAR,B,0.047517158
MOBY,M2,400,Met,MAR,B,0.064441078
MOBY,M2,400,Met,MAR,B,0.047517158
MOBY,M2,400,Met,MAR,B,0.188115873
MOBY,M2,400,Met,MAR,B,0.00520736
MOBY,M2,400,Met,MAR,B,0.015622079
MOBY,M2,400,Met,MAR,B,0.064441078
MOBY,M2,400,Met,MAR,B,0.031244159
MOBY,M2,400,Met,MAR,B,0.112609156
MOBY,M2,400,Met,MAR,B,0.037753359
MOBY,M2,400,Met,MAR,B,0.029291399
MOBY,M2,400,Met,MAR,B,0.023433119
MOBY,M2,400,Met,MAR,B,0.026036799
MOBY,M2,400,Met,MAR,B,0.00520736
MOBY,M2,400,Met,MAR,B,0.020178519
MOBY,M2,400,Met,MAR,B,0.082666837
MOBY,M2,400,Met,MAR,B,0.025385879
MOBY,M2,400,Met,MAR,B,0.043611638
MOBY,M2,400,Met,MAR,B,0.036451519
MOBY,M2,400,Met,MAR,B,0.058582798
MOBY,M2,400,Met,MAR,B,0.138645955
MOBY,M2,400,Met,MAR,B,0.046866238
MOBY,M2,400,Met,MAR,B,0.00520736
MOBY,M2,400,Met,MAR,B,0.115863756
MOBY,M2,400,Met,MAR,B,0.033196919
MOBY,M2,400,Met,MAR,B,0.097637996
MOBY,M2,400,Met,MAR,B,0.073553957
MOBY,M2,400,Met,MAR,B,0.0032546
MOBY,M2,400,Met,MAR,B,0.060535558
MOBY,M2,400,Met,MAR,B,0.0032546
MOBY,M2,400,Met,MAR,B,0.00390552
MOBY,M2,400,Met,MAR,B,0.078110397
MOBY,M2,400,Met,MAR,B,0.037753359
MOBY,M2,400,Met,MAR,B,0.067044758
MOBY,M2,400,Met,MAR,B,0.026687719
MOBY,M2,400,Met,MAR,B,0.026036799
MOBY,M2,400,Met,MAR,B,0.081364997
MOBY,M2,400,Met,MAR,B,0.00585828
MOBY,M2,400,Met,MAR,B,0.102845356
MOBY,M2,400,Met,MAR,B,0.033196919
MOBY,M2,400,Met,MAR,B,0.057280958
MOBY,M2,400,Met,MAR,B,0.053375438
MOBY,M2,400,Met,MAR,B,0.01171656
MOBY,M2,400,Met,MAR,B,0.016272999
MOBY,M2,400,Met,MAR,B,0.013669319
MOBY,M2,400,Met,MAR,B,0.027989559
MOBY,M2,400,Met,MAR,B,0.00716012
MOBY,M2,400,Met,MAR,B,0.035800599
MOBY,M2,400,Met,MAR,B,0.037753359
MOBY,M2,400,Met,MAR,B,0.072903037
MOBY,M2,400,Met,MAR,B,0.072903037
MOBY,M2,400,Met,MAR,B,0.00846196
MOBY,M2,400,Met,MAR,B,0.076808557
MOBY,M2,400,Met,MAR,B,0.037753359
MOBY,M2,400,Met,MAR,B,0.0097638
MOBY,M2,400,Met,MAR,B,0.01106564
MOBY,M2,400,Met,MAR,B,0.094383397
MOBY,M2,400,Met,MAR,B,0.00520736
MOBY,M2,400,Met,MAR,B,0.079412237
MOBY,M2,400,Met,MAR,B,0.022782199
MOBY,M2,400,Met,MAR,B,0.029942319
MOBY,M2,400,Met,MAR,B,0.023433119
MOBY,M2,400,Met,MAR,B,0.070299357
MOBY,M2,400,Met,MAR,B,0.00846196
MOBY,M2,400,Met,MAR,B,0.018876679
MOBY,M2,400,Met,MAR,B,0.014320239
MOBY,M2,400,Met,MAR,B,0.027338639
MOBY,M2,400,Met,MAR,B,0.024734959
MOBY,M2,400,Met,MAR,B,0.00846196
MOBY,M2,400,Met,MAR,B,0.018876679
MOBY,M2,400,Met,MAR,B,0.014971159
MOBY,M2,400,Met,MAR,B,0.037102439
MOBY,M2,400,Met,MAR,B,0.070299357
MOBY,M2,400,Met,MAR,B,0.034498759
MOBY,M2,400,Met,MAR,B,0.044913478
MOBY,M2,400,Met,MAR,B,0.037102439
MOBY,M2,400,Met,MAR,B,0.021480359
MOBY,M2,400,Met,MAR,B,0.126929395
MOBY,M2,400,Met,MAR,B,0.091779717
MOBY,M2,400,Met,MAR,B,0.113910996
MOBY,M2,400,Met,MAR,B,0.030593239
MOBY,M2,400,Met,MAR,B,0.076157637
MOBY,M2,400,Met,MAR,B,0.032545999
MOBY,M2,400,Met,MAR,B,0.055328198
MOBY,M2,400,Met,MAR,B,0.019527599
MOBY,M2,400,Met,MAR,B,0.114561916
MOBY,M2,400,Met,MAR,B,0.00585828
MOBY,M2,400,Met,MAR,B,0.037753359
MOBY,M2,400,Met,MAR,B,0.00716012
MOBY,M2,400,Met,MAR,B,0.041658878
MOBY,M2,400,Met,MAR,B,0.048818998
MOBY,M2,400,Met,MAR,B,0.030593239
MOBY,M2,400,Met,MAR,B,0.016923919
MOBY,M2,400,Met,MAR,B,0.026036799
MOBY,M2,400,Met,MAR,B,0.043611638
MOBY,M2,400,Met,MAR,B,0.026687719
MOBY,M2,400,Met,MAR,B,0.013669319
MOBY,M2,400,Met,MAR,B,0.080063157
MOBY,M2,400,Met,MAR,B,0.056630038
MOBY,M2,400,Met,MAR,B,0.117165596
MOBY,M2,400,Met,MAR,B,0.027338639
MOBY,M2,400,Met,MAR,B,0.126278475
MOBY,M2,400,Met,MAR,B,0.080714077
MOBY,M2,400,Met,MAR,B,0.013669319
MOBY,M2,400,Met,MAR,B,0.0032546
MOBY,M2,400,Met,MAR,B,0.0032546
MOBY,M2,400,Met,MAR,B,0.0097638
MOBY,M2,400,Met,MAR,B,0.040357039
MOBY,M2,400,Met,MAR,B,0.022782199
MOBY,M2,400,Met,MAR,B,0.105449036
MOBY,M2,400,Met,MAR,B,0.098939836
MOBY,M2,400,Met,MAR,B,0.01041472
MOBY,M2,400,Met,MAR,B,0.029291399
MOBY,M2,400,Met,MAR,B,0.098939836
MOBY,M2,400,Met,MAR,B,0.026687719
MOBY,M2,400,Met,MAR,B,0.01041472
MOBY,M2,400,Met,MAR,B,0.022131279
MOBY,M2,400,Met,MAR,B,0.023433119
MOBY,M2,400,Met,MAR,B,0.029942319
MOBY,M2,400,Met,MAR,B,0.067695677
MOBY,M2,400,Met,MAR,B,0.019527599
MOBY,M2,400,Met,MAR,B,0.00455644
MOBY,M2,400,Met,MAR,B,0.054677278
MOBY,M2,400,Met,MAR,B,0.0130184
MOBY,M2,400,Met,MAR,B,0.102194436
MOBY,M2,400,Met,MAR,B,0.039055199
MOBY,M2,400,Met,MAR,B,0.034498759
MOBY,M2,400,Met,MAR,B,0.048818998
MOBY,M2,400,Met,MAR,B,0.050120838
MOBY,M2,400,Met,MAR,B,0.188766793
MOBY,M2,400,Met,MAR,B,0.019527599
MOBY,M2,400,Met,MAR,B,0.057931878
MOBY,M2,400,Met,MAR,B,0.163380914
MOBY,M2,400,Met,MAR,B,0.098939836
MOBY,M2,400,Met,MAR,B,0.096987076
MOBY,M2,400,Met,MAR,B,0.389250146
MOBY,M2,400,Met,MAR,B,0.0065092
MOBY,M2,400,Met,MAR,B,0.091779717
MOBY,M2,400,Met,MAR,B,0.057931878
MOBY,M2,400,Met,MAR,B,0.072252117
MOBY,M2,400,Met,MAR,B,0.059233718
MOBY,M2,400,Met,MAR,B,0.0097638
MOBY,M2,400,Met,MAR,B,0.016272999
MOBY,M2,400,Met,MAR,B,0.015622079
MOBY,M2,400,Met,MAR,B,0.102845356
MOBY,M2,400,Met,MAR,B,0.032545999
MOBY,M2,400,Met,MAR,B,0.052073598
MOBY,M2,400,Met,MAR,B,0.024734959
MOBY,M2,400,Met,MAR,B,0.00781104
MOBY,M2,400,Met,MAR,B,0.080063157
MOBY,M2,400,Met,MAR,B,0.041658878
MOBY,M2,400,Met,MAR,B,0.050120838
MOBY,M2,400,Met,MAR,B,0.063139238
MOBY,M2,400,Met,MAR,B,0.046215318
MOBY,M2,400,Met,MAR,B,0.062488318
MOBY,M2,400,Met,MAR,B,0.043611638
MOBY,M2,400,Met,MAR,B,0.114561916
MOBY,M2,400,Met,MAR,B,0.024084039
MOBY,M2,400,Met,MAR,B,0.084619597
MOBY,M2,400,Met,MAR,B,0.024084039
MOBY,M2,400,Met,MAR,B,0.057931878
MOBY,M2,400,Met,MAR,B,0.0097638
MOBY,M2,400,Met,MAR,B,0.00716012
MOBY,M2,400,Met,MAR,B,0.115212836
MOBY,M2,400,Met,MAR,B,0.059884638
MOBY,M2,400,Met,MAR,B,0.050120838
MOBY,M2,400,Met,MAR,B,0.102194436
MOBY,M2,400,Met,MAR,B,0.031895079
MOBY,M2,400,Met,MAR,B,0.067044758
MOBY,M2,400,Met,MAR,B,0.054677278
MOBY,M2,400,Met,MAR,B,0.111307316
MOBY,M2,400,Met,MAR,B,0.141249635
MOBY,M2,400,Met,MAR,B,0.021480359
MOBY,M2,400,Met,MAR,B,0.059233718
MOBY,M2,400,Met,MAR,B,0.026687719
MOBY,M2,400,Met,MAR,B,0.027338639
MOBY,M2,400,Met,MAR,B,0.067044758
MOBY,M2,400,Met,MAR,B,0.122372955
MOBY,M2,400,Met,MAR,B,0.029291399
MOBY,M2,400,Met,MAR,B,0.041007958
MOBY,M2,400,Met,MAR,B,0.090477877
MOBY,M2,400,Met,MAR,B,0.00585828
MOBY,M2,400,Met,MAR,B,0.020829439
MOBY,M2,400,Met,MAR,B,0.018225759
MOBY,M2,400,Met,MAR,B,0.078761317
MOBY,M2,400,Met,MAR,B,0.078110397
MOBY,M2,400,Met,MAR,B,0.065091998
MOBY,M2,400,Met,MAR,B,0.095034316
MOBY,M2,400,Met,MAR,B,0.035149679
MOBY,M2,400,Met,MAR,B,0.087223277
MOBY,M2,400,Met,MAR,B,0.038404279
MOBY,M2,400,Met,MAR,B,0.067695677
MOBY,M2,400,Met,MAR,B,0.091779717
MOBY,M2,400,Met,MAR,B,0.027989559
MOBY,M2,400,Met,MAR,B,0.056630038
MOBY,M2,400,Met,MAR,B,0.083317757
MOBY,M2,400,Met,MAR,B,0.00585828
MOBY,M2,400,Met,MAR,B,0.138645955
MOBY,M2,400,Met,MAR,B,0.097637996
MOBY,M2,400,Met,MAR,B,0.050120838
MOBY,M2,400,Met,MAR,B,0.039706119
MOBY,M2,400,Met,MAR,B,0.014971159
MOBY,M2,400,Met,MAR,B,0.111307316
MOBY,M2,400,Met,MAR,B,0.01171656
MOBY,M2,400,Met,MAR,B,0.154918954
MOBY,M2,400,Met,MAR,B,0.01041472
MOBY,M2,400,Met,MAR,B,0.154918954
MOBY,M2,400,Met,MAR,B,0.065742918
MOBY,M2,400,Met,MAR,B,0.035149679
MOBY,M2,400,Met,MAR,B,0.110656396
MOBY,M2,400,Met,MAR,B,0.046215318
MOBY,M2,400,Met,MAR,B,0.032545999
MOBY,M2,400,Met,MAR,B,0.091128797
MOBY,M2,400,Met,MAR,B,0.0065092
MOBY,M2,400,Met,MAR,B,0.020829439
MOBY,M2,400,Met,MAR,B,0.126929395
MOBY,M2,400,Met,MAR,B,0.069648437
MOBY,M2,400,Met,MAR,B,0.447832943
MOBY,M2,400,Met,MAR,B,0.047517158
MOBY,M2,400,Met,MAR,B,0.110005476
MOBY,M2,400,Met,MAR,B,0.0065092
MOBY,M2,400,Met,MAR,B,0.107401796
MOBY,M2,400,Met,MAR,B,0.050120838
MOBY,M2,400,Met,MAR,B,0.0130184
MOBY,M2,400,Met,MAR,B,0.035149679
MOBY,M2,400,Met,MAR,B,0.048818998
MOBY,M2,400,Met,MAR,B,0.031244159
MOBY,M2,400,Met,MAR,B,0.054677278
MOBY,M2,400,Met,MAR,B,0.054026358
MOBY,M2,400,Met,MAR,B,0.037753359
MOBY,M2,400,Met,MAR,B,0.087223277
MOBY,M2,400,Met,MAR,B,0.018225759
MOBY,M2,400,Met,MAR,B,0.036451519
MOBY,M2,400,Met,MAR,B,0.037753359
MOBY,M2,400,Met,MAR,B,0.013669319
MOBY,M2,400,Met,MAR,B,0.013669319
MOBY,M2,400,Met,MAR,B,0.067695677
MOBY,M2,400,Met,MAR,B,0.00520736
MOBY,M2,400,Met,MAR,B,0.01106564
MOBY,M2,400,Met,MAR,B,0.028640479
MOBY,M2,400,Met,MAR,B,0.132136755
MOBY,M2,400,Met,MAR,B,0.00781104
MOBY,M2,400,Met,MAR,B,0.072252117
MOBY,M2,400,Met,MAR,B,0.014971159
MOBY,M2,400,Met,MAR,B,0.113910996
MOBY,M2,400,Met,MAR,B,0.044262558
MOBY,M2,400,Met,MAR,B,0.170541034
MOBY,M2,400,Met,MAR,B,0.027338639
MOBY,M2,400,Met,MAR,B,0.021480359
MOBY,M2,400,Met,MAR,B,0.089176037
MOBY,M2,400,Met,MAR,B,0.01041472
MOBY,M2,400,Met,MAR,B,0.065091998
MOBY,M2,400,Met,MAR,B,0.026687719
MOBY,M2,400,Met,MAR,B,0.070299357
MOBY,M2,400,Met,MAR,B,0.0065092
MOBY,M2,400,Met,MAR,B,0.022782199
MOBY,M2,400,Met,MAR,B,0.01171656
MOBY,M2,400,Met,MAR,B,0.016923919
MOBY,M2,400,Met,MAR,B,0.134089515
MOBY,M2,400,Met,MAR,B,0.027989559
MOBY,M2,400,Met,MAR,B,0.026036799
MOBY,M2,400,Met,MAR,B,0.039706119
MOBY,M2,400,Met,MAR,B,0.089826957
MOBY,M2,400,Met,MAR,B,0.00585828
MOBY,M2,400,Met,MAR,B,0.078110397
MOBY,M2,400,Met,MAR,B,0.038404279
MOBY,M2,400,Met,MAR,B,0.057931878
MOBY,M2,400,Met,MAR,B,0.014971159
MOBY,M2,400,Met,MAR,B,0.205690712
MOBY,M2,400,Met,MAR,B,0.109354556
MOBY,M2,400,Met,MAR,B,0.014971159
MOBY,M2,400,Met,MAR,B,0.036451519
MOBY,M2,400,Met,MAR,B,0.091128797
MOBY,M2,400,Met,MAR,B,0.068346597
MOBY,M2,400,Met,MAR,B,0.27338639
MOBY,M2,400,Met,MAR,B,0.070299357
MOBY,M2,400,Met,MAR,B,0.037753359
MOBY,M2,400,Met,MAR,B,0.022782199
MOBY,M2,400,Met,MAR,B,0.058582798
MOBY,M2,400,Met,MAR,B,0.220661872
MOBY,M2,400,Met,MAR,B,0.072252117
MOBY,M2,400,Met,MAR,B,0.057280958
MOBY,M2,400,Met,MAR,B,0.031244159
MOBY,M2,400,Met,MAR,B,0.065742918
MOBY,M2,400,Met,MAR,B,0.00585828
MOBY,M2,400,Met,MAR,B,0.085270517
MOBY,M2,400,Met,MAR,B,0.047517158
MOBY,M2,400,Met,MAR,B,0.024084039
MOBY,M2,400,Met,MAR,B,0.057931878
MOBY,M2,400,Met,MAR,B,0.044913478
MOBY,M2,400,Met,MAR,B,0.067044758
MOBY,M2,400,Met,MAR,B,0.00520736
MOBY,M2,400,Met,MAR,B,0.037102439
MOBY,M2,400,Met,MAR,B,0.01236748
MOBY,M2,400,Met,MAR,B,0.014320239
MOBY,M2,400,Met,MAR,B,0.090477877
MOBY,M2,400,Met,MAR,B,0.054026358
MOBY,M2,400,Met,MAR,B,0.048818998
MOBY,M2,400,Met,MAR,B,0.068997517
MOBY,M2,400,Met,MAR,B,0.083968677
MOBY,M2,400,Met,MAR,B,0.0097638
MOBY,M2,400,Met,MAR,B,0.076157637
MOBY,M2,400,Met,MAR,B,0.018225759
MOBY,M2,400,Met,MAR,B,0.055328198
MOBY,M2,400,Met,MAR,B,0.014320239
MOBY,M2,400,Met,MAR,B,0.022782199
MOBY,M2,400,Met,MAR,B,0.080714077
MOBY,M2,400,Met,MAR,B,0.071601197
MOBY,M2,400,Met,MAR,B,0.018876679
MOBY,M2,400,Met,MAR,B,0.015622079
MOBY,M2,400,Met,MAR,B,0.077459477
MOBY,M2,400,Met,MAR,B,0.038404279
MOBY,M2,400,Met,MAR,B,0.063790158
MOBY,M2,400,Met,MAR,B,0.017574839
MOBY,M2,400,Met,MAR,B,0.052724518
MOBY,M2,400,Met,MAR,B,0.041658878
MOBY,M2,400,Met,MAR,B,0.019527599
MOBY,M2,400,Met,MAR,B,0.053375438
MOBY,M2,400,Met,MAR,B,0.051422678
MOBY,M2,400,Met,MAR,B,0.0032546
MOBY,M2,400,Met,MAR,B,0.385344626
MOBY,M2,400,Met,MAR,B,0.106750876
MOBY,M2,400,Met,MAR,B,0.096336156
MOBY,M2,400,Met,MAR,B,0.048818998
MOBY,M2,400,Met,MAR,B,0.081364997
MOBY,M2,400,Met,MAR,B,0.111307316
MOBY,M2,400,Met,MAR,B,0.035149679
MOBY,M2,400,Met,MAR,B,0.081364997
MOBY,M2,400,Met,MAR,B,0.074855797
MOBY,M2,400,Met,MAR,B,0.089826957
MOBY,M2,400,Met,MAR,B,0.042960718
MOBY,M2,400,Met,MAR,B,0.046215318
MOBY,M2,400,Met,MAR,B,0.027338639
MOBY,M2,400,Met,MAR,B,0.00911288
MOBY,M2,400,Met,MAR,B,0.022782199
MOBY,M2,400,Met,MAR,B,0.024734959
MOBY,M2,400,Met,MAR,B,0.039055199
MOBY,M2,400,Met,MAR,B,0.039706119
MOBY,M2,400,Met,MAR,B,0.022131279
MOBY,M2,400,Met,MAR,B,0.108703636
MOBY,M2,400,Met,MAR,B,0.028640479
MOBY,M2,400,Met,MAR,B,0.050120838
MOBY,M2,400,Met,MAR,B,0.178352073
MOBY,M2,400,Met,MAR,B,0.080063157
MOBY,M2,400,Met,MAR,B,0.044913478
MOBY,M2,400,Met,MAR,B,0.016272999
MOBY,M2,400,Met,MAR,B,0.048168078
MOBY,M2,400,Met,MAR,B,0.048168078
MOBY,M2,400,Met,MAR,B,0.046866238
MOBY,M2,400,Met,MAR,B,0.060535558
MOBY,M2,400,Met,MAR,B,0.035149679
MOBY,M2,400,Met,MAR,B,0.042309798
MOBY,M2,400,Met,MAR,B,0.033196919
MOBY,M2,400,Met,MAR,B,0.084619597
MOBY,M2,400,Met,MAR,B,0.113910996
MOBY,M2,400,Met,MAR,B,0.031244159
MOBY,M2,400,Met,MAR,B,0.026687719
MOBY,M2,400,Met,MAR,B,0.00781104
MOBY,M2,400,Met,MAR,B,0.046215318
MOBY,M2,400,Met,MAR,B,0.089826957
MOBY,M2,400,Met,MAR,B,0.018876679
MOBY,M2,400,Met,MAR,B,0.0130184
MOBY,M2,400,Met,MAR,B,0.074855797
MOBY,M2,400,Met,MAR,B,0.065742918
MOBY,M2,400,Met,MAR,B,0.024084039
MOBY,M2,400,Met,MAR,B,0.037102439
MOBY,M2,400,Met,MAR,B,0.089826957
MOBY,M2,400,Met,MAR,B,0.037753359
MOBY,M2,400,Met,MAR,B,0.058582798
MOBY,M2,400,Met,MAR,B,0.022131279
MOBY,M2,400,Met,MAR,B,0.082666837
MOBY,M2,400,Met,MAR,B,0.071601197
MOBY,M2,400,Met,MAR,B,0.065091998
MOBY,M2,400,Met,MAR,B,0.016923919
MOBY,M2,400,Met,MAR,B,0.00716012
MOBY,M2,400,Met,MAR,B,0.100892596
MOBY,M2,400,Met,MAR,B,0.023433119
MOBY,M2,400,Met,MAR,B,0.036451519
MOBY,M2,400,Met,MAR,B,0.093081557
MOBY,M2,400,Met,MAR,B,0.013669319
MOBY,M2,400,Met,MAR,B,0.058582798
MOBY,M2,400,Met,MAR,B,0.020178519
MOBY,M2,400,Met,MAR,B,0.026687719
MOBY,M2,400,Met,MAR,B,0.01236748
MOBY,M2,400,Met,MAR,B,0.121071116
MOBY,M2,400,Met,MAR,B,0.029291399
MOBY,M2,400,Met,MAR,B,0.01041472
MOBY,M2,400,Met,MAR,B,0.022782199
MOBY,M2,400,Met,MAR,B,0.063139238
MOBY,M2,400,Met,MAR,B,0.041658878
MOBY,M2,400,Met,MAR,B,0.107401796
MOBY,M2,400,Met,MAR,B,0.087223277
MOBY,M2,400,Met,MAR,B,0.027989559
MOBY,M2,400,Met,MAR,B,0.026036799
MOBY,M2,400,Met,MAR,B,0.137344115
MOBY,M2,400,Met,MAR,B,0.062488318
MOBY,M2,400,Met,MAR,B,0.027338639
MOBY,M2,400,Met,MAR,B,0.087223277
MOBY,M2,400,Met,MAR,B,0.149060674
MOBY,M2,400,Met,MAR,B,0.023433119
MOBY,M2,400,Met,MAR,B,0.085921437
MOBY,M2,400,Met,MAR,B,0.022131279
MOBY,M2,400,Met,MAR,B,0.086572357
MOBY,M2,400,Met,MAR,B,0.052073598
MOBY,M2,400,Met,MAR,B,0.182908513
MOBY,M2,400,Met,MAR,B,0.014320239
MOBY,M2,400,Met,MAR,B,0.059884638
MOBY,M2,400,Met,MAR,B,0.075506717
MOBY,M2,400,Met,MAR,B,0.034498759
MOBY,M2,400,Met,MAR,B,0.113910996
MOBY,M2,400,Met,MAR,B,0.00781104
MOBY,M2,400,Met,MAR,B,0.015622079
MOBY,M2,400,Met,MAR,B,0.085921437
MOBY,M2,400,Met,MAR,B,0.037753359
MOBY,M2,400,Met,MAR,B,0.023433119
MOBY,M2,400,Met,MAR,B,0.0065092
MOBY,M2,400,Met,MAR,B,0.091128797
MOBY,M2,400,Met,MAR,B,0.103496276
MOBY,M2,400,Met,MAR,B,0.00585828
MOBY,M2,400,Met,MAR,B,0.033847839
MOBY,M2,400,Met,MAR,B,0.044913478
MOBY,M2,400,Met,MAR,B,0.025385879
MOBY,M2,400,Met,MAR,B,0.129533075
MOBY,M2,400,Met,MAR,B,0.01171656
MOBY,M2,400,Met,MAR,B,0.039706119
MOBY,M2,400,Met,MAR,B,0.132787675
MOBY,M2,400,Met,MAR,B,0.01236748
MOBY,M2,400,Met,MAR,B,0.115863756
MOBY,M2,400,Met,MAR,B,0.020829439
MOBY,M2,400,Met,MAR,B,0.062488318
MOBY,M2,400,Met,MAR,B,0.223265552
MOBY,M2,400,Met,MAR,B,0.082666837
MOBY,M2,400,Met,MAR,B,0.014971159
MOBY,M2,400,Met,MAR,B,0.017574839
MOBY,M2,400,Met,MAR,B,0.132136755
MOBY,M2,400,Met,MAR,B,0.037753359
MOBY,M2,400,Met,MAR,B,0.076808557
MOBY,M2,400,Met,MAR,B,0.092430637
MOBY,M2,400,Met,MAR,B,0.020178519
MOBY,M2,400,Met,MAR,B,0.055328198
MOBY,M2,400,Met,MAR,B,0.00716012
MOBY,M2,400,Met,MAR,B,0.050120838
MOBY,M2,400,Met,MAR,B,0.109354556
MOBY,M2,400,Met,MAR,B,0.041007958
MOBY,M2,400,Met,MAR,B,0.030593239
MOBY,M2,400,Met,MAR,B,0.119118356
MOBY,M2,400,Met,MAR,B,0.116514676
MOBY,M2,400,Met,MAR,B,0.039055199
MOBY,M2,400,Met,MAR,B,0.042960718
MOBY,M2,400,Met,MAR,B,0.074855797
MOBY,M2,400,Met,MAR,B,0.026036799
MOBY,M2,400,Met,MAR,B,0.028640479
MOBY,M2,400,Met,MAR,B,0.029942319
MOBY,M2,400,Met,MAR,B,0.021480359
MOBY,M2,400,Met,MAR,B,0.141900555
MOBY,M2,400,Met,MAR,B,0.083968677
MOBY,M2,400,Met,MAR,B,0.016923919
MOBY,M2,400,Met,MAR,B,0.177701153
MOBY,M2,400,Met,MAR,B,0.056630038
MOBY,M2,400,Met,MAR,B,0.198530593
MOBY,M2,400,Met,MAR,B,0.00846196
MOBY,M2,400,Met,MAR,B,0.00911288
MOBY,M2,400,Met,MAR,B,0.083317757
MOBY,M2,400,Met,MAR,B,0.055979118
MOBY,M2,400,Met,MAR,B,0.053375438
MOBY,M2,400,Met,MAR,B,0.050771758
MOBY,M2,400,Met,MAR,B,0.105449036
MOBY,M2,400,Met,MAR,B,0.042960718
MOBY,M2,400,Met,MAR,B,0.298772269
MOBY,M2,400,Met,MAR,B,0.045564398
MOBY,M2,400,Met,MAR,B,0.143202395
MOBY,M2,400,Met,MAR,B,0.175748393
MOBY,M2,400,Met,MAR,B,0.080063157
MOBY,M2,400,Met,MAR,B,0.100892596
MOBY,M2,400,Met,MAR,B,0.151013434
MOBY,M2,400,Met,MAR,B,0.236283951
MOBY,M2,400,Met,MAR,B,0.038404279
MOBY,M2,400,Met,MAR,B,0.0097638
MOBY,M2,400,Met,MAR,B,0.014971159
MOBY,M2,400,Met,MAR,B,0.018225759
MOBY,M2,400,Met,MAR,B,0.039055199
MOBY,M2,400,Met,MAR,B,0.069648437
MOBY,M2,400,Met,MAR,B,0.026687719
MOBY,M2,400,Met,MAR,B,0.024734959
MOBY,M2,400,Met,MAR,B,0.047517158
MOBY,M2,400,Met,MAR,B,0.039055199
MOBY,M2,400,Met,MAR,B,0.059884638
MOBY,M2,400,Met,MAR,B,0.081364997
MOBY,M2,400,Met,MAR,B,0.052724518
MOBY,M2,400,Met,MAR,B,0.076157637
MOBY,M2,400,Met,MAR,B,0.039706119
MOBY,M2,400,Met,MAR,B,0.096336156
MOBY,M2,400,Met,MAR,B,0.039055199
MOBY,M2,400,Met,MAR,B,0.017574839
MOBY,M2,400,Met,MAR,B,0.115212836
MOBY,M2,400,Met,MAR,B,0.040357039
MOBY,M2,400,Met,MAR,B,0.042309798
MOBY,M2,400,Met,MAR,B,0.115212836
MOBY,M2,400,Met,MAR,B,0.052073598
MOBY,M2,400,Met,MAR,B,0.027989559
MOBY,M2,400,Met,MAR,B,0.125627555
MOBY,M2,400,Met,MAR,B,0.038404279
MOBY,M2,400,Met,MAR,B,0.027989559
MOBY,M2,400,Met,MAR,B,0.026036799
MOBY,M2,400,Met,MAR,B,0.027989559
MOBY,M2,400,Met,MAR,B,0.048168078
MOBY,M2,400,Met,MAR,B,0.037102439
MOBY,M2,400,Met,MAR,B,0.176399313
MOBY,M2,400,Met,MAR,B,0.055979118
MOBY,M2,400,Met,MAR,B,0.00520736
MOBY,M2,400,Met,MAR,B,0.026036799
MOBY,M2,400,Met,MAR,B,0.018225759
MOBY,M2,400,Met,MAR,B,0.176399313
MOBY,M2,400,Met,MAR,B,0.029942319
MOBY,M2,400,Met,MAR,B,0.026036799
MOBY,M2,400,Met,MAR,B,0.020178519
MOBY,M2,400,Met,MAR,B,0.016923919
MOBY,M2,400,Met,MAR,B,0.00911288
MOBY,M2,400,Met,MAR,B,0.022782199
MOBY,M2,400,Met,MAR,B,0.00455644
MOBY,M2,400,Met,MAR,B,0.030593239
MOBY,M2,400,Met,MAR,B,0.041007958
MOBY,M2,400,Met,MAR,B,0.064441078
MOBY,M2,400,Met,MAR,B,0.114561916
MOBY,M2,400,Met,MAR,B,0.015622079
MOBY,M2,400,Met,MAR,B,0.072252117
MOBY,M2,400,Met,MAR,B,0.088525117
MOBY,M2,400,Met,MAR,B,0.044913478
MOBY,M2,400,Met,MAR,B,0.155569874
MOBY,M2,400,Met,MAR,B,0.061186478
MOBY,M2,400,Met,MAR,B,0.152966194
MOBY,M2,400,Met,MAR,B,0.016272999
MOBY,M2,400,Met,MAR,B,0.063790158
MOBY,M2,400,Met,MAR,B,0.091128797
MOBY,M2,400,Met,MAR,B,0.386646466
MOBY,M2,400,Met,MAR,B,0.015622079
MOBY,M2,400,Met,MAR,B,0.031895079
MOBY,M2,400,Met,MAR,B,0.083968677
MOBY,M2,400,Met,MAR,B,0.026036799
MOBY,M2,400,Met,MAR,B,0.038404279
MOBY,M2,400,Met,MAR,B,0.023433119
MOBY,M2,400,Met,MAR,B,0.00846196
MOBY,M2,400,Met,MAR,B,0.083968677
MOBY,M2,400,Met,MAR,B,0.061186478
MOBY,M2,400,Met,MAR,B,0.016272999
MOBY,M2,400,Met,MAR,B,0.024734959
MOBY,M2,400,Met,MAR,B,0.056630038
MOBY,M2,400,Met,MAR,B,0.00781104
MOBY,M2,400,Met,MAR,B,0.025385879
MOBY,M2,400,Met,MAR,B,0.177050233
MOBY,M2,400,Met,MAR,B,0.059233718
MOBY,M2,400,Met,MAR,B,0.038404279
MOBY,M2,400,Met,MAR,B,0.143853315
MOBY,M2,400,Met,MAR,B,0.097637996
MOBY,M2,400,Met,MAR,B,0.019527599
MOBY,M2,400,Met,MAR,B,0.090477877
MOBY,M2,400,Met,MAR,B,0.00585828
MOBY,M2,400,Met,MAR,B,0.026036799
MOBY,M2,400,Met,MAR,B,0.169239194
MOBY,M2,400,Met,MAR,B,0.093081557
MOBY,M2,400,Met,MAR,B,0.060535558
MOBY,M2,400,Met,MAR,B,0.100241676
MOBY,M2,400,Met,MAR,B,0.014971159
MOBY,M2,400,Met,MAR,B,0.00520736
MOBY,M2,400,Met,MAR,B,0.026036799
MOBY,M2,400,Met,MAR,B,0.039055199
MOBY,M2,400,Met,MAR,B,0.029942319
MOBY,M2,400,Met,MAR,B,0.072903037
MOBY,M2,400,Met,MAR,B,0.108052716
MOBY,M2,400,Met,MAR,B,0.208945312
MOBY,M2,400,Met,MAR,B,0.096336156
MOBY,M2,400,Met,MAR,B,0.00716012
MOBY,M2,400,Met,MAR,B,0.00846196
MOBY,M2,400,Met,MAR,B,0.180304833
MOBY,M2,400,Met,MAR,B,0.024734959
MOBY,M2,400,Met,MAR,B,0.029942319
MOBY,M2,400,Met,MAR,B,0.112609156
MOBY,M2,400,Met,MAR,B,0.158824474
MOBY,M2,400,Met,MAR,B,0.065742918
MOBY,M2,400,Met,MAR,B,0.013669319
MOBY,M2,400,Met,MAR,B,0.018225759
MOBY,M2,400,Met,MAR,B,0.00781104
MOBY,M2,400,Met,MAR,B,0.060535558
MOBY,M2,400,Met,MAR,B,0.023433119
MOBY,M2,400,Met,MAR,B,0.158824474
MOBY,M2,400,Met,MAR,B,0.167286434
MOBY,M2,400,Met,MAR,B,0.01171656
MOBY,M2,400,Met,MAR,B,0.013669319
MOBY,M2,400,Met,MAR,B,0.035800599
MOBY,M2,400,Met,MAR,B,0.127580315
MOBY,M2,400,Met,MAR,B,0.059884638
MOBY,M2,400,Met,MAR,B,0.040357039
MOBY,M2,400,Met,MAR,B,0.045564398
MOBY,M2,400,Met,MAR,B,0.026036799
MOBY,M2,400,Met,MAR,B,0.063139238
MOBY,M2,400,Met,MAR,B,0.068346597
MOBY,M2,400,Met,MAR,B,0.242142231
MOBY,M2,400,Met,MAR,B,0.00781104
MOBY,M2,400,Met,MAR,B,0.044262558
MOBY,M2,400,Met,MAR,B,0.059884638
MOBY,M2,400,Met,MAR,B,0.052073598
MOBY,M2,400,Met,MAR,B,0.116514676
MOBY,M2,400,Met,MAR,B,0.033847839
MOBY,M2,400,Met,MAR,B,0.062488318
MOBY,M2,400,Met,MAR,B,0.027989559
MOBY,M2,400,Met,MAR,B,0.057931878
MOBY,M2,400,Met,MAR,B,0.054677278
MOBY,M2,400,Met,MAR,B,0.192021393
MOBY,M2,400,Met,MAR,B,0.082666837
MOBY,M2,400,Met,MAR,B,0.033847839
MOBY,M2,400,Met,MAR,B,0.081364997
MOBY,M2,400,Met,MAR,B,0.014971159
MOBY,M2,400,Met,MAR,B,0.023433119
MOBY,M2,400,Met,MAR,B,0.100241676
MOBY,M2,400,Met,MAR,B,0.105449036
MOBY,M2,400,Met,MAR,B,0.00585828
MOBY,M2,400,Met,MAR,B,0.041007958
MOBY,M2,400,Met,MAR,B,0.084619597
MOBY,M2,400,Met,MAR,B,0.061186478
MOBY,M2,400,Met,MAR,B,0.038404279
MOBY,M2,400,Met,MAR,B,0.024734959
MOBY,M2,400,Met,MAR,B,0.067044758
MOBY,M2,400,Met,MAR,B,0.0130184
MOBY,M2,400,Met,MAR,B,0.082015917
MOBY,M2,400,Met,MAR,B,0.091779717
MOBY,M2,400,Met,MAR,B,0.016272999
MOBY,M2,400,Met,MAR,B,0.00846196
MOBY,M2,400,Met,MAR,B,0.043611638
MOBY,M2,400,Met,MAR,B,0.032545999
MOBY,M2,400,Met,MAR,B,0.00781104
MOBY,M2,400,Met,MAR,B,0.076157637
MOBY,M2,400,Met,MAR,B,0.029942319
MOBY,M2,400,Met,MAR,B,0.099590756
MOBY,M2,400,Met,MAR,B,0.055328198
MOBY,M2,400,Met,MAR,B,0.079412237
MOBY,M2,400,Met,MAR,B,0.050120838
MOBY,M2,400,Met,MAR,B,0.0065092
MOBY,M2,400,Met,MAR,B,0.203737952
MOBY,M2,400,Met,MAR,B,0.00455644
MOBY,M2,400,Met,MAR,B,0.149711594
MOBY,M2,400,Met,MAR,B,0.027989559
MOBY,M2,400,Met,MAR,B,0.162729994
MOBY,M2,400,Met,MAR,B,0.038404279
MOBY,M2,400,Met,MAR,B,0.037102439
MOBY,M2,400,Met,MAR,B,0.0097638
MOBY,M2,400,Met,MAR,B,0.037102439
MOBY,M2,400,Met,MAR,B,0.014971159
MOBY,M2,400,Met,MAR,B,0.057931878
MOBY,M2,400,Met,MAR,B,0.090477877
MOBY,M2,400,Met,MAR,B,0.054677278
MOBY,M2,400,Met,MAR,B,0.189417713
MOBY,M2,400,Met,MAR,B,0.037753359
MOBY,M2,400,Met,MAR,B,0.039706119
MOBY,M2,400,Met,MAR,B,0.056630038
MOBY,M2,400,Met,MAR,B,0.081364997
MOBY,M2,400,Met,MAR,B,0.361911507
MOBY,M2,400,Met,MAR,B,0.043611638
MOBY,M2,400,Met,MAR,B,0.123674795
MOBY,M2,400,Met,MAR,B,0.123674795
MOBY,M2,400,Met,MAR,B,0.021480359
MOBY,M2,400,Met,MAR,B,0.032545999
MOBY,M2,400,Met,MAR,B,0.054677278
MOBY,M2,400,Met,MAR,B,0.096336156
MOBY,M2,400,Met,MAR,B,0.103496276
MOBY,M2,400,Met,MAR,B,0.020178519
MOBY,M2,400,Met,MAR,B,0.055979118
MOBY,M2,400,Met,MAR,B,0.024734959
MOBY,M2,400,Met,MAR,B,0.017574839
MOBY,M2,400,Met,MAR,B,0.096336156
MOBY,M2,400,Met,MAR,B,0.079412237
MOBY,M2,400,Met,MAR,B,0.083317757
MOBY,M2,400,Met,MAR,B,0.056630038
MOBY,M2,400,Met,MAR,B,0.014971159
MOBY,M2,400,Met,MAR,B,0.020178519
MOBY,M2,400,Met,MAR,B,0.091128797
MOBY,M2,400,Met,MAR,B,0.065091998
MOBY,M2,400,Met,MAR,B,0.063790158
MOBY,M2,500,Met,MAR,A,0.012756264
MOBY,M2,500,Met,MAR,A,0.012756264
MOBY,M2,500,Met,MAR,A,0.012756264
MOBY,M2,500,Met,MAR,A,0.013394078
MOBY,M2,500,Met,MAR,A,0.013394078
MOBY,M2,500,Met,MAR,A,0.013394078
MOBY,M2,500,Met,MAR,A,0.013394078
MOBY,M2,500,Met,MAR,A,0.013394078
MOBY,M2,500,Met,MAR,A,0.013394078
MOBY,M2,500,Met,MAR,A,0.014031891
MOBY,M2,500,Met,MAR,A,0.014031891
MOBY,M2,500,Met,MAR,A,0.014669704
MOBY,M2,500,Met,MAR,A,0.014669704
MOBY,M2,500,Met,MAR,A,0.014669704
MOBY,M2,500,Met,MAR,A,0.014669704
MOBY,M2,500,Met,MAR,A,0.014669704
MOBY,M2,500,Met,MAR,A,0.014669704
MOBY,M2,500,Met,MAR,A,0.014669704
MOBY,M2,500,Met,MAR,A,0.015307517
MOBY,M2,500,Met,MAR,A,0.015307517
MOBY,M2,500,Met,MAR,A,0.015307517
MOBY,M2,500,Met,MAR,A,0.015307517
MOBY,M2,500,Met,MAR,A,0.015307517
MOBY,M2,500,Met,MAR,A,0.015307517
MOBY,M2,500,Met,MAR,A,0.015307517
MOBY,M2,500,Met,MAR,A,0.01594533
MOBY,M2,500,Met,MAR,A,0.01594533
MOBY,M2,500,Met,MAR,A,0.016583144
MOBY,M2,500,Met,MAR,A,0.016583144
MOBY,M2,500,Met,MAR,A,0.016583144
MOBY,M2,500,Met,MAR,A,0.016583144
MOBY,M2,500,Met,MAR,A,0.016583144
MOBY,M2,500,Met,MAR,A,0.016583144
MOBY,M2,500,Met,MAR,A,0.016583144
MOBY,M2,500,Met,MAR,A,0.017220957
MOBY,M2,500,Met,MAR,A,0.017220957
MOBY,M2,500,Met,MAR,A,0.017220957
MOBY,M2,500,Met,MAR,A,0.017220957
MOBY,M2,500,Met,MAR,A,0.017220957
MOBY,M2,500,Met,MAR,A,0.017220957
MOBY,M2,500,Met,MAR,A,0.01785877
MOBY,M2,500,Met,MAR,A,0.01785877
MOBY,M2,500,Met,MAR,A,0.01785877
MOBY,M2,500,Met,MAR,A,0.01785877
MOBY,M2,500,Met,MAR,A,0.01785877
MOBY,M2,500,Met,MAR,A,0.018496583
MOBY,M2,500,Met,MAR,A,0.018496583
MOBY,M2,500,Met,MAR,A,0.018496583
MOBY,M2,500,Met,MAR,A,0.018496583
MOBY,M2,500,Met,MAR,A,0.018496583
MOBY,M2,500,Met,MAR,A,0.018496583
MOBY,M2,500,Met,MAR,A,0.019134396
MOBY,M2,500,Met,MAR,A,0.019134396
MOBY,M2,500,Met,MAR,A,0.01977221
MOBY,M2,500,Met,MAR,A,0.01977221
MOBY,M2,500,Met,MAR,A,0.01977221
MOBY,M2,500,Met,MAR,A,0.01977221
MOBY,M2,500,Met,MAR,A,0.01977221
MOBY,M2,500,Met,MAR,A,0.01977221
MOBY,M2,500,Met,MAR,A,0.01977221
MOBY,M2,500,Met,MAR,A,0.020410023
MOBY,M2,500,Met,MAR,A,0.020410023
MOBY,M2,500,Met,MAR,A,0.020410023
MOBY,M2,500,Met,MAR,A,0.020410023
MOBY,M2,500,Met,MAR,A,0.020410023
MOBY,M2,500,Met,MAR,A,0.020410023
MOBY,M2,500,Met,MAR,A,0.020410023
MOBY,M2,500,Met,MAR,A,0.021047836
MOBY,M2,500,Met,MAR,A,0.021047836
MOBY,M2,500,Met,MAR,A,0.021047836
MOBY,M2,500,Met,MAR,A,0.021047836
MOBY,M2,500,Met,MAR,A,0.021047836
MOBY,M2,500,Met,MAR,A,0.021685649
MOBY,M2,500,Met,MAR,A,0.021685649
MOBY,M2,500,Met,MAR,A,0.021685649
MOBY,M2,500,Met,MAR,A,0.021685649
MOBY,M2,500,Met,MAR,A,0.021685649
MOBY,M2,500,Met,MAR,A,0.021685649
MOBY,M2,500,Met,MAR,A,0.021685649
MOBY,M2,500,Met,MAR,A,0.022323463
MOBY,M2,500,Met,MAR,A,0.022323463
MOBY,M2,500,Met,MAR,A,0.022323463
MOBY,M2,500,Met,MAR,A,0.022323463
MOBY,M2,500,Met,MAR,A,0.022323463
MOBY,M2,500,Met,MAR,A,0.022961276
MOBY,M2,500,Met,MAR,A,0.022961276
MOBY,M2,500,Met,MAR,A,0.022961276
MOBY,M2,500,Met,MAR,A,0.022961276
MOBY,M2,500,Met,MAR,A,0.022961276
MOBY,M2,500,Met,MAR,A,0.022961276
MOBY,M2,500,Met,MAR,A,0.022961276
MOBY,M2,500,Met,MAR,A,0.022961276
MOBY,M2,500,Met,MAR,A,0.023599089
MOBY,M2,500,Met,MAR,A,0.023599089
MOBY,M2,500,Met,MAR,A,0.023599089
MOBY,M2,500,Met,MAR,A,0.023599089
MOBY,M2,500,Met,MAR,A,0.023599089
MOBY,M2,500,Met,MAR,A,0.023599089
MOBY,M2,500,Met,MAR,A,0.023599089
MOBY,M2,500,Met,MAR,A,0.024236902
MOBY,M2,500,Met,MAR,A,0.024236902
MOBY,M2,500,Met,MAR,A,0.024236902
MOBY,M2,500,Met,MAR,A,0.024236902
MOBY,M2,500,Met,MAR,A,0.024874715
MOBY,M2,500,Met,MAR,A,0.024874715
MOBY,M2,500,Met,MAR,A,0.024874715
MOBY,M2,500,Met,MAR,A,0.024874715
MOBY,M2,500,Met,MAR,A,0.024874715
MOBY,M2,500,Met,MAR,A,0.025512529
MOBY,M2,500,Met,MAR,A,0.025512529
MOBY,M2,500,Met,MAR,A,0.025512529
MOBY,M2,500,Met,MAR,A,0.025512529
MOBY,M2,500,Met,MAR,A,0.025512529
MOBY,M2,500,Met,MAR,A,0.025512529
MOBY,M2,500,Met,MAR,A,0.025512529
MOBY,M2,500,Met,MAR,A,0.025512529
MOBY,M2,500,Met,MAR,A,0.026150342
MOBY,M2,500,Met,MAR,A,0.026788155
MOBY,M2,500,Met,MAR,A,0.026788155
MOBY,M2,500,Met,MAR,A,0.026788155
MOBY,M2,500,Met,MAR,A,0.026788155
MOBY,M2,500,Met,MAR,A,0.027425968
MOBY,M2,500,Met,MAR,A,0.027425968
MOBY,M2,500,Met,MAR,A,0.027425968
MOBY,M2,500,Met,MAR,A,0.027425968
MOBY,M2,500,Met,MAR,A,0.027425968
MOBY,M2,500,Met,MAR,A,0.028063782
MOBY,M2,500,Met,MAR,A,0.028063782
MOBY,M2,500,Met,MAR,A,0.028063782
MOBY,M2,500,Met,MAR,A,0.028701595
MOBY,M2,500,Met,MAR,A,0.028701595
MOBY,M2,500,Met,MAR,A,0.028701595
MOBY,M2,500,Met,MAR,A,0.028701595
MOBY,M2,500,Met,MAR,A,0.028701595
MOBY,M2,500,Met,MAR,A,0.028701595
MOBY,M2,500,Met,MAR,A,0.028701595
MOBY,M2,500,Met,MAR,A,0.029339408
MOBY,M2,500,Met,MAR,A,0.029339408
MOBY,M2,500,Met,MAR,A,0.029339408
MOBY,M2,500,Met,MAR,A,0.029339408
MOBY,M2,500,Met,MAR,A,0.029339408
MOBY,M2,500,Met,MAR,A,0.029977221
MOBY,M2,500,Met,MAR,A,0.029977221
MOBY,M2,500,Met,MAR,A,0.029977221
MOBY,M2,500,Met,MAR,A,0.029977221
MOBY,M2,500,Met,MAR,A,0.030615034
MOBY,M2,500,Met,MAR,A,0.030615034
MOBY,M2,500,Met,MAR,A,0.030615034
MOBY,M2,500,Met,MAR,A,0.030615034
MOBY,M2,500,Met,MAR,A,0.030615034
MOBY,M2,500,Met,MAR,A,0.030615034
MOBY,M2,500,Met,MAR,A,0.031252848
MOBY,M2,500,Met,MAR,A,0.031252848
MOBY,M2,500,Met,MAR,A,0.031252848
MOBY,M2,500,Met,MAR,A,0.031252848
MOBY,M2,500,Met,MAR,A,0.031252848
MOBY,M2,500,Met,MAR,A,0.031890661
MOBY,M2,500,Met,MAR,A,0.031890661
MOBY,M2,500,Met,MAR,A,0.031890661
MOBY,M2,500,Met,MAR,A,0.031890661
MOBY,M2,500,Met,MAR,A,0.032528474
MOBY,M2,500,Met,MAR,A,0.032528474
MOBY,M2,500,Met,MAR,A,0.033166287
MOBY,M2,500,Met,MAR,A,0.033166287
MOBY,M2,500,Met,MAR,A,0.033166287
MOBY,M2,500,Met,MAR,A,0.0338041
MOBY,M2,500,Met,MAR,A,0.0338041
MOBY,M2,500,Met,MAR,A,0.0338041
MOBY,M2,500,Met,MAR,A,0.0338041
MOBY,M2,500,Met,MAR,A,0.0338041
MOBY,M2,500,Met,MAR,A,0.0338041
MOBY,M2,500,Met,MAR,A,0.0338041
MOBY,M2,500,Met,MAR,A,0.0338041
MOBY,M2,500,Met,MAR,A,0.035079727
MOBY,M2,500,Met,MAR,A,0.035079727
MOBY,M2,500,Met,MAR,A,0.035079727
MOBY,M2,500,Met,MAR,A,0.035079727
MOBY,M2,500,Met,MAR,A,0.035079727
MOBY,M2,500,Met,MAR,A,0.035079727
MOBY,M2,500,Met,MAR,A,0.03571754
MOBY,M2,500,Met,MAR,A,0.03571754
MOBY,M2,500,Met,MAR,A,0.03571754
MOBY,M2,500,Met,MAR,A,0.03571754
MOBY,M2,500,Met,MAR,A,0.03571754
MOBY,M2,500,Met,MAR,A,0.03571754
MOBY,M2,500,Met,MAR,A,0.036355353
MOBY,M2,500,Met,MAR,A,0.036355353
MOBY,M2,500,Met,MAR,A,0.036355353
MOBY,M2,500,Met,MAR,A,0.036355353
MOBY,M2,500,Met,MAR,A,0.036355353
MOBY,M2,500,Met,MAR,A,0.036993167
MOBY,M2,500,Met,MAR,A,0.036993167
MOBY,M2,500,Met,MAR,A,0.036993167
MOBY,M2,500,Met,MAR,A,0.036993167
MOBY,M2,500,Met,MAR,A,0.036993167
MOBY,M2,500,Met,MAR,A,0.036993167
MOBY,M2,500,Met,MAR,A,0.036993167
MOBY,M2,500,Met,MAR,A,0.03763098
MOBY,M2,500,Met,MAR,A,0.03763098
MOBY,M2,500,Met,MAR,A,0.03763098
MOBY,M2,500,Met,MAR,A,0.03763098
MOBY,M2,500,Met,MAR,A,0.03763098
MOBY,M2,500,Met,MAR,A,0.03763098
MOBY,M2,500,Met,MAR,A,0.03763098
MOBY,M2,500,Met,MAR,A,0.038268793
MOBY,M2,500,Met,MAR,A,0.038268793
MOBY,M2,500,Met,MAR,A,0.038268793
MOBY,M2,500,Met,MAR,A,0.038268793
MOBY,M2,500,Met,MAR,A,0.038268793
MOBY,M2,500,Met,MAR,A,0.038268793
MOBY,M2,500,Met,MAR,A,0.038268793
MOBY,M2,500,Met,MAR,A,0.038268793
MOBY,M2,500,Met,MAR,A,0.038906606
MOBY,M2,500,Met,MAR,A,0.039544419
MOBY,M2,500,Met,MAR,A,0.039544419
MOBY,M2,500,Met,MAR,A,0.039544419
MOBY,M2,500,Met,MAR,A,0.039544419
MOBY,M2,500,Met,MAR,A,0.039544419
MOBY,M2,500,Met,MAR,A,0.039544419
MOBY,M2,500,Met,MAR,A,0.040182233
MOBY,M2,500,Met,MAR,A,0.040182233
MOBY,M2,500,Met,MAR,A,0.040182233
MOBY,M2,500,Met,MAR,A,0.040182233
MOBY,M2,500,Met,MAR,A,0.040182233
MOBY,M2,500,Met,MAR,A,0.040820046
MOBY,M2,500,Met,MAR,A,0.040820046
MOBY,M2,500,Met,MAR,A,0.040820046
MOBY,M2,500,Met,MAR,A,0.040820046
MOBY,M2,500,Met,MAR,A,0.040820046
MOBY,M2,500,Met,MAR,A,0.040820046
MOBY,M2,500,Met,MAR,A,0.041457859
MOBY,M2,500,Met,MAR,A,0.041457859
MOBY,M2,500,Met,MAR,A,0.041457859
MOBY,M2,500,Met,MAR,A,0.041457859
MOBY,M2,500,Met,MAR,A,0.042095672
MOBY,M2,500,Met,MAR,A,0.042095672
MOBY,M2,500,Met,MAR,A,0.042095672
MOBY,M2,500,Met,MAR,A,0.042095672
MOBY,M2,500,Met,MAR,A,0.042095672
MOBY,M2,500,Met,MAR,A,0.042095672
MOBY,M2,500,Met,MAR,A,0.042095672
MOBY,M2,500,Met,MAR,A,0.042095672
MOBY,M2,500,Met,MAR,A,0.042095672
MOBY,M2,500,Met,MAR,A,0.042095672
MOBY,M2,500,Met,MAR,A,0.042095672
MOBY,M2,500,Met,MAR,A,0.042733485
MOBY,M2,500,Met,MAR,A,0.042733485
MOBY,M2,500,Met,MAR,A,0.042733485
MOBY,M2,500,Met,MAR,A,0.042733485
MOBY,M2,500,Met,MAR,A,0.042733485
MOBY,M2,500,Met,MAR,A,0.043371299
MOBY,M2,500,Met,MAR,A,0.043371299
MOBY,M2,500,Met,MAR,A,0.043371299
MOBY,M2,500,Met,MAR,A,0.043371299
MOBY,M2,500,Met,MAR,A,0.043371299
MOBY,M2,500,Met,MAR,A,0.043371299
MOBY,M2,500,Met,MAR,A,0.044009112
MOBY,M2,500,Met,MAR,A,0.044009112
MOBY,M2,500,Met,MAR,A,0.044009112
MOBY,M2,500,Met,MAR,A,0.044009112
MOBY,M2,500,Met,MAR,A,0.044009112
MOBY,M2,500,Met,MAR,A,0.044009112
MOBY,M2,500,Met,MAR,A,0.044646925
MOBY,M2,500,Met,MAR,A,0.044646925
MOBY,M2,500,Met,MAR,A,0.044646925
MOBY,M2,500,Met,MAR,A,0.045284738
MOBY,M2,500,Met,MAR,A,0.045284738
MOBY,M2,500,Met,MAR,A,0.045284738
MOBY,M2,500,Met,MAR,A,0.045284738
MOBY,M2,500,Met,MAR,A,0.045284738
MOBY,M2,500,Met,MAR,A,0.045284738
MOBY,M2,500,Met,MAR,A,0.045284738
MOBY,M2,500,Met,MAR,A,0.045922552
MOBY,M2,500,Met,MAR,A,0.045922552
MOBY,M2,500,Met,MAR,A,0.045922552
MOBY,M2,500,Met,MAR,A,0.045922552
MOBY,M2,500,Met,MAR,A,0.045922552
MOBY,M2,500,Met,MAR,A,0.045922552
MOBY,M2,500,Met,MAR,A,0.045922552
MOBY,M2,500,Met,MAR,A,0.045922552
MOBY,M2,500,Met,MAR,A,0.045922552
MOBY,M2,500,Met,MAR,A,0.045922552
MOBY,M2,500,Met,MAR,A,0.046560365
MOBY,M2,500,Met,MAR,A,0.046560365
MOBY,M2,500,Met,MAR,A,0.046560365
MOBY,M2,500,Met,MAR,A,0.047198178
MOBY,M2,500,Met,MAR,A,0.047198178
MOBY,M2,500,Met,MAR,A,0.047835991
MOBY,M2,500,Met,MAR,A,0.047835991
MOBY,M2,500,Met,MAR,A,0.047835991
MOBY,M2,500,Met,MAR,A,0.047835991
MOBY,M2,500,Met,MAR,A,0.048473804
MOBY,M2,500,Met,MAR,A,0.048473804
MOBY,M2,500,Met,MAR,A,0.048473804
MOBY,M2,500,Met,MAR,A,0.048473804
MOBY,M2,500,Met,MAR,A,0.048473804
MOBY,M2,500,Met,MAR,A,0.048473804
MOBY,M2,500,Met,MAR,A,0.048473804
MOBY,M2,500,Met,MAR,A,0.048473804
MOBY,M2,500,Met,MAR,A,0.048473804
MOBY,M2,500,Met,MAR,A,0.049111618
MOBY,M2,500,Met,MAR,A,0.049111618
MOBY,M2,500,Met,MAR,A,0.049111618
MOBY,M2,500,Met,MAR,A,0.049111618
MOBY,M2,500,Met,MAR,A,0.049749431
MOBY,M2,500,Met,MAR,A,0.049749431
MOBY,M2,500,Met,MAR,A,0.050387244
MOBY,M2,500,Met,MAR,A,0.051025057
MOBY,M2,500,Met,MAR,A,0.051025057
MOBY,M2,500,Met,MAR,A,0.051025057
MOBY,M2,500,Met,MAR,A,0.051025057
MOBY,M2,500,Met,MAR,A,0.051662871
MOBY,M2,500,Met,MAR,A,0.051662871
MOBY,M2,500,Met,MAR,A,0.051662871
MOBY,M2,500,Met,MAR,A,0.051662871
MOBY,M2,500,Met,MAR,A,0.051662871
MOBY,M2,500,Met,MAR,A,0.051662871
MOBY,M2,500,Met,MAR,A,0.051662871
MOBY,M2,500,Met,MAR,A,0.051662871
MOBY,M2,500,Met,MAR,A,0.051662871
MOBY,M2,500,Met,MAR,A,0.051662871
MOBY,M2,500,Met,MAR,A,0.051662871
MOBY,M2,500,Met,MAR,A,0.052300684
MOBY,M2,500,Met,MAR,A,0.052300684
MOBY,M2,500,Met,MAR,A,0.052300684
MOBY,M2,500,Met,MAR,A,0.052300684
MOBY,M2,500,Met,MAR,A,0.052300684
MOBY,M2,500,Met,MAR,A,0.052300684
MOBY,M2,500,Met,MAR,A,0.052300684
MOBY,M2,500,Met,MAR,A,0.052300684
MOBY,M2,500,Met,MAR,A,0.052938497
MOBY,M2,500,Met,MAR,A,0.052938497
MOBY,M2,500,Met,MAR,A,0.052938497
MOBY,M2,500,Met,MAR,A,0.052938497
MOBY,M2,500,Met,MAR,A,0.052938497
MOBY,M2,500,Met,MAR,A,0.052938497
MOBY,M2,500,Met,MAR,A,0.05357631
MOBY,M2,500,Met,MAR,A,0.05357631
MOBY,M2,500,Met,MAR,A,0.05357631
MOBY,M2,500,Met,MAR,A,0.05357631
MOBY,M2,500,Met,MAR,A,0.05357631
MOBY,M2,500,Met,MAR,A,0.05357631
MOBY,M2,500,Met,MAR,A,0.05357631
MOBY,M2,500,Met,MAR,A,0.054214123
MOBY,M2,500,Met,MAR,A,0.054214123
MOBY,M2,500,Met,MAR,A,0.054214123
MOBY,M2,500,Met,MAR,A,0.054214123
MOBY,M2,500,Met,MAR,A,0.054851937
MOBY,M2,500,Met,MAR,A,0.054851937
MOBY,M2,500,Met,MAR,A,0.054851937
MOBY,M2,500,Met,MAR,A,0.054851937
MOBY,M2,500,Met,MAR,A,0.054851937
MOBY,M2,500,Met,MAR,A,0.054851937
MOBY,M2,500,Met,MAR,A,0.054851937
MOBY,M2,500,Met,MAR,A,0.05548975
MOBY,M2,500,Met,MAR,A,0.05548975
MOBY,M2,500,Met,MAR,A,0.05548975
MOBY,M2,500,Met,MAR,A,0.05548975
MOBY,M2,500,Met,MAR,A,0.056127563
MOBY,M2,500,Met,MAR,A,0.056127563
MOBY,M2,500,Met,MAR,A,0.056765376
MOBY,M2,500,Met,MAR,A,0.056765376
MOBY,M2,500,Met,MAR,A,0.057403189
MOBY,M2,500,Met,MAR,A,0.057403189
MOBY,M2,500,Met,MAR,A,0.058041003
MOBY,M2,500,Met,MAR,A,0.058041003
MOBY,M2,500,Met,MAR,A,0.058041003
MOBY,M2,500,Met,MAR,A,0.058041003
MOBY,M2,500,Met,MAR,A,0.058041003
MOBY,M2,500,Met,MAR,A,0.058678816
MOBY,M2,500,Met,MAR,A,0.058678816
MOBY,M2,500,Met,MAR,A,0.058678816
MOBY,M2,500,Met,MAR,A,0.059316629
MOBY,M2,500,Met,MAR,A,0.059316629
MOBY,M2,500,Met,MAR,A,0.059316629
MOBY,M2,500,Met,MAR,A,0.059316629
MOBY,M2,500,Met,MAR,A,0.059316629
MOBY,M2,500,Met,MAR,A,0.059954442
MOBY,M2,500,Met,MAR,A,0.059954442
MOBY,M2,500,Met,MAR,A,0.059954442
MOBY,M2,500,Met,MAR,A,0.059954442
MOBY,M2,500,Met,MAR,A,0.059954442
MOBY,M2,500,Met,MAR,A,0.059954442
MOBY,M2,500,Met,MAR,A,0.060592256
MOBY,M2,500,Met,MAR,A,0.060592256
MOBY,M2,500,Met,MAR,A,0.060592256
MOBY,M2,500,Met,MAR,A,0.060592256
MOBY,M2,500,Met,MAR,A,0.060592256
MOBY,M2,500,Met,MAR,A,0.060592256
MOBY,M2,500,Met,MAR,A,0.061230069
MOBY,M2,500,Met,MAR,A,0.061230069
MOBY,M2,500,Met,MAR,A,0.061230069
MOBY,M2,500,Met,MAR,A,0.061230069
MOBY,M2,500,Met,MAR,A,0.061230069
MOBY,M2,500,Met,MAR,A,0.061867882
MOBY,M2,500,Met,MAR,A,0.061867882
MOBY,M2,500,Met,MAR,A,0.061867882
MOBY,M2,500,Met,MAR,A,0.062505695
MOBY,M2,500,Met,MAR,A,0.062505695
MOBY,M2,500,Met,MAR,A,0.063143508
MOBY,M2,500,Met,MAR,A,0.063143508
MOBY,M2,500,Met,MAR,A,0.063781322
MOBY,M2,500,Met,MAR,A,0.063781322
MOBY,M2,500,Met,MAR,A,0.063781322
MOBY,M2,500,Met,MAR,A,0.064419135
MOBY,M2,500,Met,MAR,A,0.064419135
MOBY,M2,500,Met,MAR,A,0.064419135
MOBY,M2,500,Met,MAR,A,0.065056948
MOBY,M2,500,Met,MAR,A,0.065056948
MOBY,M2,500,Met,MAR,A,0.065694761
MOBY,M2,500,Met,MAR,A,0.065694761
MOBY,M2,500,Met,MAR,A,0.065694761
MOBY,M2,500,Met,MAR,A,0.065694761
MOBY,M2,500,Met,MAR,A,0.065694761
MOBY,M2,500,Met,MAR,A,0.065694761
MOBY,M2,500,Met,MAR,A,0.065694761
MOBY,M2,500,Met,MAR,A,0.066332574
MOBY,M2,500,Met,MAR,A,0.066332574
MOBY,M2,500,Met,MAR,A,0.066332574
MOBY,M2,500,Met,MAR,A,0.066332574
MOBY,M2,500,Met,MAR,A,0.066970388
MOBY,M2,500,Met,MAR,A,0.066970388
MOBY,M2,500,Met,MAR,A,0.066970388
MOBY,M2,500,Met,MAR,A,0.067608201
MOBY,M2,500,Met,MAR,A,0.067608201
MOBY,M2,500,Met,MAR,A,0.067608201
MOBY,M2,500,Met,MAR,A,0.067608201
MOBY,M2,500,Met,MAR,A,0.067608201
MOBY,M2,500,Met,MAR,A,0.067608201
MOBY,M2,500,Met,MAR,A,0.067608201
MOBY,M2,500,Met,MAR,A,0.067608201
MOBY,M2,500,Met,MAR,A,0.068246014
MOBY,M2,500,Met,MAR,A,0.068246014
MOBY,M2,500,Met,MAR,A,0.068246014
MOBY,M2,500,Met,MAR,A,0.068246014
MOBY,M2,500,Met,MAR,A,0.068246014
MOBY,M2,500,Met,MAR,A,0.068246014
MOBY,M2,500,Met,MAR,A,0.068883827
MOBY,M2,500,Met,MAR,A,0.068883827
MOBY,M2,500,Met,MAR,A,0.069521641
MOBY,M2,500,Met,MAR,A,0.069521641
MOBY,M2,500,Met,MAR,A,0.070159454
MOBY,M2,500,Met,MAR,A,0.070159454
MOBY,M2,500,Met,MAR,A,0.070797267
MOBY,M2,500,Met,MAR,A,0.070797267
MOBY,M2,500,Met,MAR,A,0.070797267
MOBY,M2,500,Met,MAR,A,0.07143508
MOBY,M2,500,Met,MAR,A,0.07143508
MOBY,M2,500,Met,MAR,A,0.072072893
MOBY,M2,500,Met,MAR,A,0.072072893
MOBY,M2,500,Met,MAR,A,0.072072893
MOBY,M2,500,Met,MAR,A,0.072072893
MOBY,M2,500,Met,MAR,A,0.072710707
MOBY,M2,500,Met,MAR,A,0.072710707
MOBY,M2,500,Met,MAR,A,0.072710707
MOBY,M2,500,Met,MAR,A,0.072710707
MOBY,M2,500,Met,MAR,A,0.07334852
MOBY,M2,500,Met,MAR,A,0.07334852
MOBY,M2,500,Met,MAR,A,0.07334852
MOBY,M2,500,Met,MAR,A,0.07334852
MOBY,M2,500,Met,MAR,A,0.07334852
MOBY,M2,500,Met,MAR,A,0.07334852
MOBY,M2,500,Met,MAR,A,0.07334852
MOBY,M2,500,Met,MAR,A,0.073986333
MOBY,M2,500,Met,MAR,A,0.073986333
MOBY,M2,500,Met,MAR,A,0.073986333
MOBY,M2,500,Met,MAR,A,0.073986333
MOBY,M2,500,Met,MAR,A,0.073986333
MOBY,M2,500,Met,MAR,A,0.073986333
MOBY,M2,500,Met,MAR,A,0.074624146
MOBY,M2,500,Met,MAR,A,0.074624146
MOBY,M2,500,Met,MAR,A,0.074624146
MOBY,M2,500,Met,MAR,A,0.07526196
MOBY,M2,500,Met,MAR,A,0.07526196
MOBY,M2,500,Met,MAR,A,0.075899773
MOBY,M2,500,Met,MAR,A,0.075899773
MOBY,M2,500,Met,MAR,A,0.075899773
MOBY,M2,500,Met,MAR,A,0.076537586
MOBY,M2,500,Met,MAR,A,0.076537586
MOBY,M2,500,Met,MAR,A,0.076537586
MOBY,M2,500,Met,MAR,A,0.076537586
MOBY,M2,500,Met,MAR,A,0.076537586
MOBY,M2,500,Met,MAR,A,0.077175399
MOBY,M2,500,Met,MAR,A,0.077175399
MOBY,M2,500,Met,MAR,A,0.077175399
MOBY,M2,500,Met,MAR,A,0.077813212
MOBY,M2,500,Met,MAR,A,0.077813212
MOBY,M2,500,Met,MAR,A,0.078451026
MOBY,M2,500,Met,MAR,A,0.078451026
MOBY,M2,500,Met,MAR,A,0.078451026
MOBY,M2,500,Met,MAR,A,0.078451026
MOBY,M2,500,Met,MAR,A,0.079088839
MOBY,M2,500,Met,MAR,A,0.079088839
MOBY,M2,500,Met,MAR,A,0.079088839
MOBY,M2,500,Met,MAR,A,0.079088839
MOBY,M2,500,Met,MAR,A,0.079088839
MOBY,M2,500,Met,MAR,A,0.079088839
MOBY,M2,500,Met,MAR,A,0.079088839
MOBY,M2,500,Met,MAR,A,0.079088839
MOBY,M2,500,Met,MAR,A,0.079726652
MOBY,M2,500,Met,MAR,A,0.079726652
MOBY,M2,500,Met,MAR,A,0.080364465
MOBY,M2,500,Met,MAR,A,0.080364465
MOBY,M2,500,Met,MAR,A,0.080364465
MOBY,M2,500,Met,MAR,A,0.080364465
MOBY,M2,500,Met,MAR,A,0.080364465
MOBY,M2,500,Met,MAR,A,0.081002278
MOBY,M2,500,Met,MAR,A,0.081002278
MOBY,M2,500,Met,MAR,A,0.081002278
MOBY,M2,500,Met,MAR,A,0.081002278
MOBY,M2,500,Met,MAR,A,0.081002278
MOBY,M2,500,Met,MAR,A,0.081640092
MOBY,M2,500,Met,MAR,A,0.081640092
MOBY,M2,500,Met,MAR,A,0.081640092
MOBY,M2,500,Met,MAR,A,0.081640092
MOBY,M2,500,Met,MAR,A,0.081640092
MOBY,M2,500,Met,MAR,A,0.082277905
MOBY,M2,500,Met,MAR,A,0.082277905
MOBY,M2,500,Met,MAR,A,0.082277905
MOBY,M2,500,Met,MAR,A,0.082277905
MOBY,M2,500,Met,MAR,A,0.082277905
MOBY,M2,500,Met,MAR,A,0.082915718
MOBY,M2,500,Met,MAR,A,0.082915718
MOBY,M2,500,Met,MAR,A,0.082915718
MOBY,M2,500,Met,MAR,A,0.083553531
MOBY,M2,500,Met,MAR,A,0.083553531
MOBY,M2,500,Met,MAR,A,0.084191345
MOBY,M2,500,Met,MAR,A,0.084191345
MOBY,M2,500,Met,MAR,A,0.084191345
MOBY,M2,500,Met,MAR,A,0.084191345
MOBY,M2,500,Met,MAR,A,0.084829158
MOBY,M2,500,Met,MAR,A,0.084829158
MOBY,M2,500,Met,MAR,A,0.085466971
MOBY,M2,500,Met,MAR,A,0.085466971
MOBY,M2,500,Met,MAR,A,0.086104784
MOBY,M2,500,Met,MAR,A,0.086104784
MOBY,M2,500,Met,MAR,A,0.086104784
MOBY,M2,500,Met,MAR,A,0.086104784
MOBY,M2,500,Met,MAR,A,0.086104784
MOBY,M2,500,Met,MAR,A,0.086104784
MOBY,M2,500,Met,MAR,A,0.086742597
MOBY,M2,500,Met,MAR,A,0.086742597
MOBY,M2,500,Met,MAR,A,0.087380411
MOBY,M2,500,Met,MAR,A,0.087380411
MOBY,M2,500,Met,MAR,A,0.087380411
MOBY,M2,500,Met,MAR,A,0.088018224
MOBY,M2,500,Met,MAR,A,0.088018224
MOBY,M2,500,Met,MAR,A,0.088018224
MOBY,M2,500,Met,MAR,A,0.088018224
MOBY,M2,500,Met,MAR,A,0.088018224
MOBY,M2,500,Met,MAR,A,0.088656037
MOBY,M2,500,Met,MAR,A,0.088656037
MOBY,M2,500,Met,MAR,A,0.088656037
MOBY,M2,500,Met,MAR,A,0.088656037
MOBY,M2,500,Met,MAR,A,0.08929385
MOBY,M2,500,Met,MAR,A,0.08929385
MOBY,M2,500,Met,MAR,A,0.089931663
MOBY,M2,500,Met,MAR,A,0.089931663
MOBY,M2,500,Met,MAR,A,0.089931663
MOBY,M2,500,Met,MAR,A,0.089931663
MOBY,M2,500,Met,MAR,A,0.090569477
MOBY,M2,500,Met,MAR,A,0.090569477
MOBY,M2,500,Met,MAR,A,0.090569477
MOBY,M2,500,Met,MAR,A,0.09120729
MOBY,M2,500,Met,MAR,A,0.09120729
MOBY,M2,500,Met,MAR,A,0.091845103
MOBY,M2,500,Met,MAR,A,0.091845103
MOBY,M2,500,Met,MAR,A,0.091845103
MOBY,M2,500,Met,MAR,A,0.091845103
MOBY,M2,500,Met,MAR,A,0.091845103
MOBY,M2,500,Met,MAR,A,0.092482916
MOBY,M2,500,Met,MAR,A,0.092482916
MOBY,M2,500,Met,MAR,A,0.092482916
MOBY,M2,500,Met,MAR,A,0.092482916
MOBY,M2,500,Met,MAR,A,0.09312073
MOBY,M2,500,Met,MAR,A,0.09312073
MOBY,M2,500,Met,MAR,A,0.09312073
MOBY,M2,500,Met,MAR,A,0.093758543
MOBY,M2,500,Met,MAR,A,0.093758543
MOBY,M2,500,Met,MAR,A,0.093758543
MOBY,M2,500,Met,MAR,A,0.094396356
MOBY,M2,500,Met,MAR,A,0.094396356
MOBY,M2,500,Met,MAR,A,0.094396356
MOBY,M2,500,Met,MAR,A,0.094396356
MOBY,M2,500,Met,MAR,A,0.095034169
MOBY,M2,500,Met,MAR,A,0.095034169
MOBY,M2,500,Met,MAR,A,0.095034169
MOBY,M2,500,Met,MAR,A,0.095034169
MOBY,M2,500,Met,MAR,A,0.095034169
MOBY,M2,500,Met,MAR,A,0.095671982
MOBY,M2,500,Met,MAR,A,0.095671982
MOBY,M2,500,Met,MAR,A,0.095671982
MOBY,M2,500,Met,MAR,A,0.095671982
MOBY,M2,500,Met,MAR,A,0.096309796
MOBY,M2,500,Met,MAR,A,0.096309796
MOBY,M2,500,Met,MAR,A,0.096309796
MOBY,M2,500,Met,MAR,A,0.096947609
MOBY,M2,500,Met,MAR,A,0.096947609
MOBY,M2,500,Met,MAR,A,0.096947609
MOBY,M2,500,Met,MAR,A,0.097585422
MOBY,M2,500,Met,MAR,A,0.097585422
MOBY,M2,500,Met,MAR,A,0.097585422
MOBY,M2,500,Met,MAR,A,0.097585422
MOBY,M2,500,Met,MAR,A,0.097585422
MOBY,M2,500,Met,MAR,A,0.098223235
MOBY,M2,500,Met,MAR,A,0.098223235
MOBY,M2,500,Met,MAR,A,0.098861049
MOBY,M2,500,Met,MAR,A,0.099498862
MOBY,M2,500,Met,MAR,A,0.099498862
MOBY,M2,500,Met,MAR,A,0.099498862
MOBY,M2,500,Met,MAR,A,0.099498862
MOBY,M2,500,Met,MAR,A,0.100136675
MOBY,M2,500,Met,MAR,A,0.100136675
MOBY,M2,500,Met,MAR,A,0.100136675
MOBY,M2,500,Met,MAR,A,0.100774488
MOBY,M2,500,Met,MAR,A,0.100774488
MOBY,M2,500,Met,MAR,A,0.100774488
MOBY,M2,500,Met,MAR,A,0.100774488
MOBY,M2,500,Met,MAR,A,0.100774488
MOBY,M2,500,Met,MAR,A,0.100774488
MOBY,M2,500,Met,MAR,A,0.100774488
MOBY,M2,500,Met,MAR,A,0.100774488
MOBY,M2,500,Met,MAR,A,0.101412301
MOBY,M2,500,Met,MAR,A,0.101412301
MOBY,M2,500,Met,MAR,A,0.101412301
MOBY,M2,500,Met,MAR,A,0.102050115
MOBY,M2,500,Met,MAR,A,0.102050115
MOBY,M2,500,Met,MAR,A,0.102050115
MOBY,M2,500,Met,MAR,A,0.102050115
MOBY,M2,500,Met,MAR,A,0.102687928
MOBY,M2,500,Met,MAR,A,0.102687928
MOBY,M2,500,Met,MAR,A,0.102687928
MOBY,M2,500,Met,MAR,A,0.102687928
MOBY,M2,500,Met,MAR,A,0.103325741
MOBY,M2,500,Met,MAR,A,0.103325741
MOBY,M2,500,Met,MAR,A,0.103325741
MOBY,M2,500,Met,MAR,A,0.103963554
MOBY,M2,500,Met,MAR,A,0.103963554
MOBY,M2,500,Met,MAR,A,0.103963554
MOBY,M2,500,Met,MAR,A,0.104601367
MOBY,M2,500,Met,MAR,A,0.104601367
MOBY,M2,500,Met,MAR,A,0.104601367
MOBY,M2,500,Met,MAR,A,0.105239181
MOBY,M2,500,Met,MAR,A,0.105239181
MOBY,M2,500,Met,MAR,A,0.105239181
MOBY,M2,500,Met,MAR,A,0.105876994
MOBY,M2,500,Met,MAR,A,0.105876994
MOBY,M2,500,Met,MAR,A,0.106514807
MOBY,M2,500,Met,MAR,A,0.10715262
MOBY,M2,500,Met,MAR,A,0.10715262
MOBY,M2,500,Met,MAR,A,0.10715262
MOBY,M2,500,Met,MAR,A,0.107790434
MOBY,M2,500,Met,MAR,A,0.107790434
MOBY,M2,500,Met,MAR,A,0.108428247
MOBY,M2,500,Met,MAR,A,0.108428247
MOBY,M2,500,Met,MAR,A,0.108428247
MOBY,M2,500,Met,MAR,A,0.108428247
MOBY,M2,500,Met,MAR,A,0.108428247
MOBY,M2,500,Met,MAR,A,0.108428247
MOBY,M2,500,Met,MAR,A,0.108428247
MOBY,M2,500,Met,MAR,A,0.10906606
MOBY,M2,500,Met,MAR,A,0.10906606
MOBY,M2,500,Met,MAR,A,0.10906606
MOBY,M2,500,Met,MAR,A,0.10906606
MOBY,M2,500,Met,MAR,A,0.109703873
MOBY,M2,500,Met,MAR,A,0.109703873
MOBY,M2,500,Met,MAR,A,0.109703873
MOBY,M2,500,Met,MAR,A,0.109703873
MOBY,M2,500,Met,MAR,A,0.109703873
MOBY,M2,500,Met,MAR,A,0.110341686
MOBY,M2,500,Met,MAR,A,0.110341686
MOBY,M2,500,Met,MAR,A,0.110341686
MOBY,M2,500,Met,MAR,A,0.1109795
MOBY,M2,500,Met,MAR,A,0.1109795
MOBY,M2,500,Met,MAR,A,0.1109795
MOBY,M2,500,Met,MAR,A,0.111617313
MOBY,M2,500,Met,MAR,A,0.111617313
MOBY,M2,500,Met,MAR,A,0.111617313
MOBY,M2,500,Met,MAR,A,0.112255126
MOBY,M2,500,Met,MAR,A,0.112255126
MOBY,M2,500,Met,MAR,A,0.112892939
MOBY,M2,500,Met,MAR,A,0.112892939
MOBY,M2,500,Met,MAR,A,0.112892939
MOBY,M2,500,Met,MAR,A,0.112892939
MOBY,M2,500,Met,MAR,A,0.112892939
MOBY,M2,500,Met,MAR,A,0.113530752
MOBY,M2,500,Met,MAR,A,0.113530752
MOBY,M2,500,Met,MAR,A,0.114168566
MOBY,M2,500,Met,MAR,A,0.114168566
MOBY,M2,500,Met,MAR,A,0.114168566
MOBY,M2,500,Met,MAR,A,0.114806379
MOBY,M2,500,Met,MAR,A,0.114806379
MOBY,M2,500,Met,MAR,A,0.114806379
MOBY,M2,500,Met,MAR,A,0.114806379
MOBY,M2,500,Met,MAR,A,0.114806379
MOBY,M2,500,Met,MAR,A,0.115444192
MOBY,M2,500,Met,MAR,A,0.115444192
MOBY,M2,500,Met,MAR,A,0.115444192
MOBY,M2,500,Met,MAR,A,0.115444192
MOBY,M2,500,Met,MAR,A,0.115444192
MOBY,M2,500,Met,MAR,A,0.116082005
MOBY,M2,500,Met,MAR,A,0.116082005
MOBY,M2,500,Met,MAR,A,0.116082005
MOBY,M2,500,Met,MAR,A,0.116082005
MOBY,M2,500,Met,MAR,A,0.117357632
MOBY,M2,500,Met,MAR,A,0.117357632
MOBY,M2,500,Met,MAR,A,0.117995445
MOBY,M2,500,Met,MAR,A,0.117995445
MOBY,M2,500,Met,MAR,A,0.117995445
MOBY,M2,500,Met,MAR,A,0.117995445
MOBY,M2,500,Met,MAR,A,0.118633258
MOBY,M2,500,Met,MAR,A,0.119271071
MOBY,M2,500,Met,MAR,A,0.119908885
MOBY,M2,500,Met,MAR,A,0.119908885
MOBY,M2,500,Met,MAR,A,0.119908885
MOBY,M2,500,Met,MAR,A,0.119908885
MOBY,M2,500,Met,MAR,A,0.119908885
MOBY,M2,500,Met,MAR,A,0.119908885
MOBY,M2,500,Met,MAR,A,0.119908885
MOBY,M2,500,Met,MAR,A,0.120546698
MOBY,M2,500,Met,MAR,A,0.120546698
MOBY,M2,500,Met,MAR,A,0.121184511
MOBY,M2,500,Met,MAR,A,0.121184511
MOBY,M2,500,Met,MAR,A,0.121184511
MOBY,M2,500,Met,MAR,A,0.121184511
MOBY,M2,500,Met,MAR,A,0.121184511
MOBY,M2,500,Met,MAR,A,0.121184511
MOBY,M2,500,Met,MAR,A,0.121184511
MOBY,M2,500,Met,MAR,A,0.123097951
MOBY,M2,500,Met,MAR,A,0.123097951
MOBY,M2,500,Met,MAR,A,0.123097951
MOBY,M2,500,Met,MAR,A,0.123097951
MOBY,M2,500,Met,MAR,A,0.123097951
MOBY,M2,500,Met,MAR,A,0.123735764
MOBY,M2,500,Met,MAR,A,0.123735764
MOBY,M2,500,Met,MAR,A,0.123735764
MOBY,M2,500,Met,MAR,A,0.123735764
MOBY,M2,500,Met,MAR,A,0.124373577
MOBY,M2,500,Met,MAR,A,0.124373577
MOBY,M2,500,Met,MAR,A,0.12501139
MOBY,M2,500,Met,MAR,A,0.12501139
MOBY,M2,500,Met,MAR,A,0.125649204
MOBY,M2,500,Met,MAR,A,0.125649204
MOBY,M2,500,Met,MAR,A,0.125649204
MOBY,M2,500,Met,MAR,A,0.125649204
MOBY,M2,500,Met,MAR,A,0.125649204
MOBY,M2,500,Met,MAR,A,0.125649204
MOBY,M2,500,Met,MAR,A,0.125649204
MOBY,M2,500,Met,MAR,A,0.126287017
MOBY,M2,500,Met,MAR,A,0.126287017
MOBY,M2,500,Met,MAR,A,0.12692483
MOBY,M2,500,Met,MAR,A,0.127562643
MOBY,M2,500,Met,MAR,A,0.127562643
MOBY,M2,500,Met,MAR,A,0.128200456
MOBY,M2,500,Met,MAR,A,0.128200456
MOBY,M2,500,Met,MAR,A,0.128200456
MOBY,M2,500,Met,MAR,A,0.128200456
MOBY,M2,500,Met,MAR,A,0.128200456
MOBY,M2,500,Met,MAR,A,0.128200456
MOBY,M2,500,Met,MAR,A,0.129476083
MOBY,M2,500,Met,MAR,A,0.130113896
MOBY,M2,500,Met,MAR,A,0.131389523
MOBY,M2,500,Met,MAR,A,0.132027336
MOBY,M2,500,Met,MAR,A,0.132027336
MOBY,M2,500,Met,MAR,A,0.132027336
MOBY,M2,500,Met,MAR,A,0.132027336
MOBY,M2,500,Met,MAR,A,0.132027336
MOBY,M2,500,Met,MAR,A,0.132665149
MOBY,M2,500,Met,MAR,A,0.132665149
MOBY,M2,500,Met,MAR,A,0.133302962
MOBY,M2,500,Met,MAR,A,0.133302962
MOBY,M2,500,Met,MAR,A,0.133940775
MOBY,M2,500,Met,MAR,A,0.133940775
MOBY,M2,500,Met,MAR,A,0.133940775
MOBY,M2,500,Met,MAR,A,0.133940775
MOBY,M2,500,Met,MAR,A,0.133940775
MOBY,M2,500,Met,MAR,A,0.134578589
MOBY,M2,500,Met,MAR,A,0.134578589
MOBY,M2,500,Met,MAR,A,0.135854215
MOBY,M2,500,Met,MAR,A,0.136492028
MOBY,M2,500,Met,MAR,A,0.137129841
MOBY,M2,500,Met,MAR,A,0.137767655
MOBY,M2,500,Met,MAR,A,0.137767655
MOBY,M2,500,Met,MAR,A,0.138405468
MOBY,M2,500,Met,MAR,A,0.138405468
MOBY,M2,500,Met,MAR,A,0.138405468
MOBY,M2,500,Met,MAR,A,0.139043281
MOBY,M2,500,Met,MAR,A,0.139043281
MOBY,M2,500,Met,MAR,A,0.139681094
MOBY,M2,500,Met,MAR,A,0.139681094
MOBY,M2,500,Met,MAR,A,0.140318908
MOBY,M2,500,Met,MAR,A,0.140318908
MOBY,M2,500,Met,MAR,A,0.140318908
MOBY,M2,500,Met,MAR,A,0.140318908
MOBY,M2,500,Met,MAR,A,0.140956721
MOBY,M2,500,Met,MAR,A,0.140956721
MOBY,M2,500,Met,MAR,A,0.140956721
MOBY,M2,500,Met,MAR,A,0.140956721
MOBY,M2,500,Met,MAR,A,0.140956721
MOBY,M2,500,Met,MAR,A,0.141594534
MOBY,M2,500,Met,MAR,A,0.141594534
MOBY,M2,500,Met,MAR,A,0.14287016
MOBY,M2,500,Met,MAR,A,0.14287016
MOBY,M2,500,Met,MAR,A,0.144145787
MOBY,M2,500,Met,MAR,A,0.144145787
MOBY,M2,500,Met,MAR,A,0.144145787
MOBY,M2,500,Met,MAR,A,0.1447836
MOBY,M2,500,Met,MAR,A,0.1447836
MOBY,M2,500,Met,MAR,A,0.145421413
MOBY,M2,500,Met,MAR,A,0.146059227
MOBY,M2,500,Met,MAR,A,0.146059227
MOBY,M2,500,Met,MAR,A,0.146059227
MOBY,M2,500,Met,MAR,A,0.147334853
MOBY,M2,500,Met,MAR,A,0.147334853
MOBY,M2,500,Met,MAR,A,0.147334853
MOBY,M2,500,Met,MAR,A,0.147972666
MOBY,M2,500,Met,MAR,A,0.148610479
MOBY,M2,500,Met,MAR,A,0.149886106
MOBY,M2,500,Met,MAR,A,0.149886106
MOBY,M2,500,Met,MAR,A,0.149886106
MOBY,M2,500,Met,MAR,A,0.149886106
MOBY,M2,500,Met,MAR,A,0.149886106
MOBY,M2,500,Met,MAR,A,0.150523919
MOBY,M2,500,Met,MAR,A,0.151161732
MOBY,M2,500,Met,MAR,A,0.151161732
MOBY,M2,500,Met,MAR,A,0.151799545
MOBY,M2,500,Met,MAR,A,0.151799545
MOBY,M2,500,Met,MAR,A,0.151799545
MOBY,M2,500,Met,MAR,A,0.152437359
MOBY,M2,500,Met,MAR,A,0.153075172
MOBY,M2,500,Met,MAR,A,0.153075172
MOBY,M2,500,Met,MAR,A,0.153712985
MOBY,M2,500,Met,MAR,A,0.153712985
MOBY,M2,500,Met,MAR,A,0.154988612
MOBY,M2,500,Met,MAR,A,0.155626425
MOBY,M2,500,Met,MAR,A,0.155626425
MOBY,M2,500,Met,MAR,A,0.156264238
MOBY,M2,500,Met,MAR,A,0.157539864
MOBY,M2,500,Met,MAR,A,0.157539864
MOBY,M2,500,Met,MAR,A,0.157539864
MOBY,M2,500,Met,MAR,A,0.158815491
MOBY,M2,500,Met,MAR,A,0.158815491
MOBY,M2,500,Met,MAR,A,0.159453304
MOBY,M2,500,Met,MAR,A,0.159453304
MOBY,M2,500,Met,MAR,A,0.160091117
MOBY,M2,500,Met,MAR,A,0.160091117
MOBY,M2,500,Met,MAR,A,0.16072893
MOBY,M2,500,Met,MAR,A,0.16072893
MOBY,M2,500,Met,MAR,A,0.16072893
MOBY,M2,500,Met,MAR,A,0.162004557
MOBY,M2,500,Met,MAR,A,0.162004557
MOBY,M2,500,Met,MAR,A,0.16264237
MOBY,M2,500,Met,MAR,A,0.16264237
MOBY,M2,500,Met,MAR,A,0.16264237
MOBY,M2,500,Met,MAR,A,0.16264237
MOBY,M2,500,Met,MAR,A,0.163280183
MOBY,M2,500,Met,MAR,A,0.163280183
MOBY,M2,500,Met,MAR,A,0.163917997
MOBY,M2,500,Met,MAR,A,0.163917997
MOBY,M2,500,Met,MAR,A,0.16455581
MOBY,M2,500,Met,MAR,A,0.16455581
MOBY,M2,500,Met,MAR,A,0.16455581
MOBY,M2,500,Met,MAR,A,0.165831436
MOBY,M2,500,Met,MAR,A,0.165831436
MOBY,M2,500,Met,MAR,A,0.166469249
MOBY,M2,500,Met,MAR,A,0.166469249
MOBY,M2,500,Met,MAR,A,0.166469249
MOBY,M2,500,Met,MAR,A,0.167107063
MOBY,M2,500,Met,MAR,A,0.167744876
MOBY,M2,500,Met,MAR,A,0.168382689
MOBY,M2,500,Met,MAR,A,0.169020502
MOBY,M2,500,Met,MAR,A,0.169020502
MOBY,M2,500,Met,MAR,A,0.169658316
MOBY,M2,500,Met,MAR,A,0.170296129
MOBY,M2,500,Met,MAR,A,0.171571755
MOBY,M2,500,Met,MAR,A,0.173485195
MOBY,M2,500,Met,MAR,A,0.173485195
MOBY,M2,500,Met,MAR,A,0.173485195
MOBY,M2,500,Met,MAR,A,0.174123008
MOBY,M2,500,Met,MAR,A,0.174760821
MOBY,M2,500,Met,MAR,A,0.175398634
MOBY,M2,500,Met,MAR,A,0.175398634
MOBY,M2,500,Met,MAR,A,0.176036448
MOBY,M2,500,Met,MAR,A,0.176036448
MOBY,M2,500,Met,MAR,A,0.176036448
MOBY,M2,500,Met,MAR,A,0.176036448
MOBY,M2,500,Met,MAR,A,0.176036448
MOBY,M2,500,Met,MAR,A,0.176674261
MOBY,M2,500,Met,MAR,A,0.176674261
MOBY,M2,500,Met,MAR,A,0.176674261
MOBY,M2,500,Met,MAR,A,0.177312074
MOBY,M2,500,Met,MAR,A,0.177312074
MOBY,M2,500,Met,MAR,A,0.177949887
MOBY,M2,500,Met,MAR,A,0.177949887
MOBY,M2,500,Met,MAR,A,0.177949887
MOBY,M2,500,Met,MAR,A,0.177949887
MOBY,M2,500,Met,MAR,A,0.179225514
MOBY,M2,500,Met,MAR,A,0.179863327
MOBY,M2,500,Met,MAR,A,0.181138953
MOBY,M2,500,Met,MAR,A,0.181138953
MOBY,M2,500,Met,MAR,A,0.18241458
MOBY,M2,500,Met,MAR,A,0.18241458
MOBY,M2,500,Met,MAR,A,0.183052393
MOBY,M2,500,Met,MAR,A,0.184965833
MOBY,M2,500,Met,MAR,A,0.186241459
MOBY,M2,500,Met,MAR,A,0.186879272
MOBY,M2,500,Met,MAR,A,0.187517086
MOBY,M2,500,Met,MAR,A,0.187517086
MOBY,M2,500,Met,MAR,A,0.188154899
MOBY,M2,500,Met,MAR,A,0.188792712
MOBY,M2,500,Met,MAR,A,0.189430525
MOBY,M2,500,Met,MAR,A,0.189430525
MOBY,M2,500,Met,MAR,A,0.190068338
MOBY,M2,500,Met,MAR,A,0.190068338
MOBY,M2,500,Met,MAR,A,0.191343965
MOBY,M2,500,Met,MAR,A,0.191981778
MOBY,M2,500,Met,MAR,A,0.192619591
MOBY,M2,500,Met,MAR,A,0.192619591
MOBY,M2,500,Met,MAR,A,0.193257405
MOBY,M2,500,Met,MAR,A,0.193257405
MOBY,M2,500,Met,MAR,A,0.194533031
MOBY,M2,500,Met,MAR,A,0.194533031
MOBY,M2,500,Met,MAR,A,0.195170844
MOBY,M2,500,Met,MAR,A,0.195170844
MOBY,M2,500,Met,MAR,A,0.197084284
MOBY,M2,500,Met,MAR,A,0.19835991
MOBY,M2,500,Met,MAR,A,0.19835991
MOBY,M2,500,Met,MAR,A,0.198997723
MOBY,M2,500,Met,MAR,A,0.20027335
MOBY,M2,500,Met,MAR,A,0.200911163
MOBY,M2,500,Met,MAR,A,0.200911163
MOBY,M2,500,Met,MAR,A,0.200911163
MOBY,M2,500,Met,MAR,A,0.200911163
MOBY,M2,500,Met,MAR,A,0.201548976
MOBY,M2,500,Met,MAR,A,0.201548976
MOBY,M2,500,Met,MAR,A,0.20218679
MOBY,M2,500,Met,MAR,A,0.20218679
MOBY,M2,500,Met,MAR,A,0.203462416
MOBY,M2,500,Met,MAR,A,0.203462416
MOBY,M2,500,Met,MAR,A,0.204738042
MOBY,M2,500,Met,MAR,A,0.204738042
MOBY,M2,500,Met,MAR,A,0.206651482
MOBY,M2,500,Met,MAR,A,0.207289295
MOBY,M2,500,Met,MAR,A,0.210478361
MOBY,M2,500,Met,MAR,A,0.213667427
MOBY,M2,500,Met,MAR,A,0.214305241
MOBY,M2,500,Met,MAR,A,0.214305241
MOBY,M2,500,Met,MAR,A,0.214943054
MOBY,M2,500,Met,MAR,A,0.214943054
MOBY,M2,500,Met,MAR,A,0.215580867
MOBY,M2,500,Met,MAR,A,0.216856494
MOBY,M2,500,Met,MAR,A,0.216856494
MOBY,M2,500,Met,MAR,A,0.217494307
MOBY,M2,500,Met,MAR,A,0.21813212
MOBY,M2,500,Met,MAR,A,0.21813212
MOBY,M2,500,Met,MAR,A,0.219407746
MOBY,M2,500,Met,MAR,A,0.22004556
MOBY,M2,500,Met,MAR,A,0.221321186
MOBY,M2,500,Met,MAR,A,0.221321186
MOBY,M2,500,Met,MAR,A,0.221321186
MOBY,M2,500,Met,MAR,A,0.221321186
MOBY,M2,500,Met,MAR,A,0.223234626
MOBY,M2,500,Met,MAR,A,0.223872439
MOBY,M2,500,Met,MAR,A,0.223872439
MOBY,M2,500,Met,MAR,A,0.223872439
MOBY,M2,500,Met,MAR,A,0.225148065
MOBY,M2,500,Met,MAR,A,0.226423692
MOBY,M2,500,Met,MAR,A,0.226423692
MOBY,M2,500,Met,MAR,A,0.228337131
MOBY,M2,500,Met,MAR,A,0.228974945
MOBY,M2,500,Met,MAR,A,0.230250571
MOBY,M2,500,Met,MAR,A,0.231526197
MOBY,M2,500,Met,MAR,A,0.231526197
MOBY,M2,500,Met,MAR,A,0.23407745
MOBY,M2,500,Met,MAR,A,0.23599089
MOBY,M2,500,Met,MAR,A,0.237266516
MOBY,M2,500,Met,MAR,A,0.239179956
MOBY,M2,500,Met,MAR,A,0.240455583
MOBY,M2,500,Met,MAR,A,0.241093396
MOBY,M2,500,Met,MAR,A,0.242369022
MOBY,M2,500,Met,MAR,A,0.244920275
MOBY,M2,500,Met,MAR,A,0.245558088
MOBY,M2,500,Met,MAR,A,0.246833715
MOBY,M2,500,Met,MAR,A,0.247471528
MOBY,M2,500,Met,MAR,A,0.247471528
MOBY,M2,500,Met,MAR,A,0.248109341
MOBY,M2,500,Met,MAR,A,0.250660594
MOBY,M2,500,Met,MAR,A,0.25193622
MOBY,M2,500,Met,MAR,A,0.253211847
MOBY,M2,500,Met,MAR,A,0.257038726
MOBY,M2,500,Met,MAR,A,0.257038726
MOBY,M2,500,Met,MAR,A,0.258314353
MOBY,M2,500,Met,MAR,A,0.258952166
MOBY,M2,500,Met,MAR,A,0.265330298
MOBY,M2,500,Met,MAR,A,0.267243738
MOBY,M2,500,Met,MAR,A,0.268519364
MOBY,M2,500,Met,MAR,A,0.269157177
MOBY,M2,500,Met,MAR,A,0.26979499
MOBY,M2,500,Met,MAR,A,0.271070617
MOBY,M2,500,Met,MAR,A,0.271070617
MOBY,M2,500,Met,MAR,A,0.272346243
MOBY,M2,500,Met,MAR,A,0.272984057
MOBY,M2,500,Met,MAR,A,0.274897496
MOBY,M2,500,Met,MAR,A,0.276810936
MOBY,M2,500,Met,MAR,A,0.276810936
MOBY,M2,500,Met,MAR,A,0.277448749
MOBY,M2,500,Met,MAR,A,0.277448749
MOBY,M2,500,Met,MAR,A,0.277448749
MOBY,M2,500,Met,MAR,A,0.279362189
MOBY,M2,500,Met,MAR,A,0.281913442
MOBY,M2,500,Met,MAR,A,0.286378134
MOBY,M2,500,Met,MAR,A,0.290205013
MOBY,M2,500,Met,MAR,A,0.292118453
MOBY,M2,500,Met,MAR,A,0.292756266
MOBY,M2,500,Met,MAR,A,0.293394079
MOBY,M2,500,Met,MAR,A,0.294031893
MOBY,M2,500,Met,MAR,A,0.294669706
MOBY,M2,500,Met,MAR,A,0.297858772
MOBY,M2,500,Met,MAR,A,0.299134398
MOBY,M2,500,Met,MAR,A,0.299772212
MOBY,M2,500,Met,MAR,A,0.302961278
MOBY,M2,500,Met,MAR,A,0.30933941
MOBY,M2,500,Met,MAR,A,0.309977223
MOBY,M2,500,Met,MAR,A,0.309977223
MOBY,M2,500,Met,MAR,A,0.323371301
MOBY,M2,500,Met,MAR,A,0.324009114
MOBY,M2,500,Met,MAR,A,0.324009114
MOBY,M2,500,Met,MAR,A,0.327835993
MOBY,M2,500,Met,MAR,A,0.331025059
MOBY,M2,500,Met,MAR,A,0.332300686
MOBY,M2,500,Met,MAR,A,0.335489752
MOBY,M2,500,Met,MAR,A,0.341867884
MOBY,M2,500,Met,MAR,A,0.351435082
MOBY,M2,500,Met,MAR,A,0.354624148
MOBY,M2,500,Met,MAR,A,0.355899775
MOBY,M2,500,Met,MAR,A,0.355899775
MOBY,M2,500,Met,MAR,A,0.407562645
MOBY,M2,500,Met,MAR,A,0.419681096
MOBY,M2,500,Met,MAR,A,0.444555812
MOBY,M2,500,Met,MAR,A,0.45412301
MOBY,M2,500,Met,MAR,A,0.462414582
MOBY,M2,500,Met,MAR,A,0.500045561
MOBY,M2,500,Met,MAR,A,0.522369024
MOBY,M2,500,Met,MAR,A,0.732209572
MOBY,M2,500,Met,MAR,A,1.196537594
MOBY,M2,500,Met,MAR,B,0.014295813
MOBY,M2,500,Met,MAR,B,0.014295813
MOBY,M2,500,Met,MAR,B,0.014295813
MOBY,M2,500,Met,MAR,B,0.014295813
MOBY,M2,500,Met,MAR,B,0.014295813
MOBY,M2,500,Met,MAR,B,0.014295813
MOBY,M2,500,Met,MAR,B,0.015010604
MOBY,M2,500,Met,MAR,B,0.015010604
MOBY,M2,500,Met,MAR,B,0.015725395
MOBY,M2,500,Met,MAR,B,0.015725395
MOBY,M2,500,Met,MAR,B,0.015725395
MOBY,M2,500,Met,MAR,B,0.015725395
MOBY,M2,500,Met,MAR,B,0.016440185
MOBY,M2,500,Met,MAR,B,0.016440185
MOBY,M2,500,Met,MAR,B,0.016440185
MOBY,M2,500,Met,MAR,B,0.017154976
MOBY,M2,500,Met,MAR,B,0.017154976
MOBY,M2,500,Met,MAR,B,0.017154976
MOBY,M2,500,Met,MAR,B,0.017154976
MOBY,M2,500,Met,MAR,B,0.017154976
MOBY,M2,500,Met,MAR,B,0.017154976
MOBY,M2,500,Met,MAR,B,0.017154976
MOBY,M2,500,Met,MAR,B,0.017154976
MOBY,M2,500,Met,MAR,B,0.017869767
MOBY,M2,500,Met,MAR,B,0.017869767
MOBY,M2,500,Met,MAR,B,0.017869767
MOBY,M2,500,Met,MAR,B,0.017869767
MOBY,M2,500,Met,MAR,B,0.017869767
MOBY,M2,500,Met,MAR,B,0.017869767
MOBY,M2,500,Met,MAR,B,0.017869767
MOBY,M2,500,Met,MAR,B,0.017869767
MOBY,M2,500,Met,MAR,B,0.017869767
MOBY,M2,500,Met,MAR,B,0.017869767
MOBY,M2,500,Met,MAR,B,0.017869767
MOBY,M2,500,Met,MAR,B,0.017869767
MOBY,M2,500,Met,MAR,B,0.018584558
MOBY,M2,500,Met,MAR,B,0.018584558
MOBY,M2,500,Met,MAR,B,0.018584558
MOBY,M2,500,Met,MAR,B,0.018584558
MOBY,M2,500,Met,MAR,B,0.018584558
MOBY,M2,500,Met,MAR,B,0.018584558
MOBY,M2,500,Met,MAR,B,0.019299348
MOBY,M2,500,Met,MAR,B,0.019299348
MOBY,M2,500,Met,MAR,B,0.019299348
MOBY,M2,500,Met,MAR,B,0.019299348
MOBY,M2,500,Met,MAR,B,0.019299348
MOBY,M2,500,Met,MAR,B,0.019299348
MOBY,M2,500,Met,MAR,B,0.019299348
MOBY,M2,500,Met,MAR,B,0.020014139
MOBY,M2,500,Met,MAR,B,0.020014139
MOBY,M2,500,Met,MAR,B,0.020014139
MOBY,M2,500,Met,MAR,B,0.020014139
MOBY,M2,500,Met,MAR,B,0.020014139
MOBY,M2,500,Met,MAR,B,0.020014139
MOBY,M2,500,Met,MAR,B,0.02072893
MOBY,M2,500,Met,MAR,B,0.02072893
MOBY,M2,500,Met,MAR,B,0.02072893
MOBY,M2,500,Met,MAR,B,0.02072893
MOBY,M2,500,Met,MAR,B,0.02072893
MOBY,M2,500,Met,MAR,B,0.02072893
MOBY,M2,500,Met,MAR,B,0.02072893
MOBY,M2,500,Met,MAR,B,0.02072893
MOBY,M2,500,Met,MAR,B,0.02144372
MOBY,M2,500,Met,MAR,B,0.02144372
MOBY,M2,500,Met,MAR,B,0.02144372
MOBY,M2,500,Met,MAR,B,0.02144372
MOBY,M2,500,Met,MAR,B,0.02144372
MOBY,M2,500,Met,MAR,B,0.02144372
MOBY,M2,500,Met,MAR,B,0.02144372
MOBY,M2,500,Met,MAR,B,0.02144372
MOBY,M2,500,Met,MAR,B,0.02144372
MOBY,M2,500,Met,MAR,B,0.022158511
MOBY,M2,500,Met,MAR,B,0.022158511
MOBY,M2,500,Met,MAR,B,0.022158511
MOBY,M2,500,Met,MAR,B,0.022158511
MOBY,M2,500,Met,MAR,B,0.022873302
MOBY,M2,500,Met,MAR,B,0.022873302
MOBY,M2,500,Met,MAR,B,0.022873302
MOBY,M2,500,Met,MAR,B,0.022873302
MOBY,M2,500,Met,MAR,B,0.023588092
MOBY,M2,500,Met,MAR,B,0.023588092
MOBY,M2,500,Met,MAR,B,0.023588092
MOBY,M2,500,Met,MAR,B,0.023588092
MOBY,M2,500,Met,MAR,B,0.023588092
MOBY,M2,500,Met,MAR,B,0.023588092
MOBY,M2,500,Met,MAR,B,0.023588092
MOBY,M2,500,Met,MAR,B,0.024302883
MOBY,M2,500,Met,MAR,B,0.024302883
MOBY,M2,500,Met,MAR,B,0.024302883
MOBY,M2,500,Met,MAR,B,0.024302883
MOBY,M2,500,Met,MAR,B,0.024302883
MOBY,M2,500,Met,MAR,B,0.024302883
MOBY,M2,500,Met,MAR,B,0.024302883
MOBY,M2,500,Met,MAR,B,0.025017674
MOBY,M2,500,Met,MAR,B,0.025017674
MOBY,M2,500,Met,MAR,B,0.025017674
MOBY,M2,500,Met,MAR,B,0.025017674
MOBY,M2,500,Met,MAR,B,0.025017674
MOBY,M2,500,Met,MAR,B,0.025017674
MOBY,M2,500,Met,MAR,B,0.025017674
MOBY,M2,500,Met,MAR,B,0.025732464
MOBY,M2,500,Met,MAR,B,0.025732464
MOBY,M2,500,Met,MAR,B,0.025732464
MOBY,M2,500,Met,MAR,B,0.025732464
MOBY,M2,500,Met,MAR,B,0.025732464
MOBY,M2,500,Met,MAR,B,0.025732464
MOBY,M2,500,Met,MAR,B,0.025732464
MOBY,M2,500,Met,MAR,B,0.025732464
MOBY,M2,500,Met,MAR,B,0.025732464
MOBY,M2,500,Met,MAR,B,0.026447255
MOBY,M2,500,Met,MAR,B,0.026447255
MOBY,M2,500,Met,MAR,B,0.026447255
MOBY,M2,500,Met,MAR,B,0.026447255
MOBY,M2,500,Met,MAR,B,0.026447255
MOBY,M2,500,Met,MAR,B,0.026447255
MOBY,M2,500,Met,MAR,B,0.026447255
MOBY,M2,500,Met,MAR,B,0.027162046
MOBY,M2,500,Met,MAR,B,0.027162046
MOBY,M2,500,Met,MAR,B,0.027162046
MOBY,M2,500,Met,MAR,B,0.027162046
MOBY,M2,500,Met,MAR,B,0.027162046
MOBY,M2,500,Met,MAR,B,0.027162046
MOBY,M2,500,Met,MAR,B,0.027876836
MOBY,M2,500,Met,MAR,B,0.027876836
MOBY,M2,500,Met,MAR,B,0.027876836
MOBY,M2,500,Met,MAR,B,0.027876836
MOBY,M2,500,Met,MAR,B,0.027876836
MOBY,M2,500,Met,MAR,B,0.028591627
MOBY,M2,500,Met,MAR,B,0.028591627
MOBY,M2,500,Met,MAR,B,0.028591627
MOBY,M2,500,Met,MAR,B,0.029306418
MOBY,M2,500,Met,MAR,B,0.029306418
MOBY,M2,500,Met,MAR,B,0.029306418
MOBY,M2,500,Met,MAR,B,0.029306418
MOBY,M2,500,Met,MAR,B,0.029306418
MOBY,M2,500,Met,MAR,B,0.030021208
MOBY,M2,500,Met,MAR,B,0.030021208
MOBY,M2,500,Met,MAR,B,0.030021208
MOBY,M2,500,Met,MAR,B,0.030021208
MOBY,M2,500,Met,MAR,B,0.030021208
MOBY,M2,500,Met,MAR,B,0.030021208
MOBY,M2,500,Met,MAR,B,0.030021208
MOBY,M2,500,Met,MAR,B,0.030735999
MOBY,M2,500,Met,MAR,B,0.030735999
MOBY,M2,500,Met,MAR,B,0.030735999
MOBY,M2,500,Met,MAR,B,0.030735999
MOBY,M2,500,Met,MAR,B,0.030735999
MOBY,M2,500,Met,MAR,B,0.030735999
MOBY,M2,500,Met,MAR,B,0.03145079
MOBY,M2,500,Met,MAR,B,0.03145079
MOBY,M2,500,Met,MAR,B,0.03145079
MOBY,M2,500,Met,MAR,B,0.03145079
MOBY,M2,500,Met,MAR,B,0.03145079
MOBY,M2,500,Met,MAR,B,0.03145079
MOBY,M2,500,Met,MAR,B,0.03145079
MOBY,M2,500,Met,MAR,B,0.03216558
MOBY,M2,500,Met,MAR,B,0.03216558
MOBY,M2,500,Met,MAR,B,0.03216558
MOBY,M2,500,Met,MAR,B,0.03216558
MOBY,M2,500,Met,MAR,B,0.032880371
MOBY,M2,500,Met,MAR,B,0.032880371
MOBY,M2,500,Met,MAR,B,0.032880371
MOBY,M2,500,Met,MAR,B,0.032880371
MOBY,M2,500,Met,MAR,B,0.033595162
MOBY,M2,500,Met,MAR,B,0.033595162
MOBY,M2,500,Met,MAR,B,0.033595162
MOBY,M2,500,Met,MAR,B,0.033595162
MOBY,M2,500,Met,MAR,B,0.033595162
MOBY,M2,500,Met,MAR,B,0.033595162
MOBY,M2,500,Met,MAR,B,0.034309952
MOBY,M2,500,Met,MAR,B,0.034309952
MOBY,M2,500,Met,MAR,B,0.034309952
MOBY,M2,500,Met,MAR,B,0.034309952
MOBY,M2,500,Met,MAR,B,0.035024743
MOBY,M2,500,Met,MAR,B,0.035024743
MOBY,M2,500,Met,MAR,B,0.035024743
MOBY,M2,500,Met,MAR,B,0.035024743
MOBY,M2,500,Met,MAR,B,0.035024743
MOBY,M2,500,Met,MAR,B,0.035024743
MOBY,M2,500,Met,MAR,B,0.035024743
MOBY,M2,500,Met,MAR,B,0.035739534
MOBY,M2,500,Met,MAR,B,0.035739534
MOBY,M2,500,Met,MAR,B,0.035739534
MOBY,M2,500,Met,MAR,B,0.035739534
MOBY,M2,500,Met,MAR,B,0.035739534
MOBY,M2,500,Met,MAR,B,0.036454324
MOBY,M2,500,Met,MAR,B,0.036454324
MOBY,M2,500,Met,MAR,B,0.036454324
MOBY,M2,500,Met,MAR,B,0.036454324
MOBY,M2,500,Met,MAR,B,0.036454324
MOBY,M2,500,Met,MAR,B,0.036454324
MOBY,M2,500,Met,MAR,B,0.037169115
MOBY,M2,500,Met,MAR,B,0.037169115
MOBY,M2,500,Met,MAR,B,0.037169115
MOBY,M2,500,Met,MAR,B,0.037169115
MOBY,M2,500,Met,MAR,B,0.037169115
MOBY,M2,500,Met,MAR,B,0.037169115
MOBY,M2,500,Met,MAR,B,0.037169115
MOBY,M2,500,Met,MAR,B,0.037883906
MOBY,M2,500,Met,MAR,B,0.037883906
MOBY,M2,500,Met,MAR,B,0.037883906
MOBY,M2,500,Met,MAR,B,0.038598696
MOBY,M2,500,Met,MAR,B,0.038598696
MOBY,M2,500,Met,MAR,B,0.038598696
MOBY,M2,500,Met,MAR,B,0.038598696
MOBY,M2,500,Met,MAR,B,0.038598696
MOBY,M2,500,Met,MAR,B,0.038598696
MOBY,M2,500,Met,MAR,B,0.038598696
MOBY,M2,500,Met,MAR,B,0.038598696
MOBY,M2,500,Met,MAR,B,0.039313487
MOBY,M2,500,Met,MAR,B,0.039313487
MOBY,M2,500,Met,MAR,B,0.039313487
MOBY,M2,500,Met,MAR,B,0.040028278
MOBY,M2,500,Met,MAR,B,0.040028278
MOBY,M2,500,Met,MAR,B,0.040028278
MOBY,M2,500,Met,MAR,B,0.040028278
MOBY,M2,500,Met,MAR,B,0.040028278
MOBY,M2,500,Met,MAR,B,0.040028278
MOBY,M2,500,Met,MAR,B,0.040028278
MOBY,M2,500,Met,MAR,B,0.040028278
MOBY,M2,500,Met,MAR,B,0.040743068
MOBY,M2,500,Met,MAR,B,0.040743068
MOBY,M2,500,Met,MAR,B,0.040743068
MOBY,M2,500,Met,MAR,B,0.040743068
MOBY,M2,500,Met,MAR,B,0.041457859
MOBY,M2,500,Met,MAR,B,0.041457859
MOBY,M2,500,Met,MAR,B,0.041457859
MOBY,M2,500,Met,MAR,B,0.041457859
MOBY,M2,500,Met,MAR,B,0.041457859
MOBY,M2,500,Met,MAR,B,0.041457859
MOBY,M2,500,Met,MAR,B,0.041457859
MOBY,M2,500,Met,MAR,B,0.04217265
MOBY,M2,500,Met,MAR,B,0.04217265
MOBY,M2,500,Met,MAR,B,0.04288744
MOBY,M2,500,Met,MAR,B,0.04288744
MOBY,M2,500,Met,MAR,B,0.04288744
MOBY,M2,500,Met,MAR,B,0.04288744
MOBY,M2,500,Met,MAR,B,0.04288744
MOBY,M2,500,Met,MAR,B,0.04288744
MOBY,M2,500,Met,MAR,B,0.04288744
MOBY,M2,500,Met,MAR,B,0.043602231
MOBY,M2,500,Met,MAR,B,0.043602231
MOBY,M2,500,Met,MAR,B,0.043602231
MOBY,M2,500,Met,MAR,B,0.043602231
MOBY,M2,500,Met,MAR,B,0.043602231
MOBY,M2,500,Met,MAR,B,0.043602231
MOBY,M2,500,Met,MAR,B,0.043602231
MOBY,M2,500,Met,MAR,B,0.044317022
MOBY,M2,500,Met,MAR,B,0.044317022
MOBY,M2,500,Met,MAR,B,0.044317022
MOBY,M2,500,Met,MAR,B,0.044317022
MOBY,M2,500,Met,MAR,B,0.044317022
MOBY,M2,500,Met,MAR,B,0.045031812
MOBY,M2,500,Met,MAR,B,0.045031812
MOBY,M2,500,Met,MAR,B,0.045031812
MOBY,M2,500,Met,MAR,B,0.045031812
MOBY,M2,500,Met,MAR,B,0.045031812
MOBY,M2,500,Met,MAR,B,0.045031812
MOBY,M2,500,Met,MAR,B,0.045031812
MOBY,M2,500,Met,MAR,B,0.045746603
MOBY,M2,500,Met,MAR,B,0.045746603
MOBY,M2,500,Met,MAR,B,0.045746603
MOBY,M2,500,Met,MAR,B,0.045746603
MOBY,M2,500,Met,MAR,B,0.045746603
MOBY,M2,500,Met,MAR,B,0.045746603
MOBY,M2,500,Met,MAR,B,0.046461394
MOBY,M2,500,Met,MAR,B,0.046461394
MOBY,M2,500,Met,MAR,B,0.046461394
MOBY,M2,500,Met,MAR,B,0.046461394
MOBY,M2,500,Met,MAR,B,0.046461394
MOBY,M2,500,Met,MAR,B,0.047176184
MOBY,M2,500,Met,MAR,B,0.047176184
MOBY,M2,500,Met,MAR,B,0.047176184
MOBY,M2,500,Met,MAR,B,0.047176184
MOBY,M2,500,Met,MAR,B,0.047176184
MOBY,M2,500,Met,MAR,B,0.047176184
MOBY,M2,500,Met,MAR,B,0.047890975
MOBY,M2,500,Met,MAR,B,0.047890975
MOBY,M2,500,Met,MAR,B,0.047890975
MOBY,M2,500,Met,MAR,B,0.047890975
MOBY,M2,500,Met,MAR,B,0.047890975
MOBY,M2,500,Met,MAR,B,0.047890975
MOBY,M2,500,Met,MAR,B,0.047890975
MOBY,M2,500,Met,MAR,B,0.048605766
MOBY,M2,500,Met,MAR,B,0.048605766
MOBY,M2,500,Met,MAR,B,0.048605766
MOBY,M2,500,Met,MAR,B,0.048605766
MOBY,M2,500,Met,MAR,B,0.048605766
MOBY,M2,500,Met,MAR,B,0.048605766
MOBY,M2,500,Met,MAR,B,0.048605766
MOBY,M2,500,Met,MAR,B,0.049320556
MOBY,M2,500,Met,MAR,B,0.049320556
MOBY,M2,500,Met,MAR,B,0.049320556
MOBY,M2,500,Met,MAR,B,0.049320556
MOBY,M2,500,Met,MAR,B,0.049320556
MOBY,M2,500,Met,MAR,B,0.050035347
MOBY,M2,500,Met,MAR,B,0.050035347
MOBY,M2,500,Met,MAR,B,0.050035347
MOBY,M2,500,Met,MAR,B,0.050035347
MOBY,M2,500,Met,MAR,B,0.050035347
MOBY,M2,500,Met,MAR,B,0.050035347
MOBY,M2,500,Met,MAR,B,0.050035347
MOBY,M2,500,Met,MAR,B,0.050035347
MOBY,M2,500,Met,MAR,B,0.050035347
MOBY,M2,500,Met,MAR,B,0.050750138
MOBY,M2,500,Met,MAR,B,0.050750138
MOBY,M2,500,Met,MAR,B,0.050750138
MOBY,M2,500,Met,MAR,B,0.050750138
MOBY,M2,500,Met,MAR,B,0.051464928
MOBY,M2,500,Met,MAR,B,0.051464928
MOBY,M2,500,Met,MAR,B,0.051464928
MOBY,M2,500,Met,MAR,B,0.051464928
MOBY,M2,500,Met,MAR,B,0.051464928
MOBY,M2,500,Met,MAR,B,0.051464928
MOBY,M2,500,Met,MAR,B,0.051464928
MOBY,M2,500,Met,MAR,B,0.051464928
MOBY,M2,500,Met,MAR,B,0.051464928
MOBY,M2,500,Met,MAR,B,0.051464928
MOBY,M2,500,Met,MAR,B,0.051464928
MOBY,M2,500,Met,MAR,B,0.052179719
MOBY,M2,500,Met,MAR,B,0.052179719
MOBY,M2,500,Met,MAR,B,0.052179719
MOBY,M2,500,Met,MAR,B,0.052179719
MOBY,M2,500,Met,MAR,B,0.052179719
MOBY,M2,500,Met,MAR,B,0.052179719
MOBY,M2,500,Met,MAR,B,0.05289451
MOBY,M2,500,Met,MAR,B,0.05289451
MOBY,M2,500,Met,MAR,B,0.05289451
MOBY,M2,500,Met,MAR,B,0.05289451
MOBY,M2,500,Met,MAR,B,0.05289451
MOBY,M2,500,Met,MAR,B,0.05289451
MOBY,M2,500,Met,MAR,B,0.05289451
MOBY,M2,500,Met,MAR,B,0.05289451
MOBY,M2,500,Met,MAR,B,0.05289451
MOBY,M2,500,Met,MAR,B,0.0536093
MOBY,M2,500,Met,MAR,B,0.0536093
MOBY,M2,500,Met,MAR,B,0.0536093
MOBY,M2,500,Met,MAR,B,0.0536093
MOBY,M2,500,Met,MAR,B,0.0536093
MOBY,M2,500,Met,MAR,B,0.0536093
MOBY,M2,500,Met,MAR,B,0.0536093
MOBY,M2,500,Met,MAR,B,0.0536093
MOBY,M2,500,Met,MAR,B,0.0536093
MOBY,M2,500,Met,MAR,B,0.0536093
MOBY,M2,500,Met,MAR,B,0.054324091
MOBY,M2,500,Met,MAR,B,0.054324091
MOBY,M2,500,Met,MAR,B,0.054324091
MOBY,M2,500,Met,MAR,B,0.054324091
MOBY,M2,500,Met,MAR,B,0.054324091
MOBY,M2,500,Met,MAR,B,0.054324091
MOBY,M2,500,Met,MAR,B,0.054324091
MOBY,M2,500,Met,MAR,B,0.054324091
MOBY,M2,500,Met,MAR,B,0.055038882
MOBY,M2,500,Met,MAR,B,0.055038882
MOBY,M2,500,Met,MAR,B,0.055038882
MOBY,M2,500,Met,MAR,B,0.055038882
MOBY,M2,500,Met,MAR,B,0.055038882
MOBY,M2,500,Met,MAR,B,0.055038882
MOBY,M2,500,Met,MAR,B,0.055753673
MOBY,M2,500,Met,MAR,B,0.055753673
MOBY,M2,500,Met,MAR,B,0.055753673
MOBY,M2,500,Met,MAR,B,0.055753673
MOBY,M2,500,Met,MAR,B,0.056468463
MOBY,M2,500,Met,MAR,B,0.056468463
MOBY,M2,500,Met,MAR,B,0.056468463
MOBY,M2,500,Met,MAR,B,0.056468463
MOBY,M2,500,Met,MAR,B,0.056468463
MOBY,M2,500,Met,MAR,B,0.057183254
MOBY,M2,500,Met,MAR,B,0.057183254
MOBY,M2,500,Met,MAR,B,0.057183254
MOBY,M2,500,Met,MAR,B,0.057183254
MOBY,M2,500,Met,MAR,B,0.057898045
MOBY,M2,500,Met,MAR,B,0.057898045
MOBY,M2,500,Met,MAR,B,0.058612835
MOBY,M2,500,Met,MAR,B,0.058612835
MOBY,M2,500,Met,MAR,B,0.058612835
MOBY,M2,500,Met,MAR,B,0.058612835
MOBY,M2,500,Met,MAR,B,0.058612835
MOBY,M2,500,Met,MAR,B,0.058612835
MOBY,M2,500,Met,MAR,B,0.059327626
MOBY,M2,500,Met,MAR,B,0.059327626
MOBY,M2,500,Met,MAR,B,0.059327626
MOBY,M2,500,Met,MAR,B,0.059327626
MOBY,M2,500,Met,MAR,B,0.059327626
MOBY,M2,500,Met,MAR,B,0.059327626
MOBY,M2,500,Met,MAR,B,0.059327626
MOBY,M2,500,Met,MAR,B,0.060042417
MOBY,M2,500,Met,MAR,B,0.060042417
MOBY,M2,500,Met,MAR,B,0.060042417
MOBY,M2,500,Met,MAR,B,0.060757207
MOBY,M2,500,Met,MAR,B,0.060757207
MOBY,M2,500,Met,MAR,B,0.060757207
MOBY,M2,500,Met,MAR,B,0.060757207
MOBY,M2,500,Met,MAR,B,0.060757207
MOBY,M2,500,Met,MAR,B,0.061471998
MOBY,M2,500,Met,MAR,B,0.062186789
MOBY,M2,500,Met,MAR,B,0.062186789
MOBY,M2,500,Met,MAR,B,0.062186789
MOBY,M2,500,Met,MAR,B,0.062186789
MOBY,M2,500,Met,MAR,B,0.062186789
MOBY,M2,500,Met,MAR,B,0.062901579
MOBY,M2,500,Met,MAR,B,0.062901579
MOBY,M2,500,Met,MAR,B,0.062901579
MOBY,M2,500,Met,MAR,B,0.062901579
MOBY,M2,500,Met,MAR,B,0.06361637
MOBY,M2,500,Met,MAR,B,0.06361637
MOBY,M2,500,Met,MAR,B,0.06361637
MOBY,M2,500,Met,MAR,B,0.06361637
MOBY,M2,500,Met,MAR,B,0.064331161
MOBY,M2,500,Met,MAR,B,0.064331161
MOBY,M2,500,Met,MAR,B,0.064331161
MOBY,M2,500,Met,MAR,B,0.064331161
MOBY,M2,500,Met,MAR,B,0.064331161
MOBY,M2,500,Met,MAR,B,0.064331161
MOBY,M2,500,Met,MAR,B,0.065045951
MOBY,M2,500,Met,MAR,B,0.065045951
MOBY,M2,500,Met,MAR,B,0.065045951
MOBY,M2,500,Met,MAR,B,0.065045951
MOBY,M2,500,Met,MAR,B,0.065045951
MOBY,M2,500,Met,MAR,B,0.065045951
MOBY,M2,500,Met,MAR,B,0.065760742
MOBY,M2,500,Met,MAR,B,0.065760742
MOBY,M2,500,Met,MAR,B,0.065760742
MOBY,M2,500,Met,MAR,B,0.065760742
MOBY,M2,500,Met,MAR,B,0.065760742
MOBY,M2,500,Met,MAR,B,0.065760742
MOBY,M2,500,Met,MAR,B,0.065760742
MOBY,M2,500,Met,MAR,B,0.065760742
MOBY,M2,500,Met,MAR,B,0.065760742
MOBY,M2,500,Met,MAR,B,0.065760742
MOBY,M2,500,Met,MAR,B,0.066475533
MOBY,M2,500,Met,MAR,B,0.066475533
MOBY,M2,500,Met,MAR,B,0.066475533
MOBY,M2,500,Met,MAR,B,0.066475533
MOBY,M2,500,Met,MAR,B,0.066475533
MOBY,M2,500,Met,MAR,B,0.067190323
MOBY,M2,500,Met,MAR,B,0.067190323
MOBY,M2,500,Met,MAR,B,0.067190323
MOBY,M2,500,Met,MAR,B,0.067190323
MOBY,M2,500,Met,MAR,B,0.067190323
MOBY,M2,500,Met,MAR,B,0.067190323
MOBY,M2,500,Met,MAR,B,0.067905114
MOBY,M2,500,Met,MAR,B,0.067905114
MOBY,M2,500,Met,MAR,B,0.067905114
MOBY,M2,500,Met,MAR,B,0.067905114
MOBY,M2,500,Met,MAR,B,0.067905114
MOBY,M2,500,Met,MAR,B,0.068619905
MOBY,M2,500,Met,MAR,B,0.068619905
MOBY,M2,500,Met,MAR,B,0.068619905
MOBY,M2,500,Met,MAR,B,0.068619905
MOBY,M2,500,Met,MAR,B,0.068619905
MOBY,M2,500,Met,MAR,B,0.068619905
MOBY,M2,500,Met,MAR,B,0.068619905
MOBY,M2,500,Met,MAR,B,0.069334695
MOBY,M2,500,Met,MAR,B,0.069334695
MOBY,M2,500,Met,MAR,B,0.069334695
MOBY,M2,500,Met,MAR,B,0.069334695
MOBY,M2,500,Met,MAR,B,0.069334695
MOBY,M2,500,Met,MAR,B,0.070049486
MOBY,M2,500,Met,MAR,B,0.070049486
MOBY,M2,500,Met,MAR,B,0.070049486
MOBY,M2,500,Met,MAR,B,0.070049486
MOBY,M2,500,Met,MAR,B,0.070764277
MOBY,M2,500,Met,MAR,B,0.070764277
MOBY,M2,500,Met,MAR,B,0.070764277
MOBY,M2,500,Met,MAR,B,0.071479067
MOBY,M2,500,Met,MAR,B,0.071479067
MOBY,M2,500,Met,MAR,B,0.072193858
MOBY,M2,500,Met,MAR,B,0.072193858
MOBY,M2,500,Met,MAR,B,0.072193858
MOBY,M2,500,Met,MAR,B,0.072193858
MOBY,M2,500,Met,MAR,B,0.072908649
MOBY,M2,500,Met,MAR,B,0.072908649
MOBY,M2,500,Met,MAR,B,0.073623439
MOBY,M2,500,Met,MAR,B,0.073623439
MOBY,M2,500,Met,MAR,B,0.073623439
MOBY,M2,500,Met,MAR,B,0.073623439
MOBY,M2,500,Met,MAR,B,0.073623439
MOBY,M2,500,Met,MAR,B,0.073623439
MOBY,M2,500,Met,MAR,B,0.07433823
MOBY,M2,500,Met,MAR,B,0.07433823
MOBY,M2,500,Met,MAR,B,0.07433823
MOBY,M2,500,Met,MAR,B,0.07433823
MOBY,M2,500,Met,MAR,B,0.07433823
MOBY,M2,500,Met,MAR,B,0.07433823
MOBY,M2,500,Met,MAR,B,0.07433823
MOBY,M2,500,Met,MAR,B,0.07433823
MOBY,M2,500,Met,MAR,B,0.075053021
MOBY,M2,500,Met,MAR,B,0.075053021
MOBY,M2,500,Met,MAR,B,0.075053021
MOBY,M2,500,Met,MAR,B,0.075053021
MOBY,M2,500,Met,MAR,B,0.075053021
MOBY,M2,500,Met,MAR,B,0.075053021
MOBY,M2,500,Met,MAR,B,0.075053021
MOBY,M2,500,Met,MAR,B,0.075053021
MOBY,M2,500,Met,MAR,B,0.075053021
MOBY,M2,500,Met,MAR,B,0.075053021
MOBY,M2,500,Met,MAR,B,0.075053021
MOBY,M2,500,Met,MAR,B,0.076482602
MOBY,M2,500,Met,MAR,B,0.076482602
MOBY,M2,500,Met,MAR,B,0.076482602
MOBY,M2,500,Met,MAR,B,0.076482602
MOBY,M2,500,Met,MAR,B,0.076482602
MOBY,M2,500,Met,MAR,B,0.076482602
MOBY,M2,500,Met,MAR,B,0.076482602
MOBY,M2,500,Met,MAR,B,0.076482602
MOBY,M2,500,Met,MAR,B,0.076482602
MOBY,M2,500,Met,MAR,B,0.077197393
MOBY,M2,500,Met,MAR,B,0.077197393
MOBY,M2,500,Met,MAR,B,0.077197393
MOBY,M2,500,Met,MAR,B,0.077197393
MOBY,M2,500,Met,MAR,B,0.077197393
MOBY,M2,500,Met,MAR,B,0.077912183
MOBY,M2,500,Met,MAR,B,0.077912183
MOBY,M2,500,Met,MAR,B,0.077912183
MOBY,M2,500,Met,MAR,B,0.077912183
MOBY,M2,500,Met,MAR,B,0.077912183
MOBY,M2,500,Met,MAR,B,0.078626974
MOBY,M2,500,Met,MAR,B,0.078626974
MOBY,M2,500,Met,MAR,B,0.079341765
MOBY,M2,500,Met,MAR,B,0.079341765
MOBY,M2,500,Met,MAR,B,0.079341765
MOBY,M2,500,Met,MAR,B,0.079341765
MOBY,M2,500,Met,MAR,B,0.079341765
MOBY,M2,500,Met,MAR,B,0.079341765
MOBY,M2,500,Met,MAR,B,0.080056555
MOBY,M2,500,Met,MAR,B,0.080056555
MOBY,M2,500,Met,MAR,B,0.080056555
MOBY,M2,500,Met,MAR,B,0.080056555
MOBY,M2,500,Met,MAR,B,0.080056555
MOBY,M2,500,Met,MAR,B,0.080771346
MOBY,M2,500,Met,MAR,B,0.080771346
MOBY,M2,500,Met,MAR,B,0.080771346
MOBY,M2,500,Met,MAR,B,0.080771346
MOBY,M2,500,Met,MAR,B,0.080771346
MOBY,M2,500,Met,MAR,B,0.080771346
MOBY,M2,500,Met,MAR,B,0.080771346
MOBY,M2,500,Met,MAR,B,0.080771346
MOBY,M2,500,Met,MAR,B,0.081486137
MOBY,M2,500,Met,MAR,B,0.081486137
MOBY,M2,500,Met,MAR,B,0.081486137
MOBY,M2,500,Met,MAR,B,0.081486137
MOBY,M2,500,Met,MAR,B,0.081486137
MOBY,M2,500,Met,MAR,B,0.081486137
MOBY,M2,500,Met,MAR,B,0.082200927
MOBY,M2,500,Met,MAR,B,0.082200927
MOBY,M2,500,Met,MAR,B,0.082200927
MOBY,M2,500,Met,MAR,B,0.082200927
MOBY,M2,500,Met,MAR,B,0.082915718
MOBY,M2,500,Met,MAR,B,0.082915718
MOBY,M2,500,Met,MAR,B,0.082915718
MOBY,M2,500,Met,MAR,B,0.082915718
MOBY,M2,500,Met,MAR,B,0.082915718
MOBY,M2,500,Met,MAR,B,0.082915718
MOBY,M2,500,Met,MAR,B,0.083630509
MOBY,M2,500,Met,MAR,B,0.083630509
MOBY,M2,500,Met,MAR,B,0.083630509
MOBY,M2,500,Met,MAR,B,0.083630509
MOBY,M2,500,Met,MAR,B,0.083630509
MOBY,M2,500,Met,MAR,B,0.083630509
MOBY,M2,500,Met,MAR,B,0.083630509
MOBY,M2,500,Met,MAR,B,0.084345299
MOBY,M2,500,Met,MAR,B,0.084345299
MOBY,M2,500,Met,MAR,B,0.084345299
MOBY,M2,500,Met,MAR,B,0.084345299
MOBY,M2,500,Met,MAR,B,0.084345299
MOBY,M2,500,Met,MAR,B,0.08506009
MOBY,M2,500,Met,MAR,B,0.08506009
MOBY,M2,500,Met,MAR,B,0.08506009
MOBY,M2,500,Met,MAR,B,0.08506009
MOBY,M2,500,Met,MAR,B,0.08506009
MOBY,M2,500,Met,MAR,B,0.08506009
MOBY,M2,500,Met,MAR,B,0.085774881
MOBY,M2,500,Met,MAR,B,0.085774881
MOBY,M2,500,Met,MAR,B,0.085774881
MOBY,M2,500,Met,MAR,B,0.086489671
MOBY,M2,500,Met,MAR,B,0.086489671
MOBY,M2,500,Met,MAR,B,0.086489671
MOBY,M2,500,Met,MAR,B,0.086489671
MOBY,M2,500,Met,MAR,B,0.086489671
MOBY,M2,500,Met,MAR,B,0.086489671
MOBY,M2,500,Met,MAR,B,0.086489671
MOBY,M2,500,Met,MAR,B,0.087204462
MOBY,M2,500,Met,MAR,B,0.087204462
MOBY,M2,500,Met,MAR,B,0.087204462
MOBY,M2,500,Met,MAR,B,0.087204462
MOBY,M2,500,Met,MAR,B,0.087204462
MOBY,M2,500,Met,MAR,B,0.087204462
MOBY,M2,500,Met,MAR,B,0.087204462
MOBY,M2,500,Met,MAR,B,0.087919253
MOBY,M2,500,Met,MAR,B,0.087919253
MOBY,M2,500,Met,MAR,B,0.087919253
MOBY,M2,500,Met,MAR,B,0.088634043
MOBY,M2,500,Met,MAR,B,0.088634043
MOBY,M2,500,Met,MAR,B,0.088634043
MOBY,M2,500,Met,MAR,B,0.089348834
MOBY,M2,500,Met,MAR,B,0.089348834
MOBY,M2,500,Met,MAR,B,0.089348834
MOBY,M2,500,Met,MAR,B,0.089348834
MOBY,M2,500,Met,MAR,B,0.089348834
MOBY,M2,500,Met,MAR,B,0.090063625
MOBY,M2,500,Met,MAR,B,0.090063625
MOBY,M2,500,Met,MAR,B,0.090063625
MOBY,M2,500,Met,MAR,B,0.090063625
MOBY,M2,500,Met,MAR,B,0.090778416
MOBY,M2,500,Met,MAR,B,0.090778416
MOBY,M2,500,Met,MAR,B,0.091493206
MOBY,M2,500,Met,MAR,B,0.091493206
MOBY,M2,500,Met,MAR,B,0.091493206
MOBY,M2,500,Met,MAR,B,0.091493206
MOBY,M2,500,Met,MAR,B,0.091493206
MOBY,M2,500,Met,MAR,B,0.091493206
MOBY,M2,500,Met,MAR,B,0.091493206
MOBY,M2,500,Met,MAR,B,0.092207997
MOBY,M2,500,Met,MAR,B,0.092922788
MOBY,M2,500,Met,MAR,B,0.092922788
MOBY,M2,500,Met,MAR,B,0.092922788
MOBY,M2,500,Met,MAR,B,0.092922788
MOBY,M2,500,Met,MAR,B,0.093637578
MOBY,M2,500,Met,MAR,B,0.093637578
MOBY,M2,500,Met,MAR,B,0.093637578
MOBY,M2,500,Met,MAR,B,0.093637578
MOBY,M2,500,Met,MAR,B,0.093637578
MOBY,M2,500,Met,MAR,B,0.093637578
MOBY,M2,500,Met,MAR,B,0.093637578
MOBY,M2,500,Met,MAR,B,0.093637578
MOBY,M2,500,Met,MAR,B,0.093637578
MOBY,M2,500,Met,MAR,B,0.093637578
MOBY,M2,500,Met,MAR,B,0.094352369
MOBY,M2,500,Met,MAR,B,0.094352369
MOBY,M2,500,Met,MAR,B,0.094352369
MOBY,M2,500,Met,MAR,B,0.094352369
MOBY,M2,500,Met,MAR,B,0.094352369
MOBY,M2,500,Met,MAR,B,0.09506716
MOBY,M2,500,Met,MAR,B,0.09506716
MOBY,M2,500,Met,MAR,B,0.09506716
MOBY,M2,500,Met,MAR,B,0.09578195
MOBY,M2,500,Met,MAR,B,0.09578195
MOBY,M2,500,Met,MAR,B,0.09578195
MOBY,M2,500,Met,MAR,B,0.09578195
MOBY,M2,500,Met,MAR,B,0.096496741
MOBY,M2,500,Met,MAR,B,0.097211532
MOBY,M2,500,Met,MAR,B,0.097211532
MOBY,M2,500,Met,MAR,B,0.097211532
MOBY,M2,500,Met,MAR,B,0.097211532
MOBY,M2,500,Met,MAR,B,0.097926322
MOBY,M2,500,Met,MAR,B,0.097926322
MOBY,M2,500,Met,MAR,B,0.097926322
MOBY,M2,500,Met,MAR,B,0.097926322
MOBY,M2,500,Met,MAR,B,0.097926322
MOBY,M2,500,Met,MAR,B,0.098641113
MOBY,M2,500,Met,MAR,B,0.098641113
MOBY,M2,500,Met,MAR,B,0.099355904
MOBY,M2,500,Met,MAR,B,0.099355904
MOBY,M2,500,Met,MAR,B,0.099355904
MOBY,M2,500,Met,MAR,B,0.100070694
MOBY,M2,500,Met,MAR,B,0.100070694
MOBY,M2,500,Met,MAR,B,0.100070694
MOBY,M2,500,Met,MAR,B,0.100070694
MOBY,M2,500,Met,MAR,B,0.100070694
MOBY,M2,500,Met,MAR,B,0.100070694
MOBY,M2,500,Met,MAR,B,0.100070694
MOBY,M2,500,Met,MAR,B,0.100070694
MOBY,M2,500,Met,MAR,B,0.100070694
MOBY,M2,500,Met,MAR,B,0.100070694
MOBY,M2,500,Met,MAR,B,0.100785485
MOBY,M2,500,Met,MAR,B,0.100785485
MOBY,M2,500,Met,MAR,B,0.100785485
MOBY,M2,500,Met,MAR,B,0.100785485
MOBY,M2,500,Met,MAR,B,0.102215066
MOBY,M2,500,Met,MAR,B,0.102215066
MOBY,M2,500,Met,MAR,B,0.102215066
MOBY,M2,500,Met,MAR,B,0.102215066
MOBY,M2,500,Met,MAR,B,0.102215066
MOBY,M2,500,Met,MAR,B,0.102929857
MOBY,M2,500,Met,MAR,B,0.102929857
MOBY,M2,500,Met,MAR,B,0.102929857
MOBY,M2,500,Met,MAR,B,0.102929857
MOBY,M2,500,Met,MAR,B,0.102929857
MOBY,M2,500,Met,MAR,B,0.102929857
MOBY,M2,500,Met,MAR,B,0.103644648
MOBY,M2,500,Met,MAR,B,0.103644648
MOBY,M2,500,Met,MAR,B,0.103644648
MOBY,M2,500,Met,MAR,B,0.103644648
MOBY,M2,500,Met,MAR,B,0.104359438
MOBY,M2,500,Met,MAR,B,0.104359438
MOBY,M2,500,Met,MAR,B,0.104359438
MOBY,M2,500,Met,MAR,B,0.104359438
MOBY,M2,500,Met,MAR,B,0.104359438
MOBY,M2,500,Met,MAR,B,0.104359438
MOBY,M2,500,Met,MAR,B,0.104359438
MOBY,M2,500,Met,MAR,B,0.105074229
MOBY,M2,500,Met,MAR,B,0.105074229
MOBY,M2,500,Met,MAR,B,0.105074229
MOBY,M2,500,Met,MAR,B,0.10578902
MOBY,M2,500,Met,MAR,B,0.10578902
MOBY,M2,500,Met,MAR,B,0.10578902
MOBY,M2,500,Met,MAR,B,0.10578902
MOBY,M2,500,Met,MAR,B,0.10650381
MOBY,M2,500,Met,MAR,B,0.10650381
MOBY,M2,500,Met,MAR,B,0.10650381
MOBY,M2,500,Met,MAR,B,0.10650381
MOBY,M2,500,Met,MAR,B,0.10650381
MOBY,M2,500,Met,MAR,B,0.107218601
MOBY,M2,500,Met,MAR,B,0.107933392
MOBY,M2,500,Met,MAR,B,0.107933392
MOBY,M2,500,Met,MAR,B,0.107933392
MOBY,M2,500,Met,MAR,B,0.108648182
MOBY,M2,500,Met,MAR,B,0.108648182
MOBY,M2,500,Met,MAR,B,0.108648182
MOBY,M2,500,Met,MAR,B,0.108648182
MOBY,M2,500,Met,MAR,B,0.108648182
MOBY,M2,500,Met,MAR,B,0.109362973
MOBY,M2,500,Met,MAR,B,0.109362973
MOBY,M2,500,Met,MAR,B,0.109362973
MOBY,M2,500,Met,MAR,B,0.109362973
MOBY,M2,500,Met,MAR,B,0.109362973
MOBY,M2,500,Met,MAR,B,0.110077764
MOBY,M2,500,Met,MAR,B,0.110077764
MOBY,M2,500,Met,MAR,B,0.110077764
MOBY,M2,500,Met,MAR,B,0.110077764
MOBY,M2,500,Met,MAR,B,0.110792554
MOBY,M2,500,Met,MAR,B,0.110792554
MOBY,M2,500,Met,MAR,B,0.110792554
MOBY,M2,500,Met,MAR,B,0.110792554
MOBY,M2,500,Met,MAR,B,0.110792554
MOBY,M2,500,Met,MAR,B,0.110792554
MOBY,M2,500,Met,MAR,B,0.111507345
MOBY,M2,500,Met,MAR,B,0.112222136
MOBY,M2,500,Met,MAR,B,0.112222136
MOBY,M2,500,Met,MAR,B,0.112936926
MOBY,M2,500,Met,MAR,B,0.112936926
MOBY,M2,500,Met,MAR,B,0.112936926
MOBY,M2,500,Met,MAR,B,0.112936926
MOBY,M2,500,Met,MAR,B,0.112936926
MOBY,M2,500,Met,MAR,B,0.113651717
MOBY,M2,500,Met,MAR,B,0.113651717
MOBY,M2,500,Met,MAR,B,0.114366508
MOBY,M2,500,Met,MAR,B,0.114366508
MOBY,M2,500,Met,MAR,B,0.114366508
MOBY,M2,500,Met,MAR,B,0.115081298
MOBY,M2,500,Met,MAR,B,0.115081298
MOBY,M2,500,Met,MAR,B,0.115081298
MOBY,M2,500,Met,MAR,B,0.115081298
MOBY,M2,500,Met,MAR,B,0.115081298
MOBY,M2,500,Met,MAR,B,0.115796089
MOBY,M2,500,Met,MAR,B,0.11651088
MOBY,M2,500,Met,MAR,B,0.11651088
MOBY,M2,500,Met,MAR,B,0.11651088
MOBY,M2,500,Met,MAR,B,0.11651088
MOBY,M2,500,Met,MAR,B,0.11722567
MOBY,M2,500,Met,MAR,B,0.117940461
MOBY,M2,500,Met,MAR,B,0.118655252
MOBY,M2,500,Met,MAR,B,0.118655252
MOBY,M2,500,Met,MAR,B,0.118655252
MOBY,M2,500,Met,MAR,B,0.119370042
MOBY,M2,500,Met,MAR,B,0.119370042
MOBY,M2,500,Met,MAR,B,0.119370042
MOBY,M2,500,Met,MAR,B,0.119370042
MOBY,M2,500,Met,MAR,B,0.119370042
MOBY,M2,500,Met,MAR,B,0.120084833
MOBY,M2,500,Met,MAR,B,0.120084833
MOBY,M2,500,Met,MAR,B,0.120799624
MOBY,M2,500,Met,MAR,B,0.121514414
MOBY,M2,500,Met,MAR,B,0.121514414
MOBY,M2,500,Met,MAR,B,0.121514414
MOBY,M2,500,Met,MAR,B,0.121514414
MOBY,M2,500,Met,MAR,B,0.121514414
MOBY,M2,500,Met,MAR,B,0.121514414
MOBY,M2,500,Met,MAR,B,0.121514414
MOBY,M2,500,Met,MAR,B,0.121514414
MOBY,M2,500,Met,MAR,B,0.121514414
MOBY,M2,500,Met,MAR,B,0.122229205
MOBY,M2,500,Met,MAR,B,0.122229205
MOBY,M2,500,Met,MAR,B,0.122229205
MOBY,M2,500,Met,MAR,B,0.122229205
MOBY,M2,500,Met,MAR,B,0.122229205
MOBY,M2,500,Met,MAR,B,0.122943996
MOBY,M2,500,Met,MAR,B,0.122943996
MOBY,M2,500,Met,MAR,B,0.123658786
MOBY,M2,500,Met,MAR,B,0.123658786
MOBY,M2,500,Met,MAR,B,0.123658786
MOBY,M2,500,Met,MAR,B,0.123658786
MOBY,M2,500,Met,MAR,B,0.124373577
MOBY,M2,500,Met,MAR,B,0.124373577
MOBY,M2,500,Met,MAR,B,0.124373577
MOBY,M2,500,Met,MAR,B,0.124373577
MOBY,M2,500,Met,MAR,B,0.124373577
MOBY,M2,500,Met,MAR,B,0.125088368
MOBY,M2,500,Met,MAR,B,0.125088368
MOBY,M2,500,Met,MAR,B,0.125803159
MOBY,M2,500,Met,MAR,B,0.125803159
MOBY,M2,500,Met,MAR,B,0.125803159
MOBY,M2,500,Met,MAR,B,0.126517949
MOBY,M2,500,Met,MAR,B,0.126517949
MOBY,M2,500,Met,MAR,B,0.126517949
MOBY,M2,500,Met,MAR,B,0.126517949
MOBY,M2,500,Met,MAR,B,0.126517949
MOBY,M2,500,Met,MAR,B,0.126517949
MOBY,M2,500,Met,MAR,B,0.12723274
MOBY,M2,500,Met,MAR,B,0.12723274
MOBY,M2,500,Met,MAR,B,0.12723274
MOBY,M2,500,Met,MAR,B,0.127947531
MOBY,M2,500,Met,MAR,B,0.127947531
MOBY,M2,500,Met,MAR,B,0.127947531
MOBY,M2,500,Met,MAR,B,0.128662321
MOBY,M2,500,Met,MAR,B,0.128662321
MOBY,M2,500,Met,MAR,B,0.129377112
MOBY,M2,500,Met,MAR,B,0.129377112
MOBY,M2,500,Met,MAR,B,0.130091903
MOBY,M2,500,Met,MAR,B,0.130091903
MOBY,M2,500,Met,MAR,B,0.130091903
MOBY,M2,500,Met,MAR,B,0.130806693
MOBY,M2,500,Met,MAR,B,0.130806693
MOBY,M2,500,Met,MAR,B,0.130806693
MOBY,M2,500,Met,MAR,B,0.130806693
MOBY,M2,500,Met,MAR,B,0.130806693
MOBY,M2,500,Met,MAR,B,0.131521484
MOBY,M2,500,Met,MAR,B,0.131521484
MOBY,M2,500,Met,MAR,B,0.131521484
MOBY,M2,500,Met,MAR,B,0.132236275
MOBY,M2,500,Met,MAR,B,0.132236275
MOBY,M2,500,Met,MAR,B,0.132236275
MOBY,M2,500,Met,MAR,B,0.132951065
MOBY,M2,500,Met,MAR,B,0.132951065
MOBY,M2,500,Met,MAR,B,0.133665856
MOBY,M2,500,Met,MAR,B,0.133665856
MOBY,M2,500,Met,MAR,B,0.133665856
MOBY,M2,500,Met,MAR,B,0.134380647
MOBY,M2,500,Met,MAR,B,0.135095437
MOBY,M2,500,Met,MAR,B,0.135095437
MOBY,M2,500,Met,MAR,B,0.135095437
MOBY,M2,500,Met,MAR,B,0.135810228
MOBY,M2,500,Met,MAR,B,0.136525019
MOBY,M2,500,Met,MAR,B,0.136525019
MOBY,M2,500,Met,MAR,B,0.137239809
MOBY,M2,500,Met,MAR,B,0.137239809
MOBY,M2,500,Met,MAR,B,0.137239809
MOBY,M2,500,Met,MAR,B,0.137239809
MOBY,M2,500,Met,MAR,B,0.1379546
MOBY,M2,500,Met,MAR,B,0.1379546
MOBY,M2,500,Met,MAR,B,0.1379546
MOBY,M2,500,Met,MAR,B,0.1379546
MOBY,M2,500,Met,MAR,B,0.1379546
MOBY,M2,500,Met,MAR,B,0.1379546
MOBY,M2,500,Met,MAR,B,0.138669391
MOBY,M2,500,Met,MAR,B,0.138669391
MOBY,M2,500,Met,MAR,B,0.139384181
MOBY,M2,500,Met,MAR,B,0.139384181
MOBY,M2,500,Met,MAR,B,0.139384181
MOBY,M2,500,Met,MAR,B,0.140098972
MOBY,M2,500,Met,MAR,B,0.140098972
MOBY,M2,500,Met,MAR,B,0.140813763
MOBY,M2,500,Met,MAR,B,0.141528553
MOBY,M2,500,Met,MAR,B,0.141528553
MOBY,M2,500,Met,MAR,B,0.141528553
MOBY,M2,500,Met,MAR,B,0.142243344
MOBY,M2,500,Met,MAR,B,0.142243344
MOBY,M2,500,Met,MAR,B,0.142958135
MOBY,M2,500,Met,MAR,B,0.142958135
MOBY,M2,500,Met,MAR,B,0.143672925
MOBY,M2,500,Met,MAR,B,0.143672925
MOBY,M2,500,Met,MAR,B,0.145102507
MOBY,M2,500,Met,MAR,B,0.145817297
MOBY,M2,500,Met,MAR,B,0.145817297
MOBY,M2,500,Met,MAR,B,0.146532088
MOBY,M2,500,Met,MAR,B,0.146532088
MOBY,M2,500,Met,MAR,B,0.146532088
MOBY,M2,500,Met,MAR,B,0.146532088
MOBY,M2,500,Met,MAR,B,0.147246879
MOBY,M2,500,Met,MAR,B,0.147961669
MOBY,M2,500,Met,MAR,B,0.147961669
MOBY,M2,500,Met,MAR,B,0.147961669
MOBY,M2,500,Met,MAR,B,0.149391251
MOBY,M2,500,Met,MAR,B,0.149391251
MOBY,M2,500,Met,MAR,B,0.149391251
MOBY,M2,500,Met,MAR,B,0.149391251
MOBY,M2,500,Met,MAR,B,0.150106041
MOBY,M2,500,Met,MAR,B,0.150106041
MOBY,M2,500,Met,MAR,B,0.150106041
MOBY,M2,500,Met,MAR,B,0.150106041
MOBY,M2,500,Met,MAR,B,0.150106041
MOBY,M2,500,Met,MAR,B,0.150820832
MOBY,M2,500,Met,MAR,B,0.150820832
MOBY,M2,500,Met,MAR,B,0.150820832
MOBY,M2,500,Met,MAR,B,0.151535623
MOBY,M2,500,Met,MAR,B,0.152250413
MOBY,M2,500,Met,MAR,B,0.152250413
MOBY,M2,500,Met,MAR,B,0.152250413
MOBY,M2,500,Met,MAR,B,0.152250413
MOBY,M2,500,Met,MAR,B,0.152965204
MOBY,M2,500,Met,MAR,B,0.153679995
MOBY,M2,500,Met,MAR,B,0.154394785
MOBY,M2,500,Met,MAR,B,0.154394785
MOBY,M2,500,Met,MAR,B,0.156539157
MOBY,M2,500,Met,MAR,B,0.156539157
MOBY,M2,500,Met,MAR,B,0.156539157
MOBY,M2,500,Met,MAR,B,0.157253948
MOBY,M2,500,Met,MAR,B,0.157253948
MOBY,M2,500,Met,MAR,B,0.157968739
MOBY,M2,500,Met,MAR,B,0.157968739
MOBY,M2,500,Met,MAR,B,0.157968739
MOBY,M2,500,Met,MAR,B,0.157968739
MOBY,M2,500,Met,MAR,B,0.15939832
MOBY,M2,500,Met,MAR,B,0.15939832
MOBY,M2,500,Met,MAR,B,0.15939832
MOBY,M2,500,Met,MAR,B,0.160113111
MOBY,M2,500,Met,MAR,B,0.160827901
MOBY,M2,500,Met,MAR,B,0.162257483
MOBY,M2,500,Met,MAR,B,0.162257483
MOBY,M2,500,Met,MAR,B,0.163687064
MOBY,M2,500,Met,MAR,B,0.163687064
MOBY,M2,500,Met,MAR,B,0.163687064
MOBY,M2,500,Met,MAR,B,0.163687064
MOBY,M2,500,Met,MAR,B,0.164401855
MOBY,M2,500,Met,MAR,B,0.164401855
MOBY,M2,500,Met,MAR,B,0.164401855
MOBY,M2,500,Met,MAR,B,0.164401855
MOBY,M2,500,Met,MAR,B,0.164401855
MOBY,M2,500,Met,MAR,B,0.165116646
MOBY,M2,500,Met,MAR,B,0.165116646
MOBY,M2,500,Met,MAR,B,0.165831436
MOBY,M2,500,Met,MAR,B,0.165831436
MOBY,M2,500,Met,MAR,B,0.167261018
MOBY,M2,500,Met,MAR,B,0.167261018
MOBY,M2,500,Met,MAR,B,0.167261018
MOBY,M2,500,Met,MAR,B,0.167261018
MOBY,M2,500,Met,MAR,B,0.167975808
MOBY,M2,500,Met,MAR,B,0.167975808
MOBY,M2,500,Met,MAR,B,0.167975808
MOBY,M2,500,Met,MAR,B,0.168690599
MOBY,M2,500,Met,MAR,B,0.168690599
MOBY,M2,500,Met,MAR,B,0.168690599
MOBY,M2,500,Met,MAR,B,0.168690599
MOBY,M2,500,Met,MAR,B,0.16940539
MOBY,M2,500,Met,MAR,B,0.16940539
MOBY,M2,500,Met,MAR,B,0.16940539
MOBY,M2,500,Met,MAR,B,0.17012018
MOBY,M2,500,Met,MAR,B,0.17012018
MOBY,M2,500,Met,MAR,B,0.171549762
MOBY,M2,500,Met,MAR,B,0.171549762
MOBY,M2,500,Met,MAR,B,0.171549762
MOBY,M2,500,Met,MAR,B,0.172264552
MOBY,M2,500,Met,MAR,B,0.172264552
MOBY,M2,500,Met,MAR,B,0.172264552
MOBY,M2,500,Met,MAR,B,0.172979343
MOBY,M2,500,Met,MAR,B,0.173694134
MOBY,M2,500,Met,MAR,B,0.173694134
MOBY,M2,500,Met,MAR,B,0.173694134
MOBY,M2,500,Met,MAR,B,0.174408924
MOBY,M2,500,Met,MAR,B,0.174408924
MOBY,M2,500,Met,MAR,B,0.174408924
MOBY,M2,500,Met,MAR,B,0.175123715
MOBY,M2,500,Met,MAR,B,0.175838506
MOBY,M2,500,Met,MAR,B,0.175838506
MOBY,M2,500,Met,MAR,B,0.175838506
MOBY,M2,500,Met,MAR,B,0.177268087
MOBY,M2,500,Met,MAR,B,0.177982878
MOBY,M2,500,Met,MAR,B,0.177982878
MOBY,M2,500,Met,MAR,B,0.177982878
MOBY,M2,500,Met,MAR,B,0.178697668
MOBY,M2,500,Met,MAR,B,0.179412459
MOBY,M2,500,Met,MAR,B,0.18012725
MOBY,M2,500,Met,MAR,B,0.18084204
MOBY,M2,500,Met,MAR,B,0.182271622
MOBY,M2,500,Met,MAR,B,0.182271622
MOBY,M2,500,Met,MAR,B,0.182271622
MOBY,M2,500,Met,MAR,B,0.182271622
MOBY,M2,500,Met,MAR,B,0.182271622
MOBY,M2,500,Met,MAR,B,0.183701203
MOBY,M2,500,Met,MAR,B,0.183701203
MOBY,M2,500,Met,MAR,B,0.183701203
MOBY,M2,500,Met,MAR,B,0.184415994
MOBY,M2,500,Met,MAR,B,0.184415994
MOBY,M2,500,Met,MAR,B,0.185845575
MOBY,M2,500,Met,MAR,B,0.185845575
MOBY,M2,500,Met,MAR,B,0.185845575
MOBY,M2,500,Met,MAR,B,0.185845575
MOBY,M2,500,Met,MAR,B,0.186560366
MOBY,M2,500,Met,MAR,B,0.186560366
MOBY,M2,500,Met,MAR,B,0.187275156
MOBY,M2,500,Met,MAR,B,0.187989947
MOBY,M2,500,Met,MAR,B,0.1915639
MOBY,M2,500,Met,MAR,B,0.1915639
MOBY,M2,500,Met,MAR,B,0.1915639
MOBY,M2,500,Met,MAR,B,0.192993482
MOBY,M2,500,Met,MAR,B,0.192993482
MOBY,M2,500,Met,MAR,B,0.193708272
MOBY,M2,500,Met,MAR,B,0.193708272
MOBY,M2,500,Met,MAR,B,0.194423063
MOBY,M2,500,Met,MAR,B,0.194423063
MOBY,M2,500,Met,MAR,B,0.195852644
MOBY,M2,500,Met,MAR,B,0.195852644
MOBY,M2,500,Met,MAR,B,0.196567435
MOBY,M2,500,Met,MAR,B,0.197997017
MOBY,M2,500,Met,MAR,B,0.198711807
MOBY,M2,500,Met,MAR,B,0.198711807
MOBY,M2,500,Met,MAR,B,0.198711807
MOBY,M2,500,Met,MAR,B,0.199426598
MOBY,M2,500,Met,MAR,B,0.200141389
MOBY,M2,500,Met,MAR,B,0.200141389
MOBY,M2,500,Met,MAR,B,0.20157097
MOBY,M2,500,Met,MAR,B,0.202285761
MOBY,M2,500,Met,MAR,B,0.202285761
MOBY,M2,500,Met,MAR,B,0.203715342
MOBY,M2,500,Met,MAR,B,0.205144923
MOBY,M2,500,Met,MAR,B,0.205859714
MOBY,M2,500,Met,MAR,B,0.206574505
MOBY,M2,500,Met,MAR,B,0.208004086
MOBY,M2,500,Met,MAR,B,0.208718877
MOBY,M2,500,Met,MAR,B,0.210148458
MOBY,M2,500,Met,MAR,B,0.210148458
MOBY,M2,500,Met,MAR,B,0.210863249
MOBY,M2,500,Met,MAR,B,0.210863249
MOBY,M2,500,Met,MAR,B,0.21229283
MOBY,M2,500,Met,MAR,B,0.21229283
MOBY,M2,500,Met,MAR,B,0.21229283
MOBY,M2,500,Met,MAR,B,0.213722411
MOBY,M2,500,Met,MAR,B,0.214437202
MOBY,M2,500,Met,MAR,B,0.215151993
MOBY,M2,500,Met,MAR,B,0.218011155
MOBY,M2,500,Met,MAR,B,0.219440737
MOBY,M2,500,Met,MAR,B,0.220155527
MOBY,M2,500,Met,MAR,B,0.220870318
MOBY,M2,500,Met,MAR,B,0.220870318
MOBY,M2,500,Met,MAR,B,0.221585109
MOBY,M2,500,Met,MAR,B,0.221585109
MOBY,M2,500,Met,MAR,B,0.222299899
MOBY,M2,500,Met,MAR,B,0.223729481
MOBY,M2,500,Met,MAR,B,0.225159062
MOBY,M2,500,Met,MAR,B,0.225873853
MOBY,M2,500,Met,MAR,B,0.227303434
MOBY,M2,500,Met,MAR,B,0.228733015
MOBY,M2,500,Met,MAR,B,0.228733015
MOBY,M2,500,Met,MAR,B,0.230877387
MOBY,M2,500,Met,MAR,B,0.231592178
MOBY,M2,500,Met,MAR,B,0.234451341
MOBY,M2,500,Met,MAR,B,0.235166132
MOBY,M2,500,Met,MAR,B,0.235166132
MOBY,M2,500,Met,MAR,B,0.235880922
MOBY,M2,500,Met,MAR,B,0.235880922
MOBY,M2,500,Met,MAR,B,0.236595713
MOBY,M2,500,Met,MAR,B,0.238740085
MOBY,M2,500,Met,MAR,B,0.239454876
MOBY,M2,500,Met,MAR,B,0.239454876
MOBY,M2,500,Met,MAR,B,0.239454876
MOBY,M2,500,Met,MAR,B,0.241599248
MOBY,M2,500,Met,MAR,B,0.241599248
MOBY,M2,500,Met,MAR,B,0.24445841
MOBY,M2,500,Met,MAR,B,0.245173201
MOBY,M2,500,Met,MAR,B,0.245173201
MOBY,M2,500,Met,MAR,B,0.247317573
MOBY,M2,500,Met,MAR,B,0.250891526
MOBY,M2,500,Met,MAR,B,0.251606317
MOBY,M2,500,Met,MAR,B,0.256609852
MOBY,M2,500,Met,MAR,B,0.258039433
MOBY,M2,500,Met,MAR,B,0.260183805
MOBY,M2,500,Met,MAR,B,0.263757758
MOBY,M2,500,Met,MAR,B,0.26518734
MOBY,M2,500,Met,MAR,B,0.26590213
MOBY,M2,500,Met,MAR,B,0.26590213
MOBY,M2,500,Met,MAR,B,0.266616921
MOBY,M2,500,Met,MAR,B,0.268046502
MOBY,M2,500,Met,MAR,B,0.269476084
MOBY,M2,500,Met,MAR,B,0.270905665
MOBY,M2,500,Met,MAR,B,0.275194409
MOBY,M2,500,Met,MAR,B,0.276623991
MOBY,M2,500,Met,MAR,B,0.277338781
MOBY,M2,500,Met,MAR,B,0.278768363
MOBY,M2,500,Met,MAR,B,0.280197944
MOBY,M2,500,Met,MAR,B,0.280197944
MOBY,M2,500,Met,MAR,B,0.287345851
MOBY,M2,500,Met,MAR,B,0.288775432
MOBY,M2,500,Met,MAR,B,0.289490223
MOBY,M2,500,Met,MAR,B,0.292349385
MOBY,M2,500,Met,MAR,B,0.294493757
MOBY,M2,500,Met,MAR,B,0.298067711
MOBY,M2,500,Met,MAR,B,0.305930408
MOBY,M2,500,Met,MAR,B,0.30807478
MOBY,M2,500,Met,MAR,B,0.312363524
MOBY,M2,500,Met,MAR,B,0.31808185
MOBY,M2,500,Met,MAR,B,0.319511431
MOBY,M2,500,Met,MAR,B,0.320941012
MOBY,M2,500,Met,MAR,B,0.320941012
MOBY,M2,500,Met,MAR,B,0.327374128
MOBY,M2,500,Met,MAR,B,0.330233291
MOBY,M2,500,Met,MAR,B,0.330948082
MOBY,M2,500,Met,MAR,B,0.344529105
MOBY,M2,500,Met,MAR,B,0.345958686
MOBY,M2,500,Met,MAR,B,0.348103058
MOBY,M2,500,Met,MAR,B,0.351677011
MOBY,M2,500,Met,MAR,B,0.363113662
MOBY,M2,500,Met,MAR,B,0.384557382
MOBY,M2,500,Met,MAR,B,0.385986964
MOBY,M2,500,Met,MAR,B,0.452462496
MOBY,M2,500,Met,MAR,B,0.455321659
MOBY,M2,500,Met,MAR,B,0.462469566
MOBY,M2,500,Met,MAR,B,0.474621007
MOBY,M2,500,Met,MAR,B,0.476050588
MOBY,M2,500,Met,MAR,B,0.587557933
MOBY,M2,500,Met,MAR,B,0.640452443
MOBY,M2,500,Met,MAR,B,0.699780069
MOBY,M2,500,Met,MAR,B,0.842023413
MOBY,M3,1500,Met,MAR,A,0.026220666
MOBY,M3,1500,Met,MAR,A,0.029094164
MOBY,M3,1500,Met,MAR,A,0.012212365
MOBY,M3,1500,Met,MAR,A,0.069682319
MOBY,M3,1500,Met,MAR,A,0.027298228
MOBY,M3,1500,Met,MAR,A,0.039151406
MOBY,M3,1500,Met,MAR,A,0.030171726
MOBY,M3,1500,Met,MAR,A,0.072196629
MOBY,M3,1500,Met,MAR,A,0.029453351
MOBY,M3,1500,Met,MAR,A,0.023706356
MOBY,M3,1500,Met,MAR,A,0.047771899
MOBY,M3,1500,Met,MAR,A,0.071119068
MOBY,M3,1500,Met,MAR,A,0.025861479
MOBY,M3,1500,Met,MAR,A,0.025502292
MOBY,M3,1500,Met,MAR,A,0.021551233
MOBY,M3,1500,Met,MAR,A,0.076866063
MOBY,M3,1500,Met,MAR,A,0.018677735
MOBY,M3,1500,Met,MAR,A,0.018677735
MOBY,M3,1500,Met,MAR,A,0.020473671
MOBY,M3,1500,Met,MAR,A,0.048849461
MOBY,M3,1500,Met,MAR,A,0.072555816
MOBY,M3,1500,Met,MAR,A,0.016522612
MOBY,M3,1500,Met,MAR,A,0.019036922
MOBY,M3,1500,Met,MAR,A,0.077584437
MOBY,M3,1500,Met,MAR,A,0.123201213
MOBY,M3,1500,Met,MAR,A,0.027298228
MOBY,M3,1500,Met,MAR,A,0.051722958
MOBY,M3,1500,Met,MAR,A,0.052441333
MOBY,M3,1500,Met,MAR,A,0.062857762
MOBY,M3,1500,Met,MAR,A,0.05926589
MOBY,M3,1500,Met,MAR,A,0.065012885
MOBY,M3,1500,Met,MAR,A,0.027298228
MOBY,M3,1500,Met,MAR,A,0.035559534
MOBY,M3,1500,Met,MAR,A,0.020832858
MOBY,M3,1500,Met,MAR,A,0.056751579
MOBY,M3,1500,Met,MAR,A,0.045975963
MOBY,M3,1500,Met,MAR,A,0.016522612
MOBY,M3,1500,Met,MAR,A,0.1235604
MOBY,M3,1500,Met,MAR,A,0.047053524
MOBY,M3,1500,Met,MAR,A,0.030530913
MOBY,M3,1500,Met,MAR,A,0.020832858
MOBY,M3,1500,Met,MAR,A,0.103805104
MOBY,M3,1500,Met,MAR,A,0.049927022
MOBY,M3,1500,Met,MAR,A,0.05531483
MOBY,M3,1500,Met,MAR,A,0.026220666
MOBY,M3,1500,Met,MAR,A,0.010775616
MOBY,M3,1500,Met,MAR,A,0.098417295
MOBY,M3,1500,Met,MAR,A,0.031967662
MOBY,M3,1500,Met,MAR,A,0.120327715
MOBY,M3,1500,Met,MAR,A,0.038433031
MOBY,M3,1500,Met,MAR,A,0.091951926
MOBY,M3,1500,Met,MAR,A,0.029812538
MOBY,M3,1500,Met,MAR,A,0.0308901
MOBY,M3,1500,Met,MAR,A,0.042024904
MOBY,M3,1500,Met,MAR,A,0.044180027
MOBY,M3,1500,Met,MAR,A,0.025861479
MOBY,M3,1500,Met,MAR,A,0.027298228
MOBY,M3,1500,Met,MAR,A,0.073633378
MOBY,M3,1500,Met,MAR,A,0.033763598
MOBY,M3,1500,Met,MAR,A,0.032326849
MOBY,M3,1500,Met,MAR,A,0.122123651
MOBY,M3,1500,Met,MAR,A,0.026939041
MOBY,M3,1500,Met,MAR,A,0.076866063
MOBY,M3,1500,Met,MAR,A,0.011853178
MOBY,M3,1500,Met,MAR,A,0.02191042
MOBY,M3,1500,Met,MAR,A,0.035918721
MOBY,M3,1500,Met,MAR,A,0.026220666
MOBY,M3,1500,Met,MAR,A,0.029812538
MOBY,M3,1500,Met,MAR,A,0.031249287
MOBY,M3,1500,Met,MAR,A,0.03986978
MOBY,M3,1500,Met,MAR,A,0.011853178
MOBY,M3,1500,Met,MAR,A,0.019036922
MOBY,M3,1500,Met,MAR,A,0.02442473
MOBY,M3,1500,Met,MAR,A,0.020832858
MOBY,M3,1500,Met,MAR,A,0.035200347
MOBY,M3,1500,Met,MAR,A,0.017240986
MOBY,M3,1500,Met,MAR,A,0.018677735
MOBY,M3,1500,Met,MAR,A,0.03735547
MOBY,M3,1500,Met,MAR,A,0.085845743
MOBY,M3,1500,Met,MAR,A,0.015085863
MOBY,M3,1500,Met,MAR,A,0.022987981
MOBY,M3,1500,Met,MAR,A,0.089796802
MOBY,M3,1500,Met,MAR,A,0.081176309
MOBY,M3,1500,Met,MAR,A,0.065012885
MOBY,M3,1500,Met,MAR,A,0.108474537
MOBY,M3,1500,Met,MAR,A,0.017600173
MOBY,M3,1500,Met,MAR,A,0.028016602
MOBY,M3,1500,Met,MAR,A,0.096262172
MOBY,M3,1500,Met,MAR,A,0.052082145
MOBY,M3,1500,Met,MAR,A,0.020832858
MOBY,M3,1500,Met,MAR,A,0.031967662
MOBY,M3,1500,Met,MAR,A,0.046694337
MOBY,M3,1500,Met,MAR,A,0.081894684
MOBY,M3,1500,Met,MAR,A,0.072555816
MOBY,M3,1500,Met,MAR,A,0.043461652
MOBY,M3,1500,Met,MAR,A,0.079380373
MOBY,M3,1500,Met,MAR,A,0.013289927
MOBY,M3,1500,Met,MAR,A,0.068963944
MOBY,M3,1500,Met,MAR,A,0.042743278
MOBY,M3,1500,Met,MAR,A,0.014367488
MOBY,M3,1500,Met,MAR,A,0.048849461
MOBY,M3,1500,Met,MAR,A,0.01795936
MOBY,M3,1500,Met,MAR,A,0.01795936
MOBY,M3,1500,Met,MAR,A,0.014008301
MOBY,M3,1500,Met,MAR,A,0.018318548
MOBY,M3,1500,Met,MAR,A,0.104882665
MOBY,M3,1500,Met,MAR,A,0.049927022
MOBY,M3,1500,Met,MAR,A,0.033763598
MOBY,M3,1500,Met,MAR,A,0.049208648
MOBY,M3,1500,Met,MAR,A,0.022269607
MOBY,M3,1500,Met,MAR,A,0.025861479
MOBY,M3,1500,Met,MAR,A,0.024065543
MOBY,M3,1500,Met,MAR,A,0.078302812
MOBY,M3,1500,Met,MAR,A,0.096621359
MOBY,M3,1500,Met,MAR,A,0.038073844
MOBY,M3,1500,Met,MAR,A,0.028016602
MOBY,M3,1500,Met,MAR,A,0.058906702
MOBY,M3,1500,Met,MAR,A,0.020832858
MOBY,M3,1500,Met,MAR,A,0.05280052
MOBY,M3,1500,Met,MAR,A,0.051722958
MOBY,M3,1500,Met,MAR,A,0.051722958
MOBY,M3,1500,Met,MAR,A,0.061061826
MOBY,M3,1500,Met,MAR,A,0.069682319
MOBY,M3,1500,Met,MAR,A,0.025861479
MOBY,M3,1500,Met,MAR,A,0.071478255
MOBY,M3,1500,Met,MAR,A,0.102368355
MOBY,M3,1500,Met,MAR,A,0.049208648
MOBY,M3,1500,Met,MAR,A,0.069682319
MOBY,M3,1500,Met,MAR,A,0.027298228
MOBY,M3,1500,Met,MAR,A,0.05531483
MOBY,M3,1500,Met,MAR,A,0.01544505
MOBY,M3,1500,Met,MAR,A,0.045257588
MOBY,M3,1500,Met,MAR,A,0.026579854
MOBY,M3,1500,Met,MAR,A,0.069323131
MOBY,M3,1500,Met,MAR,A,0.037714657
MOBY,M3,1500,Met,MAR,A,0.023706356
MOBY,M3,1500,Met,MAR,A,0.099494857
MOBY,M3,1500,Met,MAR,A,0.055674017
MOBY,M3,1500,Met,MAR,A,0.066090447
MOBY,M3,1500,Met,MAR,A,0.023706356
MOBY,M3,1500,Met,MAR,A,0.027657415
MOBY,M3,1500,Met,MAR,A,0.019755297
MOBY,M3,1500,Met,MAR,A,0.045975963
MOBY,M3,1500,Met,MAR,A,0.034122785
MOBY,M3,1500,Met,MAR,A,0.042024904
MOBY,M3,1500,Met,MAR,A,0.016881799
MOBY,M3,1500,Met,MAR,A,0.047053524
MOBY,M3,1500,Met,MAR,A,0.027298228
MOBY,M3,1500,Met,MAR,A,0.011134803
MOBY,M3,1500,Met,MAR,A,0.093029487
MOBY,M3,1500,Met,MAR,A,0.025143105
MOBY,M3,1500,Met,MAR,A,0.021192045
MOBY,M3,1500,Met,MAR,A,0.025502292
MOBY,M3,1500,Met,MAR,A,0.049567835
MOBY,M3,1500,Met,MAR,A,0.015804237
MOBY,M3,1500,Met,MAR,A,0.052441333
MOBY,M3,1500,Met,MAR,A,0.013649114
MOBY,M3,1500,Met,MAR,A,0.015804237
MOBY,M3,1500,Met,MAR,A,0.043102465
MOBY,M3,1500,Met,MAR,A,0.037714657
MOBY,M3,1500,Met,MAR,A,0.01544505
MOBY,M3,1500,Met,MAR,A,0.059625077
MOBY,M3,1500,Met,MAR,A,0.021192045
MOBY,M3,1500,Met,MAR,A,0.044898401
MOBY,M3,1500,Met,MAR,A,0.061061826
MOBY,M3,1500,Met,MAR,A,0.041665716
MOBY,M3,1500,Met,MAR,A,0.05926589
MOBY,M3,1500,Met,MAR,A,0.065372072
MOBY,M3,1500,Met,MAR,A,0.090874364
MOBY,M3,1500,Met,MAR,A,0.058906702
MOBY,M3,1500,Met,MAR,A,0.049927022
MOBY,M3,1500,Met,MAR,A,0.016163424
MOBY,M3,1500,Met,MAR,A,0.093388675
MOBY,M3,1500,Met,MAR,A,0.020114484
MOBY,M3,1500,Met,MAR,A,0.020114484
MOBY,M3,1500,Met,MAR,A,0.016881799
MOBY,M3,1500,Met,MAR,A,0.05926589
MOBY,M3,1500,Met,MAR,A,0.061421013
MOBY,M3,1500,Met,MAR,A,0.052441333
MOBY,M3,1500,Met,MAR,A,0.01293074
MOBY,M3,1500,Met,MAR,A,0.051363771
MOBY,M3,1500,Met,MAR,A,0.022987981
MOBY,M3,1500,Met,MAR,A,0.011493991
MOBY,M3,1500,Met,MAR,A,0.031967662
MOBY,M3,1500,Met,MAR,A,0.019396109
MOBY,M3,1500,Met,MAR,A,0.01544505
MOBY,M3,1500,Met,MAR,A,0.035559534
MOBY,M3,1500,Met,MAR,A,0.104523478
MOBY,M3,1500,Met,MAR,A,0.045975963
MOBY,M3,1500,Met,MAR,A,0.070041506
MOBY,M3,1500,Met,MAR,A,0.033045223
MOBY,M3,1500,Met,MAR,A,0.019396109
MOBY,M3,1500,Met,MAR,A,0.028734977
MOBY,M3,1500,Met,MAR,A,0.022628794
MOBY,M3,1500,Met,MAR,A,0.007902119
MOBY,M3,1500,Met,MAR,A,0.025143105
MOBY,M3,1500,Met,MAR,A,0.019755297
MOBY,M3,1500,Met,MAR,A,0.011134803
MOBY,M3,1500,Met,MAR,A,0.047053524
MOBY,M3,1500,Met,MAR,A,0.051004584
MOBY,M3,1500,Met,MAR,A,0.041665716
MOBY,M3,1500,Met,MAR,A,0.03340441
MOBY,M3,1500,Met,MAR,A,0.036277908
MOBY,M3,1500,Met,MAR,A,0.01544505
MOBY,M3,1500,Met,MAR,A,0.02442473
MOBY,M3,1500,Met,MAR,A,0.010775616
MOBY,M3,1500,Met,MAR,A,0.011134803
MOBY,M3,1500,Met,MAR,A,0.034841159
MOBY,M3,1500,Met,MAR,A,0.060702638
MOBY,M3,1500,Met,MAR,A,0.085845743
MOBY,M3,1500,Met,MAR,A,0.008620493
MOBY,M3,1500,Met,MAR,A,0.023347169
MOBY,M3,1500,Met,MAR,A,0.044898401
MOBY,M3,1500,Met,MAR,A,0.003232685
MOBY,M3,1500,Met,MAR,A,0.064294511
MOBY,M3,1500,Met,MAR,A,0.03340441
MOBY,M3,1500,Met,MAR,A,0.113862345
MOBY,M3,1500,Met,MAR,A,0.05280052
MOBY,M3,1500,Met,MAR,A,0.022269607
MOBY,M3,1500,Met,MAR,A,0.085845743
MOBY,M3,1500,Met,MAR,A,0.042743278
MOBY,M3,1500,Met,MAR,A,0.013649114
MOBY,M3,1500,Met,MAR,A,0.009698055
MOBY,M3,1500,Met,MAR,A,0.016163424
MOBY,M3,1500,Met,MAR,A,0.05280052
MOBY,M3,1500,Met,MAR,A,0.054955643
MOBY,M3,1500,Met,MAR,A,0.069682319
MOBY,M3,1500,Met,MAR,A,0.014367488
MOBY,M3,1500,Met,MAR,A,0.008620493
MOBY,M3,1500,Met,MAR,A,0.051004584
MOBY,M3,1500,Met,MAR,A,0.03735547
MOBY,M3,1500,Met,MAR,A,0.050645397
MOBY,M3,1500,Met,MAR,A,0.042024904
MOBY,M3,1500,Met,MAR,A,0.044898401
MOBY,M3,1500,Met,MAR,A,0.025143105
MOBY,M3,1500,Met,MAR,A,0.153732126
MOBY,M3,1500,Met,MAR,A,0.071478255
MOBY,M3,1500,Met,MAR,A,0.025861479
MOBY,M3,1500,Met,MAR,A,0.038073844
MOBY,M3,1500,Met,MAR,A,0.031967662
MOBY,M3,1500,Met,MAR,A,0.020473671
MOBY,M3,1500,Met,MAR,A,0.040228967
MOBY,M3,1500,Met,MAR,A,0.056751579
MOBY,M3,1500,Met,MAR,A,0.06824557
MOBY,M3,1500,Met,MAR,A,0.036637095
MOBY,M3,1500,Met,MAR,A,0.107037788
MOBY,M3,1500,Met,MAR,A,0.102009168
MOBY,M3,1500,Met,MAR,A,0.018318548
MOBY,M3,1500,Met,MAR,A,0.029453351
MOBY,M3,1500,Met,MAR,A,0.01293074
MOBY,M3,1500,Met,MAR,A,0.01795936
MOBY,M3,1500,Met,MAR,A,0.051004584
MOBY,M3,1500,Met,MAR,A,0.048849461
MOBY,M3,1500,Met,MAR,A,0.020473671
MOBY,M3,1500,Met,MAR,A,0.082253871
MOBY,M3,1500,Met,MAR,A,0.015085863
MOBY,M3,1500,Met,MAR,A,0.025502292
MOBY,M3,1500,Met,MAR,A,0.012571552
MOBY,M3,1500,Met,MAR,A,0.016522612
MOBY,M3,1500,Met,MAR,A,0.02837579
MOBY,M3,1500,Met,MAR,A,0.020473671
MOBY,M3,1500,Met,MAR,A,0.075070127
MOBY,M3,1500,Met,MAR,A,0.051363771
MOBY,M3,1500,Met,MAR,A,0.067168008
MOBY,M3,1500,Met,MAR,A,0.009698055
MOBY,M3,1500,Met,MAR,A,0.036996283
MOBY,M3,1500,Met,MAR,A,0.031249287
MOBY,M3,1500,Met,MAR,A,0.021192045
MOBY,M3,1500,Met,MAR,A,0.051363771
MOBY,M3,1500,Met,MAR,A,0.029453351
MOBY,M3,1500,Met,MAR,A,0.047412712
MOBY,M3,1500,Met,MAR,A,0.075429314
MOBY,M3,1500,Met,MAR,A,0.027657415
MOBY,M3,1500,Met,MAR,A,0.02442473
MOBY,M3,1500,Met,MAR,A,0.028016602
MOBY,M3,1500,Met,MAR,A,0.073274191
MOBY,M3,1500,Met,MAR,A,0.015085863
MOBY,M3,1500,Met,MAR,A,0.02191042
MOBY,M3,1500,Met,MAR,A,0.073992565
MOBY,M3,1500,Met,MAR,A,0.040228967
MOBY,M3,1500,Met,MAR,A,0.014726676
MOBY,M3,1500,Met,MAR,A,0.061421013
MOBY,M3,1500,Met,MAR,A,0.034122785
MOBY,M3,1500,Met,MAR,A,0.043461652
MOBY,M3,1500,Met,MAR,A,0.101290793
MOBY,M3,1500,Met,MAR,A,0.032326849
MOBY,M3,1500,Met,MAR,A,0.054596456
MOBY,M3,1500,Met,MAR,A,0.123201213
MOBY,M3,1500,Met,MAR,A,0.034841159
MOBY,M3,1500,Met,MAR,A,0.060702638
MOBY,M3,1500,Met,MAR,A,0.128948208
MOBY,M3,1500,Met,MAR,A,0.088000866
MOBY,M3,1500,Met,MAR,A,0.110988848
MOBY,M3,1500,Met,MAR,A,0.109552099
MOBY,M3,1500,Met,MAR,A,0.166662865
MOBY,M3,1500,Met,MAR,A,0.01544505
MOBY,M3,1500,Met,MAR,A,0.019036922
MOBY,M3,1500,Met,MAR,A,0.019396109
MOBY,M3,1500,Met,MAR,A,0.072915004
MOBY,M3,1500,Met,MAR,A,0.012212365
MOBY,M3,1500,Met,MAR,A,0.070041506
MOBY,M3,1500,Met,MAR,A,0.017600173
MOBY,M3,1500,Met,MAR,A,0.032326849
MOBY,M3,1500,Met,MAR,A,0.037714657
MOBY,M3,1500,Met,MAR,A,0.019396109
MOBY,M3,1500,Met,MAR,A,0.039510593
MOBY,M3,1500,Met,MAR,A,0.031249287
MOBY,M3,1500,Met,MAR,A,0.078302812
MOBY,M3,1500,Met,MAR,A,0.051004584
MOBY,M3,1500,Met,MAR,A,0.139364637
MOBY,M3,1500,Met,MAR,A,0.070400693
MOBY,M3,1500,Met,MAR,A,0.033763598
MOBY,M3,1500,Met,MAR,A,0.016881799
MOBY,M3,1500,Met,MAR,A,0.059625077
MOBY,M3,1500,Met,MAR,A,0.044898401
MOBY,M3,1500,Met,MAR,A,0.106319414
MOBY,M3,1500,Met,MAR,A,0.018677735
MOBY,M3,1500,Met,MAR,A,0.03986978
MOBY,M3,1500,Met,MAR,A,0.02442473
MOBY,M3,1500,Met,MAR,A,0.023706356
MOBY,M3,1500,Met,MAR,A,0.036996283
MOBY,M3,1500,Met,MAR,A,0.101290793
MOBY,M3,1500,Met,MAR,A,0.063935323
MOBY,M3,1500,Met,MAR,A,0.057469954
MOBY,M3,1500,Met,MAR,A,0.054596456
MOBY,M3,1500,Met,MAR,A,0.038073844
MOBY,M3,1500,Met,MAR,A,0.025143105
MOBY,M3,1500,Met,MAR,A,0.028016602
MOBY,M3,1500,Met,MAR,A,0.037714657
MOBY,M3,1500,Met,MAR,A,0.025502292
MOBY,M3,1500,Met,MAR,A,0.026939041
MOBY,M3,1500,Met,MAR,A,0.110629661
MOBY,M3,1500,Met,MAR,A,0.089796802
MOBY,M3,1500,Met,MAR,A,0.022269607
MOBY,M3,1500,Met,MAR,A,0.028734977
MOBY,M3,1500,Met,MAR,A,0.05280052
MOBY,M3,1500,Met,MAR,A,0.024783917
MOBY,M3,1500,Met,MAR,A,0.073633378
MOBY,M3,1500,Met,MAR,A,0.05926589
MOBY,M3,1500,Met,MAR,A,0.11709503
MOBY,M3,1500,Met,MAR,A,0.019036922
MOBY,M3,1500,Met,MAR,A,0.069323131
MOBY,M3,1500,Met,MAR,A,0.078302812
MOBY,M3,1500,Met,MAR,A,0.118172592
MOBY,M3,1500,Met,MAR,A,0.036637095
MOBY,M3,1500,Met,MAR,A,0.041306529
MOBY,M3,1500,Met,MAR,A,0.037714657
MOBY,M3,1500,Met,MAR,A,0.025861479
MOBY,M3,1500,Met,MAR,A,0.054237269
MOBY,M3,1500,Met,MAR,A,0.128589021
MOBY,M3,1500,Met,MAR,A,0.033045223
MOBY,M3,1500,Met,MAR,A,0.026939041
MOBY,M3,1500,Met,MAR,A,0.009698055
MOBY,M3,1500,Met,MAR,A,0.042384091
MOBY,M3,1500,Met,MAR,A,0.026939041
MOBY,M3,1500,Met,MAR,A,0.018677735
MOBY,M3,1500,Met,MAR,A,0.052082145
MOBY,M3,1500,Met,MAR,A,0.107396976
MOBY,M3,1500,Met,MAR,A,0.057469954
MOBY,M3,1500,Met,MAR,A,0.01795936
MOBY,M3,1500,Met,MAR,A,0.05531483
MOBY,M3,1500,Met,MAR,A,0.063576136
MOBY,M3,1500,Met,MAR,A,0.028016602
MOBY,M3,1500,Met,MAR,A,0.009338867
MOBY,M3,1500,Met,MAR,A,0.006106183
MOBY,M3,1500,Met,MAR,A,0.016522612
MOBY,M3,1500,Met,MAR,A,0.035918721
MOBY,M3,1500,Met,MAR,A,0.071119068
MOBY,M3,1500,Met,MAR,A,0.032686036
MOBY,M3,1500,Met,MAR,A,0.024065543
MOBY,M3,1500,Met,MAR,A,0.037714657
MOBY,M3,1500,Met,MAR,A,0.016163424
MOBY,M3,1500,Met,MAR,A,0.007902119
MOBY,M3,1500,Met,MAR,A,0.012212365
MOBY,M3,1500,Met,MAR,A,0.038433031
MOBY,M3,1500,Met,MAR,A,0.089796802
MOBY,M3,1500,Met,MAR,A,0.021551233
MOBY,M3,1500,Met,MAR,A,0.026220666
MOBY,M3,1500,Met,MAR,A,0.034481972
MOBY,M3,1500,Met,MAR,A,0.069323131
MOBY,M3,1500,Met,MAR,A,0.017240986
MOBY,M3,1500,Met,MAR,A,0.051004584
MOBY,M3,1500,Met,MAR,A,0.096980547
MOBY,M3,1500,Met,MAR,A,0.094466236
MOBY,M3,1500,Met,MAR,A,0.020473671
MOBY,M3,1500,Met,MAR,A,0.028734977
MOBY,M3,1500,Met,MAR,A,0.034481972
MOBY,M3,1500,Met,MAR,A,0.035918721
MOBY,M3,1500,Met,MAR,A,0.046694337
MOBY,M3,1500,Met,MAR,A,0.063935323
MOBY,M3,1500,Met,MAR,A,0.080817122
MOBY,M3,1500,Met,MAR,A,0.054955643
MOBY,M3,1500,Met,MAR,A,0.014726676
MOBY,M3,1500,Met,MAR,A,0.032326849
MOBY,M3,1500,Met,MAR,A,0.048131086
MOBY,M3,1500,Met,MAR,A,0.047412712
MOBY,M3,1500,Met,MAR,A,0.061421013
MOBY,M3,1500,Met,MAR,A,0.066449634
MOBY,M3,1500,Met,MAR,A,0.014726676
MOBY,M3,1500,Met,MAR,A,0.033763598
MOBY,M3,1500,Met,MAR,A,0.077584437
MOBY,M3,1500,Met,MAR,A,0.076506876
MOBY,M3,1500,Met,MAR,A,0.008620493
MOBY,M3,1500,Met,MAR,A,0.019396109
MOBY,M3,1500,Met,MAR,A,0.020832858
MOBY,M3,1500,Met,MAR,A,0.033763598
MOBY,M3,1500,Met,MAR,A,0.017600173
MOBY,M3,1500,Met,MAR,A,0.036637095
MOBY,M3,1500,Met,MAR,A,0.021192045
MOBY,M3,1500,Met,MAR,A,0.044898401
MOBY,M3,1500,Met,MAR,A,0.051004584
MOBY,M3,1500,Met,MAR,A,0.036637095
MOBY,M3,1500,Met,MAR,A,0.067886383
MOBY,M3,1500,Met,MAR,A,0.033763598
MOBY,M3,1500,Met,MAR,A,0.042024904
MOBY,M3,1500,Met,MAR,A,0.026220666
MOBY,M3,1500,Met,MAR,A,0.04633515
MOBY,M3,1500,Met,MAR,A,0.019755297
MOBY,M3,1500,Met,MAR,A,0.02442473
MOBY,M3,1500,Met,MAR,A,0.023347169
MOBY,M3,1500,Met,MAR,A,0.014008301
MOBY,M3,1500,Met,MAR,A,0.050645397
MOBY,M3,1500,Met,MAR,A,0.123201213
MOBY,M3,1500,Met,MAR,A,0.034122785
MOBY,M3,1500,Met,MAR,A,0.061061826
MOBY,M3,1500,Met,MAR,A,0.058906702
MOBY,M3,1500,Met,MAR,A,0.029453351
MOBY,M3,1500,Met,MAR,A,0.057110766
MOBY,M3,1500,Met,MAR,A,0.158401559
MOBY,M3,1500,Met,MAR,A,0.058906702
MOBY,M3,1500,Met,MAR,A,0.042384091
MOBY,M3,1500,Met,MAR,A,0.054955643
MOBY,M3,1500,Met,MAR,A,0.055674017
MOBY,M3,1500,Met,MAR,A,0.010775616
MOBY,M3,1500,Met,MAR,A,0.073274191
MOBY,M3,1500,Met,MAR,A,0.062498574
MOBY,M3,1500,Met,MAR,A,0.066090447
MOBY,M3,1500,Met,MAR,A,0.061421013
MOBY,M3,1500,Met,MAR,A,0.065012885
MOBY,M3,1500,Met,MAR,A,0.100572419
MOBY,M3,1500,Met,MAR,A,0.065372072
MOBY,M3,1500,Met,MAR,A,0.016881799
MOBY,M3,1500,Met,MAR,A,0.03986978
MOBY,M3,1500,Met,MAR,A,0.048490273
MOBY,M3,1500,Met,MAR,A,0.040228967
MOBY,M3,1500,Met,MAR,A,0.01544505
MOBY,M3,1500,Met,MAR,A,0.036277908
MOBY,M3,1500,Met,MAR,A,0.026579854
MOBY,M3,1500,Met,MAR,A,0.041665716
MOBY,M3,1500,Met,MAR,A,0.025861479
MOBY,M3,1500,Met,MAR,A,0.031249287
MOBY,M3,1500,Met,MAR,A,0.042384091
MOBY,M3,1500,Met,MAR,A,0.043461652
MOBY,M3,1500,Met,MAR,A,0.02837579
MOBY,M3,1500,Met,MAR,A,0.021192045
MOBY,M3,1500,Met,MAR,A,0.023706356
MOBY,M3,1500,Met,MAR,A,0.01293074
MOBY,M3,1500,Met,MAR,A,0.05926589
MOBY,M3,1500,Met,MAR,A,0.058906702
MOBY,M3,1500,Met,MAR,A,0.0926703
MOBY,M3,1500,Met,MAR,A,0.035918721
MOBY,M3,1500,Met,MAR,A,0.0617802
MOBY,M3,1500,Met,MAR,A,0.080817122
MOBY,M3,1500,Met,MAR,A,0.043461652
MOBY,M3,1500,Met,MAR,A,0.018318548
MOBY,M3,1500,Met,MAR,A,0.049927022
MOBY,M3,1500,Met,MAR,A,0.025502292
MOBY,M3,1500,Met,MAR,A,0.113143971
MOBY,M3,1500,Met,MAR,A,0.038073844
MOBY,M3,1500,Met,MAR,A,0.019755297
MOBY,M3,1500,Met,MAR,A,0.02837579
MOBY,M3,1500,Met,MAR,A,0.045616776
MOBY,M3,1500,Met,MAR,A,0.014008301
MOBY,M3,1500,Met,MAR,A,0.041306529
MOBY,M3,1500,Met,MAR,A,0.047771899
MOBY,M3,1500,Met,MAR,A,0.024065543
MOBY,M3,1500,Met,MAR,A,0.052082145
MOBY,M3,1500,Met,MAR,A,0.035918721
MOBY,M3,1500,Met,MAR,A,0.044539214
MOBY,M3,1500,Met,MAR,A,0.018677735
MOBY,M3,1500,Met,MAR,A,0.020832858
MOBY,M3,1500,Met,MAR,A,0.050286209
MOBY,M3,1500,Met,MAR,A,0.080817122
MOBY,M3,1500,Met,MAR,A,0.030171726
MOBY,M3,1500,Met,MAR,A,0.011853178
MOBY,M3,1500,Met,MAR,A,0.008620493
MOBY,M3,1500,Met,MAR,A,0.079021186
MOBY,M3,1500,Met,MAR,A,0.027298228
MOBY,M3,1500,Met,MAR,A,0.023706356
MOBY,M3,1500,Met,MAR,A,0.058906702
MOBY,M3,1500,Met,MAR,A,0.053518894
MOBY,M3,1500,Met,MAR,A,0.093747862
MOBY,M3,1500,Met,MAR,A,0.008620493
MOBY,M3,1500,Met,MAR,A,0.024065543
MOBY,M3,1500,Met,MAR,A,0.016881799
MOBY,M3,1500,Met,MAR,A,0.064653698
MOBY,M3,1500,Met,MAR,A,0.015804237
MOBY,M3,1500,Met,MAR,A,0.097698921
MOBY,M3,1500,Met,MAR,A,0.022987981
MOBY,M3,1500,Met,MAR,A,0.028016602
MOBY,M3,1500,Met,MAR,A,0.076506876
MOBY,M3,1500,Met,MAR,A,0.019036922
MOBY,M3,1500,Met,MAR,A,0.085127369
MOBY,M3,1500,Met,MAR,A,0.034481972
MOBY,M3,1500,Met,MAR,A,0.033045223
MOBY,M3,1500,Met,MAR,A,0.042024904
MOBY,M3,1500,Met,MAR,A,0.034122785
MOBY,M3,1500,Met,MAR,A,0.013649114
MOBY,M3,1500,Met,MAR,A,0.047771899
MOBY,M3,1500,Met,MAR,A,0.026220666
MOBY,M3,1500,Met,MAR,A,0.066090447
MOBY,M3,1500,Met,MAR,A,0.050645397
MOBY,M3,1500,Met,MAR,A,0.031608474
MOBY,M3,1500,Met,MAR,A,0.018318548
MOBY,M3,1500,Met,MAR,A,0.124997149
MOBY,M3,1500,Met,MAR,A,0.033045223
MOBY,M3,1500,Met,MAR,A,0.049927022
MOBY,M3,1500,Met,MAR,A,0.028016602
MOBY,M3,1500,Met,MAR,A,0.015804237
MOBY,M3,1500,Met,MAR,A,0.035918721
MOBY,M3,1500,Met,MAR,A,0.037714657
MOBY,M3,1500,Met,MAR,A,0.041665716
MOBY,M3,1500,Met,MAR,A,0.021192045
MOBY,M3,1500,Met,MAR,A,0.040228967
MOBY,M3,1500,Met,MAR,A,0.042024904
MOBY,M3,1500,Met,MAR,A,0.112425597
MOBY,M3,1500,Met,MAR,A,0.091592738
MOBY,M3,1500,Met,MAR,A,0.075788501
MOBY,M3,1500,Met,MAR,A,0.004310247
MOBY,M3,1500,Met,MAR,A,0.098776483
MOBY,M3,1500,Met,MAR,A,0.019396109
MOBY,M3,1500,Met,MAR,A,0.057829141
MOBY,M3,1500,Met,MAR,A,0.053159707
MOBY,M3,1500,Met,MAR,A,0.061421013
MOBY,M3,1500,Met,MAR,A,0.051722958
MOBY,M3,1500,Met,MAR,A,0.045616776
MOBY,M3,1500,Met,MAR,A,0.035918721
MOBY,M3,1500,Met,MAR,A,0.063935323
MOBY,M3,1500,Met,MAR,A,0.09015599
MOBY,M3,1500,Met,MAR,A,0.025502292
MOBY,M3,1500,Met,MAR,A,0.019396109
MOBY,M3,1500,Met,MAR,A,0.038433031
MOBY,M3,1500,Met,MAR,B,0.052730678
MOBY,M3,1500,Met,MAR,B,0.027587573
MOBY,M3,1500,Met,MAR,B,0.031778091
MOBY,M3,1500,Met,MAR,B,0.106858195
MOBY,M3,1500,Met,MAR,B,0.034222559
MOBY,M3,1500,Met,MAR,B,0.025143105
MOBY,M3,1500,Met,MAR,B,0.042603594
MOBY,M3,1500,Met,MAR,B,0.019555748
MOBY,M3,1500,Met,MAR,B,0.03317493
MOBY,M3,1500,Met,MAR,B,0.077524573
MOBY,M3,1500,Met,MAR,B,0.03247651
MOBY,M3,1500,Met,MAR,B,0.025143105
MOBY,M3,1500,Met,MAR,B,0.037365447
MOBY,M3,1500,Met,MAR,B,0.022349426
MOBY,M3,1500,Met,MAR,B,0.047841741
MOBY,M3,1500,Met,MAR,B,0.046095692
MOBY,M3,1500,Met,MAR,B,0.028285993
MOBY,M3,1500,Met,MAR,B,0.075778524
MOBY,M3,1500,Met,MAR,B,0.046095692
MOBY,M3,1500,Met,MAR,B,0.025143105
MOBY,M3,1500,Met,MAR,B,0.017809699
MOBY,M3,1500,Met,MAR,B,0.045048063
MOBY,M3,1500,Met,MAR,B,0.031079671
MOBY,M3,1500,Met,MAR,B,0.040508335
MOBY,M3,1500,Met,MAR,B,0.014666811
MOBY,M3,1500,Met,MAR,B,0.024793895
MOBY,M3,1500,Met,MAR,B,0.019904958
MOBY,M3,1500,Met,MAR,B,0.128858411
MOBY,M3,1500,Met,MAR,B,0.078572202
MOBY,M3,1500,Met,MAR,B,0.01606365
MOBY,M3,1500,Met,MAR,B,0.052730678
MOBY,M3,1500,Met,MAR,B,0.074381685
MOBY,M3,1500,Met,MAR,B,0.030032042
MOBY,M3,1500,Met,MAR,B,0.132350509
MOBY,M3,1500,Met,MAR,B,0.052381468
MOBY,M3,1500,Met,MAR,B,0.037016237
MOBY,M3,1500,Met,MAR,B,0.04888937
MOBY,M3,1500,Met,MAR,B,0.023047846
MOBY,M3,1500,Met,MAR,B,0.024095475
MOBY,M3,1500,Met,MAR,B,0.038762286
MOBY,M3,1500,Met,MAR,B,0.039809916
MOBY,M3,1500,Met,MAR,B,0.035619398
MOBY,M3,1500,Met,MAR,B,0.050635419
MOBY,M3,1500,Met,MAR,B,0.104064517
MOBY,M3,1500,Met,MAR,B,0.038063867
MOBY,M3,1500,Met,MAR,B,0.029333622
MOBY,M3,1500,Met,MAR,B,0.060413293
MOBY,M3,1500,Met,MAR,B,0.107905824
MOBY,M3,1500,Met,MAR,B,0.096731111
MOBY,M3,1500,Met,MAR,B,0.060064083
MOBY,M3,1500,Met,MAR,B,0.024095475
MOBY,M3,1500,Met,MAR,B,0.06600065
MOBY,M3,1500,Met,MAR,B,0.015016021
MOBY,M3,1500,Met,MAR,B,0.047143321
MOBY,M3,1500,Met,MAR,B,0.041555965
MOBY,M3,1500,Met,MAR,B,0.071238797
MOBY,M3,1500,Met,MAR,B,0.070889587
MOBY,M3,1500,Met,MAR,B,0.047841741
MOBY,M3,1500,Met,MAR,B,0.04888937
MOBY,M3,1500,Met,MAR,B,0.042603594
MOBY,M3,1500,Met,MAR,B,0.013269972
MOBY,M3,1500,Met,MAR,B,0.042952804
MOBY,M3,1500,Met,MAR,B,0.0321273
MOBY,M3,1500,Met,MAR,B,0.022698636
MOBY,M3,1500,Met,MAR,B,0.083461139
MOBY,M3,1500,Met,MAR,B,0.026539944
MOBY,M3,1500,Met,MAR,B,0.029682832
MOBY,M3,1500,Met,MAR,B,0.03317493
MOBY,M3,1500,Met,MAR,B,0.025492314
MOBY,M3,1500,Met,MAR,B,0.021651007
MOBY,M3,1500,Met,MAR,B,0.031778091
MOBY,M3,1500,Met,MAR,B,0.059365664
MOBY,M3,1500,Met,MAR,B,0.039460706
MOBY,M3,1500,Met,MAR,B,0.09917558
MOBY,M3,1500,Met,MAR,B,0.022349426
MOBY,M3,1500,Met,MAR,B,0.040857545
MOBY,M3,1500,Met,MAR,B,0.04923858
MOBY,M3,1500,Met,MAR,B,0.018508119
MOBY,M3,1500,Met,MAR,B,0.019206538
MOBY,M3,1500,Met,MAR,B,0.021651007
MOBY,M3,1500,Met,MAR,B,0.041206755
MOBY,M3,1500,Met,MAR,B,0.031428881
MOBY,M3,1500,Met,MAR,B,0.029682832
MOBY,M3,1500,Met,MAR,B,0.023397056
MOBY,M3,1500,Met,MAR,B,0.025841524
MOBY,M3,1500,Met,MAR,B,0.044349643
MOBY,M3,1500,Met,MAR,B,0.025841524
MOBY,M3,1500,Met,MAR,B,0.015016021
MOBY,M3,1500,Met,MAR,B,0.031079671
MOBY,M3,1500,Met,MAR,B,0.027936783
MOBY,M3,1500,Met,MAR,B,0.019904958
MOBY,M3,1500,Met,MAR,B,0.117334488
MOBY,M3,1500,Met,MAR,B,0.038762286
MOBY,M3,1500,Met,MAR,B,0.013968391
MOBY,M3,1500,Met,MAR,B,0.024793895
MOBY,M3,1500,Met,MAR,B,0.040508335
MOBY,M3,1500,Met,MAR,B,0.054825937
MOBY,M3,1500,Met,MAR,B,0.025841524
MOBY,M3,1500,Met,MAR,B,0.13095367
MOBY,M3,1500,Met,MAR,B,0.077873783
MOBY,M3,1500,Met,MAR,B,0.044000433
MOBY,M3,1500,Met,MAR,B,0.026190734
MOBY,M3,1500,Met,MAR,B,0.028285993
MOBY,M3,1500,Met,MAR,B,0.063206971
MOBY,M3,1500,Met,MAR,B,0.037714657
MOBY,M3,1500,Met,MAR,B,0.027587573
MOBY,M3,1500,Met,MAR,B,0.042603594
MOBY,M3,1500,Met,MAR,B,0.022000217
MOBY,M3,1500,Met,MAR,B,0.047143321
MOBY,M3,1500,Met,MAR,B,0.020603377
MOBY,M3,1500,Met,MAR,B,0.027936783
MOBY,M3,1500,Met,MAR,B,0.012920762
MOBY,M3,1500,Met,MAR,B,0.052730678
MOBY,M3,1500,Met,MAR,B,0.025492314
MOBY,M3,1500,Met,MAR,B,0.034571769
MOBY,M3,1500,Met,MAR,B,0.024793895
MOBY,M3,1500,Met,MAR,B,0.076476943
MOBY,M3,1500,Met,MAR,B,0.020952587
MOBY,M3,1500,Met,MAR,B,0.037714657
MOBY,M3,1500,Met,MAR,B,0.122223425
MOBY,M3,1500,Met,MAR,B,0.029682832
MOBY,M3,1500,Met,MAR,B,0.027587573
MOBY,M3,1500,Met,MAR,B,0.086254817
MOBY,M3,1500,Met,MAR,B,0.041905174
MOBY,M3,1500,Met,MAR,B,0.040508335
MOBY,M3,1500,Met,MAR,B,0.035619398
MOBY,M3,1500,Met,MAR,B,0.089397706
MOBY,M3,1500,Met,MAR,B,0.044698853
MOBY,M3,1500,Met,MAR,B,0.077175363
MOBY,M3,1500,Met,MAR,B,0.021301797
MOBY,M3,1500,Met,MAR,B,0.01606365
MOBY,M3,1500,Met,MAR,B,0.013968391
MOBY,M3,1500,Met,MAR,B,0.090096125
MOBY,M3,1500,Met,MAR,B,0.062159342
MOBY,M3,1500,Met,MAR,B,0.0321273
MOBY,M3,1500,Met,MAR,B,0.027587573
MOBY,M3,1500,Met,MAR,B,0.063556181
MOBY,M3,1500,Met,MAR,B,0.022698636
MOBY,M3,1500,Met,MAR,B,0.023047846
MOBY,M3,1500,Met,MAR,B,0.084159559
MOBY,M3,1500,Met,MAR,B,0.039111496
MOBY,M3,1500,Met,MAR,B,0.028984412
MOBY,M3,1500,Met,MAR,B,0.079270622
MOBY,M3,1500,Met,MAR,B,0.04958779
MOBY,M3,1500,Met,MAR,B,0.071937216
MOBY,M3,1500,Met,MAR,B,0.01711128
MOBY,M3,1500,Met,MAR,B,0.056222776
MOBY,M3,1500,Met,MAR,B,0.06530223
MOBY,M3,1500,Met,MAR,B,0.060064083
MOBY,M3,1500,Met,MAR,B,0.022698636
MOBY,M3,1500,Met,MAR,B,0.052730678
MOBY,M3,1500,Met,MAR,B,0.028984412
MOBY,M3,1500,Met,MAR,B,0.020603377
MOBY,M3,1500,Met,MAR,B,0.021651007
MOBY,M3,1500,Met,MAR,B,0.055873566
MOBY,M3,1500,Met,MAR,B,0.026539944
MOBY,M3,1500,Met,MAR,B,0.074730894
MOBY,M3,1500,Met,MAR,B,0.120477377
MOBY,M3,1500,Met,MAR,B,0.059714874
MOBY,M3,1500,Met,MAR,B,0.018158909
MOBY,M3,1500,Met,MAR,B,0.044000433
MOBY,M3,1500,Met,MAR,B,0.041555965
MOBY,M3,1500,Met,MAR,B,0.023746266
MOBY,M3,1500,Met,MAR,B,0.030032042
MOBY,M3,1500,Met,MAR,B,0.068794328
MOBY,M3,1500,Met,MAR,B,0.095683482
MOBY,M3,1500,Met,MAR,B,0.024095475
MOBY,M3,1500,Met,MAR,B,0.06565144
MOBY,M3,1500,Met,MAR,B,0.029682832
MOBY,M3,1500,Met,MAR,B,0.078572202
MOBY,M3,1500,Met,MAR,B,0.061460923
MOBY,M3,1500,Met,MAR,B,0.039809916
MOBY,M3,1500,Met,MAR,B,0.042603594
MOBY,M3,1500,Met,MAR,B,0.04923858
MOBY,M3,1500,Met,MAR,B,0.038762286
MOBY,M3,1500,Met,MAR,B,0.022698636
MOBY,M3,1500,Met,MAR,B,0.030381251
MOBY,M3,1500,Met,MAR,B,0.01711128
MOBY,M3,1500,Met,MAR,B,0.023047846
MOBY,M3,1500,Met,MAR,B,0.050984629
MOBY,M3,1500,Met,MAR,B,0.055175146
MOBY,M3,1500,Met,MAR,B,0.071238797
MOBY,M3,1500,Met,MAR,B,0.021301797
MOBY,M3,1500,Met,MAR,B,0.025492314
MOBY,M3,1500,Met,MAR,B,0.08241351
MOBY,M3,1500,Met,MAR,B,0.019555748
MOBY,M3,1500,Met,MAR,B,0.037365447
MOBY,M3,1500,Met,MAR,B,0.045746482
MOBY,M3,1500,Met,MAR,B,0.023047846
MOBY,M3,1500,Met,MAR,B,0.069492748
MOBY,M3,1500,Met,MAR,B,0.027587573
MOBY,M3,1500,Met,MAR,B,0.03282572
MOBY,M3,1500,Met,MAR,B,0.056921195
MOBY,M3,1500,Met,MAR,B,0.094985062
MOBY,M3,1500,Met,MAR,B,0.038762286
MOBY,M3,1500,Met,MAR,B,0.055175146
MOBY,M3,1500,Met,MAR,B,0.029682832
MOBY,M3,1500,Met,MAR,B,0.023047846
MOBY,M3,1500,Met,MAR,B,0.106159775
MOBY,M3,1500,Met,MAR,B,0.022349426
MOBY,M3,1500,Met,MAR,B,0.021651007
MOBY,M3,1500,Met,MAR,B,0.022349426
MOBY,M3,1500,Met,MAR,B,0.021301797
MOBY,M3,1500,Met,MAR,B,0.026190734
MOBY,M3,1500,Met,MAR,B,0.075778524
MOBY,M3,1500,Met,MAR,B,0.01641286
MOBY,M3,1500,Met,MAR,B,0.017460489
MOBY,M3,1500,Met,MAR,B,0.01571444
MOBY,M3,1500,Met,MAR,B,0.054825937
MOBY,M3,1500,Met,MAR,B,0.034222559
MOBY,M3,1500,Met,MAR,B,0.046444902
MOBY,M3,1500,Met,MAR,B,0.057968825
MOBY,M3,1500,Met,MAR,B,0.014666811
MOBY,M3,1500,Met,MAR,B,0.030032042
MOBY,M3,1500,Met,MAR,B,0.077175363
MOBY,M3,1500,Met,MAR,B,0.059365664
MOBY,M3,1500,Met,MAR,B,0.044000433
MOBY,M3,1500,Met,MAR,B,0.03352414
MOBY,M3,1500,Met,MAR,B,0.025143105
MOBY,M3,1500,Met,MAR,B,0.010476294
MOBY,M3,1500,Met,MAR,B,0.038762286
MOBY,M3,1500,Met,MAR,B,0.037016237
MOBY,M3,1500,Met,MAR,B,0.097080321
MOBY,M3,1500,Met,MAR,B,0.015365231
MOBY,M3,1500,Met,MAR,B,0.039460706
MOBY,M3,1500,Met,MAR,B,0.030032042
MOBY,M3,1500,Met,MAR,B,0.039809916
MOBY,M3,1500,Met,MAR,B,0.034222559
MOBY,M3,1500,Met,MAR,B,0.045746482
MOBY,M3,1500,Met,MAR,B,0.046095692
MOBY,M3,1500,Met,MAR,B,0.036667028
MOBY,M3,1500,Met,MAR,B,0.100921628
MOBY,M3,1500,Met,MAR,B,0.024793895
MOBY,M3,1500,Met,MAR,B,0.025492314
MOBY,M3,1500,Met,MAR,B,0.026190734
MOBY,M3,1500,Met,MAR,B,0.060413293
MOBY,M3,1500,Met,MAR,B,0.063556181
MOBY,M3,1500,Met,MAR,B,0.053778307
MOBY,M3,1500,Met,MAR,B,0.027587573
MOBY,M3,1500,Met,MAR,B,0.092540594
MOBY,M3,1500,Met,MAR,B,0.023047846
MOBY,M3,1500,Met,MAR,B,0.038762286
MOBY,M3,1500,Met,MAR,B,0.042603594
MOBY,M3,1500,Met,MAR,B,0.025143105
MOBY,M3,1500,Met,MAR,B,0.019904958
MOBY,M3,1500,Met,MAR,B,0.015365231
MOBY,M3,1500,Met,MAR,B,0.013619182
MOBY,M3,1500,Met,MAR,B,0.030032042
MOBY,M3,1500,Met,MAR,B,0.034571769
MOBY,M3,1500,Met,MAR,B,0.046794111
MOBY,M3,1500,Met,MAR,B,0.052730678
MOBY,M3,1500,Met,MAR,B,0.023047846
MOBY,M3,1500,Met,MAR,B,0.083461139
MOBY,M3,1500,Met,MAR,B,0.087302447
MOBY,M3,1500,Met,MAR,B,0.03247651
MOBY,M3,1500,Met,MAR,B,0.053778307
MOBY,M3,1500,Met,MAR,B,0.002095259
MOBY,M3,1500,Met,MAR,B,0.108255034
MOBY,M3,1500,Met,MAR,B,0.047492531
MOBY,M3,1500,Met,MAR,B,0.019555748
MOBY,M3,1500,Met,MAR,B,0.091143754
MOBY,M3,1500,Met,MAR,B,0.106508985
MOBY,M3,1500,Met,MAR,B,0.026539944
MOBY,M3,1500,Met,MAR,B,0.029682832
MOBY,M3,1500,Met,MAR,B,0.041905174
MOBY,M3,1500,Met,MAR,B,0.026190734
MOBY,M3,1500,Met,MAR,B,0.035270189
MOBY,M3,1500,Met,MAR,B,0.076476943
MOBY,M3,1500,Met,MAR,B,0.019904958
MOBY,M3,1500,Met,MAR,B,0.083461139
MOBY,M3,1500,Met,MAR,B,0.056571986
MOBY,M3,1500,Met,MAR,B,0.051333839
MOBY,M3,1500,Met,MAR,B,0.047841741
MOBY,M3,1500,Met,MAR,B,0.021651007
MOBY,M3,1500,Met,MAR,B,0.031428881
MOBY,M3,1500,Met,MAR,B,0.039111496
MOBY,M3,1500,Met,MAR,B,0.045746482
MOBY,M3,1500,Met,MAR,B,0.068794328
MOBY,M3,1500,Met,MAR,B,0.076127734
MOBY,M3,1500,Met,MAR,B,0.022349426
MOBY,M3,1500,Met,MAR,B,0.085207188
MOBY,M3,1500,Met,MAR,B,0.029682832
MOBY,M3,1500,Met,MAR,B,0.062508552
MOBY,M3,1500,Met,MAR,B,0.069841957
MOBY,M3,1500,Met,MAR,B,0.061460923
MOBY,M3,1500,Met,MAR,B,0.023746266
MOBY,M3,1500,Met,MAR,B,0.087302447
MOBY,M3,1500,Met,MAR,B,0.053429097
MOBY,M3,1500,Met,MAR,B,0.037365447
MOBY,M3,1500,Met,MAR,B,0.039111496
MOBY,M3,1500,Met,MAR,B,0.01676207
MOBY,M3,1500,Met,MAR,B,0.04958779
MOBY,M3,1500,Met,MAR,B,0.056222776
MOBY,M3,1500,Met,MAR,B,0.076476943
MOBY,M3,1500,Met,MAR,B,0.042603594
MOBY,M3,1500,Met,MAR,B,0.039460706
MOBY,M3,1500,Met,MAR,B,0.015365231
MOBY,M3,1500,Met,MAR,B,0.022000217
MOBY,M3,1500,Met,MAR,B,0.030032042
MOBY,M3,1500,Met,MAR,B,0.071588006
MOBY,M3,1500,Met,MAR,B,0.064603811
MOBY,M3,1500,Met,MAR,B,0.026889154
MOBY,M3,1500,Met,MAR,B,0.020603377
MOBY,M3,1500,Met,MAR,B,0.035968608
MOBY,M3,1500,Met,MAR,B,0.026190734
MOBY,M3,1500,Met,MAR,B,0.049937
MOBY,M3,1500,Met,MAR,B,0.017809699
MOBY,M3,1500,Met,MAR,B,0.039809916
MOBY,M3,1500,Met,MAR,B,0.030032042
MOBY,M3,1500,Met,MAR,B,0.046095692
MOBY,M3,1500,Met,MAR,B,0.031428881
MOBY,M3,1500,Met,MAR,B,0.067397489
MOBY,M3,1500,Met,MAR,B,0.029333622
MOBY,M3,1500,Met,MAR,B,0.027238363
MOBY,M3,1500,Met,MAR,B,0.049937
MOBY,M3,1500,Met,MAR,B,0.028635203
MOBY,M3,1500,Met,MAR,B,0.023047846
MOBY,M3,1500,Met,MAR,B,0.028984412
MOBY,M3,1500,Met,MAR,B,0.027587573
MOBY,M3,1500,Met,MAR,B,0.023397056
MOBY,M3,1500,Met,MAR,B,0.058318034
MOBY,M3,1500,Met,MAR,B,0.015016021
MOBY,M3,1500,Met,MAR,B,0.037714657
MOBY,M3,1500,Met,MAR,B,0.023047846
MOBY,M3,1500,Met,MAR,B,0.008730245
MOBY,M3,1500,Met,MAR,B,0.026889154
MOBY,M3,1500,Met,MAR,B,0.092540594
MOBY,M3,1500,Met,MAR,B,0.112445551
MOBY,M3,1500,Met,MAR,B,0.028984412
MOBY,M3,1500,Met,MAR,B,0.022349426
MOBY,M3,1500,Met,MAR,B,0.046794111
MOBY,M3,1500,Met,MAR,B,0.03247651
MOBY,M3,1500,Met,MAR,B,0.04923858
MOBY,M3,1500,Met,MAR,B,0.027587573
MOBY,M3,1500,Met,MAR,B,0.063556181
MOBY,M3,1500,Met,MAR,B,0.070889587
MOBY,M3,1500,Met,MAR,B,0.091492964
MOBY,M3,1500,Met,MAR,B,0.044000433
MOBY,M3,1500,Met,MAR,B,0.046444902
MOBY,M3,1500,Met,MAR,B,0.015365231
MOBY,M3,1500,Met,MAR,B,0.026539944
MOBY,M3,1500,Met,MAR,B,0.031778091
MOBY,M3,1500,Met,MAR,B,0.061460923
MOBY,M3,1500,Met,MAR,B,0.027238363
MOBY,M3,1500,Met,MAR,B,0.026539944
MOBY,M3,1500,Met,MAR,B,0.019555748
MOBY,M3,1500,Met,MAR,B,0.064254601
MOBY,M3,1500,Met,MAR,B,0.092540594
MOBY,M3,1500,Met,MAR,B,0.035619398
MOBY,M3,1500,Met,MAR,B,0.038063867
MOBY,M3,1500,Met,MAR,B,0.072984846
MOBY,M3,1500,Met,MAR,B,0.03282572
MOBY,M3,1500,Met,MAR,B,0.116985279
MOBY,M3,1500,Met,MAR,B,0.018508119
MOBY,M3,1500,Met,MAR,B,0.04958779
MOBY,M3,1500,Met,MAR,B,0.020254168
MOBY,M3,1500,Met,MAR,B,0.037365447
MOBY,M3,1500,Met,MAR,B,0.002444469
MOBY,M3,1500,Met,MAR,B,0.030381251
MOBY,M3,1500,Met,MAR,B,0.063905391
MOBY,M3,1500,Met,MAR,B,0.08241351
MOBY,M3,1500,Met,MAR,B,0.06565144
MOBY,M3,1500,Met,MAR,B,0.058667244
MOBY,M3,1500,Met,MAR,B,0.060413293
MOBY,M3,500,Met,MAR,A,0.137095234
MOBY,M3,500,Met,MAR,A,0.147709058
MOBY,M3,500,Met,MAR,A,0.144171117
MOBY,M3,500,Met,MAR,A,0.121174497
MOBY,M3,500,Met,MAR,A,0.16274531
MOBY,M3,500,Met,MAR,A,0.049531181
MOBY,M3,500,Met,MAR,A,0.07075883
MOBY,M3,500,Met,MAR,A,0.084910596
MOBY,M3,500,Met,MAR,A,0.025650076
MOBY,M3,500,Met,MAR,A,0.05926052
MOBY,M3,500,Met,MAR,A,0.06898986
MOBY,M3,500,Met,MAR,A,0.166283251
MOBY,M3,500,Met,MAR,A,0.094639936
MOBY,M3,500,Met,MAR,A,0.063682947
MOBY,M3,500,Met,MAR,A,0.07075883
MOBY,M3,500,Met,MAR,A,0.075181257
MOBY,M3,500,Met,MAR,A,0.099062362
MOBY,M3,500,Met,MAR,A,0.215814432
MOBY,M3,500,Met,MAR,A,0.030956988
MOBY,M3,500,Met,MAR,A,0.159207368
MOBY,M3,500,Met,MAR,A,0.031841474
MOBY,M3,500,Met,MAR,A,0.159207368
MOBY,M3,500,Met,MAR,A,0.302494
MOBY,M3,500,Met,MAR,A,0.086679567
MOBY,M3,500,Met,MAR,A,0.205200608
MOBY,M3,500,Met,MAR,A,0.114983099
MOBY,M3,500,Met,MAR,A,0.123827953
MOBY,M3,500,Met,MAR,A,0.297187087
MOBY,M3,500,Met,MAR,A,0.135326263
MOBY,M3,500,Met,MAR,A,0.084910596
MOBY,M3,500,Met,MAR,A,0.036263901
MOBY,M3,500,Met,MAR,A,0.103484789
MOBY,M3,500,Met,MAR,A,0.07075883
MOBY,M3,500,Met,MAR,A,0.043339784
MOBY,M3,500,Met,MAR,A,0.074296772
MOBY,M3,500,Met,MAR,A,0.035379415
MOBY,M3,500,Met,MAR,A,0.015036251
MOBY,M3,500,Met,MAR,A,0.061913977
MOBY,M3,500,Met,MAR,A,0.073412286
MOBY,M3,500,Met,MAR,A,0.039801842
MOBY,M3,500,Met,MAR,A,0.137095234
MOBY,M3,500,Met,MAR,A,0.023881105
MOBY,M3,500,Met,MAR,A,0.111445158
MOBY,M3,500,Met,MAR,A,0.113214129
MOBY,M3,500,Met,MAR,A,0.084026111
MOBY,M3,500,Met,MAR,A,0.024765591
MOBY,M3,500,Met,MAR,A,0.120290012
MOBY,M3,500,Met,MAR,A,0.152131485
MOBY,M3,500,Met,MAR,A,0.098177877
MOBY,M3,500,Met,MAR,A,0.042455298
MOBY,M3,500,Met,MAR,A,0.132672807
MOBY,M3,500,Met,MAR,A,0.091101994
MOBY,M3,500,Met,MAR,A,0.068105374
MOBY,M3,500,Met,MAR,A,0.044224269
MOBY,M3,500,Met,MAR,A,0.10525376
MOBY,M3,500,Met,MAR,A,0.211392006
MOBY,M3,500,Met,MAR,A,0.061913977
MOBY,M3,500,Met,MAR,A,0.054838093
MOBY,M3,500,Met,MAR,A,0.01149831
MOBY,M3,500,Met,MAR,A,0.05926052
MOBY,M3,500,Met,MAR,A,0.026534561
MOBY,M3,500,Met,MAR,A,0.021227649
MOBY,M3,500,Met,MAR,A,0.137979719
MOBY,M3,500,Met,MAR,A,0.255616275
MOBY,M3,500,Met,MAR,A,0.032725959
MOBY,M3,500,Met,MAR,A,0.091101994
MOBY,M3,500,Met,MAR,A,0.04776221
MOBY,M3,500,Met,MAR,A,0.085795082
MOBY,M3,500,Met,MAR,A,0.157438397
MOBY,M3,500,Met,MAR,A,0.145940088
MOBY,M3,500,Met,MAR,A,0.107022731
MOBY,M3,500,Met,MAR,A,0.137095234
MOBY,M3,500,Met,MAR,A,0.019458678
MOBY,M3,500,Met,MAR,A,0.066336403
MOBY,M3,500,Met,MAR,A,0.157438397
MOBY,M3,500,Met,MAR,A,0.049531181
MOBY,M3,500,Met,MAR,A,0.076065743
MOBY,M3,500,Met,MAR,A,0.028303532
MOBY,M3,500,Met,MAR,A,0.07075883
MOBY,M3,500,Met,MAR,A,0.043339784
MOBY,M3,500,Met,MAR,A,0.213160976
MOBY,M3,500,Met,MAR,A,0.107907216
MOBY,M3,500,Met,MAR,A,0.167167737
MOBY,M3,500,Met,MAR,A,0.025650076
MOBY,M3,500,Met,MAR,A,0.29276466
MOBY,M3,500,Met,MAR,A,0.006191398
MOBY,M3,500,Met,MAR,A,0.032725959
MOBY,M3,500,Met,MAR,A,0.043339784
MOBY,M3,500,Met,MAR,A,0.064567433
MOBY,M3,500,Met,MAR,A,0.130903836
MOBY,M3,500,Met,MAR,A,0.042455298
MOBY,M3,500,Met,MAR,A,0.094639936
MOBY,M3,500,Met,MAR,A,0.206085093
MOBY,M3,500,Met,MAR,A,0.183972959
MOBY,M3,500,Met,MAR,A,0.091986479
MOBY,M3,500,Met,MAR,A,0.035379415
MOBY,M3,500,Met,MAR,A,0.078719199
MOBY,M3,500,Met,MAR,A,0.095524421
MOBY,M3,500,Met,MAR,A,0.214929947
MOBY,M3,500,Met,MAR,A,0.036263901
MOBY,M3,500,Met,MAR,A,0.088448538
MOBY,M3,500,Met,MAR,A,0.062798462
MOBY,M3,500,Met,MAR,A,0.129134865
MOBY,M3,500,Met,MAR,A,0.121174497
MOBY,M3,500,Met,MAR,A,0.236157596
MOBY,M3,500,Met,MAR,A,0.184857444
MOBY,M3,500,Met,MAR,A,0.240580023
MOBY,M3,500,Met,MAR,A,0.17601259
MOBY,M3,500,Met,MAR,A,0.053069123
MOBY,M3,500,Met,MAR,A,0.155669427
MOBY,M3,500,Met,MAR,A,0.237042082
MOBY,M3,500,Met,MAR,A,0.083141626
MOBY,M3,500,Met,MAR,A,0.222890316
MOBY,M3,500,Met,MAR,A,0.014151766
MOBY,M3,500,Met,MAR,A,0.04599324
MOBY,M3,500,Met,MAR,A,0.18574193
MOBY,M3,500,Met,MAR,A,0.033610444
MOBY,M3,500,Met,MAR,A,0.153015971
MOBY,M3,500,Met,MAR,A,0.071643316
MOBY,M3,500,Met,MAR,A,0.153015971
MOBY,M3,500,Met,MAR,A,0.037148386
MOBY,M3,500,Met,MAR,A,0.163629795
MOBY,M3,500,Met,MAR,A,0.031841474
MOBY,M3,500,Met,MAR,A,0.085795082
MOBY,M3,500,Met,MAR,A,0.109676187
MOBY,M3,500,Met,MAR,A,0.04599324
MOBY,M3,500,Met,MAR,A,0.234388625
MOBY,M3,500,Met,MAR,A,0.131788321
MOBY,M3,500,Met,MAR,A,0.060145006
MOBY,M3,500,Met,MAR,A,0.037148386
MOBY,M3,500,Met,MAR,A,0.094639936
MOBY,M3,500,Met,MAR,A,0.072527801
MOBY,M3,500,Met,MAR,A,0.021227649
MOBY,M3,500,Met,MAR,A,0.160091854
MOBY,M3,500,Met,MAR,A,0.039801842
MOBY,M3,500,Met,MAR,A,0.068105374
MOBY,M3,500,Met,MAR,A,0.298956058
MOBY,M3,500,Met,MAR,A,0.208738549
MOBY,M3,500,Met,MAR,A,0.158322883
MOBY,M3,500,Met,MAR,A,0.02299662
MOBY,M3,500,Met,MAR,A,0.055722579
MOBY,M3,500,Met,MAR,A,0.08225714
MOBY,M3,500,Met,MAR,A,0.025650076
MOBY,M3,500,Met,MAR,A,0.121174497
MOBY,M3,500,Met,MAR,A,0.095524421
MOBY,M3,500,Met,MAR,A,0.205200608
MOBY,M3,500,Met,MAR,A,0.029188018
MOBY,M3,500,Met,MAR,A,0.205200608
MOBY,M3,500,Met,MAR,A,0.090217509
MOBY,M3,500,Met,MAR,A,0.091986479
MOBY,M3,500,Met,MAR,A,0.017689708
MOBY,M3,500,Met,MAR,A,0.143286631
MOBY,M3,500,Met,MAR,A,0.12825038
MOBY,M3,500,Met,MAR,A,0.066336403
MOBY,M3,500,Met,MAR,A,0.088448538
MOBY,M3,500,Met,MAR,A,0.039801842
MOBY,M3,500,Met,MAR,A,0.110560672
MOBY,M3,500,Met,MAR,A,0.027419047
MOBY,M3,500,Met,MAR,A,0.099062362
MOBY,M3,500,Met,MAR,A,0.087564053
MOBY,M3,500,Met,MAR,A,0.03449493
MOBY,M3,500,Met,MAR,A,0.190164356
MOBY,M3,500,Met,MAR,A,0.165398766
MOBY,M3,500,Met,MAR,A,0.096408906
MOBY,M3,500,Met,MAR,A,0.015036251
MOBY,M3,500,Met,MAR,A,0.137979719
MOBY,M3,500,Met,MAR,A,0.019458678
MOBY,M3,500,Met,MAR,A,0.193702298
MOBY,M3,500,Met,MAR,A,0.010613825
MOBY,M3,500,Met,MAR,A,0.031841474
MOBY,M3,500,Met,MAR,A,0.031841474
MOBY,M3,500,Met,MAR,A,0.097293392
MOBY,M3,500,Met,MAR,A,0.091101994
MOBY,M3,500,Met,MAR,A,0.092870965
MOBY,M3,500,Met,MAR,A,0.038032871
MOBY,M3,500,Met,MAR,A,0.413054672
MOBY,M3,500,Met,MAR,A,0.206085093
MOBY,M3,500,Met,MAR,A,0.154784941
MOBY,M3,500,Met,MAR,A,0.079603684
MOBY,M3,500,Met,MAR,A,0.11675207
MOBY,M3,500,Met,MAR,A,0.088448538
MOBY,M3,500,Met,MAR,A,0.033610444
MOBY,M3,500,Met,MAR,A,0.208738549
MOBY,M3,500,Met,MAR,A,0.064567433
MOBY,M3,500,Met,MAR,A,0.135326263
MOBY,M3,500,Met,MAR,A,0.157438397
MOBY,M3,500,Met,MAR,A,0.08225714
MOBY,M3,500,Met,MAR,A,0.241464508
MOBY,M3,500,Met,MAR,A,0.31576128
MOBY,M3,500,Met,MAR,A,0.069874345
MOBY,M3,500,Met,MAR,A,0.041570813
MOBY,M3,500,Met,MAR,A,0.127365895
MOBY,M3,500,Met,MAR,A,0.181319503
MOBY,M3,500,Met,MAR,A,0.061029491
MOBY,M3,500,Met,MAR,A,0.272421497
MOBY,M3,500,Met,MAR,A,0.069874345
MOBY,M3,500,Met,MAR,A,0.166283251
MOBY,M3,500,Met,MAR,A,0.03449493
MOBY,M3,500,Met,MAR,A,0.130019351
MOBY,M3,500,Met,MAR,A,0.096408906
MOBY,M3,500,Met,MAR,A,0.155669427
MOBY,M3,500,Met,MAR,A,0.03449493
MOBY,M3,500,Met,MAR,A,0.074296772
MOBY,M3,500,Met,MAR,A,0.103484789
MOBY,M3,500,Met,MAR,A,0.13974869
MOBY,M3,500,Met,MAR,A,0.08225714
MOBY,M3,500,Met,MAR,A,0.039801842
MOBY,M3,500,Met,MAR,A,0.171590164
MOBY,M3,500,Met,MAR,A,0.07075883
MOBY,M3,500,Met,MAR,A,0.066336403
MOBY,M3,500,Met,MAR,A,0.122058982
MOBY,M3,500,Met,MAR,A,0.053953608
MOBY,M3,500,Met,MAR,A,0.087564053
MOBY,M3,500,Met,MAR,A,0.05749155
MOBY,M3,500,Met,MAR,A,0.061029491
MOBY,M3,500,Met,MAR,A,0.091101994
MOBY,M3,500,Met,MAR,A,0.052184637
MOBY,M3,500,Met,MAR,A,0.071643316
MOBY,M3,500,Met,MAR,A,0.107907216
MOBY,M3,500,Met,MAR,A,0.038032871
MOBY,M3,500,Met,MAR,A,0.117636555
MOBY,M3,500,Met,MAR,A,0.067220889
MOBY,M3,500,Met,MAR,A,0.337873415
MOBY,M3,500,Met,MAR,A,0.528037771
MOBY,M3,500,Met,MAR,A,0.029188018
MOBY,M3,500,Met,MAR,A,0.115867585
MOBY,M3,500,Met,MAR,A,0.019458678
MOBY,M3,500,Met,MAR,A,0.098177877
MOBY,M3,500,Met,MAR,A,0.080488169
MOBY,M3,500,Met,MAR,A,0.033610444
MOBY,M3,500,Met,MAR,A,0.260038701
MOBY,M3,500,Met,MAR,A,0.145055602
MOBY,M3,500,Met,MAR,A,0.121174497
MOBY,M3,500,Met,MAR,A,0.023881105
MOBY,M3,500,Met,MAR,A,0.081372655
MOBY,M3,500,Met,MAR,A,0.04599324
MOBY,M3,500,Met,MAR,A,0.027419047
MOBY,M3,500,Met,MAR,A,0.018574193
MOBY,M3,500,Met,MAR,A,0.061029491
MOBY,M3,500,Met,MAR,A,0.084910596
MOBY,M3,500,Met,MAR,A,0.107907216
MOBY,M3,500,Met,MAR,A,0.149478029
MOBY,M3,500,Met,MAR,A,0.04776221
MOBY,M3,500,Met,MAR,A,0.035379415
MOBY,M3,500,Met,MAR,A,0.218467889
MOBY,M3,500,Met,MAR,A,0.151247
MOBY,M3,500,Met,MAR,A,0.244117965
MOBY,M3,500,Met,MAR,A,0.19900921
MOBY,M3,500,Met,MAR,A,0.084026111
MOBY,M3,500,Met,MAR,A,0.043339784
MOBY,M3,500,Met,MAR,A,0.06898986
MOBY,M3,500,Met,MAR,A,0.079603684
MOBY,M3,500,Met,MAR,A,0.068105374
MOBY,M3,500,Met,MAR,A,0.030072503
MOBY,M3,500,Met,MAR,A,0.048646696
MOBY,M3,500,Met,MAR,A,0.236157596
MOBY,M3,500,Met,MAR,A,0.007075883
MOBY,M3,500,Met,MAR,A,0.091101994
MOBY,M3,500,Met,MAR,A,0.079603684
MOBY,M3,500,Met,MAR,A,0.123827953
MOBY,M3,500,Met,MAR,A,0.025650076
MOBY,M3,500,Met,MAR,A,0.079603684
MOBY,M3,500,Met,MAR,A,0.06898986
MOBY,M3,500,Met,MAR,A,0.063682947
MOBY,M3,500,Met,MAR,A,0.097293392
MOBY,M3,500,Met,MAR,A,0.030072503
MOBY,M3,500,Met,MAR,A,0.077834713
MOBY,M3,500,Met,MAR,A,0.293649146
MOBY,M3,500,Met,MAR,A,0.081372655
MOBY,M3,500,Met,MAR,A,0.21050752
MOBY,M3,500,Met,MAR,A,0.052184637
MOBY,M3,500,Met,MAR,A,0.040686327
MOBY,M3,500,Met,MAR,A,0.229081713
MOBY,M3,500,Met,MAR,A,0.189279871
MOBY,M3,500,Met,MAR,A,0.025650076
MOBY,M3,500,Met,MAR,A,0.239695538
MOBY,M3,500,Met,MAR,A,0.106138245
MOBY,M3,500,Met,MAR,A,0.052184637
MOBY,M3,500,Met,MAR,A,0.144171117
MOBY,M3,500,Met,MAR,A,0.023881105
MOBY,M3,500,Met,MAR,A,0.074296772
MOBY,M3,500,Met,MAR,A,0.122058982
MOBY,M3,500,Met,MAR,A,0.295418117
MOBY,M3,500,Met,MAR,A,0.115867585
MOBY,M3,500,Met,MAR,A,0.119405526
MOBY,M3,500,Met,MAR,A,0.134441778
MOBY,M3,500,Met,MAR,A,0.098177877
MOBY,M3,500,Met,MAR,A,0.131788321
MOBY,M3,500,Met,MAR,A,0.155669427
MOBY,M3,500,Met,MAR,A,0.06898986
MOBY,M3,500,Met,MAR,A,0.088448538
MOBY,M3,500,Met,MAR,A,0.170705678
MOBY,M3,500,Met,MAR,A,0.145940088
MOBY,M3,500,Met,MAR,A,0.025650076
MOBY,M3,500,Met,MAR,A,0.025650076
MOBY,M3,500,Met,MAR,A,0.303378485
MOBY,M3,500,Met,MAR,A,0.039801842
MOBY,M3,500,Met,MAR,A,0.039801842
MOBY,M3,500,Met,MAR,A,0.043339784
MOBY,M3,500,Met,MAR,A,0.141517661
MOBY,M3,500,Met,MAR,A,0.018574193
MOBY,M3,500,Met,MAR,A,0.017689708
MOBY,M3,500,Met,MAR,A,0.032725959
MOBY,M3,500,Met,MAR,A,0.060145006
MOBY,M3,500,Met,MAR,A,0.049531181
MOBY,M3,500,Met,MAR,A,0.173359134
MOBY,M3,500,Met,MAR,A,0.041570813
MOBY,M3,500,Met,MAR,A,0.033610444
MOBY,M3,500,Met,MAR,A,0.061913977
MOBY,M3,500,Met,MAR,A,0.083141626
MOBY,M3,500,Met,MAR,A,0.048646696
MOBY,M3,500,Met,MAR,A,0.031841474
MOBY,M3,500,Met,MAR,A,0.040686327
MOBY,M3,500,Met,MAR,A,0.064567433
MOBY,M3,500,Met,MAR,A,0.107022731
MOBY,M3,500,Met,MAR,A,0.254731789
MOBY,M3,500,Met,MAR,A,0.120290012
MOBY,M3,500,Met,MAR,A,0.084026111
MOBY,M3,500,Met,MAR,A,0.216698918
MOBY,M3,500,Met,MAR,A,0.122943468
MOBY,M3,500,Met,MAR,A,0.091986479
MOBY,M3,500,Met,MAR,A,0.202547152
MOBY,M3,500,Met,MAR,A,0.029188018
MOBY,M3,500,Met,MAR,A,0.079603684
MOBY,M3,500,Met,MAR,A,0.10525376
MOBY,M3,500,Met,MAR,A,0.071643316
MOBY,M3,500,Met,MAR,A,0.078719199
MOBY,M3,500,Met,MAR,A,0.080488169
MOBY,M3,500,Met,MAR,A,0.032725959
MOBY,M3,500,Met,MAR,A,0.036263901
MOBY,M3,500,Met,MAR,A,0.067220889
MOBY,M3,500,Met,MAR,A,0.086679567
MOBY,M3,500,Met,MAR,A,0.095524421
MOBY,M3,500,Met,MAR,A,0.058376035
MOBY,M3,500,Met,MAR,A,0.110560672
MOBY,M3,500,Met,MAR,A,0.119405526
MOBY,M3,500,Met,MAR,A,0.043339784
MOBY,M3,500,Met,MAR,A,0.152131485
MOBY,M3,500,Met,MAR,A,0.186626415
MOBY,M3,500,Met,MAR,A,0.021227649
MOBY,M3,500,Met,MAR,A,0.061913977
MOBY,M3,500,Met,MAR,A,0.031841474
MOBY,M3,500,Met,MAR,A,0.281266351
MOBY,M3,500,Met,MAR,A,0.04776221
MOBY,M3,500,Met,MAR,A,0.072527801
MOBY,M3,500,Met,MAR,A,0.050415667
MOBY,M3,500,Met,MAR,A,0.056607064
MOBY,M3,500,Met,MAR,A,0.024765591
MOBY,M3,500,Met,MAR,A,0.025650076
MOBY,M3,500,Met,MAR,A,0.056607064
MOBY,M3,500,Met,MAR,A,0.016805222
MOBY,M3,500,Met,MAR,A,0.031841474
MOBY,M3,500,Met,MAR,A,0.092870965
MOBY,M3,500,Met,MAR,A,0.198124725
MOBY,M3,500,Met,MAR,A,0.03449493
MOBY,M3,500,Met,MAR,A,0.145940088
MOBY,M3,500,Met,MAR,A,0.040686327
MOBY,M3,500,Met,MAR,A,0.146824573
MOBY,M3,500,Met,MAR,A,0.115867585
MOBY,M3,500,Met,MAR,A,0.065451918
MOBY,M3,500,Met,MAR,A,0.06898986
MOBY,M3,500,Met,MAR,A,0.053953608
MOBY,M3,500,Met,MAR,A,0.27949738
MOBY,M3,500,Met,MAR,A,0.183088473
MOBY,M3,500,Met,MAR,A,0.094639936
MOBY,M3,500,Met,MAR,A,0.032725959
MOBY,M3,500,Met,MAR,A,0.041570813
MOBY,M3,500,Met,MAR,A,0.182203988
MOBY,M3,500,Met,MAR,A,0.113214129
MOBY,M3,500,Met,MAR,A,0.083141626
MOBY,M3,500,Met,MAR,A,0.088448538
MOBY,M3,500,Met,MAR,A,0.042455298
MOBY,M3,500,Met,MAR,A,0.108791702
MOBY,M3,500,Met,MAR,A,0.111445158
MOBY,M3,500,Met,MAR,A,0.030072503
MOBY,M3,500,Met,MAR,A,0.04599324
MOBY,M3,500,Met,MAR,A,0.237926567
MOBY,M3,500,Met,MAR,A,0.038032871
MOBY,M3,500,Met,MAR,A,0.171590164
MOBY,M3,500,Met,MAR,A,0.038032871
MOBY,M3,500,Met,MAR,A,0.045108754
MOBY,M3,500,Met,MAR,A,0.160091854
MOBY,M3,500,Met,MAR,A,0.072527801
MOBY,M4,100,Met,MAR,A,0.052592929
MOBY,M4,100,Met,MAR,A,0.125847366
MOBY,M4,100,Met,MAR,A,0.05071461
MOBY,M4,100,Met,MAR,A,0.097672583
MOBY,M4,100,Met,MAR,A,0.217884992
MOBY,M4,100,Met,MAR,A,0.060106205
MOBY,M4,100,Met,MAR,A,0.169048701
MOBY,M4,100,Met,MAR,A,0.272356241
MOBY,M4,100,Met,MAR,A,0.319314213
MOBY,M4,100,Met,MAR,A,0.039444697
MOBY,M4,100,Met,MAR,A,0.058227886
MOBY,M4,100,Met,MAR,A,0.191588528
MOBY,M4,100,Met,MAR,A,0.223519949
MOBY,M4,100,Met,MAR,A,0.030053102
MOBY,M4,100,Met,MAR,A,0.086402669
MOBY,M4,100,Met,MAR,A,0.197223485
MOBY,M4,100,Met,MAR,A,0.110820815
MOBY,M4,100,Met,MAR,A,0.026296465
MOBY,M4,100,Met,MAR,A,0.045079654
MOBY,M4,100,Met,MAR,A,0.082646032
MOBY,M4,100,Met,MAR,A,0.052592929
MOBY,M4,100,Met,MAR,A,0.227276587
MOBY,M4,100,Met,MAR,A,0.078889394
MOBY,M4,100,Met,MAR,A,0.092037626
MOBY,M4,100,Met,MAR,A,0.077011075
MOBY,M4,100,Met,MAR,A,0.095794264
MOBY,M4,100,Met,MAR,A,0.03380974
MOBY,M4,100,Met,MAR,A,0.172805339
MOBY,M4,100,Met,MAR,A,0.169048701
MOBY,M4,100,Met,MAR,A,0.052592929
MOBY,M4,100,Met,MAR,A,0.140873918
MOBY,M4,100,Met,MAR,A,0.152143831
MOBY,M4,100,Met,MAR,A,0.507146103
MOBY,M4,100,Met,MAR,A,0.268599603
MOBY,M4,100,Met,MAR,A,0.22164163
MOBY,M4,100,Met,MAR,A,0.024418146
MOBY,M4,100,Met,MAR,A,0.110820815
MOBY,M4,100,Met,MAR,A,0.063862843
MOBY,M4,100,Met,MAR,A,0.10330754
MOBY,M4,100,Met,MAR,A,0.01690487
MOBY,M4,100,Met,MAR,A,0.108942496
MOBY,M4,100,Met,MAR,A,0.01690487
MOBY,M4,100,Met,MAR,A,0.020661508
MOBY,M4,100,Met,MAR,A,0.127725685
MOBY,M4,100,Met,MAR,A,0.12021241
MOBY,M4,100,Met,MAR,A,0.262964646
MOBY,M4,100,Met,MAR,A,0.028174784
MOBY,M4,100,Met,MAR,A,0.35875891
MOBY,M4,100,Met,MAR,A,0.140873918
MOBY,M4,100,Met,MAR,A,0.347488997
MOBY,M4,100,Met,MAR,A,0.266721284
MOBY,M4,100,Met,MAR,A,0.161535425
MOBY,M4,100,Met,MAR,A,0.165292063
MOBY,M4,100,Met,MAR,A,0.405716883
MOBY,M4,100,Met,MAR,A,0.075132756
MOBY,M4,100,Met,MAR,A,0.090159307
MOBY,M4,100,Met,MAR,A,0.234789863
MOBY,M4,100,Met,MAR,A,0.024418146
MOBY,M4,100,Met,MAR,A,0.161535425
MOBY,M4,100,Met,MAR,A,0.020661508
MOBY,M4,100,Met,MAR,A,0.152143831
MOBY,M4,100,Met,MAR,A,0.035688059
MOBY,M4,100,Met,MAR,A,0.097672583
MOBY,M4,100,Met,MAR,A,0.06761948
MOBY,M4,100,Met,MAR,A,0.219763311
MOBY,M4,100,Met,MAR,A,0.035688059
MOBY,M4,100,Met,MAR,A,0.018783189
MOBY,M4,100,Met,MAR,A,0.148387193
MOBY,M4,100,Met,MAR,A,0.347488997
MOBY,M4,100,Met,MAR,A,0.253573052
MOBY,M4,100,Met,MAR,A,0.095794264
MOBY,M4,100,Met,MAR,A,0.071376118
MOBY,M4,100,Met,MAR,A,0.108942496
MOBY,M4,100,Met,MAR,A,0.430135028
MOBY,M4,100,Met,MAR,A,0.107064177
MOBY,M4,100,Met,MAR,A,0.009391595
MOBY,M4,100,Met,MAR,A,0.028174784
MOBY,M4,100,Met,MAR,A,0.13711728
MOBY,M4,100,Met,MAR,A,0.351245634
MOBY,M4,100,Met,MAR,A,0.028174784
MOBY,M4,100,Met,MAR,A,0.184075252
MOBY,M4,100,Met,MAR,A,0.133360642
MOBY,M4,100,Met,MAR,A,0.144630555
MOBY,M4,100,Met,MAR,A,0.046957973
MOBY,M4,100,Met,MAR,A,0.045079654
MOBY,M4,100,Met,MAR,A,0.018783189
MOBY,M4,100,Met,MAR,A,0.020661508
MOBY,M4,100,Met,MAR,A,0.161535425
MOBY,M4,100,Met,MAR,A,0.065741162
MOBY,M4,100,Met,MAR,A,0.10330754
MOBY,M4,100,Met,MAR,A,0.015026551
MOBY,M4,100,Met,MAR,A,0.13711728
MOBY,M4,100,Met,MAR,A,0.05071461
MOBY,M4,100,Met,MAR,A,0.219763311
MOBY,M4,100,Met,MAR,A,0.202858441
MOBY,M4,100,Met,MAR,A,0.075132756
MOBY,M4,100,Met,MAR,A,0.146508874
MOBY,M4,100,Met,MAR,A,0.20473676
MOBY,M4,100,Met,MAR,A,0.080767713
MOBY,M4,100,Met,MAR,A,0.110820815
MOBY,M4,100,Met,MAR,A,0.026296465
MOBY,M4,100,Met,MAR,A,0.105185858
MOBY,M4,100,Met,MAR,A,0.116455772
MOBY,M4,100,Met,MAR,A,0.086402669
MOBY,M4,100,Met,MAR,A,0.061984524
MOBY,M4,100,Met,MAR,A,0.125847366
MOBY,M4,100,Met,MAR,A,0.080767713
MOBY,M4,100,Met,MAR,A,0.29113943
MOBY,M4,100,Met,MAR,A,0.045079654
MOBY,M4,100,Met,MAR,A,0.095794264
MOBY,M4,100,Met,MAR,A,0.026296465
MOBY,M4,100,Met,MAR,A,0.039444697
MOBY,M4,100,Met,MAR,A,0.024418146
MOBY,M4,100,Met,MAR,A,0.018783189
MOBY,M4,100,Met,MAR,A,0.373785461
MOBY,M4,100,Met,MAR,A,0.092037626
MOBY,M4,100,Met,MAR,A,0.370028823
MOBY,M4,100,Met,MAR,A,0.302409343
MOBY,M4,100,Met,MAR,A,0.244181457
MOBY,M4,100,Met,MAR,A,0.052592929
MOBY,M4,100,Met,MAR,A,0.099550902
MOBY,M4,100,Met,MAR,A,0.073254437
MOBY,M4,100,Met,MAR,A,0.116455772
MOBY,M4,100,Met,MAR,A,0.281747835
MOBY,M4,100,Met,MAR,A,0.197223485
MOBY,M4,100,Met,MAR,A,0.031931421
MOBY,M4,100,Met,MAR,A,0.29113943
MOBY,M4,100,Met,MAR,A,0.385055375
MOBY,M4,100,Met,MAR,A,0.279869516
MOBY,M4,100,Met,MAR,A,0.046957973
MOBY,M4,100,Met,MAR,A,0.253573052
MOBY,M4,100,Met,MAR,A,0.217884992
MOBY,M4,100,Met,MAR,A,0.264842965
MOBY,M4,100,Met,MAR,A,0.182196933
MOBY,M4,100,Met,MAR,A,0.123969047
MOBY,M4,100,Met,MAR,A,0.110820815
MOBY,M4,100,Met,MAR,A,0.080767713
MOBY,M4,100,Met,MAR,A,0.405716883
MOBY,M4,100,Met,MAR,A,0.231033225
MOBY,M4,100,Met,MAR,A,0.101429221
MOBY,M4,100,Met,MAR,A,0.484606276
MOBY,M4,100,Met,MAR,A,0.167170382
MOBY,M4,100,Met,MAR,A,0.362515548
MOBY,M4,100,Met,MAR,A,0.743814285
MOBY,M4,100,Met,MAR,A,0.095794264
MOBY,M4,100,Met,MAR,A,0.368150505
MOBY,M4,100,Met,MAR,A,0.030053102
MOBY,M4,100,Met,MAR,A,0.10330754
MOBY,M4,100,Met,MAR,A,0.180318614
MOBY,M4,100,Met,MAR,A,0.088280988
MOBY,M4,100,Met,MAR,A,0.326827489
MOBY,M4,100,Met,MAR,A,0.065741162
MOBY,M4,100,Met,MAR,A,0.05071461
MOBY,M4,100,Met,MAR,A,0.146508874
MOBY,M4,100,Met,MAR,A,0.317435894
MOBY,M4,100,Met,MAR,A,0.595427091
MOBY,M4,100,Met,MAR,A,0.448918217
MOBY,M4,100,Met,MAR,A,0.277991197
MOBY,M4,100,Met,MAR,A,0.403838564
MOBY,M4,100,Met,MAR,A,0.116455772
MOBY,M4,100,Met,MAR,A,0.334340764
MOBY,M4,100,Met,MAR,A,0.045079654
MOBY,M4,100,Met,MAR,A,0.061984524
MOBY,M4,100,Met,MAR,A,0.148387193
MOBY,M4,100,Met,MAR,A,0.030053102
MOBY,M4,100,Met,MAR,A,0.140873918
MOBY,M4,100,Met,MAR,A,0.138995599
MOBY,M4,100,Met,MAR,A,0.306165981
MOBY,M4,100,Met,MAR,A,0.569130627
MOBY,M4,100,Met,MAR,A,0.236668181
MOBY,M4,100,Met,MAR,A,0.159657107
MOBY,M4,100,Met,MAR,A,0.266721284
MOBY,M4,100,Met,MAR,A,0.169048701
MOBY,M4,100,Met,MAR,A,0.075132756
MOBY,M4,100,Met,MAR,A,0.075132756
MOBY,M4,100,Met,MAR,A,0.360637229
MOBY,M4,100,Met,MAR,A,0.169048701
MOBY,M4,100,Met,MAR,A,0.069497799
MOBY,M4,100,Met,MAR,A,0.405716883
MOBY,M4,100,Met,MAR,A,0.415108477
MOBY,M4,100,Met,MAR,A,0.046957973
MOBY,M4,100,Met,MAR,A,0.105185858
MOBY,M4,100,Met,MAR,A,0.20473676
MOBY,M4,100,Met,MAR,A,0.787015619
MOBY,M4,100,Met,MAR,A,0.298652705
MOBY,M4,100,Met,MAR,A,0.2385465
MOBY,M4,100,Met,MAR,A,0.048836291
MOBY,M4,100,Met,MAR,A,0.234789863
MOBY,M4,100,Met,MAR,A,0.03380974
MOBY,M4,100,Met,MAR,A,0.135238961
MOBY,M4,100,Met,MAR,A,0.142752236
MOBY,M4,100,Met,MAR,A,0.25545137
MOBY,M4,100,Met,MAR,A,0.903471391
MOBY,M4,100,Met,MAR,A,0.17092702
MOBY,M4,100,Met,MAR,A,0.251694733
MOBY,M4,100,Met,MAR,A,0.035688059
MOBY,M4,100,Met,MAR,A,0.200980122
MOBY,M4,100,Met,MAR,A,0.018783189
MOBY,M4,100,Met,MAR,A,0.398203607
MOBY,M4,100,Met,MAR,A,0.347488997
MOBY,M4,100,Met,MAR,A,0.095794264
MOBY,M4,100,Met,MAR,A,0.338097402
MOBY,M4,100,Met,MAR,A,0.133360642
MOBY,M4,100,Met,MAR,A,0.107064177
MOBY,M4,100,Met,MAR,A,0.293017748
MOBY,M4,100,Met,MAR,A,0.296774386
MOBY,M4,100,Met,MAR,A,0.231033225
MOBY,M4,100,Met,MAR,A,0.045079654
MOBY,M4,100,Met,MAR,A,0.157778788
MOBY,M4,100,Met,MAR,A,0.035688059
MOBY,M4,100,Met,MAR,A,0.493997871
MOBY,M4,100,Met,MAR,A,0.152143831
MOBY,M4,100,Met,MAR,A,0.398203607
MOBY,M4,100,Met,MAR,A,0.172805339
MOBY,M4,100,Met,MAR,A,0.063862843
MOBY,M4,100,Met,MAR,A,0.161535425
MOBY,M4,100,Met,MAR,A,0.475214682
MOBY,M4,100,Met,MAR,A,0.199101803
MOBY,M4,100,Met,MAR,A,0.056349567
MOBY,M4,100,Met,MAR,A,0.783258982
MOBY,M4,100,Met,MAR,A,0.022539827
MOBY,M4,100,Met,MAR,A,0.234789863
MOBY,M4,100,Met,MAR,A,0.086402669
MOBY,M4,100,Met,MAR,A,0.328705808
MOBY,M4,100,Met,MAR,A,0.572887265
MOBY,M4,100,Met,MAR,A,0.172805339
MOBY,M4,100,Met,MAR,A,0.146508874
MOBY,M4,100,Met,MAR,A,0.058227886
MOBY,M4,100,Met,MAR,A,0.043201335
MOBY,M4,100,Met,MAR,A,0.086402669
MOBY,M4,100,Met,MAR,A,0.189710209
MOBY,M4,100,Met,MAR,A,0.261086327
MOBY,M4,100,Met,MAR,A,0.185953571
MOBY,M4,100,Met,MAR,A,0.037566378
MOBY,M4,100,Met,MAR,A,0.028174784
MOBY,M4,100,Met,MAR,A,0.045079654
MOBY,M4,100,Met,MAR,A,0.065741162
MOBY,M4,100,Met,MAR,A,0.060106205
MOBY,M4,100,Met,MAR,A,0.035688059
MOBY,M4,100,Met,MAR,A,0.347488997
MOBY,M4,100,Met,MAR,A,0.336219083
MOBY,M4,100,Met,MAR,A,0.069497799
MOBY,M4,100,Met,MAR,A,0.287382792
MOBY,M4,100,Met,MAR,A,0.140873918
MOBY,M4,100,Met,MAR,A,0.40947352
MOBY,M4,100,Met,MAR,A,0.172805339
MOBY,M4,100,Met,MAR,A,0.129604004
MOBY,M4,100,Met,MAR,A,0.206615079
MOBY,M4,100,Met,MAR,A,0.214128355
MOBY,M4,100,Met,MAR,A,0.185953571
MOBY,M4,100,Met,MAR,A,0.240424819
MOBY,M4,100,Met,MAR,A,0.075132756
MOBY,M4,100,Met,MAR,A,0.031931421
MOBY,M4,100,Met,MAR,A,0.244181457
MOBY,M4,100,Met,MAR,A,0.347488997
MOBY,M4,100,Met,MAR,A,0.165292063
MOBY,M4,100,Met,MAR,A,0.277991197
MOBY,M4,100,Met,MAR,A,0.043201335
MOBY,M4,100,Met,MAR,A,0.140873918
MOBY,M4,100,Met,MAR,A,0.086402669
MOBY,M4,100,Met,MAR,A,0.020661508
MOBY,M4,100,Met,MAR,A,0.219763311
MOBY,M4,100,Met,MAR,A,0.432013347
MOBY,M4,100,Met,MAR,A,0.261086327
MOBY,M4,100,Met,MAR,A,0.011269913
MOBY,M4,100,Met,MAR,A,0.276112878
MOBY,M4,100,Met,MAR,A,0.030053102
MOBY,M4,100,Met,MAR,A,0.339975721
MOBY,M4,100,Met,MAR,A,0.317435894
MOBY,M4,100,Met,MAR,A,0.195345166
MOBY,M4,100,Met,MAR,A,0.231033225
MOBY,M4,100,Met,MAR,A,0.088280988
MOBY,M4,100,Met,MAR,A,0.332462445
MOBY,M4,100,Met,MAR,A,0.078889394
MOBY,M4,100,Met,MAR,A,0.095794264
MOBY,M4,100,Met,MAR,A,0.18783189
MOBY,M4,100,Met,MAR,A,0.383177056
MOBY,M4,100,Met,MAR,A,0.199101803
MOBY,M4,100,Met,MAR,A,0.073254437
MOBY,M4,100,Met,MAR,A,0.048836291
MOBY,M4,100,Met,MAR,A,0.077011075
MOBY,M4,100,Met,MAR,A,0.054471248
MOBY,M4,100,Met,MAR,A,0.069497799
MOBY,M4,100,Met,MAR,A,0.101429221
MOBY,M4,100,Met,MAR,A,0.364393867
MOBY,M4,100,Met,MAR,A,0.088280988
MOBY,M4,100,Met,MAR,A,0.06761948
MOBY,M4,100,Met,MAR,A,0.086402669
MOBY,M4,100,Met,MAR,A,0.142752236
MOBY,M4,100,Met,MAR,A,0.2385465
MOBY,M4,100,Met,MAR,A,0.077011075
MOBY,M4,100,Met,MAR,A,0.060106205
MOBY,M4,100,Met,MAR,A,0.144630555
MOBY,M4,100,Met,MAR,A,0.20473676
MOBY,M4,100,Met,MAR,A,0.208493398
MOBY,M4,100,Met,MAR,A,0.122090729
MOBY,M4,100,Met,MAR,A,0.240424819
MOBY,M4,100,Met,MAR,A,0.03380974
MOBY,M4,100,Met,MAR,A,0.082646032
MOBY,M4,100,Met,MAR,A,0.287382792
MOBY,M4,100,Met,MAR,A,0.116455772
MOBY,M4,100,Met,MAR,A,0.287382792
MOBY,M4,100,Met,MAR,A,0.099550902
MOBY,M4,100,Met,MAR,A,0.210371717
MOBY,M4,100,Met,MAR,A,0.174683658
MOBY,M4,100,Met,MAR,A,0.172805339
MOBY,M4,100,Met,MAR,A,0.075132756
MOBY,M4,100,Met,MAR,A,0.163413744
MOBY,M4,100,Met,MAR,A,0.048836291
MOBY,M4,100,Met,MAR,A,0.082646032
MOBY,M4,100,Met,MAR,A,0.031931421
MOBY,M4,100,Met,MAR,A,0.323070851
MOBY,M4,100,Met,MAR,A,0.046957973
MOBY,M4,100,Met,MAR,A,0.097672583
MOBY,M4,100,Met,MAR,A,0.259208008
MOBY,M4,100,Met,MAR,A,0.035688059
MOBY,M4,100,Met,MAR,A,0.195345166
MOBY,M4,100,Met,MAR,A,0.232911544
MOBY,M4,100,Met,MAR,A,0.054471248
MOBY,M4,100,Met,MAR,A,0.302409343
MOBY,M4,100,Met,MAR,A,0.272356241
MOBY,M4,100,Met,MAR,A,0.232911544
MOBY,M4,100,Met,MAR,A,0.249816414
MOBY,M4,100,Met,MAR,A,0.208493398
MOBY,M4,100,Met,MAR,A,0.10330754
MOBY,M4,100,Met,MAR,A,0.071376118
MOBY,M4,100,Met,MAR,A,0.028174784
MOBY,M4,100,Met,MAR,A,0.200980122
MOBY,M4,100,Met,MAR,A,0.046957973
MOBY,M4,100,Met,MAR,A,0.191588528
MOBY,M4,100,Met,MAR,A,0.024418146
MOBY,M4,100,Met,MAR,A,0.152143831
MOBY,M4,100,Met,MAR,A,0.206615079
MOBY,M4,100,Met,MAR,A,0.116455772
MOBY,M4,100,Met,MAR,A,0.061984524
MOBY,M4,100,Met,MAR,A,0.024418146
MOBY,M4,100,Met,MAR,A,0.619845237
MOBY,M4,100,Met,MAR,A,0.129604004
MOBY,M4,100,Met,MAR,A,0.394446969
MOBY,M4,100,Met,MAR,A,0.174683658
MOBY,M4,100,Met,MAR,A,0.075132756
MOBY,M4,100,Met,MAR,A,0.640506745
MOBY,M4,100,Met,MAR,A,0.191588528
MOBY,M4,100,Met,MAR,A,0.133360642
MOBY,M4,100,Met,MAR,A,0.366272186
MOBY,M4,100,Met,MAR,A,0.249816414
MOBY,M4,100,Met,MAR,A,0.018783189
MOBY,M4,100,Met,MAR,A,0.176561977
MOBY,M4,100,Met,MAR,A,0.028174784
MOBY,M4,100,Met,MAR,A,0.257329689
MOBY,M4,100,Met,MAR,A,0.107064177
MOBY,M4,100,Met,MAR,A,0.131482323
MOBY,M4,100,Met,MAR,A,0.095794264
MOBY,M4,100,Met,MAR,A,0.242303138
MOBY,M4,100,Met,MAR,A,0.155900469
MOBY,M4,100,Met,MAR,A,0.031931421
MOBY,M4,100,Met,MAR,A,0.060106205
MOBY,M4,100,Met,MAR,A,0.319314213
MOBY,M4,100,Met,MAR,A,0.048836291
MOBY,M4,100,Met,MAR,A,0.32494917
MOBY,M4,100,Met,MAR,A,0.140873918
MOBY,M4,100,Met,MAR,A,0.080767713
MOBY,M4,100,Met,MAR,A,0.167170382
MOBY,M4,100,Met,MAR,A,0.052592929
MOBY,M4,100,Met,MAR,A,0.046957973
MOBY,M4,100,Met,MAR,A,0.184075252
MOBY,M4,100,Met,MAR,A,0.078889394
MOBY,M4,100,Met,MAR,A,0.108942496
MOBY,M4,100,Met,MAR,A,0.080767713
MOBY,M4,100,Met,MAR,A,0.133360642
MOBY,M4,100,Met,MAR,A,0.009391595
MOBY,M4,100,Met,MAR,A,0.247938095
MOBY,M4,100,Met,MAR,A,0.048836291
MOBY,M4,100,Met,MAR,A,0.180318614
MOBY,M4,100,Met,MAR,A,0.217884992
MOBY,M4,100,Met,MAR,A,0.133360642
MOBY,M4,100,Met,MAR,A,0.197223485
MOBY,M4,100,Met,MAR,A,0.242303138
MOBY,M4,100,Met,MAR,A,0.086402669
MOBY,M4,100,Met,MAR,A,0.043201335
MOBY,M4,100,Met,MAR,A,0.123969047
MOBY,M4,100,Met,MAR,A,0.163413744
MOBY,M4,100,Met,MAR,A,0.054471248
MOBY,M4,100,Met,MAR,A,0.223519949
MOBY,M4,100,Met,MAR,A,0.035688059
MOBY,M4,100,Met,MAR,A,0.247938095
MOBY,M4,100,Met,MAR,A,0.180318614
MOBY,M4,100,Met,MAR,A,0.084524351
MOBY,M4,100,Met,MAR,A,0.026296465
MOBY,M4,100,Met,MAR,A,0.140873918
MOBY,M4,100,Met,MAR,A,0.140873918
MOBY,M4,100,Met,MAR,A,0.362515548
MOBY,M4,100,Met,MAR,A,0.020661508
MOBY,M4,100,Met,MAR,A,0.028174784
MOBY,M4,100,Met,MAR,A,0.037566378
MOBY,M4,100,Met,MAR,A,0.246059776
MOBY,M4,100,Met,MAR,A,0.157778788
MOBY,M4,100,Met,MAR,A,0.065741162
MOBY,M4,100,Met,MAR,A,0.555982395
MOBY,M4,100,Met,MAR,A,0.161535425
MOBY,M4,100,Met,MAR,A,0.279869516
MOBY,M4,100,Met,MAR,A,0.061984524
MOBY,M4,100,Met,MAR,A,0.082646032
MOBY,M4,100,Met,MAR,A,0.114577453
MOBY,M4,100,Met,MAR,A,0.061984524
MOBY,M4,100,Met,MAR,A,0.195345166
MOBY,M4,100,Met,MAR,A,0.232911544
MOBY,M4,100,Met,MAR,A,0.355002272
MOBY,M4,100,Met,MAR,A,0.06761948
MOBY,M4,100,Met,MAR,A,0.388812012
MOBY,M4,100,Met,MAR,A,0.150265512
MOBY,M4,100,Met,MAR,A,0.075132756
MOBY,M4,100,Met,MAR,A,0.086402669
MOBY,M4,100,Met,MAR,A,0.223519949
MOBY,M4,100,Met,MAR,A,0.028174784
MOBY,M4,100,Met,MAR,A,0.364393867
MOBY,M4,100,Met,MAR,A,0.041323016
MOBY,M4,100,Met,MAR,A,0.069497799
MOBY,M4,100,Met,MAR,A,0.030053102
MOBY,M4,100,Met,MAR,A,0.760719155
MOBY,M4,100,Met,MAR,A,0.251694733
MOBY,M4,100,Met,MAR,A,0.06761948
MOBY,M4,100,Met,MAR,A,0.073254437
MOBY,M4,100,Met,MAR,A,0.140873918
MOBY,M4,100,Met,MAR,A,0.323070851
MOBY,M4,100,Met,MAR,A,0.03380974
MOBY,M4,100,Met,MAR,A,0.028174784
MOBY,M4,100,Met,MAR,A,0.088280988
MOBY,M4,100,Met,MAR,A,0.020661508
MOBY,M4,100,Met,MAR,A,0.026296465
MOBY,M4,100,Met,MAR,A,0.398203607
MOBY,M4,100,Met,MAR,A,0.101429221
MOBY,M4,100,Met,MAR,A,0.088280988
MOBY,M4,100,Met,MAR,A,0.086402669
MOBY,M4,100,Met,MAR,A,0.163413744
MOBY,M4,100,Met,MAR,A,0.048836291
MOBY,M4,100,Met,MAR,A,0.046957973
MOBY,M4,100,Met,MAR,A,0.217884992
MOBY,M4,100,Met,MAR,A,0.061984524
MOBY,M4,100,Met,MAR,A,0.073254437
MOBY,M4,100,Met,MAR,A,0.253573052
MOBY,M4,100,Met,MAR,A,0.060106205
MOBY,M4,100,Met,MAR,A,0.071376118
MOBY,M4,100,Met,MAR,A,0.080767713
MOBY,M4,100,Met,MAR,A,0.268599603
MOBY,M4,100,Met,MAR,A,0.131482323
MOBY,M4,100,Met,MAR,A,0.054471248
MOBY,M4,100,Met,MAR,A,0.216006674
MOBY,M4,100,Met,MAR,A,0.167170382
MOBY,M4,100,Met,MAR,A,0.148387193
MOBY,M4,100,Met,MAR,A,0.048836291
MOBY,M4,100,Met,MAR,A,0.351245634
MOBY,M4,100,Met,MAR,A,0.097672583
MOBY,M4,100,Met,MAR,A,0.093915945
MOBY,M4,100,Met,MAR,A,0.127725685
MOBY,M4,100,Met,MAR,A,0.030053102
MOBY,M4,100,Met,MAR,A,0.296774386
MOBY,M4,100,Met,MAR,A,0.108942496
MOBY,M4,100,Met,MAR,A,0.048836291
MOBY,M4,100,Met,MAR,A,0.15402215
MOBY,M4,100,Met,MAR,A,0.118334091
MOBY,M4,100,Met,MAR,A,0.06761948
MOBY,M4,100,Met,MAR,A,0.110820815
MOBY,M4,100,Met,MAR,A,0.092037626
MOBY,M4,100,Met,MAR,A,0.167170382
MOBY,M4,100,Met,MAR,A,0.200980122
MOBY,M4,100,Met,MAR,A,0.210371717
MOBY,M4,100,Met,MAR,A,0.093915945
MOBY,M4,100,Met,MAR,A,0.133360642
MOBY,M4,100,Met,MAR,A,0.22164163
MOBY,M4,100,Met,MAR,A,0.159657107
MOBY,M4,100,Met,MAR,A,0.13711728
MOBY,M4,100,Met,MAR,A,0.043201335
MOBY,M4,100,Met,MAR,A,0.095794264
MOBY,M4,100,Met,MAR,A,0.052592929
MOBY,M4,100,Met,MAR,A,0.048836291
MOBY,M4,100,Met,MAR,A,0.056349567
MOBY,M4,100,Met,MAR,A,0.313679256
MOBY,M4,100,Met,MAR,A,0.024418146
MOBY,M4,100,Met,MAR,A,0.313679256
MOBY,M4,100,Met,MAR,A,0.122090729
MOBY,M4,100,Met,MAR,A,0.03380974
MOBY,M4,100,Met,MAR,A,0.246059776
MOBY,M4,100,Met,MAR,A,0.101429221
MOBY,M4,100,Met,MAR,A,0.268599603
MOBY,M4,100,Met,MAR,A,0.135238961
MOBY,M4,100,Met,MAR,A,0.20473676
MOBY,M4,100,Met,MAR,A,0.257329689
MOBY,M4,100,Met,MAR,A,0.020661508
MOBY,M4,100,Met,MAR,A,0.394446969
MOBY,M4,100,Met,MAR,A,0.097672583
MOBY,M4,100,Met,MAR,A,0.101429221
MOBY,M4,100,Met,MAR,A,0.199101803
MOBY,M4,100,Met,MAR,A,0.035688059
MOBY,M4,100,Met,MAR,A,0.041323016
MOBY,M4,100,Met,MAR,A,0.097672583
MOBY,M4,100,Met,MAR,A,0.321192532
MOBY,M4,100,Met,MAR,A,0.413230158
MOBY,M4,100,Met,MAR,A,0.138995599
MOBY,M4,100,Met,MAR,A,0.51278106
MOBY,M4,100,Met,MAR,A,0.321192532
MOBY,M4,100,Met,MAR,A,0.377542099
MOBY,M4,100,Met,MAR,A,0.302409343
MOBY,M4,100,Met,MAR,A,0.095794264
MOBY,M4,100,Met,MAR,A,0.415108477
MOBY,M4,100,Met,MAR,A,0.13711728
MOBY,M4,100,Met,MAR,A,0.101429221
MOBY,M4,100,Met,MAR,A,0.05071461
MOBY,M4,100,Met,MAR,A,0.026296465
MOBY,M4,100,Met,MAR,A,0.080767713
MOBY,M4,100,Met,MAR,A,0.046957973
MOBY,M4,100,Met,MAR,A,0.279869516
MOBY,M4,100,Met,MAR,A,0.189710209
MOBY,M4,100,Met,MAR,A,0.082646032
MOBY,M4,100,Met,MAR,A,0.063862843
MOBY,M4,100,Met,MAR,A,0.061984524
MOBY,M4,100,Met,MAR,A,0.077011075
MOBY,M4,100,Met,MAR,A,0.413230158
MOBY,M4,100,Met,MAR,A,0.232911544
MOBY,M4,100,Met,MAR,A,0.208493398
MOBY,M4,100,Met,MAR,A,0.060106205
MOBY,M4,100,Met,MAR,A,0.35875891
MOBY,M4,100,Met,MAR,A,0.037566378
MOBY,M4,100,Met,MAR,A,0.176561977
MOBY,M4,100,Met,MAR,A,0.140873918
MOBY,M4,100,Met,MAR,A,0.03380974
MOBY,M4,100,Met,MAR,A,0.01690487
MOBY,M4,100,Met,MAR,A,0.550347438
MOBY,M4,100,Met,MAR,A,0.022539827
MOBY,M4,100,Met,MAR,A,0.172805339
MOBY,M4,100,Met,MAR,A,0.210371717
MOBY,M4,100,Met,MAR,A,0.25545137
MOBY,M4,100,Met,MAR,A,0.058227886
MOBY,M4,100,Met,MAR,A,0.082646032
MOBY,M4,100,Met,MAR,A,0.030053102
MOBY,M4,100,Met,MAR,A,0.195345166
MOBY,M4,100,Met,MAR,A,0.046957973
MOBY,M4,100,Met,MAR,A,0.088280988
MOBY,M4,100,Met,MAR,A,0.026296465
MOBY,M4,100,Met,MAR,A,0.030053102
MOBY,M4,100,Met,MAR,A,0.011269913
MOBY,M4,100,Met,MAR,A,0.075132756
MOBY,M4,100,Met,MAR,A,0.364393867
MOBY,M4,100,Met,MAR,A,0.075132756
MOBY,M4,100,Met,MAR,A,0.328705808
MOBY,M4,100,Met,MAR,A,0.125847366
MOBY,M4,100,Met,MAR,A,0.092037626
MOBY,M4,100,Met,MAR,A,0.013148232
MOBY,M4,100,Met,MAR,A,0.048836291
MOBY,M4,100,Met,MAR,A,0.403838564
MOBY,M4,100,Met,MAR,A,0.22164163
MOBY,M4,100,Met,MAR,A,0.373785461
MOBY,M4,100,Met,MAR,A,0.020661508
MOBY,M4,100,Met,MAR,A,0.045079654
MOBY,M4,100,Met,MAR,A,0.078889394
MOBY,M4,100,Met,MAR,A,0.097672583
MOBY,M4,100,Met,MAR,A,0.681829761
MOBY,M4,100,Met,MAR,A,0.039444697
MOBY,M4,100,Met,MAR,A,0.045079654
MOBY,M4,100,Met,MAR,A,0.069497799
MOBY,M4,100,Met,MAR,A,0.101429221
MOBY,M4,100,Met,MAR,A,0.180318614
MOBY,M4,100,Met,MAR,A,0.018783189
MOBY,M4,100,Met,MAR,A,0.191588528
MOBY,M4,100,Met,MAR,A,0.114577453
MOBY,M4,100,Met,MAR,A,0.052592929
MOBY,M4,100,Met,MAR,A,0.216006674
MOBY,M4,100,Met,MAR,A,0.05071461
MOBY,M4,100,Met,MAR,A,0.463944768
MOBY,M4,100,Met,MAR,A,0.234789863
MOBY,M4,100,Met,MAR,A,0.099550902
MOBY,M4,100,Met,MAR,A,0.114577453
MOBY,M4,100,Met,MAR,A,0.133360642
MOBY,M4,100,Met,MAR,A,0.219763311
MOBY,M4,100,Met,MAR,A,0.05071461
MOBY,M4,100,Met,MAR,A,0.13711728
MOBY,M4,100,Met,MAR,A,0.077011075
MOBY,M4,100,Met,MAR,A,0.157778788
MOBY,M4,100,Met,MAR,A,0.048836291
MOBY,M4,100,Met,MAR,A,0.039444697
MOBY,M4,100,Met,MAR,A,0.745692604
MOBY,M4,100,Met,MAR,A,0.03380974
MOBY,M4,100,Met,MAR,A,0.236668181
MOBY,M4,100,Met,MAR,A,0.371907142
MOBY,M4,100,Met,MAR,A,0.803920489
MOBY,M4,100,Met,MAR,A,0.140873918
MOBY,M4,100,Met,MAR,A,0.225398268
MOBY,M4,100,Met,MAR,A,0.296774386
MOBY,M4,100,Met,MAR,A,0.056349567
MOBY,M4,100,Met,MAR,A,0.110820815
MOBY,M4,100,Met,MAR,A,0.415108477
MOBY,M4,100,Met,MAR,A,0.045079654
MOBY,M4,100,Met,MAR,A,0.052592929
MOBY,M4,100,Met,MAR,A,0.49587619
MOBY,M4,100,Met,MAR,A,0.285504473
MOBY,M4,100,Met,MAR,A,0.25545137
MOBY,M4,100,Met,MAR,A,0.046957973
MOBY,M4,100,Met,MAR,A,0.17092702
MOBY,M4,100,Met,MAR,A,0.080767713
MOBY,M4,100,Met,MAR,A,0.092037626
MOBY,M4,100,Met,MAR,A,0.105185858
MOBY,M4,100,Met,MAR,A,0.065741162
MOBY,M4,100,Met,MAR,A,0.277991197
MOBY,M4,100,Met,MAR,A,0.339975721
MOBY,M4,100,Met,MAR,A,0.610453643
MOBY,M4,100,Met,MAR,A,0.432013347
MOBY,M4,100,Met,MAR,A,0.161535425
MOBY,M4,100,Met,MAR,A,0.225398268
MOBY,M4,100,Met,MAR,A,0.140873918
MOBY,M4,100,Met,MAR,A,0.368150505
MOBY,M4,100,Met,MAR,A,0.037566378
MOBY,M4,100,Met,MAR,A,0.026296465
MOBY,M4,100,Met,MAR,A,0.05071461
MOBY,M4,100,Met,MAR,A,0.396325288
MOBY,M4,100,Met,MAR,A,0.020661508
MOBY,M4,100,Met,MAR,A,0.077011075
MOBY,M4,100,Met,MAR,A,0.185953571
MOBY,M4,100,Met,MAR,A,0.206615079
MOBY,M4,100,Met,MAR,A,0.028174784
MOBY,M4,100,Met,MAR,A,0.355002272
MOBY,M4,100,Met,MAR,A,0.05071461
MOBY,M4,100,Met,MAR,A,0.407595201
MOBY,M4,100,Met,MAR,A,0.146508874
MOBY,M4,100,Met,MAR,A,0.10330754
MOBY,M4,100,Met,MAR,A,0.01690487
MOBY,M4,100,Met,MAR,A,0.082646032
MOBY,M4,100,Met,MAR,A,0.039444697
MOBY,M4,100,Met,MAR,A,0.065741162
MOBY,M4,100,Met,MAR,A,0.037566378
MOBY,M4,100,Met,MAR,A,0.223519949
MOBY,M4,100,Met,MAR,A,0.075132756
MOBY,M4,100,Met,MAR,A,0.22164163
MOBY,M4,100,Met,MAR,A,0.176561977
MOBY,M4,100,Met,MAR,A,0.03380974
MOBY,M4,100,Met,MAR,A,0.129604004
MOBY,M4,100,Met,MAR,A,0.225398268
MOBY,M4,100,Met,MAR,A,0.095794264
MOBY,M4,100,Met,MAR,A,0.013148232
MOBY,M4,100,Met,MAR,A,0.321192532
MOBY,M4,100,Met,MAR,A,0.045079654
MOBY,M4,100,Met,MAR,A,0.082646032
MOBY,M4,100,Met,MAR,A,0.097672583
MOBY,M4,100,Met,MAR,A,0.052592929
MOBY,M4,100,Met,MAR,A,0.030053102
MOBY,M4,100,Met,MAR,A,0.163413744
MOBY,M4,100,Met,MAR,A,0.039444697
MOBY,M4,100,Met,MAR,A,0.127725685
MOBY,M4,100,Met,MAR,A,0.018783189
MOBY,M4,100,Met,MAR,A,0.093915945
MOBY,M4,100,Met,MAR,A,0.122090729
MOBY,M4,100,Met,MAR,A,0.039444697
MOBY,M4,100,Met,MAR,A,0.559739032
MOBY,M4,100,Met,MAR,A,0.150265512
MOBY,M4,100,Met,MAR,A,0.34185404
MOBY,M4,100,Met,MAR,A,0.193466847
MOBY,M4,100,Met,MAR,A,0.244181457
MOBY,M4,100,Met,MAR,A,0.020661508
MOBY,M4,100,Met,MAR,A,0.092037626
MOBY,M4,100,Met,MAR,A,0.073254437
MOBY,M4,100,Met,MAR,A,0.080767713
MOBY,M4,100,Met,MAR,A,0.056349567
MOBY,M4,100,Met,MAR,A,0.317435894
MOBY,M4,100,Met,MAR,A,0.272356241
MOBY,M4,100,Met,MAR,A,0.157778788
MOBY,M4,100,Met,MAR,A,0.046957973
MOBY,M4,100,Met,MAR,A,0.668681529
MOBY,M4,100,Met,MAR,A,0.32494917
MOBY,M4,100,Met,MAR,A,0.080767713
MOBY,M4,100,Met,MAR,A,0.041323016
MOBY,M4,100,Met,MAR,A,0.028174784
MOBY,M4,100,Met,MAR,A,0.180318614
MOBY,M4,100,Met,MAR,A,0.227276587
MOBY,M4,100,Met,MAR,A,0.20473676
MOBY,M4,100,Met,MAR,A,0.345610678
MOBY,M4,100,Met,MAR,A,0.06761948
MOBY,M4,100,Met,MAR,A,0.082646032
MOBY,M4,100,Met,MAR,A,0.202858441
MOBY,M4,100,Met,MAR,A,0.030053102
MOBY,M4,100,Met,MAR,A,0.028174784
MOBY,M4,100,Met,MAR,A,0.054471248
MOBY,M4,100,Met,MAR,A,0.148387193
MOBY,M4,100,Met,MAR,A,0.009391595
MOBY,M4,100,Met,MAR,A,0.152143831
MOBY,M4,100,Met,MAR,A,0.176561977
MOBY,M4,100,Met,MAR,A,0.024418146
MOBY,M4,100,Met,MAR,A,0.013148232
MOBY,M4,100,Met,MAR,A,0.045079654
MOBY,M4,100,Met,MAR,A,0.056349567
MOBY,M4,100,Met,MAR,A,0.056349567
MOBY,M4,100,Met,MAR,A,0.131482323
MOBY,M4,100,Met,MAR,A,0.236668181
MOBY,M4,100,Met,MAR,A,0.123969047
MOBY,M4,100,Met,MAR,A,0.039444697
MOBY,M4,100,Met,MAR,A,0.035688059
MOBY,M4,100,Met,MAR,A,0.123969047
MOBY,M4,100,Met,MAR,A,0.266721284
MOBY,M4,100,Met,MAR,A,0.262964646
MOBY,M4,100,Met,MAR,A,0.063862843
MOBY,M4,100,Met,MAR,A,0.135238961
MOBY,M4,100,Met,MAR,A,0.775745706
MOBY,M4,100,Met,MAR,A,0.135238961
MOBY,M4,100,Met,MAR,A,0.163413744
MOBY,M4,100,Met,MAR,A,0.035688059
MOBY,M4,100,Met,MAR,A,0.184075252
MOBY,M4,100,Met,MAR,A,0.482727957
MOBY,M4,100,Met,MAR,A,0.065741162
MOBY,M4,100,Met,MAR,A,0.107064177
MOBY,M4,100,Met,MAR,A,0.035688059
MOBY,M4,100,Met,MAR,A,0.031931421
MOBY,M4,100,Met,MAR,A,0.060106205
MOBY,M4,100,Met,MAR,A,0.142752236
MOBY,M4,100,Met,MAR,A,0.199101803
MOBY,M4,100,Met,MAR,A,0.024418146
MOBY,M4,100,Met,MAR,A,0.043201335
MOBY,M4,100,Met,MAR,A,0.058227886
MOBY,M4,100,Met,MAR,A,0.133360642
MOBY,M4,100,Met,MAR,A,0.210371717
MOBY,M4,100,Met,MAR,A,0.046957973
MOBY,M4,100,Met,MAR,A,0.048836291
MOBY,M4,100,Met,MAR,A,0.364393867
MOBY,M4,100,Met,MAR,A,0.061984524
MOBY,M4,100,Met,MAR,A,0.110820815
MOBY,M4,100,Met,MAR,A,0.05071461
MOBY,M4,100,Met,MAR,A,0.045079654
MOBY,M4,100,Met,MAR,A,0.18783189
MOBY,M4,100,Met,MAR,A,0.061984524
MOBY,M4,100,Met,MAR,A,0.197223485
MOBY,M4,100,Met,MAR,A,0.148387193
MOBY,M4,100,Met,MAR,A,0.229154906
MOBY,M4,100,Met,MAR,A,0.082646032
MOBY,M4,100,Met,MAR,A,0.020661508
MOBY,M4,100,Met,MAR,A,0.03380974
MOBY,M4,100,Met,MAR,A,0.321192532
MOBY,M4,100,Met,MAR,A,0.129604004
MOBY,M4,100,Met,MAR,A,0.024418146
MOBY,M4,100,Met,MAR,A,0.249816414
MOBY,M4,100,Met,MAR,A,0.116455772
MOBY,M4,100,Met,MAR,A,0.086402669
MOBY,M4,100,Met,MAR,A,0.039444697
MOBY,M4,100,Met,MAR,A,0.088280988
MOBY,M4,100,Met,MAR,A,0.244181457
MOBY,M4,100,Met,MAR,A,0.022539827
MOBY,M4,100,Met,MAR,A,0.539077524
MOBY,M4,100,Met,MAR,A,0.236668181
MOBY,M4,100,Met,MAR,A,0.12021241
MOBY,M4,100,Met,MAR,A,0.024418146
MOBY,M4,100,Met,MAR,A,0.097672583
MOBY,M4,100,Met,MAR,A,0.041323016
MOBY,M4,100,Met,MAR,A,0.030053102
MOBY,M4,100,Met,MAR,A,0.184075252
MOBY,M4,100,Met,MAR,A,0.131482323
MOBY,M4,100,Met,MAR,A,0.452674855
MOBY,M4,100,Met,MAR,A,0.090159307
MOBY,M4,100,Met,MAR,A,0.25545137
MOBY,M4,100,Met,MAR,A,0.46206645
MOBY,M4,100,Met,MAR,A,0.157778788
MOBY,M4,100,Met,MAR,A,0.259208008
MOBY,M4,100,Met,MAR,A,0.499632828
MOBY,M4,100,Met,MAR,A,0.225398268
MOBY,M4,100,Met,MAR,A,0.060106205
MOBY,M4,100,Met,MAR,A,0.20473676
MOBY,M4,100,Met,MAR,A,0.099550902
MOBY,M4,100,Met,MAR,A,0.206615079
MOBY,M4,100,Met,MAR,A,0.097672583
MOBY,M4,100,Met,MAR,A,0.152143831
MOBY,M4,100,Met,MAR,A,0.075132756
MOBY,M4,100,Met,MAR,A,0.030053102
MOBY,M4,100,Met,MAR,A,0.03380974
MOBY,M4,100,Met,MAR,A,0.078889394
MOBY,M4,100,Met,MAR,A,0.216006674
MOBY,M4,100,Met,MAR,A,0.424500072
MOBY,M4,100,Met,MAR,A,0.200980122
MOBY,M4,100,Met,MAR,A,1.142017892
MOBY,M4,100,Met,MAR,A,0.148387193
MOBY,M4,100,Met,MAR,A,0.077011075
MOBY,M4,100,Met,MAR,A,0.114577453
MOBY,M4,100,Met,MAR,A,0.383177056
MOBY,M4,100,Met,MAR,A,0.018783189
MOBY,M4,100,Met,MAR,A,0.146508874
MOBY,M4,100,Met,MAR,A,0.210371717
MOBY,M4,100,Met,MAR,A,0.116455772
MOBY,M4,100,Met,MAR,A,0.155900469
MOBY,M4,100,Met,MAR,A,0.287382792
MOBY,M4,100,Met,MAR,A,0.065741162
MOBY,M4,100,Met,MAR,A,0.18783189
MOBY,M4,100,Met,MAR,A,0.086402669
MOBY,M4,100,Met,MAR,A,0.17092702
MOBY,M4,100,Met,MAR,A,0.03380974
MOBY,M4,100,Met,MAR,A,0.116455772
MOBY,M4,100,Met,MAR,A,0.182196933
MOBY,M4,100,Met,MAR,A,0.146508874
MOBY,M4,100,Met,MAR,A,0.214128355
MOBY,M4,100,Met,MAR,A,0.439526623
MOBY,M4,100,Met,MAR,A,0.18783189
MOBY,M4,100,Met,MAR,A,0.122090729
MOBY,M4,100,Met,MAR,A,0.276112878
MOBY,M4,100,Met,MAR,A,0.090159307
MOBY,M4,100,Met,MAR,A,0.093915945
MOBY,M4,100,Met,MAR,A,0.063862843
MOBY,M4,100,Met,MAR,A,0.294896067
MOBY,M4,100,Met,MAR,A,0.309922619
MOBY,M4,100,Met,MAR,A,0.090159307
MOBY,M4,100,Met,MAR,A,0.133360642
MOBY,M4,100,Met,MAR,A,0.110820815
MOBY,M4,100,Met,MAR,A,0.082646032
MOBY,M4,100,Met,MAR,A,0.509024422
MOBY,M4,100,Met,MAR,A,0.073254437
MOBY,M4,100,Met,MAR,A,0.112699134
MOBY,M4,100,Met,MAR,A,0.048836291
MOBY,M4,100,Met,MAR,A,0.05071461
MOBY,M4,100,Met,MAR,A,0.150265512
MOBY,M4,100,Met,MAR,A,0.03380974
MOBY,M4,100,Met,MAR,A,0.279869516
MOBY,M4,100,Met,MAR,A,0.133360642
MOBY,M4,100,Met,MAR,A,0.165292063
MOBY,M4,100,Met,MAR,A,0.2385465
MOBY,M4,100,Met,MAR,A,0.216006674
MOBY,M4,100,Met,MAR,A,0.167170382
MOBY,M4,100,Met,MAR,A,0.447039898
MOBY,M4,100,Met,MAR,A,0.041323016
MOBY,M4,100,Met,MAR,A,0.073254437
MOBY,M4,100,Met,MAR,A,0.251694733
MOBY,M4,100,Met,MAR,A,0.202858441
MOBY,M4,100,Met,MAR,A,0.133360642
MOBY,M4,100,Met,MAR,A,0.321192532
MOBY,M4,100,Met,MAR,A,0.097672583
MOBY,M4,100,Met,MAR,A,0.144630555
MOBY,M4,100,Met,MAR,A,0.056349567
MOBY,M4,100,Met,MAR,A,0.315557575
MOBY,M4,100,Met,MAR,A,0.362515548
MOBY,M4,100,Met,MAR,A,0.439526623
MOBY,M4,100,Met,MAR,A,0.281747835
MOBY,M4,100,Met,MAR,A,0.405716883
MOBY,M4,100,Met,MAR,A,0.097672583
MOBY,M4,100,Met,MAR,A,0.142752236
MOBY,M4,100,Met,MAR,A,0.03380974
MOBY,M4,100,Met,MAR,A,0.105185858
MOBY,M4,100,Met,MAR,A,0.071376118
MOBY,M4,100,Met,MAR,A,0.046957973
MOBY,M4,100,Met,MAR,A,0.063862843
MOBY,M4,100,Met,MAR,A,0.097672583
MOBY,M4,100,Met,MAR,A,0.197223485
MOBY,M4,100,Met,MAR,A,0.133360642
MOBY,M4,100,Met,MAR,A,0.065741162
MOBY,M4,100,Met,MAR,A,0.099550902
MOBY,M4,100,Met,MAR,A,0.048836291
MOBY,M4,100,Met,MAR,A,0.090159307
MOBY,M4,100,Met,MAR,A,0.296774386
MOBY,M4,100,Met,MAR,A,0.167170382
MOBY,M4,100,Met,MAR,A,0.060106205
MOBY,M4,100,Met,MAR,A,0.232911544
MOBY,M4,100,Met,MAR,A,0.287382792
MOBY,M4,100,Met,MAR,A,0.058227886
MOBY,M4,100,Met,MAR,A,0.40947352
MOBY,M4,100,Met,MAR,A,0.118334091
MOBY,M4,100,Met,MAR,A,0.25545137
MOBY,M4,100,Met,MAR,A,0.099550902
MOBY,M4,100,Met,MAR,A,0.386933694
MOBY,M4,100,Met,MAR,A,0.182196933
MOBY,M4,100,Met,MAR,B,0.027248146
MOBY,M4,100,Met,MAR,B,0.032357174
MOBY,M4,100,Met,MAR,B,0.023842128
MOBY,M4,100,Met,MAR,B,0.115804621
MOBY,M4,100,Met,MAR,B,0.114101612
MOBY,M4,100,Met,MAR,B,0.064714347
MOBY,M4,100,Met,MAR,B,0.212876142
MOBY,M4,100,Met,MAR,B,0.371255992
MOBY,M4,100,Met,MAR,B,0.115804621
MOBY,M4,100,Met,MAR,B,0.042575228
MOBY,M4,100,Met,MAR,B,0.253748361
MOBY,M4,100,Met,MAR,B,0.054496292
MOBY,M4,100,Met,MAR,B,0.045981247
MOBY,M4,100,Met,MAR,B,0.088556475
MOBY,M4,100,Met,MAR,B,0.352522891
MOBY,M4,100,Met,MAR,B,0.148161795
MOBY,M4,100,Met,MAR,B,0.217985169
MOBY,M4,100,Met,MAR,B,0.340601827
MOBY,M4,100,Met,MAR,B,0.045981247
MOBY,M4,100,Met,MAR,B,0.279293498
MOBY,M4,100,Met,MAR,B,0.132834713
MOBY,M4,100,Met,MAR,B,0.369552983
MOBY,M4,100,Met,MAR,B,0.304838635
MOBY,M4,100,Met,MAR,B,0.250342343
MOBY,M4,100,Met,MAR,B,0.110695594
MOBY,M4,100,Met,MAR,B,0.170300914
MOBY,M4,100,Met,MAR,B,0.127725685
MOBY,M4,100,Met,MAR,B,0.110695594
MOBY,M4,100,Met,MAR,B,0.185627996
MOBY,M4,100,Met,MAR,B,1.176779313
MOBY,M4,100,Met,MAR,B,0.129428694
MOBY,M4,100,Met,MAR,B,0.306541645
MOBY,M4,100,Met,MAR,B,0.110695594
MOBY,M4,100,Met,MAR,B,0.081744439
MOBY,M4,100,Met,MAR,B,0.045981247
MOBY,M4,100,Met,MAR,B,0.027248146
MOBY,M4,100,Met,MAR,B,0.025545137
MOBY,M4,100,Met,MAR,B,0.044278238
MOBY,M4,100,Met,MAR,B,0.112398603
MOBY,M4,100,Met,MAR,B,0.17711295
MOBY,M4,100,Met,MAR,B,0.333789791
MOBY,M4,100,Met,MAR,B,0.362740946
MOBY,M4,100,Met,MAR,B,0.567102042
MOBY,M4,100,Met,MAR,B,0.063011338
MOBY,M4,100,Met,MAR,B,0.211173133
MOBY,M4,100,Met,MAR,B,0.430861312
MOBY,M4,100,Met,MAR,B,0.042575228
MOBY,M4,100,Met,MAR,B,0.017030091
MOBY,M4,100,Met,MAR,B,0.034060183
MOBY,M4,100,Met,MAR,B,0.221391188
MOBY,M4,100,Met,MAR,B,0.081744439
MOBY,M4,100,Met,MAR,B,0.25545137
MOBY,M4,100,Met,MAR,B,0.207767115
MOBY,M4,100,Met,MAR,B,0.483654595
MOBY,M4,100,Met,MAR,B,0.093665503
MOBY,M4,100,Met,MAR,B,0.214579151
MOBY,M4,100,Met,MAR,B,0.3542259
MOBY,M4,100,Met,MAR,B,0.178815959
MOBY,M4,100,Met,MAR,B,0.081744439
MOBY,M4,100,Met,MAR,B,0.206064106
MOBY,M4,100,Met,MAR,B,0.286105535
MOBY,M4,100,Met,MAR,B,0.086853466
MOBY,M4,100,Met,MAR,B,0.15837985
MOBY,M4,100,Met,MAR,B,0.107289576
MOBY,M4,100,Met,MAR,B,0.412128211
MOBY,M4,100,Met,MAR,B,0.166894895
MOBY,M4,100,Met,MAR,B,0.023842128
MOBY,M4,100,Met,MAR,B,0.037466201
MOBY,M4,100,Met,MAR,B,0.449594412
MOBY,M4,100,Met,MAR,B,0.044278238
MOBY,M4,100,Met,MAR,B,0.085150457
MOBY,M4,100,Met,MAR,B,0.027248146
MOBY,M4,100,Met,MAR,B,0.071526384
MOBY,M4,100,Met,MAR,B,0.076635411
MOBY,M4,100,Met,MAR,B,0.061308329
MOBY,M4,100,Met,MAR,B,0.095368512
MOBY,M4,100,Met,MAR,B,0.03916921
MOBY,M4,100,Met,MAR,B,0.112398603
MOBY,M4,100,Met,MAR,B,0.206064106
MOBY,M4,100,Met,MAR,B,0.022139119
MOBY,M4,100,Met,MAR,B,0.189034014
MOBY,M4,100,Met,MAR,B,0.21628216
MOBY,M4,100,Met,MAR,B,0.23671827
MOBY,M4,100,Met,MAR,B,0.15837985
MOBY,M4,100,Met,MAR,B,0.389989092
MOBY,M4,100,Met,MAR,B,0.199252069
MOBY,M4,100,Met,MAR,B,0.451297421
MOBY,M4,100,Met,MAR,B,0.097071521
MOBY,M4,100,Met,MAR,B,0.093665503
MOBY,M4,100,Met,MAR,B,0.066417356
MOBY,M4,100,Met,MAR,B,0.284402526
MOBY,M4,100,Met,MAR,B,0.192440032
MOBY,M4,100,Met,MAR,B,0.03916921
MOBY,M4,100,Met,MAR,B,0.057902311
MOBY,M4,100,Met,MAR,B,0.100477539
MOBY,M4,100,Met,MAR,B,0.15837985
MOBY,M4,100,Met,MAR,B,0.478545567
MOBY,M4,100,Met,MAR,B,0.063011338
MOBY,M4,100,Met,MAR,B,0.122616658
MOBY,M4,100,Met,MAR,B,0.085150457
MOBY,M4,100,Met,MAR,B,0.209470124
MOBY,M4,100,Met,MAR,B,0.199252069
MOBY,M4,100,Met,MAR,B,0.200955078
MOBY,M4,100,Met,MAR,B,0.132834713
MOBY,M4,100,Met,MAR,B,0.136240731
MOBY,M4,100,Met,MAR,B,0.195846051
MOBY,M4,100,Met,MAR,B,0.154973831
MOBY,M4,100,Met,MAR,B,0.017030091
MOBY,M4,100,Met,MAR,B,0.103883557
MOBY,M4,100,Met,MAR,B,0.080041429
MOBY,M4,100,Met,MAR,B,0.05960532
MOBY,M4,100,Met,MAR,B,0.243530307
MOBY,M4,100,Met,MAR,B,0.03916921
MOBY,M4,100,Met,MAR,B,0.114101612
MOBY,M4,100,Met,MAR,B,0.31505669
MOBY,M4,100,Met,MAR,B,0.025545137
MOBY,M4,100,Met,MAR,B,0.042575228
MOBY,M4,100,Met,MAR,B,0.388286083
MOBY,M4,100,Met,MAR,B,0.068120365
MOBY,M4,100,Met,MAR,B,0.53304186
MOBY,M4,100,Met,MAR,B,0.068120365
MOBY,M4,100,Met,MAR,B,0.206064106
MOBY,M4,100,Met,MAR,B,0.052793283
MOBY,M4,100,Met,MAR,B,0.141349758
MOBY,M4,100,Met,MAR,B,0.214579151
MOBY,M4,100,Met,MAR,B,0.047684256
MOBY,M4,100,Met,MAR,B,0.030654164
MOBY,M4,100,Met,MAR,B,0.042575228
MOBY,M4,100,Met,MAR,B,0.090259484
MOBY,M4,100,Met,MAR,B,0.023842128
MOBY,M4,100,Met,MAR,B,0.073229393
MOBY,M4,100,Met,MAR,B,0.143052767
MOBY,M4,100,Met,MAR,B,0.037466201
MOBY,M4,100,Met,MAR,B,0.03916921
MOBY,M4,100,Met,MAR,B,0.052793283
MOBY,M4,100,Met,MAR,B,0.206064106
MOBY,M4,100,Met,MAR,B,0.139646749
MOBY,M4,100,Met,MAR,B,0.127725685
MOBY,M4,100,Met,MAR,B,0.066417356
MOBY,M4,100,Met,MAR,B,0.112398603
MOBY,M4,100,Met,MAR,B,0.035763192
MOBY,M4,100,Met,MAR,B,0.120913649
MOBY,M4,100,Met,MAR,B,0.240124288
MOBY,M4,100,Met,MAR,B,0.086853466
MOBY,M4,100,Met,MAR,B,0.034060183
MOBY,M4,100,Met,MAR,B,0.253748361
MOBY,M4,100,Met,MAR,B,0.306541645
MOBY,M4,100,Met,MAR,B,0.02043611
MOBY,M4,100,Met,MAR,B,0.165191886
MOBY,M4,100,Met,MAR,B,0.253748361
MOBY,M4,100,Met,MAR,B,0.054496292
MOBY,M4,100,Met,MAR,B,0.069823375
MOBY,M4,100,Met,MAR,B,0.267372434
MOBY,M4,100,Met,MAR,B,0.217985169
MOBY,M4,100,Met,MAR,B,0.23671827
MOBY,M4,100,Met,MAR,B,0.13794374
MOBY,M4,100,Met,MAR,B,0.034060183
MOBY,M4,100,Met,MAR,B,0.200955078
MOBY,M4,100,Met,MAR,B,0.032357174
MOBY,M4,100,Met,MAR,B,0.063011338
MOBY,M4,100,Met,MAR,B,0.093665503
MOBY,M4,100,Met,MAR,B,0.114101612
MOBY,M4,100,Met,MAR,B,0.071526384
MOBY,M4,100,Met,MAR,B,0.042575228
MOBY,M4,100,Met,MAR,B,0.110695594
MOBY,M4,100,Met,MAR,B,0.023842128
MOBY,M4,100,Met,MAR,B,0.114101612
MOBY,M4,100,Met,MAR,B,0.037466201
MOBY,M4,100,Met,MAR,B,0.054496292
MOBY,M4,100,Met,MAR,B,0.090259484
MOBY,M4,100,Met,MAR,B,0.325274745
MOBY,M4,100,Met,MAR,B,0.362740946
MOBY,M4,100,Met,MAR,B,0.080041429
MOBY,M4,100,Met,MAR,B,0.071526384
MOBY,M4,100,Met,MAR,B,0.170300914
MOBY,M4,100,Met,MAR,B,0.379771037
MOBY,M4,100,Met,MAR,B,0.025545137
MOBY,M4,100,Met,MAR,B,0.359334928
MOBY,M4,100,Met,MAR,B,0.437673348
MOBY,M4,100,Met,MAR,B,0.085150457
MOBY,M4,100,Met,MAR,B,0.025545137
MOBY,M4,100,Met,MAR,B,0.032357174
MOBY,M4,100,Met,MAR,B,0.11750763
MOBY,M4,100,Met,MAR,B,0.040872219
MOBY,M4,100,Met,MAR,B,0.056199302
MOBY,M4,100,Met,MAR,B,0.441079366
MOBY,M4,100,Met,MAR,B,0.069823375
MOBY,M4,100,Met,MAR,B,0.223094197
MOBY,M4,100,Met,MAR,B,0.383177056
MOBY,M4,100,Met,MAR,B,0.083447448
MOBY,M4,100,Met,MAR,B,0.301432617
MOBY,M4,100,Met,MAR,B,0.194143042
MOBY,M4,100,Met,MAR,B,0.049387265
MOBY,M4,100,Met,MAR,B,0.061308329
MOBY,M4,100,Met,MAR,B,0.153270822
MOBY,M4,100,Met,MAR,B,0.187331005
MOBY,M4,100,Met,MAR,B,0.040872219
MOBY,M4,100,Met,MAR,B,0.080041429
MOBY,M4,100,Met,MAR,B,0.180518968
MOBY,M4,100,Met,MAR,B,0.097071521
MOBY,M4,100,Met,MAR,B,0.027248146
MOBY,M4,100,Met,MAR,B,0.085150457
MOBY,M4,100,Met,MAR,B,0.3354928
MOBY,M4,100,Met,MAR,B,0.166894895
MOBY,M4,100,Met,MAR,B,0.245233316
MOBY,M4,100,Met,MAR,B,0.071526384
MOBY,M4,100,Met,MAR,B,0.028951155
MOBY,M4,100,Met,MAR,B,0.372959001
MOBY,M4,100,Met,MAR,B,0.114101612
MOBY,M4,100,Met,MAR,B,0.023842128
MOBY,M4,100,Met,MAR,B,0.090259484
MOBY,M4,100,Met,MAR,B,0.02043611
MOBY,M4,100,Met,MAR,B,0.112398603
MOBY,M4,100,Met,MAR,B,0.13794374
MOBY,M4,100,Met,MAR,B,0.035763192
MOBY,M4,100,Met,MAR,B,0.045981247
MOBY,M4,100,Met,MAR,B,0.083447448
MOBY,M4,100,Met,MAR,B,0.108992585
MOBY,M4,100,Met,MAR,B,0.163488877
MOBY,M4,100,Met,MAR,B,0.115804621
MOBY,M4,100,Met,MAR,B,0.051090274
MOBY,M4,100,Met,MAR,B,0.086853466
MOBY,M4,100,Met,MAR,B,0.034060183
MOBY,M4,100,Met,MAR,B,0.071526384
MOBY,M4,100,Met,MAR,B,0.260560398
MOBY,M4,100,Met,MAR,B,0.154973831
MOBY,M4,100,Met,MAR,B,1.134204085
MOBY,M4,100,Met,MAR,B,0.160082859
MOBY,M4,100,Met,MAR,B,0.086853466
MOBY,M4,100,Met,MAR,B,0.097071521
MOBY,M4,100,Met,MAR,B,0.189034014
MOBY,M4,100,Met,MAR,B,0.107289576
MOBY,M4,100,Met,MAR,B,0.263966416
MOBY,M4,100,Met,MAR,B,0.168597905
MOBY,M4,100,Met,MAR,B,0.37466201
MOBY,M4,100,Met,MAR,B,0.156676841
MOBY,M4,100,Met,MAR,B,0.250342343
MOBY,M4,100,Met,MAR,B,0.3354928
MOBY,M4,100,Met,MAR,B,0.047684256
MOBY,M4,100,Met,MAR,B,0.03916921
MOBY,M4,100,Met,MAR,B,0.497278668
MOBY,M4,100,Met,MAR,B,0.022139119
MOBY,M4,100,Met,MAR,B,0.093665503
MOBY,M4,100,Met,MAR,B,0.013624073
MOBY,M4,100,Met,MAR,B,0.068120365
MOBY,M4,100,Met,MAR,B,0.442782375
MOBY,M4,100,Met,MAR,B,0.223094197
MOBY,M4,100,Met,MAR,B,0.05960532
MOBY,M4,100,Met,MAR,B,0.19754906
MOBY,M4,100,Met,MAR,B,0.332086782
MOBY,M4,100,Met,MAR,B,0.321868727
MOBY,M4,100,Met,MAR,B,0.103883557
MOBY,M4,100,Met,MAR,B,0.194143042
MOBY,M4,100,Met,MAR,B,0.173706932
MOBY,M4,100,Met,MAR,B,0.068120365
MOBY,M4,100,Met,MAR,B,0.15837985
MOBY,M4,100,Met,MAR,B,0.223094197
MOBY,M4,100,Met,MAR,B,0.07833842
MOBY,M4,100,Met,MAR,B,0.328680763
MOBY,M4,100,Met,MAR,B,0.063011338
MOBY,M4,100,Met,MAR,B,0.044278238
MOBY,M4,100,Met,MAR,B,0.049387265
MOBY,M4,100,Met,MAR,B,0.328680763
MOBY,M4,100,Met,MAR,B,0.044278238
MOBY,M4,100,Met,MAR,B,0.076635411
MOBY,M4,100,Met,MAR,B,0.245233316
MOBY,M4,100,Met,MAR,B,0.013624073
MOBY,M4,100,Met,MAR,B,0.034060183
MOBY,M4,100,Met,MAR,B,0.044278238
MOBY,M4,100,Met,MAR,B,0.05960532
MOBY,M4,100,Met,MAR,B,0.023842128
MOBY,M4,100,Met,MAR,B,0.248639334
MOBY,M4,100,Met,MAR,B,0.044278238
MOBY,M4,100,Met,MAR,B,0.047684256
MOBY,M4,100,Met,MAR,B,0.088556475
MOBY,M4,100,Met,MAR,B,0.126022676
MOBY,M4,100,Met,MAR,B,0.161785868
MOBY,M4,100,Met,MAR,B,0.02043611
MOBY,M4,100,Met,MAR,B,0.07833842
MOBY,M4,100,Met,MAR,B,0.371255992
MOBY,M4,100,Met,MAR,B,0.066417356
MOBY,M4,100,Met,MAR,B,0.028951155
MOBY,M4,100,Met,MAR,B,0.166894895
MOBY,M4,100,Met,MAR,B,0.040872219
MOBY,M4,100,Met,MAR,B,0.141349758
MOBY,M4,100,Met,MAR,B,0.134537722
MOBY,M4,100,Met,MAR,B,0.175409941
MOBY,M4,100,Met,MAR,B,0.774869157
MOBY,M4,100,Met,MAR,B,0.010218055
MOBY,M4,100,Met,MAR,B,0.306541645
MOBY,M4,100,Met,MAR,B,0.045981247
MOBY,M4,100,Met,MAR,B,0.284402526
MOBY,M4,100,Met,MAR,B,0.200955078
MOBY,M4,100,Met,MAR,B,0.19754906
MOBY,M4,100,Met,MAR,B,0.108992585
MOBY,M4,100,Met,MAR,B,0.207767115
MOBY,M4,100,Met,MAR,B,0.032357174
MOBY,M4,100,Met,MAR,B,0.459812467
MOBY,M4,100,Met,MAR,B,0.090259484
MOBY,M4,100,Met,MAR,B,0.088556475
MOBY,M4,100,Met,MAR,B,0.107289576
MOBY,M4,100,Met,MAR,B,0.131131704
MOBY,M4,100,Met,MAR,B,0.076635411
MOBY,M4,100,Met,MAR,B,0.129428694
MOBY,M4,100,Met,MAR,B,0.716966846
MOBY,M4,100,Met,MAR,B,0.326977754
MOBY,M4,100,Met,MAR,B,0.248639334
MOBY,M4,100,Met,MAR,B,0.028951155
MOBY,M4,100,Met,MAR,B,0.09877453
MOBY,M4,100,Met,MAR,B,0.042575228
MOBY,M4,100,Met,MAR,B,0.132834713
MOBY,M4,100,Met,MAR,B,0.022139119
MOBY,M4,100,Met,MAR,B,0.108992585
MOBY,M4,100,Met,MAR,B,0.013624073
MOBY,M4,100,Met,MAR,B,0.309947663
MOBY,M4,100,Met,MAR,B,0.042575228
MOBY,M4,100,Met,MAR,B,0.212876142
MOBY,M4,100,Met,MAR,B,0.211173133
MOBY,M4,100,Met,MAR,B,0.63181639
MOBY,M4,100,Met,MAR,B,0.463218485
MOBY,M4,100,Met,MAR,B,0.081744439
MOBY,M4,100,Met,MAR,B,0.149864804
MOBY,M4,100,Met,MAR,B,0.398504138
MOBY,M4,100,Met,MAR,B,0.025545137
MOBY,M4,100,Met,MAR,B,0.233312252
MOBY,M4,100,Met,MAR,B,0.047684256
MOBY,M4,100,Met,MAR,B,0.189034014
MOBY,M4,100,Met,MAR,B,0.028951155
MOBY,M4,100,Met,MAR,B,0.200955078
MOBY,M4,100,Met,MAR,B,0.82766244
MOBY,M4,100,Met,MAR,B,0.582429125
MOBY,M4,100,Met,MAR,B,0.081744439
MOBY,M4,100,Met,MAR,B,0.3354928
MOBY,M4,100,Met,MAR,B,0.144755777
MOBY,M4,100,Met,MAR,B,0.235015261
MOBY,M4,100,Met,MAR,B,0.030654164
MOBY,M4,100,Met,MAR,B,0.311650672
MOBY,M4,100,Met,MAR,B,0.122616658
MOBY,M4,100,Met,MAR,B,0.057902311
MOBY,M4,100,Met,MAR,B,0.665876572
MOBY,M4,100,Met,MAR,B,0.051090274
MOBY,M4,100,Met,MAR,B,0.149864804
MOBY,M4,100,Met,MAR,B,0.127725685
MOBY,M4,100,Met,MAR,B,0.042575228
MOBY,M4,100,Met,MAR,B,0.25715438
MOBY,M4,100,Met,MAR,B,0.344007846
MOBY,M4,100,Met,MAR,B,0.061308329
MOBY,M4,100,Met,MAR,B,0.022139119
MOBY,M4,100,Met,MAR,B,0.07833842
MOBY,M4,100,Met,MAR,B,0.141349758
MOBY,M4,100,Met,MAR,B,0.11750763
MOBY,M4,100,Met,MAR,B,0.560290006
MOBY,M4,100,Met,MAR,B,0.035763192
MOBY,M4,100,Met,MAR,B,0.311650672
MOBY,M4,100,Met,MAR,B,0.243530307
MOBY,M4,100,Met,MAR,B,0.047684256
MOBY,M4,100,Met,MAR,B,0.265669425
MOBY,M4,100,Met,MAR,B,0.224797206
MOBY,M4,100,Met,MAR,B,0.904297851
MOBY,M4,100,Met,MAR,B,0.03916921
MOBY,M4,100,Met,MAR,B,0.219688179
MOBY,M4,100,Met,MAR,B,0.057902311
MOBY,M4,100,Met,MAR,B,0.168597905
MOBY,M4,100,Met,MAR,B,0.214579151
MOBY,M4,100,Met,MAR,B,0.361037937
MOBY,M4,100,Met,MAR,B,0.29632359
MOBY,M4,100,Met,MAR,B,0.042575228
MOBY,M4,100,Met,MAR,B,0.185627996
MOBY,M4,100,Met,MAR,B,0.095368512
MOBY,M4,100,Met,MAR,B,0.086853466
MOBY,M4,100,Met,MAR,B,0.028951155
MOBY,M4,100,Met,MAR,B,0.064714347
MOBY,M4,100,Met,MAR,B,0.080041429
MOBY,M4,100,Met,MAR,B,0.054496292
MOBY,M4,100,Met,MAR,B,0.083447448
MOBY,M4,100,Met,MAR,B,0.047684256
MOBY,M4,100,Met,MAR,B,0.120913649
MOBY,M4,100,Met,MAR,B,0.224797206
MOBY,M4,100,Met,MAR,B,0.090259484
MOBY,M4,100,Met,MAR,B,0.105586566
MOBY,M4,100,Met,MAR,B,0.13794374
MOBY,M4,100,Met,MAR,B,0.032357174
MOBY,M4,100,Met,MAR,B,0.032357174
MOBY,M4,100,Met,MAR,B,0.136240731
MOBY,M4,100,Met,MAR,B,0.068120365
MOBY,M4,100,Met,MAR,B,0.134537722
MOBY,M4,100,Met,MAR,B,0.110695594
MOBY,M4,100,Met,MAR,B,0.074932402
MOBY,M4,100,Met,MAR,B,0.035763192
MOBY,M4,100,Met,MAR,B,0.25545137
MOBY,M4,100,Met,MAR,B,0.304838635
MOBY,M4,100,Met,MAR,B,0.037466201
MOBY,M4,100,Met,MAR,B,0.185627996
MOBY,M4,100,Met,MAR,B,0.032357174
MOBY,M4,100,Met,MAR,B,0.223094197
MOBY,M4,100,Met,MAR,B,0.13794374
MOBY,M4,100,Met,MAR,B,0.03916921
MOBY,M4,100,Met,MAR,B,0.206064106
MOBY,M4,100,Met,MAR,B,0.047684256
MOBY,M4,100,Met,MAR,B,0.091962493
MOBY,M4,100,Met,MAR,B,0.088556475
MOBY,M4,100,Met,MAR,B,0.049387265
MOBY,M4,100,Met,MAR,B,0.074932402
MOBY,M4,100,Met,MAR,B,0.081744439
MOBY,M4,100,Met,MAR,B,0.032357174
MOBY,M4,100,Met,MAR,B,0.318462709
MOBY,M4,100,Met,MAR,B,0.129428694
MOBY,M4,100,Met,MAR,B,0.265669425
MOBY,M4,100,Met,MAR,B,0.056199302
MOBY,M4,100,Met,MAR,B,0.044278238
MOBY,M4,100,Met,MAR,B,0.052793283
MOBY,M4,100,Met,MAR,B,0.102180548
MOBY,M4,100,Met,MAR,B,0.049387265
MOBY,M4,100,Met,MAR,B,0.200955078
MOBY,M4,100,Met,MAR,B,0.15837985
MOBY,M4,100,Met,MAR,B,0.127725685
MOBY,M4,100,Met,MAR,B,0.032357174
MOBY,M4,100,Met,MAR,B,0.071526384
MOBY,M4,100,Met,MAR,B,0.555180979
MOBY,M4,100,Met,MAR,B,0.047684256
MOBY,M4,100,Met,MAR,B,0.080041429
MOBY,M4,100,Met,MAR,B,0.132834713
MOBY,M4,100,Met,MAR,B,0.553477969
MOBY,M4,100,Met,MAR,B,0.497278668
MOBY,M4,100,Met,MAR,B,0.018733101
MOBY,M4,100,Met,MAR,B,0.221391188
MOBY,M4,100,Met,MAR,B,0.127725685
MOBY,M4,100,Met,MAR,B,0.393395111
MOBY,M4,100,Met,MAR,B,0.097071521
MOBY,M4,100,Met,MAR,B,0.252045352
MOBY,M4,100,Met,MAR,B,0.010218055
MOBY,M4,100,Met,MAR,B,0.596053198
MOBY,M4,100,Met,MAR,B,0.103883557
MOBY,M4,100,Met,MAR,B,0.124319667
MOBY,M4,100,Met,MAR,B,0.09877453
MOBY,M4,100,Met,MAR,B,0.424049275
MOBY,M4,100,Met,MAR,B,0.286105535
MOBY,M4,100,Met,MAR,B,0.328680763
MOBY,M4,100,Met,MAR,B,0.160082859
MOBY,M4,100,Met,MAR,B,0.100477539
MOBY,M4,100,Met,MAR,B,0.068120365
MOBY,M4,100,Met,MAR,B,0.134537722
MOBY,M4,100,Met,MAR,B,0.131131704
MOBY,M4,100,Met,MAR,B,0.025545137
MOBY,M4,100,Met,MAR,B,0.23671827
MOBY,M4,100,Met,MAR,B,0.040872219
MOBY,M4,100,Met,MAR,B,0.291214562
MOBY,M4,100,Met,MAR,B,0.076635411
MOBY,M4,100,Met,MAR,B,0.645440463
MOBY,M4,100,Met,MAR,B,0.200955078
MOBY,M4,100,Met,MAR,B,0.258857389
MOBY,M4,100,Met,MAR,B,0.11750763
MOBY,M4,100,Met,MAR,B,0.318462709
MOBY,M4,100,Met,MAR,B,0.338898818
MOBY,M4,100,Met,MAR,B,0.238421279
MOBY,M4,100,Met,MAR,B,0.030654164
MOBY,M4,100,Met,MAR,B,0.107289576
MOBY,M4,100,Met,MAR,B,0.022139119
MOBY,M4,100,Met,MAR,B,0.124319667
MOBY,M4,100,Met,MAR,B,0.03916921
MOBY,M4,100,Met,MAR,B,0.105586566
MOBY,M4,100,Met,MAR,B,0.010218055
MOBY,M4,100,Met,MAR,B,0.432564321
MOBY,M4,100,Met,MAR,B,0.143052767
MOBY,M4,100,Met,MAR,B,0.139646749
MOBY,M4,100,Met,MAR,B,0.018733101
MOBY,M4,100,Met,MAR,B,0.199252069
MOBY,M4,100,Met,MAR,B,0.221391188
MOBY,M4,100,Met,MAR,B,0.124319667
MOBY,M4,100,Met,MAR,B,0.122616658
MOBY,M4,100,Met,MAR,B,0.151567813
MOBY,M4,100,Met,MAR,B,0.623301344
MOBY,M4,100,Met,MAR,B,0.146458786
MOBY,M4,100,Met,MAR,B,0.088556475
MOBY,M4,100,Met,MAR,B,0.15837985
MOBY,M4,100,Met,MAR,B,0.688015691
MOBY,M4,100,Met,MAR,B,0.29632359
MOBY,M4,100,Met,MAR,B,0.017030091
MOBY,M4,100,Met,MAR,B,0.034060183
MOBY,M4,100,Met,MAR,B,0.393395111
MOBY,M4,100,Met,MAR,B,0.308244654
MOBY,M4,100,Met,MAR,B,0.093665503
MOBY,M4,100,Met,MAR,B,0.107289576
MOBY,M4,100,Met,MAR,B,0.333789791
MOBY,M4,100,Met,MAR,B,0.367849973
MOBY,M4,100,Met,MAR,B,0.190737023
MOBY,M4,100,Met,MAR,B,0.073229393
MOBY,M4,100,Met,MAR,B,0.030654164
MOBY,M4,100,Met,MAR,B,0.126022676
MOBY,M4,100,Met,MAR,B,0.030654164
MOBY,M4,100,Met,MAR,B,0.03916921
MOBY,M4,100,Met,MAR,B,0.534744869
MOBY,M4,100,Met,MAR,B,0.141349758
MOBY,M4,100,Met,MAR,B,0.272481462
MOBY,M4,100,Met,MAR,B,0.108992585
MOBY,M4,100,Met,MAR,B,0.028951155
MOBY,M4,100,Met,MAR,B,0.114101612
MOBY,M4,100,Met,MAR,B,0.044278238
MOBY,M4,100,Met,MAR,B,0.105586566
MOBY,M4,100,Met,MAR,B,0.108992585
MOBY,M4,100,Met,MAR,B,0.25715438
MOBY,M4,100,Met,MAR,B,0.173706932
MOBY,M4,100,Met,MAR,B,0.115804621
MOBY,M4,100,Met,MAR,B,0.030654164
MOBY,M4,100,Met,MAR,B,0.260560398
MOBY,M4,100,Met,MAR,B,0.303135626
MOBY,M4,100,Met,MAR,B,0.073229393
MOBY,M4,100,Met,MAR,B,0.028951155
MOBY,M4,100,Met,MAR,B,0.057902311
MOBY,M4,100,Met,MAR,B,0.034060183
MOBY,M4,100,Met,MAR,B,0.063011338
MOBY,M4,100,Met,MAR,B,0.017030091
MOBY,M4,100,Met,MAR,B,0.219688179
MOBY,M4,100,Met,MAR,B,0.07833842
MOBY,M4,100,Met,MAR,B,0.074932402
MOBY,M4,100,Met,MAR,B,0.195846051
MOBY,M4,100,Met,MAR,B,0.126022676
MOBY,M4,100,Met,MAR,B,0.175409941
MOBY,M4,100,Met,MAR,B,0.110695594
MOBY,M4,100,Met,MAR,B,0.080041429
MOBY,M4,100,Met,MAR,B,0.342304836
MOBY,M4,100,Met,MAR,B,0.095368512
MOBY,M4,100,Met,MAR,B,0.189034014
MOBY,M4,100,Met,MAR,B,0.229906233
MOBY,M4,100,Met,MAR,B,0.323571736
MOBY,M4,100,Met,MAR,B,0.073229393
MOBY,M4,100,Met,MAR,B,0.124319667
MOBY,M4,100,Met,MAR,B,0.126022676
MOBY,M4,100,Met,MAR,B,0.091962493
MOBY,M4,100,Met,MAR,B,0.37466201
MOBY,M4,100,Met,MAR,B,0.575617088
MOBY,M4,100,Met,MAR,B,0.270778453
MOBY,M4,100,Met,MAR,B,0.129428694
MOBY,M4,100,Met,MAR,B,0.349116873
MOBY,M4,100,Met,MAR,B,0.100477539
MOBY,M4,100,Met,MAR,B,0.027248146
MOBY,M4,100,Met,MAR,B,0.151567813
MOBY,M4,100,Met,MAR,B,0.122616658
MOBY,M4,100,Met,MAR,B,0.316759699
MOBY,M4,100,Met,MAR,B,0.107289576
MOBY,M4,100,Met,MAR,B,0.134537722
MOBY,M4,100,Met,MAR,B,0.180518968
MOBY,M4,100,Met,MAR,B,0.051090274
MOBY,M4,100,Met,MAR,B,0.076635411
MOBY,M4,100,Met,MAR,B,0.030654164
MOBY,M4,100,Met,MAR,B,0.280996508
MOBY,M4,100,Met,MAR,B,0.066417356
MOBY,M4,100,Met,MAR,B,0.579023106
MOBY,M4,100,Met,MAR,B,0.175409941
MOBY,M4,100,Met,MAR,B,0.49216964
MOBY,M4,100,Met,MAR,B,0.284402526
MOBY,M4,100,Met,MAR,B,0.023842128
MOBY,M4,100,Met,MAR,B,0.068120365
MOBY,M4,100,Met,MAR,B,0.040872219
MOBY,M4,100,Met,MAR,B,0.085150457
MOBY,M4,100,Met,MAR,B,0.151567813
MOBY,M4,100,Met,MAR,B,0.081744439
MOBY,M4,100,Met,MAR,B,0.017030091
MOBY,M4,100,Met,MAR,B,0.243530307
MOBY,M4,100,Met,MAR,B,0.112398603
MOBY,M4,100,Met,MAR,B,0.21628216
MOBY,M4,100,Met,MAR,B,0.13794374
MOBY,M4,100,Met,MAR,B,0.263966416
MOBY,M4,100,Met,MAR,B,0.217985169
MOBY,M4,100,Met,MAR,B,0.052793283
MOBY,M4,100,Met,MAR,B,0.022139119
MOBY,M4,100,Met,MAR,B,0.042575228
MOBY,M4,100,Met,MAR,B,0.148161795
MOBY,M4,100,Met,MAR,B,0.037466201
MOBY,M4,100,Met,MAR,B,0.270778453
MOBY,M4,100,Met,MAR,B,0.064714347
MOBY,M4,100,Met,MAR,B,0.29632359
MOBY,M4,100,Met,MAR,B,0.080041429
MOBY,M4,100,Met,MAR,B,0.032357174
MOBY,M4,100,Met,MAR,B,0.139646749
MOBY,M4,100,Met,MAR,B,0.071526384
MOBY,M4,100,Met,MAR,B,0.165191886
MOBY,M4,100,Met,MAR,B,0.129428694
MOBY,M4,100,Met,MAR,B,0.066417356
MOBY,M4,100,Met,MAR,B,0.032357174
MOBY,M4,100,Met,MAR,B,0.081744439
MOBY,M4,100,Met,MAR,B,0.313353681
MOBY,M4,100,Met,MAR,B,0.154973831
MOBY,M4,100,Met,MAR,B,0.028951155
MOBY,M4,100,Met,MAR,B,0.107289576
MOBY,M4,100,Met,MAR,B,0.05960532
MOBY,M4,100,Met,MAR,B,0.061308329
MOBY,M4,100,Met,MAR,B,0.088556475
MOBY,M4,100,Met,MAR,B,0.27588748
MOBY,M4,100,Met,MAR,B,0.025545137
MOBY,M4,100,Met,MAR,B,0.068120365
MOBY,M4,100,Met,MAR,B,0.056199302
MOBY,M4,100,Met,MAR,B,0.200955078
MOBY,M4,100,Met,MAR,B,0.231609243
MOBY,M4,100,Met,MAR,B,0.114101612
MOBY,M4,100,Met,MAR,B,0.183924987
MOBY,M4,100,Met,MAR,B,0.030654164
MOBY,M4,100,Met,MAR,B,0.221391188
MOBY,M4,100,Met,MAR,B,0.037466201
MOBY,M4,100,Met,MAR,B,0.07833842
MOBY,M4,100,Met,MAR,B,0.047684256
MOBY,M4,100,Met,MAR,B,0.175409941
MOBY,M4,100,Met,MAR,B,0.07833842
MOBY,M4,100,Met,MAR,B,0.217985169
MOBY,M4,100,Met,MAR,B,0.209470124
MOBY,M4,100,Met,MAR,B,0.108992585
MOBY,M4,100,Met,MAR,B,0.052793283
MOBY,M4,100,Met,MAR,B,0.435970339
MOBY,M4,100,Met,MAR,B,0.05960532
MOBY,M4,100,Met,MAR,B,0.03916921
MOBY,M4,100,Met,MAR,B,0.034060183
MOBY,M4,100,Met,MAR,B,0.023842128
MOBY,M4,100,Met,MAR,B,0.090259484
MOBY,M4,100,Met,MAR,B,0.083447448
MOBY,M4,100,Met,MAR,B,0.175409941
MOBY,M4,100,Met,MAR,B,0.17711295
MOBY,M4,100,Met,MAR,B,0.083447448
MOBY,M4,100,Met,MAR,B,0.163488877
MOBY,M4,100,Met,MAR,B,0.166894895
MOBY,M4,100,Met,MAR,B,0.11750763
MOBY,M4,100,Met,MAR,B,0.074932402
MOBY,M4,100,Met,MAR,B,0.02043611
MOBY,M4,100,Met,MAR,B,0.134537722
MOBY,M4,100,Met,MAR,B,0.151567813
MOBY,M4,100,Met,MAR,B,0.153270822
MOBY,M4,100,Met,MAR,B,0.284402526
MOBY,M4,100,Met,MAR,B,0.047684256
MOBY,M4,100,Met,MAR,B,0.076635411
MOBY,M4,100,Met,MAR,B,0.032357174
MOBY,M4,100,Met,MAR,B,0.415534229
MOBY,M4,100,Met,MAR,B,0.074932402
MOBY,M4,100,Met,MAR,B,0.040872219
MOBY,M4,100,Met,MAR,B,0.306541645
MOBY,M4,100,Met,MAR,B,0.223094197
MOBY,M4,100,Met,MAR,B,0.127725685
MOBY,M4,100,Met,MAR,B,0.076635411
MOBY,M4,100,Met,MAR,B,0.100477539
MOBY,M4,100,Met,MAR,B,0.061308329
MOBY,M4,100,Met,MAR,B,0.129428694
MOBY,M4,100,Met,MAR,B,0.131131704
MOBY,M4,100,Met,MAR,B,0.258857389
MOBY,M4,100,Met,MAR,B,0.045981247
MOBY,M4,100,Met,MAR,B,0.134537722
MOBY,M4,100,Met,MAR,B,0.403613165
MOBY,M4,100,Met,MAR,B,0.040872219
MOBY,M4,100,Met,MAR,B,0.207767115
MOBY,M4,100,Met,MAR,B,0.120913649
MOBY,M4,100,Met,MAR,B,0.091962493
MOBY,M4,100,Met,MAR,B,0.168597905
MOBY,M4,100,Met,MAR,B,0.153270822
MOBY,M4,100,Met,MAR,B,0.172003923
MOBY,M4,100,Met,MAR,B,0.134537722
MOBY,M4,100,Met,MAR,B,0.160082859
MOBY,M4,100,Met,MAR,B,0.063011338
MOBY,M4,100,Met,MAR,B,0.623301344
MOBY,M4,100,Met,MAR,B,0.183924987
MOBY,M4,100,Met,MAR,B,0.073229393
MOBY,M4,100,Met,MAR,B,0.100477539
MOBY,M4,100,Met,MAR,B,0.366146964
MOBY,M4,100,Met,MAR,B,0.224797206
MOBY,M4,100,Met,MAR,B,0.040872219
MOBY,M4,100,Met,MAR,B,0.238421279
MOBY,M4,100,Met,MAR,B,0.061308329
MOBY,M4,100,Met,MAR,B,0.383177056
MOBY,M4,100,Met,MAR,B,0.429158302
MOBY,M4,100,Met,MAR,B,0.219688179
MOBY,M4,100,Met,MAR,B,0.071526384
MOBY,M4,100,Met,MAR,B,0.437673348
MOBY,M4,100,Met,MAR,B,0.517714777
MOBY,M4,100,Met,MAR,B,0.028951155
MOBY,M4,100,Met,MAR,B,0.269075444
MOBY,M4,100,Met,MAR,B,0.269075444
MOBY,M4,100,Met,MAR,B,0.252045352
MOBY,M4,100,Met,MAR,B,0.161785868
MOBY,M4,100,Met,MAR,B,0.672688609
MOBY,M4,100,Met,MAR,B,0.080041429
MOBY,M4,100,Met,MAR,B,0.141349758
MOBY,M4,100,Met,MAR,B,0.134537722
MOBY,M4,100,Met,MAR,B,0.028951155
MOBY,M4,100,Met,MAR,B,0.080041429
MOBY,M4,100,Met,MAR,B,0.396801129
MOBY,M4,100,Met,MAR,B,0.040872219
MOBY,M4,100,Met,MAR,B,0.071526384
MOBY,M4,100,Met,MAR,B,0.035763192
MOBY,M4,100,Met,MAR,B,0.246936325
MOBY,M4,100,Met,MAR,B,0.083447448
MOBY,M4,100,Met,MAR,B,0.250342343
MOBY,M4,100,Met,MAR,B,0.052793283
MOBY,M4,100,Met,MAR,B,0.091962493
MOBY,M4,100,Met,MAR,B,0.057902311
MOBY,M4,100,Met,MAR,B,0.071526384
MOBY,M4,100,Met,MAR,B,0.100477539
MOBY,M4,100,Met,MAR,B,0.151567813
MOBY,M4,100,Met,MAR,B,0.010218055
MOBY,M4,100,Met,MAR,B,0.337195809
MOBY,M4,100,Met,MAR,B,0.37466201
MOBY,M4,100,Met,MAR,B,0.163488877
MOBY,M4,100,Met,MAR,B,0.301432617
MOBY,M4,100,Met,MAR,B,0.166894895
MOBY,M4,100,Met,MAR,B,0.102180548
MOBY,M4,100,Met,MAR,B,0.13794374
MOBY,M4,100,Met,MAR,B,0.085150457
MOBY,M4,100,Met,MAR,B,0.163488877
MOBY,M4,100,Met,MAR,B,0.032357174
MOBY,M4,100,Met,MAR,B,0.015327082
MOBY,M4,100,Met,MAR,B,0.134537722
MOBY,M4,100,Met,MAR,B,0.209470124
MOBY,M4,100,Met,MAR,B,0.144755777
MOBY,M4,100,Met,MAR,B,0.153270822
MOBY,M4,100,Met,MAR,B,0.126022676
MOBY,M4,100,Met,MAR,B,0.151567813
MOBY,M4,100,Met,MAR,B,0.367849973
MOBY,M4,100,Met,MAR,B,0.088556475
MOBY,M4,100,Met,MAR,B,0.028951155
MOBY,M4,100,Met,MAR,B,0.527932832
MOBY,M4,100,Met,MAR,B,0.340601827
MOBY,M4,100,Met,MAR,B,0.032357174
MOBY,M4,100,Met,MAR,B,0.476842558
MOBY,M4,100,Met,MAR,B,0.030654164
MOBY,M4,100,Met,MAR,B,0.11750763
MOBY,M4,100,Met,MAR,B,0.286105535
MOBY,M4,100,Met,MAR,B,0.316759699
MOBY,M4,100,Met,MAR,B,0.141349758
MOBY,M4,100,Met,MAR,B,0.151567813
MOBY,M4,100,Met,MAR,B,0.330383772
MOBY,M4,100,Met,MAR,B,0.168597905
MOBY,M4,100,Met,MAR,B,0.73059092
MOBY,M4,100,Met,MAR,B,0.403613165
MOBY,M4,100,Met,MAR,B,0.466624503
MOBY,M4,100,Met,MAR,B,0.451297421
MOBY,M4,100,Met,MAR,B,0.03916921
MOBY,M4,100,Met,MAR,B,0.798711285
MOBY,M4,100,Met,MAR,B,0.054496292
MOBY,M4,100,Met,MAR,B,0.286105535
MOBY,M4,100,Met,MAR,B,0.282699517
MOBY,M4,100,Met,MAR,B,0.328680763
MOBY,M4,100,Met,MAR,B,0.071526384
MOBY,M4,100,Met,MAR,B,0.53304186
MOBY,M4,100,Met,MAR,B,0.396801129
MOBY,M4,100,Met,MAR,B,0.522823805
MOBY,M4,100,Met,MAR,B,0.274184471
MOBY,M4,100,Met,MAR,B,0.483654595
MOBY,M4,100,Met,MAR,B,0.035763192
MOBY,M4,100,Met,MAR,B,0.21628216
MOBY,M4,100,Met,MAR,B,0.035763192
MOBY,M4,100,Met,MAR,B,0.151567813
MOBY,M4,100,Met,MAR,B,0.045981247
MOBY,M4,100,Met,MAR,B,0.085150457
MOBY,M4,100,Met,MAR,B,0.364443955
MOBY,M4,100,Met,MAR,B,0.083447448
MOBY,M4,100,Met,MAR,B,0.051090274
MOBY,M4,100,Met,MAR,B,0.085150457
MOBY,M4,100,Met,MAR,B,0.131131704
MOBY,M4,100,Met,MAR,B,0.178815959
MOBY,M4,100,Met,MAR,B,0.192440032
MOBY,M4,100,Met,MAR,B,0.115804621
MOBY,M4,100,Met,MAR,B,0.071526384
MOBY,M4,100,Met,MAR,B,0.170300914
MOBY,M4,100,Met,MAR,B,0.11921064
MOBY,M4,100,Met,MAR,B,0.030654164
MOBY,M4,100,Met,MAR,B,0.238421279
MOBY,M4,100,Met,MAR,B,0.149864804
MOBY,M4,100,Met,MAR,B,0.204361096
MOBY,M4,100,Met,MAR,B,0.081744439
MOBY,M4,100,Met,MAR,B,0.11750763
MOBY,M4,100,Met,MAR,B,0.069823375
MOBY,M4,100,Met,MAR,B,0.303135626
MOBY,M4,100,Met,MAR,B,0.166894895
MOBY,M4,100,Met,MAR,B,0.022139119
MOBY,M4,100,Met,MAR,B,0.034060183
MOBY,M4,100,Met,MAR,B,0.086853466
MOBY,M4,100,Met,MAR,B,0.446188394
MOBY,M4,100,Met,MAR,B,0.061308329
MOBY,M4,100,Met,MAR,B,0.11921064
MOBY,M4,100,Met,MAR,B,0.035763192
MOBY,M4,100,Met,MAR,B,0.287808544
MOBY,M4,100,Met,MAR,B,0.022139119
MOBY,M4,100,Met,MAR,B,0.088556475
MOBY,M4,100,Met,MAR,B,0.131131704
MOBY,M4,100,Met,MAR,B,0.272481462
MOBY,M4,100,Met,MAR,B,0.367849973
MOBY,M4,100,Met,MAR,B,0.231609243
MOBY,M4,100,Met,MAR,B,0.047684256
MOBY,M4,100,Met,MAR,B,0.25545137
MOBY,M4,100,Met,MAR,B,0.025545137
MOBY,M4,100,Met,MAR,B,0.136240731
MOBY,M4,100,Met,MAR,B,0.120913649
MOBY,M4,100,Met,MAR,B,0.040872219
MOBY,M4,100,Met,MAR,B,0.090259484
MOBY,M4,100,Met,MAR,B,0.093665503
MOBY,M4,100,Met,MAR,B,0.410425202
MOBY,M4,100,Met,MAR,B,0.153270822
MOBY,M4,100,Met,MAR,B,0.429158302
MOBY,M4,100,Met,MAR,B,0.132834713
MOBY,M4,100,Met,MAR,B,0.323571736
MOBY,M4,100,Met,MAR,B,0.126022676
MOBY,M4,100,Met,MAR,B,0.41383122
MOBY,M4,100,Met,MAR,B,0.243530307
MOBY,M4,100,Met,MAR,B,0.182221978
MOBY,M4,100,Met,MAR,B,0.29632359
MOBY,M4,100,Met,MAR,B,0.224797206
MOBY,M4,100,Met,MAR,B,0.127725685
MOBY,M4,100,Met,MAR,B,0.120913649
MOBY,M4,100,Met,MAR,B,0.252045352
MOBY,M4,100,Met,MAR,B,0.199252069
MOBY,M4,100,Met,MAR,B,0.447891403
MOBY,M4,100,Met,MAR,B,0.148161795
MOBY,M4,100,Met,MAR,B,0.357631919
MOBY,M4,100,Met,MAR,B,0.071526384
MOBY,M4,100,Met,MAR,B,0.057902311
MOBY,M4,100,Met,MAR,B,0.156676841
MOBY,M4,100,Met,MAR,B,0.047684256
MOBY,M4,100,Met,MAR,B,0.272481462
MOBY,M4,100,Met,MAR,B,0.318462709
MOBY,M4,100,Met,MAR,B,0.068120365
MOBY,M4,100,Met,MAR,B,0.049387265
MOBY,M4,100,Met,MAR,B,0.154973831
MOBY,M4,100,Met,MAR,B,0.183924987
MOBY,M4,100,Met,MAR,B,0.407019184
MOBY,M4,100,Met,MAR,B,0.613083289
MOBY,M4,100,Met,MAR,B,0.069823375
MOBY,M4,100,Met,MAR,B,0.178815959
MOBY,M4,100,Met,MAR,B,0.318462709
MOBY,M4,100,Met,MAR,B,0.250342343
MOBY,M4,100,Met,MAR,B,0.163488877
MOBY,M4,100,Met,MAR,B,0.110695594
MOBY,M4,100,Met,MAR,B,0.054496292
MOBY,M4,100,Met,MAR,B,0.028951155
MOBY,M4,100,Met,MAR,B,0.149864804
MOBY,M4,100,Met,MAR,B,0.163488877
MOBY,M4,100,Met,MAR,B,0.054496292
MOBY,M4,100,Met,MAR,B,0.023842128
MOBY,M4,100,Met,MAR,B,0.107289576
MOBY,M4,100,Met,MAR,B,0.328680763
MOBY,M4,100,Met,MAR,B,0.027248146
MOBY,M4,100,Met,MAR,B,0.023842128
MOBY,M4,100,Met,MAR,B,0.032357174
MOBY,M4,100,Met,MAR,B,0.156676841
MOBY,M4,100,Met,MAR,B,0.301432617
MOBY,M4,100,Met,MAR,B,0.446188394
MOBY,M4,100,Met,MAR,B,0.401910156
MOBY,M4,100,Met,MAR,B,0.132834713
MOBY,M4,100,Met,MAR,B,0.485357604
MOBY,M4,100,Met,MAR,B,0.144755777
MOBY,M4,100,Met,MAR,B,0.032357174
MOBY,M4,100,Met,MAR,B,0.068120365
MOBY,M4,100,Met,MAR,B,0.45300043
MOBY,M4,100,Met,MAR,B,0.39509812
MOBY,M4,100,Met,MAR,B,0.15837985
MOBY,M4,100,Met,MAR,B,0.11921064
MOBY,M4,100,Met,MAR,B,0.384880065
MOBY,M4,100,Met,MAR,B,0.173706932
MOBY,M4,100,Met,MAR,B,0.175409941
MOBY,M4,100,Met,MAR,B,0.441079366
MOBY,M4,100,Met,MAR,B,0.063011338
MOBY,M4,100,Met,MAR,B,0.083447448
MOBY,M4,100,Met,MAR,B,0.064714347
MOBY,M4,100,Met,MAR,B,0.122616658
MOBY,M4,100,Met,MAR,B,0.362740946
MOBY,M4,100,Met,MAR,B,0.17711295
MOBY,M4,100,Met,MAR,B,0.080041429
MOBY,M4,100,Met,MAR,B,0.39509812
MOBY,M4,100,Met,MAR,B,0.166894895
MOBY,M4,100,Met,MAR,B,0.052793283
MOBY,M4,100,Met,MAR,B,0.05960532
MOBY,M4,100,Met,MAR,B,0.09877453
MOBY,M4,100,Met,MAR,B,0.071526384
MOBY,M4,100,Met,MAR,B,0.539853896
MOBY,M4,100,Met,MAR,B,0.415534229
MOBY,M4,100,Met,MAR,B,0.100477539
MOBY,M4,100,Met,MAR,B,0.209470124
MOBY,M4,100,Met,MAR,B,0.030654164
MOBY,M4,100,Met,MAR,B,0.548368942
MOBY,M4,100,Met,MAR,B,0.032357174
MOBY,M4,100,Met,MAR,B,0.35592891
MOBY,M4,100,Met,MAR,B,0.030654164
MOBY,M4,100,Met,MAR,B,0.086853466
MOBY,M4,100,Met,MAR,B,0.17711295
MOBY,M4,100,Met,MAR,B,0.112398603
MOBY,M4,100,Met,MAR,B,0.378068028
MOBY,M4,100,Met,MAR,B,0.126022676
MOBY,M4,100,Met,MAR,B,0.086853466
MOBY,M4,100,Met,MAR,B,0.149864804
MOBY,M4,100,Met,MAR,B,0.063011338
MOBY,M4,100,Met,MAR,B,0.340601827
MOBY,M4,100,Met,MAR,B,0.156676841
MOBY,M4,100,Met,MAR,B,0.245233316
MOBY,M4,100,Met,MAR,B,0.028951155
MOBY,M4,100,Met,MAR,B,0.102180548
MOBY,M4,100,Met,MAR,B,0.178815959
MOBY,M4,100,Met,MAR,B,0.441079366
MOBY,M4,100,Met,MAR,B,0.076635411
MOBY,M4,100,Met,MAR,B,0.071526384
MOBY,M4,100,Met,MAR,B,0.739105965
MOBY,M4,100,Met,MAR,B,0.093665503
MOBY,M4,100,Met,MAR,B,0.15837985
MOBY,M4,100,Met,MAR,B,0.056199302
MOBY,M4,100,Met,MAR,B,0.129428694
MOBY,M4,100,Met,MAR,B,0.168597905
MOBY,M4,100,Met,MAR,B,0.415534229
MOBY,M4,100,Met,MAR,B,0.381474047
MOBY,M4,100,Met,MAR,B,0.154973831
MOBY,M4,100,Met,MAR,B,0.11750763
MOBY,M4,100,Met,MAR,B,0.633519399
MOBY,M4,100,Met,MAR,B,0.107289576
MOBY,M4,100,Met,MAR,B,0.09877453
MOBY,M4,100,Met,MAR,B,0.156676841
MOBY,M4,100,Met,MAR,B,0.454703439
MOBY,M4,100,Met,MAR,B,0.383177056
MOBY,M4,100,Met,MAR,B,0.095368512
MOBY,M4,100,Met,MAR,B,0.112398603
MOBY,M4,100,Met,MAR,B,0.083447448
MOBY,M4,100,Met,MAR,B,0.71015481
MOBY,M4,100,Met,MAR,B,0.056199302
MOBY,M4,100,Met,MAR,B,0.19754906
MOBY,M4,100,Met,MAR,B,0.030654164
MOBY,M4,100,Met,MAR,B,0.102180548
MOBY,M4,100,Met,MAR,B,0.344007846
MOBY,M4,100,Met,MAR,B,0.15837985
MOBY,M4,100,Met,MAR,B,0.635222408
MOBY,M4,100,Met,MAR,B,0.139646749
MOBY,M4,100,Met,MAR,B,0.229906233
MOBY,M4,100,Met,MAR,B,0.040872219
MOBY,M4,100,Met,MAR,B,0.025545137
MOBY,M4,100,Met,MAR,B,0.3354928
MOBY,M4,100,Met,MAR,B,0.497278668
MOBY,M4,100,Met,MAR,B,0.446188394
MOBY,M4,100,Met,MAR,B,0.405316174
MOBY,M4,100,Met,MAR,B,0.032357174
MOBY,M4,100,Met,MAR,B,0.287808544
MOBY,M4,100,Met,MAR,B,0.47343654
MOBY,M4,100,Met,MAR,B,0.347413864
MOBY,M4,100,Met,MAR,B,0.330383772
MOBY,M4,100,Met,MAR,B,0.224797206
MOBY,M4,100,Met,MAR,B,0.110695594
MOBY,M4,100,Met,MAR,B,0.233312252
MOBY,M4,100,Met,MAR,B,0.446188394
MOBY,M4,100,Met,MAR,B,0.051090274
MOBY,M4,100,Met,MAR,B,0.028951155
MOBY,M4,100,Met,MAR,B,0.044278238
MOBY,M4,100,Met,MAR,B,0.028951155
MOBY,M4,100,Met,MAR,B,0.148161795
MOBY,M4,100,Met,MAR,B,0.567102042
MOBY,M4,100,Met,MAR,B,0.110695594
MOBY,M4,100,Met,MAR,B,0.061308329
MOBY,M4,100,Met,MAR,B,0.153270822
MOBY,M4,100,Met,MAR,B,0.246936325
MOBY,M4,100,Met,MAR,B,0.080041429
MOBY,M4,100,Met,MAR,B,0.265669425
MOBY,M4,100,Met,MAR,B,0.108992585
MOBY,M4,100,Met,MAR,B,0.068120365
MOBY,M4,100,Met,MAR,B,0.081744439
MOBY,M4,100,Met,MAR,B,0.298026599
MOBY,M4,100,Met,MAR,B,0.487060613
MOBY,M4,100,Met,MAR,B,0.195846051
MOBY,M4,100,Met,MAR,B,0.369552983
MOBY,M4,100,Met,MAR,B,0.134537722
MOBY,M4,100,Met,MAR,B,0.19754906
MOBY,M4,100,Met,MAR,B,0.619895326
MOBY,M4,100,Met,MAR,B,0.042575228
MOBY,M4,100,Met,MAR,B,0.091962493
MOBY,M4,100,Met,MAR,B,0.091962493
MOBY,M4,100,Met,MAR,B,0.349116873
MOBY,M4,100,Met,MAR,B,0.156676841
MOBY,M4,100,Met,MAR,B,0.008515046
MOBY,M4,100,Met,MAR,B,0.442782375
MOBY,M4,100,Met,MAR,B,0.43426733
MOBY,M4,100,Met,MAR,B,0.243530307
MOBY,M4,100,Met,MAR,B,0.042575228
MOBY,M4,100,Met,MAR,B,0.207767115
MOBY,M4,100,Met,MAR,B,0.418940248
MOBY,M4,100,Met,MAR,B,1.057568674
MOBY,M4,100,Met,MAR,B,0.144755777
MOBY,M4,100,Met,MAR,B,0.027248146
MOBY,M4,100,Met,MAR,B,0.172003923
MOBY,M4,100,Met,MAR,B,0.09877453
MOBY,M4,100,Met,MAR,B,0.049387265
MOBY,M4,100,Met,MAR,B,0.112398603
MOBY,M4,100,Met,MAR,B,0.064714347
MOBY,M4,100,Met,MAR,B,0.05960532
MOBY,M4,100,Met,MAR,B,0.223094197
MOBY,M4,100,Met,MAR,B,0.221391188
MOBY,M4,100,Met,MAR,B,0.035763192
MOBY,M4,100,Met,MAR,B,0.289511553
MOBY,M4,100,Met,MAR,B,0.11921064
MOBY,M4,100,Met,MAR,B,0.408722193
MOBY,M4,100,Met,MAR,B,0.587538152
MOBY,M4,100,Met,MAR,B,0.063011338
MOBY,M4,100,Met,MAR,B,0.260560398
MOBY,M4,100,Met,MAR,B,0.224797206
MOBY,M4,100,Met,MAR,B,0.108992585
MOBY,M4,100,Met,MAR,B,0.074932402
MOBY,M4,100,Met,MAR,B,0.088556475
MOBY,M4,100,Met,MAR,B,0.025545137
MOBY,M4,100,Met,MAR,B,0.304838635
MOBY,M4,100,Met,MAR,B,0.081744439
MOBY,M4,100,Met,MAR,B,0.441079366
MOBY,M4,100,Met,MAR,B,0.180518968
MOBY,M4,100,Met,MAR,B,0.136240731
MOBY,M4,100,Met,MAR,B,0.136240731
MOBY,M4,100,Met,MAR,B,0.13794374
MOBY,M4,100,Met,MAR,B,0.304838635
MOBY,M4,100,Met,MAR,B,0.139646749
MOBY,M4,100,Met,MAR,B,0.156676841
MOBY,M4,100,Met,MAR,B,0.277590489
MOBY,M4,100,Met,MAR,B,0.063011338
MOBY,M4,100,Met,MAR,B,0.134537722
MOBY,M4,100,Met,MAR,B,0.114101612
MOBY,M4,2500,Met,MAR,A,0.020960768
MOBY,M4,2500,Met,MAR,A,0.047371336
MOBY,M4,2500,Met,MAR,A,0.01718783
MOBY,M4,2500,Met,MAR,A,0.024314491
MOBY,M4,2500,Met,MAR,A,0.056174859
MOBY,M4,2500,Met,MAR,A,0.026410568
MOBY,M4,2500,Met,MAR,A,0.0108996
MOBY,M4,2500,Met,MAR,A,0.019703122
MOBY,M4,2500,Met,MAR,A,0.10312698
MOBY,M4,2500,Met,MAR,A,0.023056845
MOBY,M4,2500,Met,MAR,A,0.012995676
MOBY,M4,2500,Met,MAR,A,0.071266612
MOBY,M4,2500,Met,MAR,A,0.08048935
MOBY,M4,2500,Met,MAR,A,0.035214091
MOBY,M4,2500,Met,MAR,A,0.029345076
MOBY,M4,2500,Met,MAR,A,0.031441152
MOBY,M4,2500,Met,MAR,A,0.027668214
MOBY,M4,2500,Met,MAR,A,0.008384307
MOBY,M4,2500,Met,MAR,A,0.003772938
MOBY,M4,2500,Met,MAR,A,0.070428182
MOBY,M4,2500,Met,MAR,A,0.00628823
MOBY,M4,2500,Met,MAR,A,0.007545877
MOBY,M4,2500,Met,MAR,A,0.033537229
MOBY,M4,2500,Met,MAR,A,0.006707446
MOBY,M4,2500,Met,MAR,A,0.012157246
MOBY,M4,2500,Met,MAR,A,0.05156349
MOBY,M4,2500,Met,MAR,A,0.031860368
MOBY,M4,2500,Met,MAR,A,0.015930184
MOBY,M4,2500,Met,MAR,A,0.013834107
MOBY,M4,2500,Met,MAR,A,0.0054498
MOBY,M4,2500,Met,MAR,A,0.027668214
MOBY,M4,2500,Met,MAR,A,0.019703122
MOBY,M4,2500,Met,MAR,A,0.011318815
MOBY,M4,2500,Met,MAR,A,0.005869015
MOBY,M4,2500,Met,MAR,A,0.05701329
MOBY,M4,2500,Met,MAR,A,0.018026261
MOBY,M4,2500,Met,MAR,A,0.150079101
MOBY,M4,2500,Met,MAR,A,0.007545877
MOBY,M4,2500,Met,MAR,A,0.013414892
MOBY,M4,2500,Met,MAR,A,0.010480384
MOBY,M4,2500,Met,MAR,A,0.010480384
MOBY,M4,2500,Met,MAR,A,0.031441152
MOBY,M4,2500,Met,MAR,A,0.007965092
MOBY,M4,2500,Met,MAR,A,0.018864691
MOBY,M4,2500,Met,MAR,A,0.025991353
MOBY,M4,2500,Met,MAR,A,0.023895276
MOBY,M4,2500,Met,MAR,A,0.019283907
MOBY,M4,2500,Met,MAR,A,0.01173803
MOBY,M4,2500,Met,MAR,A,0.033537229
MOBY,M4,2500,Met,MAR,A,0.009641953
MOBY,M4,2500,Met,MAR,A,0.033537229
MOBY,M4,2500,Met,MAR,A,0.012157246
MOBY,M4,2500,Met,MAR,A,0.021799199
MOBY,M4,2500,Met,MAR,A,0.030602722
MOBY,M4,2500,Met,MAR,A,0.024314491
MOBY,M4,2500,Met,MAR,A,0.026410568
MOBY,M4,2500,Met,MAR,A,0.031441152
MOBY,M4,2500,Met,MAR,A,0.02892586
MOBY,M4,2500,Met,MAR,A,0.01173803
MOBY,M4,2500,Met,MAR,A,0.008803523
MOBY,M4,2500,Met,MAR,A,0.01718783
MOBY,M4,2500,Met,MAR,A,0.004611369
MOBY,M4,2500,Met,MAR,A,0.02263763
MOBY,M4,2500,Met,MAR,A,0.002096077
MOBY,M4,2500,Met,MAR,A,0.003353723
MOBY,M4,2500,Met,MAR,A,0.016349399
MOBY,M4,2500,Met,MAR,A,0.018026261
MOBY,M4,2500,Met,MAR,A,0.04611369
MOBY,M4,2500,Met,MAR,A,0.011318815
MOBY,M4,2500,Met,MAR,A,0.0054498
MOBY,M4,2500,Met,MAR,A,0.022218414
MOBY,M4,2500,Met,MAR,A,0.01718783
MOBY,M4,2500,Met,MAR,A,0.004611369
MOBY,M4,2500,Met,MAR,A,0.01173803
MOBY,M4,2500,Met,MAR,A,0.033956445
MOBY,M4,2500,Met,MAR,A,0.015930184
MOBY,M4,2500,Met,MAR,A,0.011318815
MOBY,M4,2500,Met,MAR,A,0.010061169
MOBY,M4,2500,Met,MAR,A,0.042759967
MOBY,M4,2500,Met,MAR,A,0.043598398
MOBY,M4,2500,Met,MAR,A,0.016349399
MOBY,M4,2500,Met,MAR,A,0.003353723
MOBY,M4,2500,Met,MAR,A,0.009641953
MOBY,M4,2500,Met,MAR,A,0.047371336
MOBY,M4,2500,Met,MAR,A,0.008384307
MOBY,M4,2500,Met,MAR,A,0.040244675
MOBY,M4,2500,Met,MAR,A,0.029764291
MOBY,M4,2500,Met,MAR,A,0.01718783
MOBY,M4,2500,Met,MAR,A,0.028506645
MOBY,M4,2500,Met,MAR,A,0.007545877
MOBY,M4,2500,Met,MAR,A,0.009222738
MOBY,M4,2500,Met,MAR,A,0.02263763
MOBY,M4,2500,Met,MAR,A,0.018864691
MOBY,M4,2500,Met,MAR,A,0.048628983
MOBY,M4,2500,Met,MAR,A,0.014672538
MOBY,M4,2500,Met,MAR,A,0.019703122
MOBY,M4,2500,Met,MAR,A,0.020122338
MOBY,M4,2500,Met,MAR,A,0.09138895
MOBY,M4,2500,Met,MAR,A,0.024733707
MOBY,M4,2500,Met,MAR,A,0.008803523
MOBY,M4,2500,Met,MAR,A,0.069589751
MOBY,M4,2500,Met,MAR,A,0.007126661
MOBY,M4,2500,Met,MAR,A,0.018864691
MOBY,M4,2500,Met,MAR,A,0.023476061
MOBY,M4,2500,Met,MAR,A,0.020960768
MOBY,M4,2500,Met,MAR,A,0.015510969
MOBY,M4,2500,Met,MAR,A,0.0054498
MOBY,M4,2500,Met,MAR,A,0.017607045
MOBY,M4,2500,Met,MAR,A,0.009222738
MOBY,M4,2500,Met,MAR,A,0.027248999
MOBY,M4,2500,Met,MAR,A,0.012576461
MOBY,M4,2500,Met,MAR,A,0.020541553
MOBY,M4,2500,Met,MAR,A,0.024314491
MOBY,M4,2500,Met,MAR,A,0.007965092
MOBY,M4,2500,Met,MAR,A,0.040663891
MOBY,M4,2500,Met,MAR,A,0.0108996
MOBY,M4,2500,Met,MAR,A,0.008803523
MOBY,M4,2500,Met,MAR,A,0.01173803
MOBY,M4,2500,Met,MAR,A,0.033118014
MOBY,M4,2500,Met,MAR,A,0.003353723
MOBY,M4,2500,Met,MAR,A,0.007545877
MOBY,M4,2500,Met,MAR,A,0.073781905
MOBY,M4,2500,Met,MAR,A,0.02808743
MOBY,M4,2500,Met,MAR,A,0.0054498
MOBY,M4,2500,Met,MAR,A,0.008384307
MOBY,M4,2500,Met,MAR,A,0.007126661
MOBY,M4,2500,Met,MAR,A,0.089712088
MOBY,M4,2500,Met,MAR,A,0.033118014
MOBY,M4,2500,Met,MAR,A,0.081746996
MOBY,M4,2500,Met,MAR,A,0.007965092
MOBY,M4,2500,Met,MAR,A,0.030602722
MOBY,M4,2500,Met,MAR,A,0.0108996
MOBY,M4,2500,Met,MAR,A,0.012995676
MOBY,M4,2500,Met,MAR,A,0.023056845
MOBY,M4,2500,Met,MAR,A,0.02263763
MOBY,M4,2500,Met,MAR,A,0.004611369
MOBY,M4,2500,Met,MAR,A,0.0054498
MOBY,M4,2500,Met,MAR,A,0.041921537
MOBY,M4,2500,Met,MAR,A,0.019283907
MOBY,M4,2500,Met,MAR,A,0.004611369
MOBY,M4,2500,Met,MAR,A,0.007126661
MOBY,M4,2500,Met,MAR,A,0.01173803
MOBY,M4,2500,Met,MAR,A,0.004192154
MOBY,M4,2500,Met,MAR,A,0.02263763
MOBY,M4,2500,Met,MAR,A,0.026829783
MOBY,M4,2500,Met,MAR,A,0.003772938
MOBY,M4,2500,Met,MAR,A,0.018026261
MOBY,M4,2500,Met,MAR,A,0.019703122
MOBY,M4,2500,Met,MAR,A,0.002096077
MOBY,M4,2500,Met,MAR,A,0.007965092
MOBY,M4,2500,Met,MAR,A,0.00628823
MOBY,M4,2500,Met,MAR,A,0.040663891
MOBY,M4,2500,Met,MAR,A,0.026829783
MOBY,M4,2500,Met,MAR,A,0.02263763
MOBY,M4,2500,Met,MAR,A,0.023895276
MOBY,M4,2500,Met,MAR,A,0.005030584
MOBY,M4,2500,Met,MAR,A,0.007126661
MOBY,M4,2500,Met,MAR,A,0.013834107
MOBY,M4,2500,Met,MAR,A,0.028506645
MOBY,M4,2500,Met,MAR,A,0.019283907
MOBY,M4,2500,Met,MAR,A,0.013414892
MOBY,M4,2500,Met,MAR,A,0.008384307
MOBY,M4,2500,Met,MAR,A,0.014672538
MOBY,M4,2500,Met,MAR,A,0.031441152
MOBY,M4,2500,Met,MAR,A,0.032698799
MOBY,M4,2500,Met,MAR,A,0.030183506
MOBY,M4,2500,Met,MAR,A,0.015930184
MOBY,M4,2500,Met,MAR,A,0.010480384
MOBY,M4,2500,Met,MAR,A,0.016349399
MOBY,M4,2500,Met,MAR,A,0.015930184
MOBY,M4,2500,Met,MAR,A,0.003772938
MOBY,M4,2500,Met,MAR,A,0.003353723
MOBY,M4,2500,Met,MAR,A,0.026829783
MOBY,M4,2500,Met,MAR,A,0.03982546
MOBY,M4,2500,Met,MAR,A,0.002934508
MOBY,M4,2500,Met,MAR,A,0.015930184
MOBY,M4,2500,Met,MAR,A,0.004192154
MOBY,M4,2500,Met,MAR,A,0.025152922
MOBY,M4,2500,Met,MAR,A,0.015091753
MOBY,M4,2500,Met,MAR,A,0.010480384
MOBY,M4,2500,Met,MAR,A,0.008803523
MOBY,M4,2500,Met,MAR,A,0.002934508
MOBY,M4,2500,Met,MAR,A,0.007545877
MOBY,M4,2500,Met,MAR,A,0.015091753
MOBY,M4,2500,Met,MAR,A,0.016349399
MOBY,M4,2500,Met,MAR,A,0.014253322
MOBY,M4,2500,Met,MAR,A,0.035633306
MOBY,M4,2500,Met,MAR,A,0.007545877
MOBY,M4,2500,Met,MAR,A,0.005030584
MOBY,M4,2500,Met,MAR,A,0.025152922
MOBY,M4,2500,Met,MAR,A,0.003772938
MOBY,M4,2500,Met,MAR,A,0.036890952
MOBY,M4,2500,Met,MAR,A,0.026829783
MOBY,M4,2500,Met,MAR,A,0.009641953
MOBY,M4,2500,Met,MAR,A,0.015930184
MOBY,M4,2500,Met,MAR,A,0.044856044
MOBY,M4,2500,Met,MAR,A,0.008803523
MOBY,M4,2500,Met,MAR,A,0.012995676
MOBY,M4,2500,Met,MAR,A,0.018026261
MOBY,M4,2500,Met,MAR,A,0.004192154
MOBY,M4,2500,Met,MAR,A,0.013834107
MOBY,M4,2500,Met,MAR,A,0.010061169
MOBY,M4,2500,Met,MAR,A,0.058270936
MOBY,M4,2500,Met,MAR,A,0.033956445
MOBY,M4,2500,Met,MAR,A,0.053659567
MOBY,M4,2500,Met,MAR,A,0.013414892
MOBY,M4,2500,Met,MAR,A,0.02263763
MOBY,M4,2500,Met,MAR,B,0.026691689
MOBY,M4,2500,Met,MAR,B,0.012132586
MOBY,M4,2500,Met,MAR,B,0.035588919
MOBY,M4,2500,Met,MAR,B,0.056618734
MOBY,M4,2500,Met,MAR,B,0.011323747
MOBY,M4,2500,Met,MAR,B,0.026691689
MOBY,M4,2500,Met,MAR,B,0.03478008
MOBY,M4,2500,Met,MAR,B,0.009706069
MOBY,M4,2500,Met,MAR,B,0.016176781
MOBY,M4,2500,Met,MAR,B,0.03437566
MOBY,M4,2500,Met,MAR,B,0.033566821
MOBY,M4,2500,Met,MAR,B,0.036802177
MOBY,M4,2500,Met,MAR,B,0.023456333
MOBY,M4,2500,Met,MAR,B,0.029927045
MOBY,M4,2500,Met,MAR,B,0.01698562
MOBY,M4,2500,Met,MAR,B,0.033971241
MOBY,M4,2500,Met,MAR,B,0.014963523
MOBY,M4,2500,Met,MAR,B,0.078052969
MOBY,M4,2500,Met,MAR,B,0.036802177
MOBY,M4,2500,Met,MAR,B,0.018603298
MOBY,M4,2500,Met,MAR,B,0.036397758
MOBY,M4,2500,Met,MAR,B,0.056214315
MOBY,M4,2500,Met,MAR,B,0.019007718
MOBY,M4,2500,Met,MAR,B,0.02588285
MOBY,M4,2500,Met,MAR,B,0.006470712
MOBY,M4,2500,Met,MAR,B,0.029522626
MOBY,M4,2500,Met,MAR,B,0.015367942
MOBY,M4,2500,Met,MAR,B,0.011323747
MOBY,M4,2500,Met,MAR,B,0.007279552
MOBY,M4,2500,Met,MAR,B,0.015367942
MOBY,M4,2500,Met,MAR,B,0.005257454
MOBY,M4,2500,Met,MAR,B,0.01739004
MOBY,M4,2500,Met,MAR,B,0.007683971
MOBY,M4,2500,Met,MAR,B,0.037206597
MOBY,M4,2500,Met,MAR,B,0.012941425
MOBY,M4,2500,Met,MAR,B,0.014154684
MOBY,M4,2500,Met,MAR,B,0.012132586
MOBY,M4,2500,Met,MAR,B,0.021838655
MOBY,M4,2500,Met,MAR,B,0.0517657
MOBY,M4,2500,Met,MAR,B,0.009301649
MOBY,M4,2500,Met,MAR,B,0.010919327
MOBY,M4,2500,Met,MAR,B,0.03437566
MOBY,M4,2500,Met,MAR,B,0.024669591
MOBY,M4,2500,Met,MAR,B,0.006066293
MOBY,M4,2500,Met,MAR,B,0.011728166
MOBY,M4,2500,Met,MAR,B,0.007683971
MOBY,M4,2500,Met,MAR,B,0.012132586
MOBY,M4,2500,Met,MAR,B,0.020220977
MOBY,M4,2500,Met,MAR,B,0.016176781
MOBY,M4,2500,Met,MAR,B,0.012941425
MOBY,M4,2500,Met,MAR,B,0.019816557
MOBY,M4,2500,Met,MAR,B,0.002830937
MOBY,M4,2500,Met,MAR,B,0.007279552
MOBY,M4,2500,Met,MAR,B,0.011323747
MOBY,M4,2500,Met,MAR,B,0.012941425
MOBY,M4,2500,Met,MAR,B,0.015367942
MOBY,M4,2500,Met,MAR,B,0.012132586
MOBY,M4,2500,Met,MAR,B,0.031140304
MOBY,M4,2500,Met,MAR,B,0.008088391
MOBY,M4,2500,Met,MAR,B,0.014963523
MOBY,M4,2500,Met,MAR,B,0.029118206
MOBY,M4,2500,Met,MAR,B,0.06915574
MOBY,M4,2500,Met,MAR,B,0.016176781
MOBY,M4,2500,Met,MAR,B,0.018198879
MOBY,M4,2500,Met,MAR,B,0.012537005
MOBY,M4,2500,Met,MAR,B,0.022243074
MOBY,M4,2500,Met,MAR,B,0.010514908
MOBY,M4,2500,Met,MAR,B,0.012132586
MOBY,M4,2500,Met,MAR,B,0.031949143
MOBY,M4,2500,Met,MAR,B,0.012941425
MOBY,M4,2500,Met,MAR,B,0.019412137
MOBY,M4,2500,Met,MAR,B,0.055405476
MOBY,M4,2500,Met,MAR,B,0.028713787
MOBY,M4,2500,Met,MAR,B,0.018198879
MOBY,M4,2500,Met,MAR,B,0.029927045
MOBY,M4,2500,Met,MAR,B,0.020625396
MOBY,M4,2500,Met,MAR,B,0.005257454
MOBY,M4,2500,Met,MAR,B,0.031544723
MOBY,M4,2500,Met,MAR,B,0.02547843
MOBY,M4,2500,Met,MAR,B,0.033162401
MOBY,M4,2500,Met,MAR,B,0.012537005
MOBY,M4,2500,Met,MAR,B,0.232945649
MOBY,M4,2500,Met,MAR,B,0.012132586
MOBY,M4,2500,Met,MAR,B,0.010110488
MOBY,M4,2500,Met,MAR,B,0.007279552
MOBY,M4,2500,Met,MAR,B,0.00889723
MOBY,M4,2500,Met,MAR,B,0.015772362
MOBY,M4,2500,Met,MAR,B,0.019412137
MOBY,M4,2500,Met,MAR,B,0.037206597
MOBY,M4,2500,Met,MAR,B,0.021434235
MOBY,M4,2500,Met,MAR,B,0.016581201
MOBY,M4,2500,Met,MAR,B,0.007279552
MOBY,M4,2500,Met,MAR,B,0.026691689
MOBY,M4,2500,Met,MAR,B,0.063493866
MOBY,M4,2500,Met,MAR,B,0.031544723
MOBY,M4,2500,Met,MAR,B,0.003639776
MOBY,M4,2500,Met,MAR,B,0.006875132
MOBY,M4,2500,Met,MAR,B,0.040441953
MOBY,M4,2500,Met,MAR,B,0.021434235
MOBY,M4,2500,Met,MAR,B,0.024669591
MOBY,M4,2500,Met,MAR,B,0.00849281
MOBY,M4,2500,Met,MAR,B,0.004044195
MOBY,M4,2500,Met,MAR,B,0.033566821
MOBY,M4,2500,Met,MAR,B,0.007279552
MOBY,M4,2500,Met,MAR,B,0.029927045
MOBY,M4,2500,Met,MAR,B,0.052170119
MOBY,M4,2500,Met,MAR,B,0.011728166
MOBY,M4,2500,Met,MAR,B,0.014963523
MOBY,M4,2500,Met,MAR,B,0.029522626
MOBY,M4,2500,Met,MAR,B,0.020625396
MOBY,M4,2500,Met,MAR,B,0.026691689
MOBY,M4,2500,Met,MAR,B,0.005661873
MOBY,M4,2500,Met,MAR,B,0.014963523
MOBY,M4,2500,Met,MAR,B,0.028713787
MOBY,M4,2500,Met,MAR,B,0.006875132
MOBY,M4,2500,Met,MAR,B,0.012941425
MOBY,M4,2500,Met,MAR,B,0.004448615
MOBY,M4,2500,Met,MAR,B,0.011323747
MOBY,M4,2500,Met,MAR,B,0.005661873
MOBY,M4,2500,Met,MAR,B,0.005257454
MOBY,M4,2500,Met,MAR,B,0.023456333
MOBY,M4,2500,Met,MAR,B,0.030735884
MOBY,M4,2500,Met,MAR,B,0.043677309
MOBY,M4,2500,Met,MAR,B,0.013750264
MOBY,M4,2500,Met,MAR,B,0.038015436
MOBY,M4,2500,Met,MAR,B,0.007279552
MOBY,M4,2500,Met,MAR,B,0.040441953
MOBY,M4,2500,Met,MAR,B,0.013345844
MOBY,M4,2500,Met,MAR,B,0.00889723
MOBY,M4,2500,Met,MAR,B,0.017794459
MOBY,M4,2500,Met,MAR,B,0.016176781
MOBY,M4,2500,Met,MAR,B,0.004448615
MOBY,M4,2500,Met,MAR,B,0.012132586
MOBY,M4,2500,Met,MAR,B,0.047721505
MOBY,M4,2500,Met,MAR,B,0.044081729
MOBY,M4,2500,Met,MAR,B,0.007683971
MOBY,M4,2500,Met,MAR,B,0.006066293
MOBY,M4,2500,Met,MAR,B,0.047721505
MOBY,M4,2500,Met,MAR,B,0.039228694
MOBY,M4,2500,Met,MAR,B,0.00849281
MOBY,M4,2500,Met,MAR,B,0.013345844
MOBY,M4,2500,Met,MAR,B,0.005257454
MOBY,M4,2500,Met,MAR,B,0.006875132
MOBY,M4,2500,Met,MAR,B,0.055001056
MOBY,M4,2500,Met,MAR,B,0.014559103
MOBY,M4,2500,Met,MAR,B,0.018198879
MOBY,M4,2500,Met,MAR,B,0.040846373
MOBY,M4,2500,Met,MAR,B,0.038824275
MOBY,M4,2500,Met,MAR,B,0.015772362
MOBY,M4,2500,Met,MAR,B,0.019816557
MOBY,M4,2500,Met,MAR,B,0.113237468
MOBY,M4,2500,Met,MAR,B,0.003235356
MOBY,M4,2500,Met,MAR,B,0.006066293
MOBY,M4,2500,Met,MAR,B,0.021434235
MOBY,M4,2500,Met,MAR,B,0.005661873
MOBY,M4,2500,Met,MAR,B,0.016176781
MOBY,M4,2500,Met,MAR,B,0.059045251
MOBY,M4,2500,Met,MAR,B,0.006066293
MOBY,M4,2500,Met,MAR,B,0.006875132
MOBY,M4,2500,Met,MAR,B,0.003235356
MOBY,M4,2500,Met,MAR,B,0.02547843
MOBY,M4,2500,Met,MAR,B,0.011728166
MOBY,M4,2500,Met,MAR,B,0.025074011
MOBY,M4,2500,Met,MAR,B,0.022243074
MOBY,M4,2500,Met,MAR,B,0.086950199
MOBY,M4,2500,Met,MAR,B,0.019412137
MOBY,M4,2500,Met,MAR,B,0.011728166
MOBY,M4,2500,Met,MAR,B,0.002830937
MOBY,M4,2500,Met,MAR,B,0.008088391
MOBY,M4,2500,Met,MAR,B,0.030331465
MOBY,M4,2500,Met,MAR,B,0.002830937
MOBY,M4,2500,Met,MAR,B,0.010919327
MOBY,M4,2500,Met,MAR,B,0.018198879
MOBY,M4,2500,Met,MAR,B,0.036802177
MOBY,M4,2500,Met,MAR,B,0.013345844
MOBY,M4,2500,Met,MAR,B,0.041250792
MOBY,M4,2500,Met,MAR,B,0.021029816
MOBY,M4,2500,Met,MAR,B,0.005661873
MOBY,M4,2500,Met,MAR,B,0.010919327
MOBY,M4,2500,Met,MAR,B,0.007683971
MOBY,M4,2500,Met,MAR,B,0.019816557
MOBY,M4,2500,Met,MAR,B,0.042059631
MOBY,M4,2500,Met,MAR,B,0.02588285
MOBY,M4,2500,Met,MAR,B,0.009301649
MOBY,M4,2500,Met,MAR,B,0.020625396
MOBY,M4,2500,Met,MAR,B,0.021029816
MOBY,M4,2500,Met,MAR,B,0.003639776
MOBY,M4,2500,Met,MAR,B,0.02588285
MOBY,M4,2500,Met,MAR,B,0.038419855
MOBY,M4,2500,Met,MAR,B,0.023051913
MOBY,M4,2500,Met,MAR,B,0.00889723
MOBY,M4,2500,Met,MAR,B,0.02588285
MOBY,M4,2500,Met,MAR,B,0.002830937
MOBY,M4,2500,Met,MAR,B,0.022243074
MOBY,M4,2500,Met,MAR,B,0.015772362
MOBY,M4,2500,Met,MAR,B,0.015772362
MOBY,M4,2500,Met,MAR,B,0.010919327
MOBY,M4,2500,Met,MAR,B,0.02547843
MOBY,M4,2500,Met,MAR,B,0.006066293
MOBY,M4,2500,Met,MAR,B,0.024265172
MOBY,M4,2500,Met,MAR,B,0.021434235
MOBY,M4,2500,Met,MAR,B,0.006066293
MOBY,M4,2500,Met,MAR,B,0.008088391
MOBY,M4,2500,Met,MAR,B,0.014154684
MOBY,M4,2500,Met,MAR,B,0.033566821
MOBY,M4,2500,Met,MAR,B,0.237394264
MOBY,M4,2500,Met,MAR,B,0.01698562
MOBY,M4,2500,Met,MAR,B,0.037206597
MOBY,M4,2500,Met,MAR,B,0.039228694
MOBY,M4,2500,Met,MAR,B,0.011323747
MOBY,M4,2500,Met,MAR,B,0.033971241
MOBY,M4,2500,Met,MAR,B,0.014963523
MOBY,M4,2500,Met,MAR,B,0.055809895
MOBY,M4,2500,Met,MAR,B,0.021434235
MOBY,M4,2500,Met,MAR,B,0.031544723
MOBY,M4,2500,Met,MAR,B,0.023456333
MOBY,M4,2500,Met,MAR,B,0.032757982
MOBY,M4,2500,Met,MAR,B,0.010514908
MOBY,M4,2500,Met,MAR,B,0.035184499
MOBY,M4,2500,Met,MAR,B,0.021434235
MOBY,M4,2500,Met,MAR,B,0.005257454
MOBY,M4,2500,Met,MAR,B,0.021029816
MOBY,M4,2500,Met,MAR,B,0.06915574
MOBY,M4,2500,Met,MAR,B,0.016176781
MOBY,M4,2500,Met,MAR,B,0.037206597
MOBY,M4,2500,Met,MAR,B,0.030735884
MOBY,M4,2500,Met,MAR,B,0.018198879
MOBY,M4,2500,Met,MAR,B,0.017794459
MOBY,M4,2500,Met,MAR,B,0.023456333
MOBY,M4,2500,Met,MAR,B,0.007279552
MOBY,M4,2500,Met,MAR,B,0.012537005
MOBY,M4,2500,Met,MAR,B,0.033162401
MOBY,M4,2500,Met,MAR,B,0.016581201
MOBY,M4,2500,Met,MAR,B,0.016581201
MOBY,M4,2500,Met,MAR,B,0.009301649
MOBY,M4,2500,Met,MAR,B,0.007683971
MOBY,M4,2500,Met,MAR,B,0.067942481
MOBY,M4,2500,Met,MAR,B,0.026287269
MOBY,M4,2500,Met,MAR,B,0.010514908
MOBY,M4,2500,Met,MAR,B,0.010514908
MOBY,M4,2500,Met,MAR,B,0.016176781
MOBY,M4,2500,Met,MAR,B,0.044486148
MOBY,M4,2500,Met,MAR,B,0.030735884
MOBY,M4,2500,Met,MAR,B,0.004044195
MOBY,M4,2500,Met,MAR,B,0.004448615
MOBY,M4,2500,Met,MAR,B,0.026287269
MOBY,M4,2500,Met,MAR,B,0.055001056
MOBY,M4,2500,Met,MAR,B,0.002022098
MOBY,M4,2500,Met,MAR,B,0.023456333
MOBY,M4,2500,Met,MAR,B,0.030331465
MOBY,M4,2500,Met,MAR,B,0.010514908
MOBY,M4,2500,Met,MAR,B,0.006875132
MOBY,M4,2500,Met,MAR,B,0.029118206
MOBY,M4,2500,Met,MAR,B,0.009706069
MOBY,M4,2500,Met,MAR,B,0.007279552
MOBY,M4,2500,Met,MAR,B,0.007683971
MOBY,M4,2500,Met,MAR,B,0.017794459
MOBY,M4,2500,Met,MAR,B,0.184819725
MOBY,M4,2500,Met,MAR,B,0.041250792
MOBY,M4,2500,Met,MAR,B,0.055001056
MOBY,M4,2500,Met,MAR,B,0.030331465
MOBY,M4,2500,Met,MAR,B,0.010919327
MOBY,M4,2500,Met,MAR,B,0.004448615
MOBY,M4,2500,Met,MAR,B,0.004044195
MOBY,M4,2500,Met,MAR,B,0.006470712
MOBY,M4,2500,Met,MAR,B,0.067538062
MOBY,M4,2500,Met,MAR,B,0.152466163
MOBY,M4,2500,Met,MAR,B,0.023456333
MOBY,M4,2500,Met,MAR,B,0.009301649
MOBY,M4,2500,Met,MAR,B,0.057427573
MOBY,M4,2500,Met,MAR,B,0.013750264
MOBY,M4,2500,Met,MAR,B,0.033971241
MOBY,M4,2500,Met,MAR,B,0.010919327
MOBY,M4,2500,Met,MAR,B,0.016581201
MOBY,M4,2500,Met,MAR,B,0.018198879
MOBY,M4,2500,Met,MAR,B,0.002426517
MOBY,M4,2500,Met,MAR,B,0.00849281
MOBY,M4,2500,Met,MAR,B,0.010110488
MOBY,M4,2500,Met,MAR,B,0.007683971
MOBY,M4,2500,Met,MAR,B,0.130627508
MOBY,M4,2500,Met,MAR,B,0.011728166
MOBY,M4,2500,Met,MAR,B,0.004044195
MOBY,M4,2500,Met,MAR,B,0.007683971
MOBY,M4,2500,Met,MAR,B,0.015772362
MOBY,M4,2500,Met,MAR,B,0.009301649
MOBY,M4,2500,Met,MAR,B,0.013345844
MOBY,M4,2500,Met,MAR,B,0.017794459
MOBY,M4,2500,Met,MAR,B,0.030735884
MOBY,M4,2500,Met,MAR,B,0.019412137
MOBY,M4,2500,Met,MAR,B,0.032757982
MOBY,M4,3500,Met,MAR,A,0.010713282
MOBY,M4,3500,Met,MAR,A,0.013927266
MOBY,M4,3500,Met,MAR,A,0.008213516
MOBY,M4,3500,Met,MAR,A,0.048923986
MOBY,M4,3500,Met,MAR,A,0.021069454
MOBY,M4,3500,Met,MAR,A,0.016427032
MOBY,M4,3500,Met,MAR,A,0.007499297
MOBY,M4,3500,Met,MAR,A,0.013927266
MOBY,M4,3500,Met,MAR,A,0.012498829
MOBY,M4,3500,Met,MAR,A,0.018926797
MOBY,M4,3500,Met,MAR,A,0.063208361
MOBY,M4,3500,Met,MAR,A,0.019283907
MOBY,M4,3500,Met,MAR,A,0.015355704
MOBY,M4,3500,Met,MAR,A,0.033568282
MOBY,M4,3500,Met,MAR,A,0.002142656
MOBY,M4,3500,Met,MAR,A,0.010713282
MOBY,M4,3500,Met,MAR,A,0.014284375
MOBY,M4,3500,Met,MAR,A,0.037853595
MOBY,M4,3500,Met,MAR,A,0.02892586
MOBY,M4,3500,Met,MAR,A,0.001785547
MOBY,M4,3500,Met,MAR,A,0.006785078
MOBY,M4,3500,Met,MAR,A,0.014284375
MOBY,M4,3500,Met,MAR,A,0.008570625
MOBY,M4,3500,Met,MAR,A,0.009641953
MOBY,M4,3500,Met,MAR,A,0.002142656
MOBY,M4,3500,Met,MAR,A,0.012498829
MOBY,M4,3500,Met,MAR,A,0.007856406
MOBY,M4,3500,Met,MAR,A,0.027497423
MOBY,M4,3500,Met,MAR,A,0.012141719
MOBY,M4,3500,Met,MAR,A,0.002499766
MOBY,M4,3500,Met,MAR,A,0.014284375
MOBY,M4,3500,Met,MAR,A,0.01178461
MOBY,M4,3500,Met,MAR,A,0.021069454
MOBY,M4,3500,Met,MAR,A,0.039282032
MOBY,M4,3500,Met,MAR,A,0.011070391
MOBY,M4,3500,Met,MAR,A,0.096062425
MOBY,M4,3500,Met,MAR,A,0.018212579
MOBY,M4,3500,Met,MAR,A,0.043924455
MOBY,M4,3500,Met,MAR,A,0.031782735
MOBY,M4,3500,Met,MAR,A,0.05249508
MOBY,M4,3500,Met,MAR,A,0.041781798
MOBY,M4,3500,Met,MAR,A,0.030354298
MOBY,M4,3500,Met,MAR,A,0.033925392
MOBY,M4,3500,Met,MAR,A,0.066422346
MOBY,M4,3500,Met,MAR,A,0.015355704
MOBY,M4,3500,Met,MAR,A,0.015355704
MOBY,M4,3500,Met,MAR,A,0.039639142
MOBY,M4,3500,Met,MAR,A,0.04642422
MOBY,M4,3500,Met,MAR,A,0.014641485
MOBY,M4,3500,Met,MAR,A,0.037496486
MOBY,M4,3500,Met,MAR,A,0.010356172
MOBY,M4,3500,Met,MAR,A,0.009999063
MOBY,M4,3500,Met,MAR,A,0.044995783
MOBY,M4,3500,Met,MAR,A,0.00571375
MOBY,M4,3500,Met,MAR,A,0.060708596
MOBY,M4,3500,Met,MAR,A,0.006427969
MOBY,M4,3500,Met,MAR,A,0.050352423
MOBY,M4,3500,Met,MAR,A,0.029997188
MOBY,M4,3500,Met,MAR,A,0.043210236
MOBY,M4,3500,Met,MAR,A,0.02321211
MOBY,M4,3500,Met,MAR,A,0.048566877
MOBY,M4,3500,Met,MAR,A,0.008927735
MOBY,M4,3500,Met,MAR,A,0.061065705
MOBY,M4,3500,Met,MAR,A,0.045710001
MOBY,M4,3500,Met,MAR,A,0.010713282
MOBY,M4,3500,Met,MAR,A,0.007499297
MOBY,M4,3500,Met,MAR,A,0.035710939
MOBY,M4,3500,Met,MAR,A,0.007856406
MOBY,M4,3500,Met,MAR,A,0.007856406
MOBY,M4,3500,Met,MAR,A,0.086777581
MOBY,M4,3500,Met,MAR,A,0.013927266
MOBY,M4,3500,Met,MAR,A,0.006785078
MOBY,M4,3500,Met,MAR,A,0.009641953
MOBY,M4,3500,Met,MAR,A,0.013213047
MOBY,M4,3500,Met,MAR,A,0.051780861
MOBY,M4,3500,Met,MAR,A,0.047852658
MOBY,M4,3500,Met,MAR,A,0.009999063
MOBY,M4,3500,Met,MAR,A,0.018926797
MOBY,M4,3500,Met,MAR,A,0.016784141
MOBY,M4,3500,Met,MAR,A,0.018212579
MOBY,M4,3500,Met,MAR,A,0.038567814
MOBY,M4,3500,Met,MAR,A,0.012141719
MOBY,M4,3500,Met,MAR,A,0.011070391
MOBY,M4,3500,Met,MAR,A,0.051066642
MOBY,M4,3500,Met,MAR,A,0.033568282
MOBY,M4,3500,Met,MAR,A,0.032854064
MOBY,M4,3500,Met,MAR,A,0.05249508
MOBY,M4,3500,Met,MAR,A,0.019283907
MOBY,M4,3500,Met,MAR,A,0.07570719
MOBY,M4,3500,Met,MAR,A,0.003213984
MOBY,M4,3500,Met,MAR,A,0.042138908
MOBY,M4,3500,Met,MAR,A,0.038924923
MOBY,M4,3500,Met,MAR,A,0.010713282
MOBY,M4,3500,Met,MAR,A,0.02321211
MOBY,M4,3500,Met,MAR,A,0.009284844
MOBY,M4,3500,Met,MAR,A,0.031068517
MOBY,M4,3500,Met,MAR,A,0.031425626
MOBY,M4,3500,Met,MAR,A,0.008927735
MOBY,M4,3500,Met,MAR,A,0.055351955
MOBY,M4,3500,Met,MAR,A,0.091777112
MOBY,M4,3500,Met,MAR,A,0.033568282
MOBY,M4,3500,Met,MAR,A,0.014284375
MOBY,M4,3500,Met,MAR,A,0.049638205
MOBY,M4,3500,Met,MAR,A,0.03463961
MOBY,M4,3500,Met,MAR,A,0.075350081
MOBY,M4,3500,Met,MAR,A,0.048209767
MOBY,M4,3500,Met,MAR,A,0.043210236
MOBY,M4,3500,Met,MAR,A,0.078564065
MOBY,M4,3500,Met,MAR,A,0.04071047
MOBY,M4,3500,Met,MAR,A,0.038567814
MOBY,M4,3500,Met,MAR,A,0.004999531
MOBY,M4,3500,Met,MAR,A,0.007142188
MOBY,M4,3500,Met,MAR,A,0.025354766
MOBY,M4,3500,Met,MAR,A,0.007142188
MOBY,M4,3500,Met,MAR,A,0.008570625
MOBY,M4,3500,Met,MAR,A,0.014641485
MOBY,M4,3500,Met,MAR,A,0.036068048
MOBY,M4,3500,Met,MAR,A,0.066422346
MOBY,M4,3500,Met,MAR,A,0.003571094
MOBY,M4,3500,Met,MAR,A,0.007499297
MOBY,M4,3500,Met,MAR,A,0.009999063
MOBY,M4,3500,Met,MAR,A,0.008570625
MOBY,M4,3500,Met,MAR,A,0.012141719
MOBY,M4,3500,Met,MAR,A,0.055709064
MOBY,M4,3500,Met,MAR,A,0.02321211
MOBY,M4,3500,Met,MAR,A,0.0114275
MOBY,M4,3500,Met,MAR,A,0.045352892
MOBY,M4,3500,Met,MAR,A,0.01749836
MOBY,M4,3500,Met,MAR,A,0.023569219
MOBY,M4,3500,Met,MAR,A,0.014641485
MOBY,M4,3500,Met,MAR,A,0.038924923
MOBY,M4,3500,Met,MAR,A,0.024640548
MOBY,M4,3500,Met,MAR,A,0.028211642
MOBY,M4,3500,Met,MAR,B,0.015610782
MOBY,M4,3500,Met,MAR,B,0.016069922
MOBY,M4,3500,Met,MAR,B,0.030303282
MOBY,M4,3500,Met,MAR,B,0.076217346
MOBY,M4,3500,Met,MAR,B,0.015610782
MOBY,M4,3500,Met,MAR,B,0.018365626
MOBY,M4,3500,Met,MAR,B,0.040404376
MOBY,M4,3500,Met,MAR,B,0.00734625
MOBY,M4,3500,Met,MAR,B,0.011937657
MOBY,M4,3500,Met,MAR,B,0.029844142
MOBY,M4,3500,Met,MAR,B,0.049587189
MOBY,M4,3500,Met,MAR,B,0.043618361
MOBY,M4,3500,Met,MAR,B,0.023416173
MOBY,M4,3500,Met,MAR,B,0.026171016
MOBY,M4,3500,Met,MAR,B,0.046832345
MOBY,M4,3500,Met,MAR,B,0.011019375
MOBY,M4,3500,Met,MAR,B,0.033058126
MOBY,M4,3500,Met,MAR,B,0.00734625
MOBY,M4,3500,Met,MAR,B,0.024793595
MOBY,M4,3500,Met,MAR,B,0.017906485
MOBY,M4,3500,Met,MAR,B,0.051882892
MOBY,M4,3500,Met,MAR,B,0.076676487
MOBY,M4,3500,Met,MAR,B,0.022957032
MOBY,M4,3500,Met,MAR,B,0.038567814
MOBY,M4,3500,Met,MAR,B,0.005050547
MOBY,M4,3500,Met,MAR,B,0.077594768
MOBY,M4,3500,Met,MAR,B,0.009182813
MOBY,M4,3500,Met,MAR,B,0.02157961
MOBY,M4,3500,Met,MAR,B,0.016988204
MOBY,M4,3500,Met,MAR,B,0.015610782
MOBY,M4,3500,Met,MAR,B,0.022038751
MOBY,M4,3500,Met,MAR,B,0.023416173
MOBY,M4,3500,Met,MAR,B,0.011937657
MOBY,M4,3500,Met,MAR,B,0.023875313
MOBY,M4,3500,Met,MAR,B,0.013774219
MOBY,M4,3500,Met,MAR,B,0.013774219
MOBY,M4,3500,Met,MAR,B,0.035353829
MOBY,M4,3500,Met,MAR,B,0.00734625
MOBY,M4,3500,Met,MAR,B,0.016529063
MOBY,M4,3500,Met,MAR,B,0.025711876
MOBY,M4,3500,Met,MAR,B,0.045454923
MOBY,M4,3500,Met,MAR,B,0.005968828
MOBY,M4,3500,Met,MAR,B,0.055096877
MOBY,M4,3500,Met,MAR,B,0.016988204
MOBY,M4,3500,Met,MAR,B,0.087236722
MOBY,M4,3500,Met,MAR,B,0.006427969
MOBY,M4,3500,Met,MAR,B,0.017447344
MOBY,M4,3500,Met,MAR,B,0.010560235
MOBY,M4,3500,Met,MAR,B,0.00734625
MOBY,M4,3500,Met,MAR,B,0.004591406
MOBY,M4,3500,Met,MAR,B,0.003673125
MOBY,M4,3500,Met,MAR,B,0.022497891
MOBY,M4,3500,Met,MAR,B,0.099174378
MOBY,M4,3500,Met,MAR,B,0.010101094
MOBY,M4,3500,Met,MAR,B,0.004591406
MOBY,M4,3500,Met,MAR,B,0.013315079
MOBY,M4,3500,Met,MAR,B,0.019743048
MOBY,M4,3500,Met,MAR,B,0.011937657
MOBY,M4,3500,Met,MAR,B,0.049587189
MOBY,M4,3500,Met,MAR,B,0.005509688
MOBY,M4,3500,Met,MAR,B,0.067493674
MOBY,M4,3500,Met,MAR,B,0.02157961
MOBY,M4,3500,Met,MAR,B,0.016529063
MOBY,M4,3500,Met,MAR,B,0.003673125
MOBY,M4,3500,Met,MAR,B,0.018824766
MOBY,M4,3500,Met,MAR,B,0.059229143
MOBY,M4,3500,Met,MAR,B,0.140037895
MOBY,M4,3500,Met,MAR,B,0.007805391
MOBY,M4,3500,Met,MAR,B,0.019743048
MOBY,M4,3500,Met,MAR,B,0.033976407
MOBY,M4,3500,Met,MAR,B,0.022957032
MOBY,M4,3500,Met,MAR,B,0.005968828
MOBY,M4,3500,Met,MAR,B,0.01423336
MOBY,M4,3500,Met,MAR,B,0.008723672
MOBY,M4,3500,Met,MAR,B,0.011937657
MOBY,M4,3500,Met,MAR,B,0.022957032
MOBY,M4,3500,Met,MAR,B,0.07897219
MOBY,M4,3500,Met,MAR,B,0.040404376
MOBY,M4,3500,Met,MAR,B,0.016988204
MOBY,M4,3500,Met,MAR,B,0.016529063
MOBY,M4,3500,Met,MAR,B,0.040863517
MOBY,M4,3500,Met,MAR,B,0.020661329
MOBY,M4,3500,Met,MAR,B,0.006427969
MOBY,M4,3500,Met,MAR,B,0.037649532
MOBY,M4,3500,Met,MAR,B,0.005509688
MOBY,M4,3500,Met,MAR,B,0.033976407
MOBY,M4,3500,Met,MAR,B,0.005968828
MOBY,M4,3500,Met,MAR,B,0.030303282
MOBY,M4,3500,Met,MAR,B,0.041322658
MOBY,M4,3500,Met,MAR,B,0.002295703
MOBY,M4,3500,Met,MAR,B,0.063820549
MOBY,M4,3500,Met,MAR,B,0.025252735
MOBY,M4,3500,Met,MAR,B,0.017906485
MOBY,M4,3500,Met,MAR,B,0.020661329
MOBY,M4,3500,Met,MAR,B,0.010560235
MOBY,M4,3500,Met,MAR,B,0.020661329
MOBY,M4,3500,Met,MAR,B,0.02846672
MOBY,M4,3500,Met,MAR,B,0.011478516
MOBY,M4,3500,Met,MAR,B,0.009182813
MOBY,M4,3500,Met,MAR,B,0.025711876
MOBY,M4,3500,Met,MAR,B,0.009182813
MOBY,M4,3500,Met,MAR,B,0.013315079
MOBY,M4,3500,Met,MAR,B,0.012855938
MOBY,M4,3500,Met,MAR,B,0.016529063
MOBY,M4,3500,Met,MAR,B,0.044536642
MOBY,M4,3500,Met,MAR,B,0.00734625
MOBY,M4,3500,Met,MAR,B,0.025711876
MOBY,M4,3500,Met,MAR,B,0.011937657
MOBY,M4,3500,Met,MAR,B,0.052801174
MOBY,M4,3500,Met,MAR,B,0.012396797
MOBY,M4,3500,Met,MAR,B,0.109734613
MOBY,M4,3500,Met,MAR,B,0.025711876
MOBY,M4,3500,Met,MAR,B,0.056015158
MOBY,M4,3500,Met,MAR,B,0.025711876
MOBY,M4,3500,Met,MAR,B,0.017906485
MOBY,M4,3500,Met,MAR,B,0.013774219
MOBY,M4,3500,Met,MAR,B,0.003673125
MOBY,M4,3500,Met,MAR,B,0.037649532
MOBY,M4,3500,Met,MAR,B,0.066116252
MOBY,M4,3500,Met,MAR,B,0.026630157
MOBY,M4,3500,Met,MAR,B,0.026171016
MOBY,M4,3500,Met,MAR,B,0.011019375
MOBY,M4,3500,Met,MAR,B,0.027548438
MOBY,M4,3500,Met,MAR,B,0.003213984
MOBY,M4,3500,Met,MAR,B,0.053719455
MOBY,M4,3500,Met,MAR,B,0.038108673
MOBY,M4,3500,Met,MAR,B,0.011478516
MOBY,M4,3500,Met,MAR,B,0.004591406
MOBY,M4,3500,Met,MAR,B,0.020661329
MOBY,M4,3500,Met,MAR,B,0.030303282
MOBY,M4,3500,Met,MAR,B,0.008723672
MOBY,M4,3500,Met,MAR,B,0.021120469
MOBY,M4,3500,Met,MAR,B,0.031221563
MOBY,M4,3500,Met,MAR,B,0.042700079
MOBY,M4,3500,Met,MAR,B,0.009182813
MOBY,M4,3500,Met,MAR,B,0.021120469
MOBY,M4,3500,Met,MAR,B,0.00734625
MOBY,M4,3500,Met,MAR,B,0.013774219
MOBY,M4,3500,Met,MAR,B,0.004132266
MOBY,M4,3500,Met,MAR,B,0.002754844
MOBY,M4,3500,Met,MAR,B,0.013774219
MOBY,M4,3500,Met,MAR,B,0.041322658
MOBY,M4,3500,Met,MAR,B,0.024334454
MOBY,M4,3500,Met,MAR,B,0.032139845
MOBY,M4,3500,Met,MAR,B,0.011019375
MOBY,M4,3500,Met,MAR,B,0.019283907
MOBY,M4,3500,Met,MAR,B,0.047291486
MOBY,M4,3500,Met,MAR,B,0.029844142
MOBY,M4,3500,Met,MAR,B,0.007805391
MOBY,M4,3500,Met,MAR,B,0.016988204
MOBY,M4,3500,Met,MAR,B,0.012855938
MOBY,M4,3500,Met,MAR,B,0.012396797
MOBY,M4,3500,Met,MAR,B,0.029844142
MOBY,M4,3500,Met,MAR,B,0.033517267
MOBY,M4,3500,Met,MAR,B,0.00734625
MOBY,M4,3500,Met,MAR,B,0.074839924
MOBY,M4,3500,Met,MAR,B,0.008723672
MOBY,M4,3500,Met,MAR,B,0.019283907
MOBY,M4,3500,Met,MAR,B,0.010101094
MOBY,M4,3500,Met,MAR,B,0.005968828
MOBY,M4,4000,Met,MAR,A,0.017960069
MOBY,M4,4000,Met,MAR,A,0.023299549
MOBY,M4,4000,Met,MAR,A,0.016989254
MOBY,M4,4000,Met,MAR,A,0.008737331
MOBY,M4,4000,Met,MAR,A,0.01067896
MOBY,M4,4000,Met,MAR,A,0.008251924
MOBY,M4,4000,Met,MAR,A,0.025241178
MOBY,M4,4000,Met,MAR,A,0.044657469
MOBY,M4,4000,Met,MAR,A,0.039803396
MOBY,M4,4000,Met,MAR,A,0.04611369
MOBY,M4,4000,Met,MAR,A,0.014562218
MOBY,M4,4000,Met,MAR,A,0.028639029
MOBY,M4,4000,Met,MAR,A,0.044657469
MOBY,M4,4000,Met,MAR,A,0.00533948
MOBY,M4,4000,Met,MAR,A,0.010193553
MOBY,M4,4000,Met,MAR,A,0.005824887
MOBY,M4,4000,Met,MAR,A,0.014562218
MOBY,M4,4000,Met,MAR,A,0.020387105
MOBY,M4,4000,Met,MAR,A,0.057763465
MOBY,M4,4000,Met,MAR,A,0.011164367
MOBY,M4,4000,Met,MAR,A,0.03203688
MOBY,M4,4000,Met,MAR,A,0.018445476
MOBY,M4,4000,Met,MAR,A,0.010193553
MOBY,M4,4000,Met,MAR,A,0.024755771
MOBY,M4,4000,Met,MAR,A,0.018445476
MOBY,M4,4000,Met,MAR,A,0.012135182
MOBY,M4,4000,Met,MAR,A,0.014076811
MOBY,M4,4000,Met,MAR,A,0.016989254
MOBY,M4,4000,Met,MAR,A,0.002427036
MOBY,M4,4000,Met,MAR,A,0.016503847
MOBY,M4,4000,Met,MAR,A,0.028639029
MOBY,M4,4000,Met,MAR,A,0.004854073
MOBY,M4,4000,Met,MAR,A,0.03737636
MOBY,M4,4000,Met,MAR,A,0.005824887
MOBY,M4,4000,Met,MAR,A,0.018930883
MOBY,M4,4000,Met,MAR,A,0.004368665
MOBY,M4,4000,Met,MAR,A,0.032522287
MOBY,M4,4000,Met,MAR,A,0.028153621
MOBY,M4,4000,Met,MAR,A,0.019901698
MOBY,M4,4000,Met,MAR,A,0.022814142
MOBY,M4,4000,Met,MAR,A,0.014562218
MOBY,M4,4000,Met,MAR,A,0.012135182
MOBY,M4,4000,Met,MAR,A,0.022328734
MOBY,M4,4000,Met,MAR,A,0.033978509
MOBY,M4,4000,Met,MAR,A,0.074752719
MOBY,M4,4000,Met,MAR,A,0.020872512
MOBY,M4,4000,Met,MAR,A,0.017474662
MOBY,M4,4000,Met,MAR,A,0.036405545
MOBY,M4,4000,Met,MAR,A,0.045628283
MOBY,M4,4000,Met,MAR,A,0.023299549
MOBY,M4,4000,Met,MAR,A,0.030580658
MOBY,M4,4000,Met,MAR,A,0.022328734
MOBY,M4,4000,Met,MAR,A,0.079121384
MOBY,M4,4000,Met,MAR,A,0.018445476
MOBY,M4,4000,Met,MAR,A,0.024270363
MOBY,M4,4000,Met,MAR,A,0.020872512
MOBY,M4,4000,Met,MAR,A,0.041259618
MOBY,M4,4000,Met,MAR,A,0.018930883
MOBY,M4,4000,Met,MAR,A,0.026211992
MOBY,M4,4000,Met,MAR,A,0.046599098
MOBY,M4,4000,Met,MAR,A,0.044172061
MOBY,M4,4000,Met,MAR,A,0.01067896
MOBY,M4,4000,Met,MAR,A,0.013105996
MOBY,M4,4000,Met,MAR,A,0.006310294
MOBY,M4,4000,Met,MAR,A,0.028153621
MOBY,M4,4000,Met,MAR,A,0.010193553
MOBY,M4,4000,Met,MAR,A,0.030580658
MOBY,M4,4000,Met,MAR,A,0.007766516
MOBY,M4,4000,Met,MAR,A,0.013591403
MOBY,M4,4000,Met,MAR,A,0.012135182
MOBY,M4,4000,Met,MAR,A,0.01067896
MOBY,M4,4000,Met,MAR,A,0.016503847
MOBY,M4,4000,Met,MAR,A,0.012620589
MOBY,M4,4000,Met,MAR,A,0.025726585
MOBY,M4,4000,Met,MAR,A,0.016989254
MOBY,M4,4000,Met,MAR,A,0.007281109
MOBY,M4,4000,Met,MAR,A,0.007281109
MOBY,M4,4000,Met,MAR,A,0.069413239
MOBY,M4,4000,Met,MAR,A,0.007281109
MOBY,M4,4000,Met,MAR,A,0.027182807
MOBY,M4,4000,Met,MAR,A,0.0266974
MOBY,M4,4000,Met,MAR,A,0.01601844
MOBY,M4,4000,Met,MAR,A,0.027668214
MOBY,M4,4000,Met,MAR,A,0.002427036
MOBY,M4,4000,Met,MAR,A,0.013105996
MOBY,M4,4000,Met,MAR,A,0.014562218
MOBY,M4,4000,Met,MAR,A,0.00533948
MOBY,M4,4000,Met,MAR,A,0.046599098
MOBY,M4,4000,Met,MAR,A,0.040288803
MOBY,M4,4000,Met,MAR,A,0.029124436
MOBY,M4,4000,Met,MAR,A,0.006310294
MOBY,M4,4000,Met,MAR,A,0.023299549
MOBY,M4,4000,Met,MAR,A,0.017960069
MOBY,M4,4000,Met,MAR,A,0.011649774
MOBY,M4,4000,Met,MAR,A,0.020872512
MOBY,M4,4000,Met,MAR,A,0.014076811
MOBY,M4,4000,Met,MAR,A,0.03203688
MOBY,M4,4000,Met,MAR,A,0.017960069
MOBY,M4,4000,Met,MAR,A,0.007281109
MOBY,M4,4000,Met,MAR,A,0.019901698
MOBY,M4,4000,Met,MAR,A,0.006310294
MOBY,M4,4000,Met,MAR,A,0.01601844
MOBY,M4,4000,Met,MAR,A,0.016503847
MOBY,M4,4000,Met,MAR,A,0.008251924
MOBY,M4,4000,Met,MAR,A,0.002912444
MOBY,M4,4000,Met,MAR,A,0.004368665
MOBY,M4,4000,Met,MAR,A,0.010193553
MOBY,M4,4000,Met,MAR,A,0.043201247
MOBY,M4,4000,Met,MAR,A,0.083004643
MOBY,M4,4000,Met,MAR,A,0.006795702
MOBY,M4,4000,Met,MAR,A,0.057763465
MOBY,M4,4000,Met,MAR,A,0.012135182
MOBY,M4,4000,Met,MAR,A,0.050482356
MOBY,M4,4000,Met,MAR,A,0.049511541
MOBY,M4,4000,Met,MAR,A,0.029124436
MOBY,M4,4000,Met,MAR,A,0.015533033
MOBY,M4,4000,Met,MAR,A,0.026211992
MOBY,M4,4000,Met,MAR,A,0.029124436
MOBY,M4,4000,Met,MAR,A,0.017960069
MOBY,M4,4000,Met,MAR,A,0.00533948
MOBY,M4,4000,Met,MAR,A,0.015533033
MOBY,M4,4000,Met,MAR,A,0.016989254
MOBY,M4,4000,Met,MAR,A,0.017960069
MOBY,M4,4000,Met,MAR,A,0.034463916
MOBY,M4,4000,Met,MAR,A,0.004368665
MOBY,M4,4000,Met,MAR,A,0.016503847
MOBY,M4,4000,Met,MAR,A,0.008251924
MOBY,M4,4000,Met,MAR,A,0.03737636
MOBY,M4,4000,Met,MAR,A,0.022814142
MOBY,M4,4000,Met,MAR,A,0.008737331
MOBY,M4,4000,Met,MAR,A,0.016503847
MOBY,M4,4000,Met,MAR,A,0.011649774
MOBY,M4,4000,Met,MAR,A,0.017960069
MOBY,M4,4000,Met,MAR,A,0.027182807
MOBY,M4,4000,Met,MAR,A,0.012135182
MOBY,M4,4000,Met,MAR,A,0.028639029
MOBY,M4,4000,Met,MAR,A,0.015533033
MOBY,M4,4000,Met,MAR,A,0.011164367
MOBY,M4,4000,Met,MAR,A,0.02135792
MOBY,M4,4000,Met,MAR,A,0.033978509
MOBY,M4,4000,Met,MAR,A,0.007281109
MOBY,M4,4000,Met,MAR,A,0.033978509
MOBY,M4,4000,Met,MAR,A,0.013105996
MOBY,M4,4000,Met,MAR,A,0.019416291
MOBY,M4,4000,Met,MAR,A,0.003397851
MOBY,M4,4000,Met,MAR,A,0.011649774
MOBY,M4,4000,Met,MAR,A,0.012135182
MOBY,M4,4000,Met,MAR,A,0.018445476
MOBY,M4,4000,Met,MAR,A,0.013105996
MOBY,M4,4000,Met,MAR,A,0.025726585
MOBY,M4,4000,Met,MAR,A,0.044172061
MOBY,M4,4000,Met,MAR,A,0.047084505
MOBY,M4,4000,Met,MAR,A,0.056307243
MOBY,M4,4000,Met,MAR,A,0.050482356
MOBY,M4,4000,Met,MAR,A,0.015047625
MOBY,M4,4000,Met,MAR,A,0.006310294
MOBY,M4,4000,Met,MAR,A,0.020387105
MOBY,M4,4000,Met,MAR,A,0.003397851
MOBY,M4,4000,Met,MAR,A,0.019901698
MOBY,M4,4000,Met,MAR,A,0.030580658
MOBY,M4,4000,Met,MAR,A,0.133486998
MOBY,M4,4000,Met,MAR,A,0.026211992
MOBY,M4,4000,Met,MAR,A,0.022814142
MOBY,M4,4000,Met,MAR,A,0.025241178
MOBY,M4,4000,Met,MAR,A,0.011649774
MOBY,M4,4000,Met,MAR,A,0.039803396
MOBY,M4,4000,Met,MAR,A,0.028153621
MOBY,M4,4000,Met,MAR,A,0.035920138
MOBY,M4,4000,Met,MAR,A,0.015047625
MOBY,M4,4000,Met,MAR,A,0.027668214
MOBY,M4,4000,Met,MAR,A,0.064559166
MOBY,M4,4000,Met,MAR,A,0.026211992
MOBY,M4,4000,Met,MAR,A,0.005824887
MOBY,M4,4000,Met,MAR,A,0.02135792
MOBY,M4,4000,Met,MAR,A,0.00533948
MOBY,M4,4000,Met,MAR,A,0.008737331
MOBY,M4,4000,Met,MAR,A,0.009708145
MOBY,M4,4000,Met,MAR,A,0.516473332
MOBY,M4,4000,Met,MAR,A,0.049511541
MOBY,M4,4000,Met,MAR,A,0.019416291
MOBY,M4,4000,Met,MAR,A,0.020387105
MOBY,M4,4000,Met,MAR,A,0.01067896
MOBY,M4,4000,Met,MAR,A,0.019416291
MOBY,M4,4000,Met,MAR,A,0.014562218
MOBY,M4,4000,Met,MAR,A,0.027668214
MOBY,M4,4000,Met,MAR,A,0.019416291
MOBY,M4,4000,Met,MAR,A,0.140768107
MOBY,M4,4000,Met,MAR,A,0.042715839
MOBY,M4,4000,Met,MAR,A,0.036405545
MOBY,M4,4000,Met,MAR,A,0.01067896
MOBY,M4,4000,Met,MAR,A,0.006310294
MOBY,M4,4000,Met,MAR,A,0.017960069
MOBY,M4,4000,Met,MAR,A,0.007766516
MOBY,M4,4000,Met,MAR,A,0.012135182
MOBY,M4,4000,Met,MAR,A,0.019416291
MOBY,M4,4000,Met,MAR,A,0.023784956
MOBY,M4,4000,Met,MAR,A,0.02135792
MOBY,M4,4000,Met,MAR,A,0.015047625
MOBY,M4,4000,Met,MAR,A,0.010193553
MOBY,M4,4000,Met,MAR,A,0.016503847
MOBY,M4,4000,Met,MAR,A,0.007281109
MOBY,M4,4000,Met,MAR,A,0.025726585
MOBY,M4,4000,Met,MAR,A,0.00533948
MOBY,M4,4000,Met,MAR,B,0.058287705
MOBY,M4,4000,Met,MAR,B,0.0387355
MOBY,M4,4000,Met,MAR,B,0.009222738
MOBY,M4,4000,Met,MAR,B,0.027299305
MOBY,M4,4000,Met,MAR,B,0.006271462
MOBY,M4,4000,Met,MAR,B,0.021027843
MOBY,M4,4000,Met,MAR,B,0.059394433
MOBY,M4,4000,Met,MAR,B,0.042793505
MOBY,M4,4000,Met,MAR,B,0.011805105
MOBY,M4,4000,Met,MAR,B,0.052754062
MOBY,M4,4000,Met,MAR,B,0.018076567
MOBY,M4,4000,Met,MAR,B,0.0387355
MOBY,M4,4000,Met,MAR,B,0.006640371
MOBY,M4,4000,Met,MAR,B,0.028037124
MOBY,M4,4000,Met,MAR,B,0.068248262
MOBY,M4,4000,Met,MAR,B,0.025454757
MOBY,M4,4000,Met,MAR,B,0.017338748
MOBY,M4,4000,Met,MAR,B,0.011805105
MOBY,M4,4000,Met,MAR,B,0.016232019
MOBY,M4,4000,Met,MAR,B,0.019921114
MOBY,M4,4000,Met,MAR,B,0.042055686
MOBY,M4,4000,Met,MAR,B,0.018445476
MOBY,M4,4000,Met,MAR,B,0.043900233
MOBY,M4,4000,Met,MAR,B,0.004795824
MOBY,M4,4000,Met,MAR,B,0.047958238
MOBY,M4,4000,Met,MAR,B,0.014756381
MOBY,M4,4000,Met,MAR,B,0.022134571
MOBY,M4,4000,Met,MAR,B,0.016969838
MOBY,M4,4000,Met,MAR,B,0.034677495
MOBY,M4,4000,Met,MAR,B,0.008484919
MOBY,M4,4000,Met,MAR,B,0.055705338
MOBY,M4,4000,Met,MAR,B,0.031726219
MOBY,M4,4000,Met,MAR,B,0.035415314
MOBY,M4,4000,Met,MAR,B,0.018445476
MOBY,M4,4000,Met,MAR,B,0.006271462
MOBY,M4,4000,Met,MAR,B,0.008116009
MOBY,M4,4000,Met,MAR,B,0.006640371
MOBY,M4,4000,Met,MAR,B,0.008484919
MOBY,M4,4000,Met,MAR,B,0.018445476
MOBY,M4,4000,Met,MAR,B,0.036890952
MOBY,M4,4000,Met,MAR,B,0.016969838
MOBY,M4,4000,Met,MAR,B,0.050171695
MOBY,M4,4000,Met,MAR,B,0.018076567
MOBY,M4,4000,Met,MAR,B,0.048327147
MOBY,M4,4000,Met,MAR,B,0.006640371
MOBY,M4,4000,Met,MAR,B,0.0464826
MOBY,M4,4000,Met,MAR,B,0.009222738
MOBY,M4,4000,Met,MAR,B,0.013649652
MOBY,M4,4000,Met,MAR,B,0.0077471
MOBY,M4,4000,Met,MAR,B,0.057918795
MOBY,M4,4000,Met,MAR,B,0.010698376
MOBY,M4,4000,Met,MAR,B,0.024716938
MOBY,M4,4000,Met,MAR,B,0.041317867
MOBY,M4,4000,Met,MAR,B,0.009960557
MOBY,M4,4000,Met,MAR,B,0.022503481
MOBY,M4,4000,Met,MAR,B,0.014756381
MOBY,M4,4000,Met,MAR,B,0.045375871
MOBY,M4,4000,Met,MAR,B,0.013280743
MOBY,M4,4000,Met,MAR,B,0.045744781
MOBY,M4,4000,Met,MAR,B,0.024716938
MOBY,M4,4000,Met,MAR,B,0.021765662
MOBY,M4,4000,Met,MAR,B,0.016969838
MOBY,M4,4000,Met,MAR,B,0.040211138
MOBY,M4,4000,Met,MAR,B,0.031357309
MOBY,M4,4000,Met,MAR,B,0.029512762
MOBY,M4,4000,Met,MAR,B,0.008853829
MOBY,M4,4000,Met,MAR,B,0.029512762
MOBY,M4,4000,Met,MAR,B,0.035784224
MOBY,M4,4000,Met,MAR,B,0.0154942
MOBY,M4,4000,Met,MAR,B,0.004795824
MOBY,M4,4000,Met,MAR,B,0.018445476
MOBY,M4,4000,Met,MAR,B,0.004426914
MOBY,M4,4000,Met,MAR,B,0.025454757
MOBY,M4,4000,Met,MAR,B,0.033939676
MOBY,M4,4000,Met,MAR,B,0.012542924
MOBY,M4,4000,Met,MAR,B,0.007009281
MOBY,M4,4000,Met,MAR,B,0.021027843
MOBY,M4,4000,Met,MAR,B,0.012174014
MOBY,M4,4000,Met,MAR,B,0.030250581
MOBY,M4,4000,Met,MAR,B,0.032464038
MOBY,M4,4000,Met,MAR,B,0.019921114
MOBY,M4,4000,Met,MAR,B,0.026192576
MOBY,M4,4000,Met,MAR,B,0.001844548
MOBY,M4,4000,Met,MAR,B,0.033939676
MOBY,M4,4000,Met,MAR,B,0.031726219
MOBY,M4,4000,Met,MAR,B,0.028406033
MOBY,M4,4000,Met,MAR,B,0.032095128
MOBY,M4,4000,Met,MAR,B,0.017338748
MOBY,M4,4000,Met,MAR,B,0.006271462
MOBY,M4,4000,Met,MAR,B,0.012911833
MOBY,M4,4000,Met,MAR,B,0.042793505
MOBY,M4,4000,Met,MAR,B,0.027299305
MOBY,M4,4000,Met,MAR,B,0.049802786
MOBY,M4,4000,Met,MAR,B,0.013280743
MOBY,M4,4000,Met,MAR,B,0.0154942
MOBY,M4,4000,Met,MAR,B,0.009591648
MOBY,M4,4000,Met,MAR,B,0.016969838
MOBY,M4,4000,Met,MAR,B,0.051647333
MOBY,M4,4000,Met,MAR,B,0.00737819
MOBY,M4,4000,Met,MAR,B,0.057549886
MOBY,M4,4000,Met,MAR,B,0.012911833
MOBY,M4,4000,Met,MAR,B,0.018076567
MOBY,M4,4000,Met,MAR,B,0.021396752
MOBY,M4,4000,Met,MAR,B,0.006271462
MOBY,M4,4000,Met,MAR,B,0.006640371
MOBY,M4,4000,Met,MAR,B,0.022503481
MOBY,M4,4000,Met,MAR,B,0.035046405
MOBY,M4,4000,Met,MAR,B,0.025823667
MOBY,M4,4000,Met,MAR,B,0.004795824
MOBY,M4,4000,Met,MAR,B,0.014387471
MOBY,M4,4000,Met,MAR,B,0.0077471
MOBY,M4,4000,Met,MAR,B,0.019183295
MOBY,M4,4000,Met,MAR,B,0.155679819
MOBY,M4,4000,Met,MAR,B,0.052385152
MOBY,M4,4000,Met,MAR,B,0.029143852
MOBY,M4,4000,Met,MAR,B,0.0309884
MOBY,M4,4000,Met,MAR,B,0.041317867
MOBY,M4,4000,Met,MAR,B,0.040211138
MOBY,M4,4000,Met,MAR,B,0.004795824
MOBY,M4,4000,Met,MAR,B,0.023979119
MOBY,M4,4000,Met,MAR,B,0.018076567
MOBY,M4,4000,Met,MAR,B,0.009960557
MOBY,M4,4000,Met,MAR,B,0.056443157
MOBY,M4,4000,Met,MAR,B,0.04611369
MOBY,M4,4000,Met,MAR,B,0.001844548
MOBY,M4,4000,Met,MAR,B,0.017707657
MOBY,M4,4000,Met,MAR,B,0.013280743
MOBY,M4,4000,Met,MAR,B,0.0232413
MOBY,M4,4000,Met,MAR,B,0.0077471
MOBY,M4,4000,Met,MAR,B,0.019183295
MOBY,M4,4000,Met,MAR,B,0.053491881
MOBY,M4,4000,Met,MAR,B,0.067510443
MOBY,M4,4000,Met,MAR,B,0.002582367
MOBY,M4,4000,Met,MAR,B,0.028037124
MOBY,M4,4000,Met,MAR,B,0.030250581
MOBY,M4,4000,Met,MAR,B,0.016232019
MOBY,M4,4000,Met,MAR,B,0.019552205
MOBY,M4,4000,Met,MAR,B,0.008853829
MOBY,M4,4000,Met,MAR,B,0.039842228
MOBY,M4,4000,Met,MAR,B,0.012542924
MOBY,M4,4000,Met,MAR,B,0.008116009
MOBY,M4,4000,Met,MAR,B,0.019552205
MOBY,M4,4000,Met,MAR,B,0.0077471
MOBY,M4,4000,Met,MAR,B,0.043162414
MOBY,M4,4000,Met,MAR,B,0.004426914
MOBY,M4,4000,Met,MAR,B,0.003689095
MOBY,M4,4000,Met,MAR,B,0.010698376
MOBY,M4,4000,Met,MAR,B,0.012542924
MOBY,M4,4000,Met,MAR,B,0.004426914
MOBY,M4,4000,Met,MAR,B,0.008853829
MOBY,M4,4000,Met,MAR,B,0.011805105
MOBY,M4,4000,Met,MAR,B,0.012174014
MOBY,M4,4000,Met,MAR,B,0.014756381
MOBY,M4,4000,Met,MAR,B,0.004795824
MOBY,M4,4000,Met,MAR,B,0.010698376
MOBY,M4,4000,Met,MAR,B,0.001844548
MOBY,M4,4000,Met,MAR,B,0.024348028
MOBY,M4,4000,Met,MAR,B,0.005533643
MOBY,M4,4000,Met,MAR,B,0.028406033
MOBY,M4,4000,Met,MAR,B,0.012542924
MOBY,M4,4000,Met,MAR,B,0.026192576
MOBY,M4,4000,Met,MAR,B,0.002951276
MOBY,M4,4000,Met,MAR,B,0.005164733
MOBY,M4,4000,Met,MAR,B,0.004426914
MOBY,M4,4000,Met,MAR,B,0.00737819
MOBY,M4,4000,Met,MAR,B,0.005533643
MOBY,M4,4000,Met,MAR,B,0.002213457
MOBY,M4,4000,Met,MAR,B,0.018076567
MOBY,M4,4000,Met,MAR,B,0.011067286
MOBY,M4,4000,Met,MAR,B,0.016232019
MOBY,M4,4000,Met,MAR,B,0.00737819
MOBY,M4,4000,Met,MAR,B,0.05386079
MOBY,M4,4000,Met,MAR,B,0.007009281
MOBY,M4,4000,Met,MAR,B,0.021027843
MOBY,M4,4000,Met,MAR,B,0.023979119
MOBY,M4,4000,Met,MAR,B,0.025823667
MOBY,M4,4000,Met,MAR,B,0.019552205
MOBY,M4,4000,Met,MAR,B,0.032464038
MOBY,M4,4000,Met,MAR,B,0.019921114
MOBY,M4,4000,Met,MAR,B,0.036890952
MOBY,M4,4000,Met,MAR,B,0.031726219
MOBY,M4,4000,Met,MAR,B,0.026930395
MOBY,M4,4000,Met,MAR,B,0.003320186
MOBY,M4,4000,Met,MAR,B,0.043162414
MOBY,M4,4000,Met,MAR,B,0.039104409
MOBY,M4,4000,Met,MAR,B,0.017707657
